# Time Total_Circulation Enstrophy_Proxy
8.000000e-02 -2.517401e-08 7.181968e-12
1.600000e-01 2.232290e-07 1.897407e-05
2.400000e-01 -1.140621e-04 3.762033e-04
3.200000e-01 -8.807601e-04 2.264751e-03
4.000000e-01 -2.113148e-03 7.875369e-03
4.800000e-01 -3.630276e-03 1.978929e-02
5.600000e-01 -1.366378e-02 3.989939e-02
6.400000e-01 -2.207163e-02 6.841052e-02
7.200000e-01 -4.266277e-02 1.033244e-01
8.000000e-01 -4.567379e-02 1.406270e-01
8.800000e-01 -7.008699e-02 1.751479e-01
9.600000e-01 -6.828948e-02 2.022788e-01
1.040000e+00 -7.278799e-02 2.189242e-01
1.120000e+00 -7.070244e-02 2.245849e-01
1.200000e+00 -7.123996e-02 2.242742e-01
1.280000e+00 -7.260280e-02 2.218793e-01
1.360000e+00 -6.453288e-02 2.193465e-01
1.440000e+00 -5.633464e-02 2.174697e-01
1.520000e+00 -4.645115e-02 2.164330e-01
1.600000e+00 -3.616258e-02 2.162081e-01
1.680000e+00 -2.925657e-02 2.165817e-01
1.760000e+00 -1.815084e-02 2.173070e-01
1.840000e+00 -2.514102e-03 2.182599e-01
1.920000e+00 2.039931e-02 2.192251e-01
2.000000e+00 4.802459e-02 2.201081e-01
2.080000e+00 8.258086e-02 2.208969e-01
2.160000e+00 1.245412e-01 2.215196e-01
2.240000e+00 1.714281e-01 2.219516e-01
2.320000e+00 2.330998e-01 2.221440e-01
2.400000e+00 2.942078e-01 2.222291e-01
2.480000e+00 3.542999e-01 2.221536e-01
2.560000e+00 4.201568e-01 2.219973e-01
2.640000e+00 4.821130e-01 2.217276e-01
2.720000e+00 5.477108e-01 2.214004e-01
2.800000e+00 6.128097e-01 2.210006e-01
2.880000e+00 6.815446e-01 2.205364e-01
2.960000e+00 7.501927e-01 2.199627e-01
3.040000e+00 8.175464e-01 2.193372e-01
3.120000e+00 8.875744e-01 2.187004e-01
3.200000e+00 9.522501e-01 2.179864e-01
3.280000e+00 1.018241e+00 2.173082e-01
3.360000e+00 1.082231e+00 2.166745e-01
3.440000e+00 1.142908e+00 2.160479e-01
3.520000e+00 1.205611e+00 2.154157e-01
3.600000e+00 1.271485e+00 2.147736e-01
3.680000e+00 1.328434e+00 2.141189e-01
3.760000e+00 1.385943e+00 2.135322e-01
3.840000e+00 1.445860e+00 2.130493e-01
3.920000e+00 1.506578e+00 2.126188e-01
4.000000e+00 1.563631e+00 2.122085e-01
4.080000e+00 1.623017e+00 2.118081e-01
4.160000e+00 1.680394e+00 2.114394e-01
4.240000e+00 1.733748e+00 2.110762e-01
4.320000e+00 1.782927e+00 2.106922e-01
4.400000e+00 1.836162e+00 2.102573e-01
4.480000e+00 1.885928e+00 2.097407e-01
4.560000e+00 1.941797e+00 2.091739e-01
4.640000e+00 1.996756e+00 2.085954e-01
4.720000e+00 2.049616e+00 2.079847e-01
4.800000e+00 2.098070e+00 2.073063e-01
4.880000e+00 2.144204e+00 2.065903e-01
4.960000e+00 2.190238e+00 2.058330e-01
5.040000e+00 2.234630e+00 2.050374e-01
5.120000e+00 2.282932e+00 2.042495e-01
5.200000e+00 2.329504e+00 2.033715e-01
5.280000e+00 2.375457e+00 2.024669e-01
5.360000e+00 2.424429e+00 2.015134e-01
5.440000e+00 2.470307e+00 2.005723e-01
5.520000e+00 2.515065e+00 1.996185e-01
5.600000e+00 2.559018e+00 1.986707e-01
5.680000e+00 2.605710e+00 1.977393e-01
5.760000e+00 2.648088e+00 1.967739e-01
5.840000e+00 2.688663e+00 1.958291e-01
5.920000e+00 2.729288e+00 1.949164e-01
6.000000e+00 2.766053e+00 1.940156e-01
6.080000e+00 2.803186e+00 1.931622e-01
6.160000e+00 2.835192e+00 1.923168e-01
6.240000e+00 2.868153e+00 1.915321e-01
6.320000e+00 2.901301e+00 1.907962e-01
6.400000e+00 2.934978e+00 1.901043e-01
6.480000e+00 2.969291e+00 1.894295e-01
6.560000e+00 3.006652e+00 1.888091e-01
6.640000e+00 3.041368e+00 1.882632e-01
6.720000e+00 3.076418e+00 1.877457e-01
6.800000e+00 3.113569e+00 1.872512e-01
6.880000e+00 3.156206e+00 1.867699e-01
6.960000e+00 3.201387e+00 1.863096e-01
7.040000e+00 3.248988e+00 1.858662e-01
7.120000e+00 3.301084e+00 1.854425e-01
7.200000e+00 3.358055e+00 1.850403e-01
7.280000e+00 3.421409e+00 1.846671e-01
7.360000e+00 3.490136e+00 1.843211e-01
7.440000e+00 3.564202e+00 1.840086e-01
7.520000e+00 3.643730e+00 1.837369e-01
7.600000e+00 3.729078e+00 1.835151e-01
7.680000e+00 3.820621e+00 1.833540e-01
7.760000e+00 3.917689e+00 1.832439e-01
7.840000e+00 4.018263e+00 1.832131e-01
7.920000e+00 4.126945e+00 1.832462e-01
8.000000e+00 4.244195e+00 1.833661e-01
8.080000e+00 4.370056e+00 1.836055e-01
8.160000e+00 4.498357e+00 1.839477e-01
8.240000e+00 4.630184e+00 1.844037e-01
8.320000e+00 4.765738e+00 1.849700e-01
8.400000e+00 4.903878e+00 1.856410e-01
8.480000e+00 5.044360e+00 1.864193e-01
8.560000e+00 5.185317e+00 1.872855e-01
8.640000e+00 5.320571e+00 1.882094e-01
8.720000e+00 5.449503e+00 1.891401e-01
8.800000e+00 5.567948e+00 1.900765e-01
8.880000e+00 5.675883e+00 1.910745e-01
8.960000e+00 5.771498e+00 1.921353e-01
9.040000e+00 5.867180e+00 1.933405e-01
9.120000e+00 5.953467e+00 1.947539e-01
9.200000e+00 6.011676e+00 1.961577e-01
9.280000e+00 6.067485e+00 1.978673e-01
9.360000e+00 6.110830e+00 1.998411e-01
9.440000e+00 6.134719e+00 2.019783e-01
9.520000e+00 6.148141e+00 2.043433e-01
9.600000e+00 6.151017e+00 2.068704e-01
9.680000e+00 6.138398e+00 2.094842e-01
9.760000e+00 6.121439e+00 2.122070e-01
9.840000e+00 6.094198e+00 2.149528e-01
9.920000e+00 6.053917e+00 2.176968e-01
1.000000e+01 6.009332e+00 2.203908e-01
1.008000e+01 5.951573e+00 2.230355e-01
1.016000e+01 5.882956e+00 2.255252e-01
1.024000e+01 5.813991e+00 2.278980e-01
1.032000e+01 5.742618e+00 2.301498e-01
1.040000e+01 5.663164e+00 2.322766e-01
1.048000e+01 5.578352e+00 2.342487e-01
1.056000e+01 5.492337e+00 2.359875e-01
1.064000e+01 5.413641e+00 2.374819e-01
1.072000e+01 5.333582e+00 2.388020e-01
1.080000e+01 5.251856e+00 2.398870e-01
1.088000e+01 5.168141e+00 2.409108e-01
1.096000e+01 5.090151e+00 2.418315e-01
1.104000e+01 5.014196e+00 2.426580e-01
1.112000e+01 4.939547e+00 2.433908e-01
1.120000e+01 4.870721e+00 2.440291e-01
1.128000e+01 4.804470e+00 2.445947e-01
1.136000e+01 4.738599e+00 2.451156e-01
1.144000e+01 4.672404e+00 2.455972e-01
1.152000e+01 4.613392e+00 2.461036e-01
1.160000e+01 4.557395e+00 2.467036e-01
1.168000e+01 4.502956e+00 2.474056e-01
1.176000e+01 4.447295e+00 2.482534e-01
1.184000e+01 4.380870e+00 2.493409e-01
1.192000e+01 4.315163e+00 2.506355e-01
1.200000e+01 4.256163e+00 2.520890e-01
1.208000e+01 4.196006e+00 2.537445e-01
1.216000e+01 4.135968e+00 2.555279e-01
1.224000e+01 4.083891e+00 2.574684e-01
1.232000e+01 4.040089e+00 2.595293e-01
1.240000e+01 4.005908e+00 2.617202e-01
1.248000e+01 3.991638e+00 2.639449e-01
1.256000e+01 3.998208e+00 2.662138e-01
1.264000e+01 4.006638e+00 2.686545e-01
1.272000e+01 4.028905e+00 2.711920e-01
1.280000e+01 4.069764e+00 2.739672e-01
1.288000e+01 4.121284e+00 2.769243e-01
1.296000e+01 4.190958e+00 2.799668e-01
1.304000e+01 4.269137e+00 2.831999e-01
1.312000e+01 4.368311e+00 2.865876e-01
1.320000e+01 4.477774e+00 2.899909e-01
1.328000e+01 4.592628e+00 2.934255e-01
1.336000e+01 4.714036e+00 2.967415e-01
1.344000e+01 4.853016e+00 2.996765e-01
1.352000e+01 5.000258e+00 3.024488e-01
1.360000e+01 5.148816e+00 3.049047e-01
1.368000e+01 5.325508e+00 3.065951e-01
1.376000e+01 5.495508e+00 3.080851e-01
1.384000e+01 5.656239e+00 3.091766e-01
1.392000e+01 5.820023e+00 3.097906e-01
1.400000e+01 5.966719e+00 3.101984e-01
1.408000e+01 6.108022e+00 3.105261e-01
1.416000e+01 6.233993e+00 3.106652e-01
1.424000e+01 6.350010e+00 3.105822e-01
1.432000e+01 6.443605e+00 3.105863e-01
1.440000e+01 6.530644e+00 3.101476e-01
1.448000e+01 6.612486e+00 3.093393e-01
1.456000e+01 6.687231e+00 3.084727e-01
1.464000e+01 6.746324e+00 3.073993e-01
1.472000e+01 6.774075e+00 3.062665e-01
1.480000e+01 6.784121e+00 3.050446e-01
1.488000e+01 6.773989e+00 3.036038e-01
1.496000e+01 6.750030e+00 3.019694e-01
1.504000e+01 6.711336e+00 3.001100e-01
1.512000e+01 6.660048e+00 2.982070e-01
1.520000e+01 6.607982e+00 2.961984e-01
1.528000e+01 6.549277e+00 2.940647e-01
1.536000e+01 6.490720e+00 2.918401e-01
1.544000e+01 6.433188e+00 2.895692e-01
1.552000e+01 6.371511e+00 2.874338e-01
1.560000e+01 6.308172e+00 2.855108e-01
1.568000e+01 6.250385e+00 2.838321e-01
1.576000e+01 6.196454e+00 2.824329e-01
1.584000e+01 6.152827e+00 2.813877e-01
1.592000e+01 6.122883e+00 2.806906e-01
1.600000e+01 6.106139e+00 2.804636e-01
1.608000e+01 6.105846e+00 2.807686e-01
1.616000e+01 6.120183e+00 2.815965e-01
1.624000e+01 6.141012e+00 2.828938e-01
1.632000e+01 6.171743e+00 2.847282e-01
1.640000e+01 6.213595e+00 2.870380e-01
1.648000e+01 6.259205e+00 2.898030e-01
1.656000e+01 6.315112e+00 2.930122e-01
1.664000e+01 6.374494e+00 2.965245e-01
1.672000e+01 6.436529e+00 3.002430e-01
1.680000e+01 6.514870e+00 3.040844e-01
1.688000e+01 6.588595e+00 3.080743e-01
1.696000e+01 6.671169e+00 3.120315e-01
1.704000e+01 6.750265e+00 3.159758e-01
1.712000e+01 6.829109e+00 3.198750e-01
1.720000e+01 6.897498e+00 3.234387e-01
1.728000e+01 6.938115e+00 3.266285e-01
1.736000e+01 6.978016e+00 3.295742e-01
1.744000e+01 7.004719e+00 3.321083e-01
1.752000e+01 7.020035e+00 3.343345e-01
1.760000e+01 7.035897e+00 3.362298e-01
1.768000e+01 7.015461e+00 3.375174e-01
1.776000e+01 6.974887e+00 3.389118e-01
1.784000e+01 6.906418e+00 3.402687e-01
1.792000e+01 6.831889e+00 3.419694e-01
1.800000e+01 6.746448e+00 3.438923e-01
1.808000e+01 6.672026e+00 3.461573e-01
1.816000e+01 6.601821e+00 3.487020e-01
1.824000e+01 6.533842e+00 3.514353e-01
1.832000e+01 6.468945e+00 3.544232e-01
1.840000e+01 6.413316e+00 3.576071e-01
1.848000e+01 6.387503e+00 3.607955e-01
1.856000e+01 6.369819e+00 3.641264e-01
1.864000e+01 6.378579e+00 3.675509e-01
1.872000e+01 6.410901e+00 3.713119e-01
1.880000e+01 6.474032e+00 3.753176e-01
1.888000e+01 6.551945e+00 3.796940e-01
1.896000e+01 6.656000e+00 3.843876e-01
1.904000e+01 6.776938e+00 3.895858e-01
1.912000e+01 6.917916e+00 3.950930e-01
1.920000e+01 7.080766e+00 4.005015e-01
1.928000e+01 7.233510e+00 4.056984e-01
1.936000e+01 7.375104e+00 4.105208e-01
1.944000e+01 7.504453e+00 4.149898e-01
1.952000e+01 7.617751e+00 4.190464e-01
1.960000e+01 7.719788e+00 4.223229e-01
1.968000e+01 7.807808e+00 4.251322e-01
1.976000e+01 7.893517e+00 4.275625e-01
1.984000e+01 7.932909e+00 4.298721e-01
1.992000e+01 7.945997e+00 4.320590e-01
2.000000e+01 7.946115e+00 4.339913e-01
2.008000e+01 7.902849e+00 4.355844e-01
2.016000e+01 7.835962e+00 4.371087e-01
2.024000e+01 7.749284e+00 4.386702e-01
2.032000e+01 7.640929e+00 4.402473e-01
2.040000e+01 7.499422e+00 4.416462e-01
2.048000e+01 7.335221e+00 4.430130e-01
2.056000e+01 7.155917e+00 4.444103e-01
2.064000e+01 6.963232e+00 4.459242e-01
2.072000e+01 6.762250e+00 4.474802e-01
2.080000e+01 6.547897e+00 4.489414e-01
2.088000e+01 6.331910e+00 4.504772e-01
2.096000e+01 6.112919e+00 4.519334e-01
2.104000e+01 5.902139e+00 4.533636e-01
2.112000e+01 5.692476e+00 4.548525e-01
2.120000e+01 5.503532e+00 4.561935e-01
2.128000e+01 5.334239e+00 4.572704e-01
2.136000e+01 5.188654e+00 4.582372e-01
2.144000e+01 5.065377e+00 4.590156e-01
2.152000e+01 4.969238e+00 4.595074e-01
2.160000e+01 4.904113e+00 4.598999e-01
2.168000e+01 4.874345e+00 4.602399e-01
2.176000e+01 4.876955e+00 4.604552e-01
2.184000e+01 4.905014e+00 4.605976e-01
2.192000e+01 4.964190e+00 4.605559e-01
2.200000e+01 5.059010e+00 4.606321e-01
2.208000e+01 5.177274e+00 4.606886e-01
2.216000e+01 5.325823e+00 4.607229e-01
2.224000e+01 5.484668e+00 4.607263e-01
2.232000e+01 5.653874e+00 4.604642e-01
2.240000e+01 5.818589e+00 4.602541e-01
2.248000e+01 6.008819e+00 4.600444e-01
2.256000e+01 6.189823e+00 4.601020e-01
2.264000e+01 6.386310e+00 4.605432e-01
2.272000e+01 6.596053e+00 4.615557e-01
2.280000e+01 6.823128e+00 4.629325e-01
2.288000e+01 7.074366e+00 4.645543e-01
2.296000e+01 7.326924e+00 4.664486e-01
2.304000e+01 7.603808e+00 4.685269e-01
2.312000e+01 7.899339e+00 4.707246e-01
2.320000e+01 8.200780e+00 4.730489e-01
2.328000e+01 8.528708e+00 4.758151e-01
2.336000e+01 8.885144e+00 4.791636e-01
2.344000e+01 9.257630e+00 4.831067e-01
2.352000e+01 9.646771e+00 4.877688e-01
2.360000e+01 1.005310e+01 4.929892e-01
2.368000e+01 1.049424e+01 4.987621e-01
2.376000e+01 1.095241e+01 5.043878e-01
2.384000e+01 1.146333e+01 5.097859e-01
2.392000e+01 1.201006e+01 5.152227e-01
2.400000e+01 1.260193e+01 5.208639e-01
2.408000e+01 1.322474e+01 5.263521e-01
2.416000e+01 1.387312e+01 5.321931e-01
2.424000e+01 1.456689e+01 5.381480e-01
2.432000e+01 1.527927e+01 5.444083e-01
2.440000e+01 1.604431e+01 5.508460e-01
2.448000e+01 1.678891e+01 5.573015e-01
2.456000e+01 1.754126e+01 5.637639e-01
2.464000e+01 1.829445e+01 5.698493e-01
2.472000e+01 1.902595e+01 5.754167e-01
2.480000e+01 1.974651e+01 5.803411e-01
2.488000e+01 2.046784e+01 5.843501e-01
2.496000e+01 2.120536e+01 5.876677e-01
2.504000e+01 2.192936e+01 5.897193e-01
2.512000e+01 2.268442e+01 5.911934e-01
2.520000e+01 2.344605e+01 5.919390e-01
2.528000e+01 2.423236e+01 5.921318e-01
2.536000e+01 2.503411e+01 5.921911e-01
2.544000e+01 2.585419e+01 5.923301e-01
2.552000e+01 2.669736e+01 5.927018e-01
2.560000e+01 2.754550e+01 5.937160e-01
2.568000e+01 2.843157e+01 5.955596e-01
2.576000e+01 2.934656e+01 5.981131e-01
2.584000e+01 3.027450e+01 6.013397e-01
2.592000e+01 3.118426e+01 6.046881e-01
2.600000e+01 3.212465e+01 6.082109e-01
2.608000e+01 3.306062e+01 6.116220e-01
2.616000e+01 3.400677e+01 6.149996e-01
2.624000e+01 3.494485e+01 6.186078e-01
2.632000e+01 3.587021e+01 6.224600e-01
2.640000e+01 3.672935e+01 6.262306e-01
2.648000e+01 3.756044e+01 6.307175e-01
2.656000e+01 3.833905e+01 6.355835e-01
2.664000e+01 3.907194e+01 6.413995e-01
2.672000e+01 3.969288e+01 6.472549e-01
2.680000e+01 4.025477e+01 6.528560e-01
2.688000e+01 4.077340e+01 6.582461e-01
2.696000e+01 4.126357e+01 6.659601e-01
2.704000e+01 4.164759e+01 6.718833e-01
2.712000e+01 4.197446e+01 6.757563e-01
2.720000e+01 4.226448e+01 6.791618e-01
2.728000e+01 4.254959e+01 6.807177e-01
2.736000e+01 4.279884e+01 6.806601e-01
2.744000e+01 4.300447e+01 6.800906e-01
2.752000e+01 4.320933e+01 6.785296e-01
2.760000e+01 4.341678e+01 6.755766e-01
2.768000e+01 4.363804e+01 6.721183e-01
2.776000e+01 4.387987e+01 6.691428e-01
2.784000e+01 4.417495e+01 6.664103e-01
2.792000e+01 4.448796e+01 6.643263e-01
2.800000e+01 4.475892e+01 6.620015e-01
2.808000e+01 4.507816e+01 6.588095e-01
2.816000e+01 4.539211e+01 6.547043e-01
2.824000e+01 4.571305e+01 6.504018e-01
2.832000e+01 4.607646e+01 6.458967e-01
2.840000e+01 4.642499e+01 6.410075e-01
2.848000e+01 4.672972e+01 6.361499e-01
2.856000e+01 4.701447e+01 6.311905e-01
2.864000e+01 4.731048e+01 6.256848e-01
2.872000e+01 4.752648e+01 6.189218e-01
2.880000e+01 4.768702e+01 6.114095e-01
2.888000e+01 4.774649e+01 6.022993e-01
2.896000e+01 4.779203e+01 5.969122e-01
2.904000e+01 4.778057e+01 5.951003e-01
2.912000e+01 4.773368e+01 5.971739e-01
2.920000e+01 4.770559e+01 6.024436e-01
2.928000e+01 4.773088e+01 6.104786e-01
2.936000e+01 4.774313e+01 6.199665e-01
2.944000e+01 4.774543e+01 6.308175e-01
2.952000e+01 4.781383e+01 6.426463e-01
2.960000e+01 4.789182e+01 6.545867e-01
2.968000e+01 4.801181e+01 6.659984e-01
2.976000e+01 4.816085e+01 6.766560e-01
2.984000e+01 4.837352e+01 6.880764e-01
2.992000e+01 4.865526e+01 6.998169e-01
3.000000e+01 4.904620e+01 7.112536e-01
3.008000e+01 4.947344e+01 7.216869e-01
3.016000e+01 4.994517e+01 7.303672e-01
3.024000e+01 5.047944e+01 7.378311e-01
3.032000e+01 5.105780e+01 7.441287e-01
3.040000e+01 5.160875e+01 7.499661e-01
3.048000e+01 5.213583e+01 7.560417e-01
3.056000e+01 5.262010e+01 7.617219e-01
3.064000e+01 5.304120e+01 7.672557e-01
3.072000e+01 5.336099e+01 7.721513e-01
3.080000e+01 5.360338e+01 7.759940e-01
3.088000e+01 5.380406e+01 7.780450e-01
3.096000e+01 5.397759e+01 7.789978e-01
3.104000e+01 5.415371e+01 7.788713e-01
3.112000e+01 5.426814e+01 7.785376e-01
3.120000e+01 5.435021e+01 7.775734e-01
3.128000e+01 5.436244e+01 7.759995e-01
3.136000e+01 5.434895e+01 7.730546e-01
3.144000e+01 5.428270e+01 7.689774e-01
3.152000e+01 5.420693e+01 7.638098e-01
3.160000e+01 5.414950e+01 7.581145e-01
3.168000e+01 5.408329e+01 7.521712e-01
3.176000e+01 5.400980e+01 7.458654e-01
3.184000e+01 5.395252e+01 7.392311e-01
3.192000e+01 5.391134e+01 7.329890e-01
3.200000e+01 5.387620e+01 7.272903e-01
3.208000e+01 5.385862e+01 7.221076e-01
3.216000e+01 5.388350e+01 7.171302e-01
3.224000e+01 5.394404e+01 7.123372e-01
3.232000e+01 5.400278e+01 7.081125e-01
3.240000e+01 5.408010e+01 7.053816e-01
3.248000e+01 5.421658e+01 7.038061e-01
3.256000e+01 5.435829e+01 7.030101e-01
3.264000e+01 5.450272e+01 7.028098e-01
3.272000e+01 5.464897e+01 7.032518e-01
3.280000e+01 5.477932e+01 7.043085e-01
3.288000e+01 5.488476e+01 7.058931e-01
3.296000e+01 5.499498e+01 7.081667e-01
3.304000e+01 5.509535e+01 7.107770e-01
3.312000e+01 5.516851e+01 7.139575e-01
3.320000e+01 5.523832e+01 7.171306e-01
3.328000e+01 5.529598e+01 7.199843e-01
3.336000e+01 5.535363e+01 7.223130e-01
3.344000e+01 5.540601e+01 7.239045e-01
3.352000e+01 5.544987e+01 7.250892e-01
3.360000e+01 5.548100e+01 7.254862e-01
3.368000e+01 5.553585e+01 7.255560e-01
3.376000e+01 5.556319e+01 7.248987e-01
3.384000e+01 5.560155e+01 7.238029e-01
3.392000e+01 5.561926e+01 7.220826e-01
3.400000e+01 5.563437e+01 7.196177e-01
3.408000e+01 5.563542e+01 7.164652e-01
3.416000e+01 5.563503e+01 7.127293e-01
3.424000e+01 5.560408e+01 7.080146e-01
3.432000e+01 5.557383e+01 7.026325e-01
3.440000e+01 5.554228e+01 6.965928e-01
3.448000e+01 5.551342e+01 6.899531e-01
3.456000e+01 5.548272e+01 6.825494e-01
3.464000e+01 5.546280e+01 6.746058e-01
3.472000e+01 5.544696e+01 6.663183e-01
3.480000e+01 5.542135e+01 6.575433e-01
3.488000e+01 5.541372e+01 6.484708e-01
3.496000e+01 5.539491e+01 6.391444e-01
3.504000e+01 5.539890e+01 6.297025e-01
3.512000e+01 5.540455e+01 6.203160e-01
3.520000e+01 5.541614e+01 6.112907e-01
3.528000e+01 5.544202e+01 6.028877e-01
3.536000e+01 5.547187e+01 5.952074e-01
3.544000e+01 5.550442e+01 5.882559e-01
3.552000e+01 5.554736e+01 5.817887e-01
3.560000e+01 5.560078e+01 5.758094e-01
3.568000e+01 5.567547e+01 5.703594e-01
3.576000e+01 5.575691e+01 5.654565e-01
3.584000e+01 5.586051e+01 5.610544e-01
3.592000e+01 5.598074e+01 5.573738e-01
3.600000e+01 5.611025e+01 5.545646e-01
3.608000e+01 5.625407e+01 5.526443e-01
3.616000e+01 5.641557e+01 5.515186e-01
3.624000e+01 5.659117e+01 5.510776e-01
3.632000e+01 5.677598e+01 5.510132e-01
3.640000e+01 5.697519e+01 5.510856e-01
3.648000e+01 5.718351e+01 5.513255e-01
3.656000e+01 5.738903e+01 5.515896e-01
3.664000e+01 5.759824e+01 5.519052e-01
3.672000e+01 5.780037e+01 5.521974e-01
3.680000e+01 5.798807e+01 5.522889e-01
3.688000e+01 5.816862e+01 5.522170e-01
3.696000e+01 5.833215e+01 5.518058e-01
3.704000e+01 5.847528e+01 5.511080e-01
3.712000e+01 5.858944e+01 5.501123e-01
3.720000e+01 5.868346e+01 5.490893e-01
3.728000e+01 5.876420e+01 5.481118e-01
3.736000e+01 5.882148e+01 5.473416e-01
3.744000e+01 5.886650e+01 5.467098e-01
3.752000e+01 5.887038e+01 5.461812e-01
3.760000e+01 5.884091e+01 5.457297e-01
3.768000e+01 5.879776e+01 5.453476e-01
3.776000e+01 5.873689e+01 5.452127e-01
3.784000e+01 5.864555e+01 5.452404e-01
3.792000e+01 5.854445e+01 5.455865e-01
3.800000e+01 5.842282e+01 5.465809e-01
3.808000e+01 5.828736e+01 5.482943e-01
3.816000e+01 5.813643e+01 5.504404e-01
3.824000e+01 5.799069e+01 5.531224e-01
3.832000e+01 5.787703e+01 5.560041e-01
3.840000e+01 5.775668e+01 5.589960e-01
3.848000e+01 5.765892e+01 5.625005e-01
3.856000e+01 5.759327e+01 5.659365e-01
3.864000e+01 5.756610e+01 5.696014e-01
3.872000e+01 5.756380e+01 5.731074e-01
3.880000e+01 5.759025e+01 5.762966e-01
3.888000e+01 5.762621e+01 5.789046e-01
3.896000e+01 5.769815e+01 5.811832e-01
3.904000e+01 5.779400e+01 5.831062e-01
3.912000e+01 5.790317e+01 5.844874e-01
3.920000e+01 5.800457e+01 5.851842e-01
3.928000e+01 5.810238e+01 5.854879e-01
3.936000e+01 5.818022e+01 5.853273e-01
3.944000e+01 5.824628e+01 5.849610e-01
3.952000e+01 5.829399e+01 5.845859e-01
3.960000e+01 5.829949e+01 5.835961e-01
3.968000e+01 5.829073e+01 5.825057e-01
3.976000e+01 5.827598e+01 5.813402e-01
3.984000e+01 5.822141e+01 5.802792e-01
3.992000e+01 5.815623e+01 5.786897e-01
4.000000e+01 5.809434e+01 5.765541e-01
4.008000e+01 5.796585e+01 5.732949e-01
4.016000e+01 5.781363e+01 5.693450e-01
4.024000e+01 5.765075e+01 5.648440e-01
4.032000e+01 5.745905e+01 5.596274e-01
4.040000e+01 5.724879e+01 5.535487e-01
4.048000e+01 5.702026e+01 5.469550e-01
4.056000e+01 5.678154e+01 5.408354e-01
4.064000e+01 5.656047e+01 5.352004e-01
4.072000e+01 5.632867e+01 5.308027e-01
4.080000e+01 5.611814e+01 5.272433e-01
4.088000e+01 5.592558e+01 5.239718e-01
4.096000e+01 5.577046e+01 5.204948e-01
4.104000e+01 5.564215e+01 5.168354e-01
4.112000e+01 5.551568e+01 5.130161e-01
4.120000e+01 5.538711e+01 5.088270e-01
4.128000e+01 5.526910e+01 5.041669e-01
4.136000e+01 5.515947e+01 4.990503e-01
4.144000e+01 5.504405e+01 4.936803e-01
4.152000e+01 5.493366e+01 4.881989e-01
4.160000e+01 5.482825e+01 4.826393e-01
4.168000e+01 5.472342e+01 4.769741e-01
4.176000e+01 5.462562e+01 4.712426e-01
4.184000e+01 5.451787e+01 4.654254e-01
4.192000e+01 5.440965e+01 4.594138e-01
4.200000e+01 5.429752e+01 4.533484e-01
4.208000e+01 5.419625e+01 4.472671e-01
4.216000e+01 5.409437e+01 4.413954e-01
4.224000e+01 5.400788e+01 4.357114e-01
4.232000e+01 5.391904e+01 4.302937e-01
4.240000e+01 5.383220e+01 4.252560e-01
4.248000e+01 5.375525e+01 4.204257e-01
4.256000e+01 5.368802e+01 4.158042e-01
4.264000e+01 5.363066e+01 4.113991e-01
4.272000e+01 5.359924e+01 4.071764e-01
4.280000e+01 5.358026e+01 4.032819e-01
4.288000e+01 5.356159e+01 3.996668e-01
4.296000e+01 5.356816e+01 3.964087e-01
4.304000e+01 5.357797e+01 3.937811e-01
4.312000e+01 5.359791e+01 3.917012e-01
4.320000e+01 5.363282e+01 3.901914e-01
4.328000e+01 5.367027e+01 3.893080e-01
4.336000e+01 5.372101e+01 3.889103e-01
4.344000e+01 5.378595e+01 3.889317e-01
4.352000e+01 5.387529e+01 3.891940e-01
4.360000e+01 5.398919e+01 3.895758e-01
4.368000e+01 5.413804e+01 3.899622e-01
4.376000e+01 5.430246e+01 3.903265e-01
4.384000e+01 5.449167e+01 3.906577e-01
4.392000e+01 5.469642e+01 3.908661e-01
4.400000e+01 5.490950e+01 3.909135e-01
4.408000e+01 5.514297e+01 3.907288e-01
4.416000e+01 5.538792e+01 3.905086e-01
4.424000e+01 5.564252e+01 3.902352e-01
4.432000e+01 5.588722e+01 3.897095e-01
4.440000e+01 5.612894e+01 3.891156e-01
4.448000e+01 5.636575e+01 3.885083e-01
4.456000e+01 5.659859e+01 3.879194e-01
4.464000e+01 5.682112e+01 3.873432e-01
4.472000e+01 5.702501e+01 3.869064e-01
4.480000e+01 5.721583e+01 3.866614e-01
4.488000e+01 5.739030e+01 3.866762e-01
4.496000e+01 5.754425e+01 3.869903e-01
4.504000e+01 5.767486e+01 3.876290e-01
4.512000e+01 5.779076e+01 3.885584e-01
4.520000e+01 5.788498e+01 3.897416e-01
4.528000e+01 5.796615e+01 3.911713e-01
4.536000e+01 5.802855e+01 3.928299e-01
4.544000e+01 5.808491e+01 3.945866e-01
4.552000e+01 5.812180e+01 3.965013e-01
4.560000e+01 5.814840e+01 3.986279e-01
4.568000e+01 5.817514e+01 4.008565e-01
4.576000e+01 5.820719e+01 4.030612e-01
4.584000e+01 5.823589e+01 4.054107e-01
4.592000e+01 5.825838e+01 4.078543e-01
4.600000e+01 5.828529e+01 4.104433e-01
4.608000e+01 5.832451e+01 4.130890e-01
4.616000e+01 5.836688e+01 4.159996e-01
4.624000e+01 5.841242e+01 4.191002e-01
4.632000e+01 5.846103e+01 4.223161e-01
4.640000e+01 5.850680e+01 4.257407e-01
4.648000e+01 5.854989e+01 4.293181e-01
4.656000e+01 5.859202e+01 4.329849e-01
4.664000e+01 5.863728e+01 4.366501e-01
4.672000e+01 5.867967e+01 4.403608e-01
4.680000e+01 5.871110e+01 4.441474e-01
4.688000e+01 5.874813e+01 4.479182e-01
4.696000e+01 5.877504e+01 4.517395e-01
4.704000e+01 5.879382e+01 4.556718e-01
4.712000e+01 5.881062e+01 4.599095e-01
4.720000e+01 5.881259e+01 4.643537e-01
4.728000e+01 5.880434e+01 4.688197e-01
4.736000e+01 5.878906e+01 4.736018e-01
4.744000e+01 5.876181e+01 4.788424e-01
4.752000e+01 5.872965e+01 4.843422e-01
4.760000e+01 5.868205e+01 4.903779e-01
4.768000e+01 5.861825e+01 4.965554e-01
4.776000e+01 5.853982e+01 5.029083e-01
4.784000e+01 5.843621e+01 5.095670e-01
4.792000e+01 5.828787e+01 5.169698e-01
4.800000e+01 5.810171e+01 5.250698e-01
4.808000e+01 5.790813e+01 5.337543e-01
4.816000e+01 5.767791e+01 5.424618e-01
4.824000e+01 5.738222e+01 5.504508e-01
4.832000e+01 5.701309e+01 5.584632e-01
4.840000e+01 5.664629e+01 5.662674e-01
4.848000e+01 5.631366e+01 5.739049e-01
4.856000e+01 5.601797e+01 5.812594e-01
4.864000e+01 5.573329e+01 5.877751e-01
4.872000e+01 5.546243e+01 5.941538e-01
4.880000e+01 5.517599e+01 6.011139e-01
4.888000e+01 5.488121e+01 6.090640e-01
4.896000e+01 5.457728e+01 6.181796e-01
4.904000e+01 5.432953e+01 6.269461e-01
4.912000e+01 5.406772e+01 6.352971e-01
4.920000e+01 5.381697e+01 6.427380e-01
4.928000e+01 5.354991e+01 6.500022e-01
4.936000e+01 5.325570e+01 6.574060e-01
4.944000e+01 5.299207e+01 6.644859e-01
4.952000e+01 5.270807e+01 6.713457e-01
4.960000e+01 5.240649e+01 6.783592e-01
4.968000e+01 5.212279e+01 6.853307e-01
4.976000e+01 5.188811e+01 6.917128e-01
4.984000e+01 5.168252e+01 6.977438e-01
4.992000e+01 5.153009e+01 7.034305e-01
5.000000e+01 5.140758e+01 7.089427e-01
5.008000e+01 5.137503e+01 7.145608e-01
5.016000e+01 5.135659e+01 7.203652e-01
5.024000e+01 5.140068e+01 7.259856e-01
5.032000e+01 5.149494e+01 7.311481e-01
5.040000e+01 5.161806e+01 7.363903e-01
5.048000e+01 5.177511e+01 7.416495e-01
5.056000e+01 5.192981e+01 7.461571e-01
5.064000e+01 5.202149e+01 7.502977e-01
5.072000e+01 5.211964e+01 7.527994e-01
5.080000e+01 5.222440e+01 7.539647e-01
5.088000e+01 5.235385e+01 7.542123e-01
5.096000e+01 5.256945e+01 7.532007e-01
5.104000e+01 5.284510e+01 7.517681e-01
5.112000e+01 5.316530e+01 7.501260e-01
5.120000e+01 5.354613e+01 7.489295e-01
5.128000e+01 5.396157e+01 7.479045e-01
5.136000e+01 5.441956e+01 7.470372e-01
5.144000e+01 5.486644e+01 7.464811e-01
5.152000e+01 5.536747e+01 7.457099e-01
5.160000e+01 5.587298e+01 7.446826e-01
5.168000e+01 5.640493e+01 7.432262e-01
5.176000e+01 5.694744e+01 7.419349e-01
5.184000e+01 5.749965e+01 7.407850e-01
5.192000e+01 5.807864e+01 7.398113e-01
5.200000e+01 5.867419e+01 7.391638e-01
5.208000e+01 5.926333e+01 7.386785e-01
5.216000e+01 5.988758e+01 7.391030e-01
5.224000e+01 6.049776e+01 7.398833e-01
5.232000e+01 6.113411e+01 7.407989e-01
5.240000e+01 6.179599e+01 7.418116e-01
5.248000e+01 6.246172e+01 7.432089e-01
5.256000e+01 6.315305e+01 7.449925e-01
5.264000e+01 6.387360e+01 7.470817e-01
5.272000e+01 6.460447e+01 7.489280e-01
5.280000e+01 6.536542e+01 7.506621e-01
5.288000e+01 6.610126e+01 7.525032e-01
5.296000e+01 6.683741e+01 7.536391e-01
5.304000e+01 6.755630e+01 7.546672e-01
5.312000e+01 6.826188e+01 7.552493e-01
5.320000e+01 6.892938e+01 7.551525e-01
5.328000e+01 6.958368e+01 7.546325e-01
5.336000e+01 7.022706e+01 7.536019e-01
5.344000e+01 7.085679e+01 7.529243e-01
5.352000e+01 7.146948e+01 7.525246e-01
5.360000e+01 7.203779e+01 7.519358e-01
5.368000e+01 7.258836e+01 7.515548e-01
5.376000e+01 7.308668e+01 7.514275e-01
5.384000e+01 7.356178e+01 7.516834e-01
5.392000e+01 7.401161e+01 7.523731e-01
5.400000e+01 7.444954e+01 7.534039e-01
5.408000e+01 7.488339e+01 7.547169e-01
5.416000e+01 7.529917e+01 7.559876e-01
5.424000e+01 7.568455e+01 7.570932e-01
5.432000e+01 7.605305e+01 7.586833e-01
5.440000e+01 7.640367e+01 7.602237e-01
5.448000e+01 7.674631e+01 7.608346e-01
5.456000e+01 7.709759e+01 7.604394e-01
5.464000e+01 7.740912e+01 7.592546e-01
5.472000e+01 7.767928e+01 7.575807e-01
5.480000e+01 7.793875e+01 7.552744e-01
5.488000e+01 7.814468e+01 7.525024e-01
5.496000e+01 7.833639e+01 7.491326e-01
5.504000e+01 7.852039e+01 7.453146e-01
5.512000e+01 7.866759e+01 7.413962e-01
5.520000e+01 7.882846e+01 7.373938e-01
5.528000e+01 7.900488e+01 7.336525e-01
5.536000e+01 7.921724e+01 7.304253e-01
5.544000e+01 7.943172e+01 7.279667e-01
5.552000e+01 7.966200e+01 7.261055e-01
5.560000e+01 7.989310e+01 7.249432e-01
5.568000e+01 8.014805e+01 7.245191e-01
5.576000e+01 8.041491e+01 7.248363e-01
5.584000e+01 8.069921e+01 7.257053e-01
5.592000e+01 8.100545e+01 7.270131e-01
5.600000e+01 8.128141e+01 7.288356e-01
5.608000e+01 8.153614e+01 7.311787e-01
5.616000e+01 8.179206e+01 7.339233e-01
5.624000e+01 8.204707e+01 7.370350e-01
5.632000e+01 8.227097e+01 7.403951e-01
5.640000e+01 8.247523e+01 7.436572e-01
5.648000e+01 8.267432e+01 7.467770e-01
5.656000e+01 8.283962e+01 7.497082e-01
5.664000e+01 8.299260e+01 7.523737e-01
5.672000e+01 8.311887e+01 7.547738e-01
5.680000e+01 8.321349e+01 7.565797e-01
5.688000e+01 8.330704e+01 7.573711e-01
5.696000e+01 8.337783e+01 7.568450e-01
5.704000e+01 8.343035e+01 7.547099e-01
5.712000e+01 8.346972e+01 7.513761e-01
5.720000e+01 8.345761e+01 7.476376e-01
5.728000e+01 8.344483e+01 7.441883e-01
5.736000e+01 8.339920e+01 7.410633e-01
5.744000e+01 8.337236e+01 7.381510e-01
5.752000e+01 8.337131e+01 7.359514e-01
5.760000e+01 8.342874e+01 7.347419e-01
5.768000e+01 8.353973e+01 7.352741e-01
5.776000e+01 8.367505e+01 7.384045e-01
5.784000e+01 8.387172e+01 7.439686e-01
5.792000e+01 8.413054e+01 7.512310e-01
5.800000e+01 8.444251e+01 7.597387e-01
5.808000e+01 8.477481e+01 7.692342e-01
5.816000e+01 8.508106e+01 7.795605e-01
5.824000e+01 8.538410e+01 7.897875e-01
5.832000e+01 8.563545e+01 7.994905e-01
5.840000e+01 8.583952e+01 8.078328e-01
5.848000e+01 8.596470e+01 8.145535e-01
5.856000e+01 8.603758e+01 8.198768e-01
5.864000e+01 8.607215e+01 8.239566e-01
5.872000e+01 8.605416e+01 8.273278e-01
5.880000e+01 8.604447e+01 8.307634e-01
5.888000e+01 8.603241e+01 8.338071e-01
5.896000e+01 8.603322e+01 8.364508e-01
5.904000e+01 8.601308e+01 8.388233e-01
5.912000e+01 8.599972e+01 8.411321e-01
5.920000e+01 8.599431e+01 8.439609e-01
5.928000e+01 8.601192e+01 8.464549e-01
5.936000e+01 8.603697e+01 8.494866e-01
5.944000e+01 8.609071e+01 8.528043e-01
5.952000e+01 8.614242e+01 8.564616e-01
5.960000e+01 8.616418e+01 8.600442e-01
5.968000e+01 8.614506e+01 8.636835e-01
5.976000e+01 8.607726e+01 8.668086e-01
5.984000e+01 8.599098e+01 8.696762e-01
5.992000e+01 8.585040e+01 8.719072e-01
6.000000e+01 8.565111e+01 8.739304e-01
6.008000e+01 8.546304e+01 8.759979e-01
6.016000e+01 8.528846e+01 8.780147e-01
6.024000e+01 8.513174e+01 8.796849e-01
6.032000e+01 8.497596e+01 8.818531e-01
6.040000e+01 8.484330e+01 8.845609e-01
6.048000e+01 8.472582e+01 8.877082e-01
6.056000e+01 8.461931e+01 8.908193e-01
6.064000e+01 8.453434e+01 8.933928e-01
6.072000e+01 8.444257e+01 8.953056e-01
6.080000e+01 8.432839e+01 8.974535e-01
6.088000e+01 8.425023e+01 9.001227e-01
6.096000e+01 8.417339e+01 9.017739e-01
6.104000e+01 8.411912e+01 9.023828e-01
6.112000e+01 8.400363e+01 9.024142e-01
6.120000e+01 8.384161e+01 9.018711e-01
6.128000e+01 8.364863e+01 9.004501e-01
6.136000e+01 8.339132e+01 8.984003e-01
6.144000e+01 8.311347e+01 8.964622e-01
6.152000e+01 8.279057e+01 8.949333e-01
6.160000e+01 8.244459e+01 8.939931e-01
6.168000e+01 8.204209e+01 8.931713e-01
6.176000e+01 8.163897e+01 8.920481e-01
6.184000e+01 8.118926e+01 8.902025e-01
6.192000e+01 8.071517e+01 8.872561e-01
6.200000e+01 8.021206e+01 8.836998e-01
6.208000e+01 7.966732e+01 8.794700e-01
6.216000e+01 7.910291e+01 8.755825e-01
6.224000e+01 7.854461e+01 8.720770e-01
6.232000e+01 7.802641e+01 8.686853e-01
6.240000e+01 7.751586e+01 8.645925e-01
6.248000e+01 7.704976e+01 8.594985e-01
6.256000e+01 7.660818e+01 8.534458e-01
6.264000e+01 7.619159e+01 8.468124e-01
6.272000e+01 7.578383e+01 8.398726e-01
6.280000e+01 7.542168e+01 8.328245e-01
6.288000e+01 7.510434e+01 8.255037e-01
6.296000e+01 7.482157e+01 8.178212e-01
6.304000e+01 7.458735e+01 8.097833e-01
6.312000e+01 7.439550e+01 8.019344e-01
6.320000e+01 7.422383e+01 7.937321e-01
6.328000e+01 7.407813e+01 7.854891e-01
6.336000e+01 7.397501e+01 7.772724e-01
6.344000e+01 7.391785e+01 7.689167e-01
6.352000e+01 7.388916e+01 7.606887e-01
6.360000e+01 7.389228e+01 7.527046e-01
6.368000e+01 7.390270e+01 7.451505e-01
6.376000e+01 7.395186e+01 7.379065e-01
6.384000e+01 7.402364e+01 7.308941e-01
6.392000e+01 7.413199e+01 7.241098e-01
6.400000e+01 7.425726e+01 7.176182e-01
6.408000e+01 7.440292e+01 7.114032e-01
6.416000e+01 7.455802e+01 7.054008e-01
6.424000e+01 7.474587e+01 6.995993e-01
6.432000e+01 7.496293e+01 6.942955e-01
6.440000e+01 7.520944e+01 6.896389e-01
6.448000e+01 7.545332e+01 6.858826e-01
6.456000e+01 7.569552e+01 6.829868e-01
6.464000e+01 7.594979e+01 6.808584e-01
6.472000e+01 7.623135e+01 6.796103e-01
6.480000e+01 7.654236e+01 6.789517e-01
6.488000e+01 7.685315e+01 6.786931e-01
6.496000e+01 7.716218e+01 6.786938e-01
6.504000e+01 7.746389e+01 6.788165e-01
6.512000e+01 7.772322e+01 6.788690e-01
6.520000e+01 7.794473e+01 6.787569e-01
6.528000e+01 7.808818e+01 6.783011e-01
6.536000e+01 7.820535e+01 6.771435e-01
6.544000e+01 7.825470e+01 6.755884e-01
6.552000e+01 7.828882e+01 6.733192e-01
6.560000e+01 7.832752e+01 6.704531e-01
6.568000e+01 7.836709e+01 6.673447e-01
6.576000e+01 7.839859e+01 6.637867e-01
6.584000e+01 7.844148e+01 6.598193e-01
6.592000e+01 7.846402e+01 6.552724e-01
6.600000e+01 7.843892e+01 6.497898e-01
6.608000e+01 7.838575e+01 6.438935e-01
6.616000e+01 7.827994e+01 6.376976e-01
6.624000e+01 7.814959e+01 6.315467e-01
6.632000e+01 7.798384e+01 6.252719e-01
6.640000e+01 7.777984e+01 6.187732e-01
6.648000e+01 7.755130e+01 6.122678e-01
6.656000e+01 7.732302e+01 6.058702e-01
6.664000e+01 7.708798e+01 5.991677e-01
6.672000e+01 7.685860e+01 5.923009e-01
6.680000e+01 7.663722e+01 5.853476e-01
6.688000e+01 7.642479e+01 5.783301e-01
6.696000e+01 7.622157e+01 5.712922e-01
6.704000e+01 7.603063e+01 5.643476e-01
6.712000e+01 7.585995e+01 5.576986e-01
6.720000e+01 7.569610e+01 5.513150e-01
6.728000e+01 7.554063e+01 5.454067e-01
6.736000e+01 7.539781e+01 5.399669e-01
6.744000e+01 7.526375e+01 5.348677e-01
6.752000e+01 7.513603e+01 5.300142e-01
6.760000e+01 7.501814e+01 5.255025e-01
6.768000e+01 7.491978e+01 5.212594e-01
6.776000e+01 7.484051e+01 5.172210e-01
6.784000e+01 7.477787e+01 5.133373e-01
6.792000e+01 7.472500e+01 5.096474e-01
6.800000e+01 7.469505e+01 5.062059e-01
6.808000e+01 7.467090e+01 5.030573e-01
6.816000e+01 7.466727e+01 5.001799e-01
6.824000e+01 7.466897e+01 4.975530e-01
6.832000e+01 7.468311e+01 4.951598e-01
6.840000e+01 7.471271e+01 4.928804e-01
6.848000e+01 7.474732e+01 4.904452e-01
6.856000e+01 7.478059e+01 4.878832e-01
6.864000e+01 7.482343e+01 4.851691e-01
6.872000e+01 7.487052e+01 4.825633e-01
6.880000e+01 7.490821e+01 4.799840e-01
6.888000e+01 7.493568e+01 4.775248e-01
6.896000e+01 7.496521e+01 4.752736e-01
6.904000e+01 7.499052e+01 4.732282e-01
6.912000e+01 7.501005e+01 4.712328e-01
6.920000e+01 7.502898e+01 4.694435e-01
6.928000e+01 7.504104e+01 4.677536e-01
6.936000e+01 7.505006e+01 4.660669e-01
6.944000e+01 7.505000e+01 4.645735e-01
6.952000e+01 7.504703e+01 4.632667e-01
6.960000e+01 7.504346e+01 4.621225e-01
6.968000e+01 7.503112e+01 4.610368e-01
6.976000e+01 7.502415e+01 4.601465e-01
6.984000e+01 7.501532e+01 4.593880e-01
6.992000e+01 7.502425e+01 4.586733e-01
7.000000e+01 7.503934e+01 4.580768e-01
7.008000e+01 7.504485e+01 4.575049e-01
7.016000e+01 7.505267e+01 4.570658e-01
7.024000e+01 7.506499e+01 4.566803e-01
7.032000e+01 7.508955e+01 4.562610e-01
7.040000e+01 7.512752e+01 4.556682e-01
7.048000e+01 7.517550e+01 4.551788e-01
7.056000e+01 7.523970e+01 4.545339e-01
7.064000e+01 7.529900e+01 4.539300e-01
7.072000e+01 7.533721e+01 4.534217e-01
7.080000e+01 7.533106e+01 4.528370e-01
7.088000e+01 7.525307e+01 4.521625e-01
7.096000e+01 7.510028e+01 4.514599e-01
7.104000e+01 7.493014e+01 4.508169e-01
7.112000e+01 7.478906e+01 4.501542e-01
7.120000e+01 7.468274e+01 4.494473e-01
7.128000e+01 7.460342e+01 4.486181e-01
7.136000e+01 7.453572e+01 4.477212e-01
7.144000e+01 7.447715e+01 4.466177e-01
7.152000e+01 7.441861e+01 4.454996e-01
7.160000e+01 7.436214e+01 4.444059e-01
7.168000e+01 7.429253e+01 4.432884e-01
7.176000e+01 7.421900e+01 4.421200e-01
7.184000e+01 7.413534e+01 4.407961e-01
7.192000e+01 7.402171e+01 4.392923e-01
7.200000e+01 7.389934e+01 4.377279e-01
7.208000e+01 7.376135e+01 4.360912e-01
7.216000e+01 7.361182e+01 4.342557e-01
7.224000e+01 7.345303e+01 4.322580e-01
7.232000e+01 7.329393e+01 4.300065e-01
7.240000e+01 7.313434e+01 4.275181e-01
7.248000e+01 7.297933e+01 4.248882e-01
7.256000e+01 7.283237e+01 4.221645e-01
7.264000e+01 7.268655e+01 4.193349e-01
7.272000e+01 7.254555e+01 4.164662e-01
7.280000e+01 7.240628e+01 4.135905e-01
7.288000e+01 7.226268e+01 4.107197e-01
7.296000e+01 7.211811e+01 4.078397e-01
7.304000e+01 7.196547e+01 4.050089e-01
7.312000e+01 7.180965e+01 4.022024e-01
7.320000e+01 7.165110e+01 3.994434e-01
7.328000e+01 7.148884e+01 3.967170e-01
7.336000e+01 7.131610e+01 3.939614e-01
7.344000e+01 7.113466e+01 3.912320e-01
7.352000e+01 7.093989e+01 3.885594e-01
7.360000e+01 7.072261e+01 3.859450e-01
7.368000e+01 7.048125e+01 3.833758e-01
7.376000e+01 7.020791e+01 3.808601e-01
7.384000e+01 6.991037e+01 3.784177e-01
7.392000e+01 6.958208e+01 3.759672e-01
7.400000e+01 6.923166e+01 3.736153e-01
7.408000e+01 6.885617e+01 3.713715e-01
7.416000e+01 6.846637e+01 3.692860e-01
7.424000e+01 6.805366e+01 3.672196e-01
7.432000e+01 6.762310e+01 3.652867e-01
7.440000e+01 6.717573e+01 3.634498e-01
7.448000e+01 6.671481e+01 3.616923e-01
7.456000e+01 6.622482e+01 3.599339e-01
7.464000e+01 6.571969e+01 3.582860e-01
7.472000e+01 6.521680e+01 3.568580e-01
7.480000e+01 6.471138e+01 3.556109e-01
7.488000e+01 6.419509e+01 3.544878e-01
7.496000e+01 6.368120e+01 3.534987e-01
7.504000e+01 6.316750e+01 3.526064e-01
7.512000e+01 6.267060e+01 3.518708e-01
7.520000e+01 6.218626e+01 3.513395e-01
7.528000e+01 6.171079e+01 3.509751e-01
7.536000e+01 6.123941e+01 3.507178e-01
7.544000e+01 6.078300e+01 3.507119e-01
7.552000e+01 6.033943e+01 3.508790e-01
7.560000e+01 5.990579e+01 3.512630e-01
7.568000e+01 5.947635e+01 3.517853e-01
7.576000e+01 5.905549e+01 3.524324e-01
7.584000e+01 5.864043e+01 3.531244e-01
7.592000e+01 5.823228e+01 3.539559e-01
7.600000e+01 5.784063e+01 3.549994e-01
7.608000e+01 5.746228e+01 3.561802e-01
7.616000e+01 5.710124e+01 3.575813e-01
7.624000e+01 5.675140e+01 3.590820e-01
7.632000e+01 5.641589e+01 3.607065e-01
7.640000e+01 5.606752e+01 3.624078e-01
7.648000e+01 5.571734e+01 3.641482e-01
7.656000e+01 5.539350e+01 3.657881e-01
7.664000e+01 5.508710e+01 3.671823e-01
7.672000e+01 5.477859e+01 3.683910e-01
7.680000e+01 5.446206e+01 3.694761e-01
7.688000e+01 5.414993e+01 3.705474e-01
7.696000e+01 5.384238e+01 3.716445e-01
7.704000e+01 5.353382e+01 3.726828e-01
7.712000e+01 5.322580e+01 3.736429e-01
7.720000e+01 5.291334e+01 3.744835e-01
7.728000e+01 5.258788e+01 3.751945e-01
7.736000e+01 5.223811e+01 3.757268e-01
7.744000e+01 5.186137e+01 3.762798e-01
7.752000e+01 5.147607e+01 3.767520e-01
7.760000e+01 5.109862e+01 3.770742e-01
7.768000e+01 5.073795e+01 3.772755e-01
7.776000e+01 5.040349e+01 3.773327e-01
7.784000e+01 5.009585e+01 3.773070e-01
7.792000e+01 4.982623e+01 3.771396e-01
7.800000e+01 4.959419e+01 3.768890e-01
7.808000e+01 4.940833e+01 3.765809e-01
7.816000e+01 4.926517e+01 3.762855e-01
7.824000e+01 4.917166e+01 3.760056e-01
7.832000e+01 4.911266e+01 3.757560e-01
7.840000e+01 4.908417e+01 3.756049e-01
7.848000e+01 4.908203e+01 3.755910e-01
7.856000e+01 4.908732e+01 3.757893e-01
7.864000e+01 4.909712e+01 3.762419e-01
7.872000e+01 4.908851e+01 3.769374e-01
7.880000e+01 4.905363e+01 3.778040e-01
7.888000e+01 4.899584e+01 3.790526e-01
7.896000e+01 4.892272e+01 3.808464e-01
7.904000e+01 4.882915e+01 3.831731e-01
7.912000e+01 4.871664e+01 3.858432e-01
7.920000e+01 4.857978e+01 3.888826e-01
7.928000e+01 4.842968e+01 3.923424e-01
7.936000e+01 4.826851e+01 3.960425e-01
7.944000e+01 4.810024e+01 3.999687e-01
7.952000e+01 4.792448e+01 4.040901e-01
7.960000e+01 4.774891e+01 4.082646e-01
7.968000e+01 4.758084e+01 4.123718e-01
7.976000e+01 4.743881e+01 4.163444e-01
7.984000e+01 4.728926e+01 4.206944e-01
7.992000e+01 4.718401e+01 4.247545e-01
8.000000e+01 4.711646e+01 4.287202e-01
8.008000e+01 4.706395e+01 4.323735e-01
8.016000e+01 4.701169e+01 4.358630e-01
8.024000e+01 4.699351e+01 4.385373e-01
8.032000e+01 4.695504e+01 4.408789e-01
8.040000e+01 4.690336e+01 4.428367e-01
8.048000e+01 4.682696e+01 4.442237e-01
8.056000e+01 4.672846e+01 4.448713e-01
8.064000e+01 4.660206e+01 4.448729e-01
8.072000e+01 4.646649e+01 4.442349e-01
8.080000e+01 4.631767e+01 4.428888e-01
8.088000e+01 4.616781e+01 4.407366e-01
8.096000e+01 4.600868e+01 4.382832e-01
8.104000e+01 4.584644e+01 4.352541e-01
8.112000e+01 4.568189e+01 4.315625e-01
8.120000e+01 4.551900e+01 4.272010e-01
8.128000e+01 4.536092e+01 4.219790e-01
8.136000e+01 4.521711e+01 4.161368e-01
8.144000e+01 4.507484e+01 4.099203e-01
8.152000e+01 4.494580e+01 4.034222e-01
8.160000e+01 4.484126e+01 3.969013e-01
8.168000e+01 4.475224e+01 3.906667e-01
8.176000e+01 4.466280e+01 3.848953e-01
8.184000e+01 4.456938e+01 3.794827e-01
8.192000e+01 4.448405e+01 3.745411e-01
8.200000e+01 4.441048e+01 3.700425e-01
8.208000e+01 4.434101e+01 3.660690e-01
8.216000e+01 4.427714e+01 3.626508e-01
8.224000e+01 4.422319e+01 3.598789e-01
8.232000e+01 4.416282e+01 3.577152e-01
8.240000e+01 4.410711e+01 3.561633e-01
8.248000e+01 4.404910e+01 3.552038e-01
8.256000e+01 4.398407e+01 3.546497e-01
8.264000e+01 4.392088e+01 3.545425e-01
8.272000e+01 4.387578e+01 3.548040e-01
8.280000e+01 4.385744e+01 3.553647e-01
8.288000e+01 4.387513e+01 3.561954e-01
8.296000e+01 4.392436e+01 3.572982e-01
8.304000e+01 4.402659e+01 3.586315e-01
8.312000e+01 4.417245e+01 3.601751e-01
8.320000e+01 4.436189e+01 3.619568e-01
8.328000e+01 4.459365e+01 3.638776e-01
8.336000e+01 4.486089e+01 3.660192e-01
8.344000e+01 4.516434e+01 3.683935e-01
8.352000e+01 4.550774e+01 3.709931e-01
8.360000e+01 4.588009e+01 3.737257e-01
8.368000e+01 4.628623e+01 3.766387e-01
8.376000e+01 4.670942e+01 3.796934e-01
8.384000e+01 4.714934e+01 3.827634e-01
8.392000e+01 4.760568e+01 3.859398e-01
8.400000e+01 4.807466e+01 3.892083e-01
8.408000e+01 4.856080e+01 3.926539e-01
8.416000e+01 4.907096e+01 3.962235e-01
8.424000e+01 4.959075e+01 3.999807e-01
8.432000e+01 5.010297e+01 4.036125e-01
8.440000e+01 5.062480e+01 4.073042e-01
8.448000e+01 5.112406e+01 4.108890e-01
8.456000e+01 5.161535e+01 4.143430e-01
8.464000e+01 5.210448e+01 4.178448e-01
8.472000e+01 5.257978e+01 4.213609e-01
8.480000e+01 5.303595e+01 4.247782e-01
8.488000e+01 5.347773e+01 4.282833e-01
8.496000e+01 5.387328e+01 4.317600e-01
8.504000e+01 5.421719e+01 4.351456e-01
8.512000e+01 5.452955e+01 4.388213e-01
8.520000e+01 5.478099e+01 4.426489e-01
8.528000e+01 5.497353e+01 4.464415e-01
8.536000e+01 5.512592e+01 4.509740e-01
8.544000e+01 5.521645e+01 4.561496e-01
8.552000e+01 5.524215e+01 4.623538e-01
8.560000e+01 5.521240e+01 4.693490e-01
8.568000e+01 5.511578e+01 4.768282e-01
8.576000e+01 5.492868e+01 4.842694e-01
8.584000e+01 5.465948e+01 4.928221e-01
8.592000e+01 5.434738e+01 5.026244e-01
8.600000e+01 5.395303e+01 5.137337e-01
8.608000e+01 5.354907e+01 5.261021e-01
8.616000e+01 5.305730e+01 5.393648e-01
8.624000e+01 5.254779e+01 5.536116e-01
8.632000e+01 5.204762e+01 5.674706e-01
8.640000e+01 5.157416e+01 5.800298e-01
8.648000e+01 5.111536e+01 5.911322e-01
8.656000e+01 5.066478e+01 6.009416e-01
8.664000e+01 5.021237e+01 6.099758e-01
8.672000e+01 4.978291e+01 6.185726e-01
8.680000e+01 4.935937e+01 6.265380e-01
8.688000e+01 4.891978e+01 6.338123e-01
8.696000e+01 4.846138e+01 6.398142e-01
8.704000e+01 4.801956e+01 6.449502e-01
8.712000e+01 4.753178e+01 6.487488e-01
8.720000e+01 4.703354e+01 6.521590e-01
8.728000e+01 4.652797e+01 6.550614e-01
8.736000e+01 4.601529e+01 6.576910e-01
8.744000e+01 4.552427e+01 6.599048e-01
8.752000e+01 4.504623e+01 6.613632e-01
8.760000e+01 4.462076e+01 6.623819e-01
8.768000e+01 4.425508e+01 6.631171e-01
8.776000e+01 4.390766e+01 6.633333e-01
8.784000e+01 4.358328e+01 6.632337e-01
8.792000e+01 4.329503e+01 6.629805e-01
8.800000e+01 4.302526e+01 6.623425e-01
8.808000e+01 4.277137e+01 6.610775e-01
8.816000e+01 4.255228e+01 6.594513e-01
8.824000e+01 4.237378e+01 6.579267e-01
8.832000e+01 4.222126e+01 6.564040e-01
8.840000e+01 4.211062e+01 6.543937e-01
8.848000e+01 4.202800e+01 6.519336e-01
8.856000e+01 4.198418e+01 6.488244e-01
8.864000e+01 4.197114e+01 6.450516e-01
8.872000e+01 4.197730e+01 6.407706e-01
8.880000e+01 4.201178e+01 6.358350e-01
8.888000e+01 4.207462e+01 6.305241e-01
8.896000e+01 4.214203e+01 6.247406e-01
8.904000e+01 4.223097e+01 6.189875e-01
8.912000e+01 4.233664e+01 6.130912e-01
8.920000e+01 4.244850e+01 6.068997e-01
8.928000e+01 4.258667e+01 6.004181e-01
8.936000e+01 4.273453e+01 5.936220e-01
8.944000e+01 4.289748e+01 5.867058e-01
8.952000e+01 4.306490e+01 5.797054e-01
8.960000e+01 4.324690e+01 5.725283e-01
8.968000e+01 4.343997e+01 5.652861e-01
8.976000e+01 4.363928e+01 5.580346e-01
8.984000e+01 4.384567e+01 5.506745e-01
8.992000e+01 4.405587e+01 5.432744e-01
9.000000e+01 4.426086e+01 5.358976e-01
9.008000e+01 4.449305e+01 5.287023e-01
9.016000e+01 4.472731e+01 5.216144e-01
9.024000e+01 4.496355e+01 5.145389e-01
9.032000e+01 4.520570e+01 5.075880e-01
9.040000e+01 4.545546e+01 5.007229e-01
9.048000e+01 4.571547e+01 4.940006e-01
9.056000e+01 4.597806e+01 4.873713e-01
9.064000e+01 4.624165e+01 4.809001e-01
9.072000e+01 4.650225e+01 4.746546e-01
9.080000e+01 4.676683e+01 4.686450e-01
9.088000e+01 4.703205e+01 4.628483e-01
9.096000e+01 4.729492e+01 4.573682e-01
9.104000e+01 4.756108e+01 4.521184e-01
9.112000e+01 4.782474e+01 4.471648e-01
9.120000e+01 4.809579e+01 4.425142e-01
9.128000e+01 4.837041e+01 4.381636e-01
9.136000e+01 4.865102e+01 4.341385e-01
9.144000e+01 4.893374e+01 4.304339e-01
9.152000e+01 4.922131e+01 4.269827e-01
9.160000e+01 4.951482e+01 4.238064e-01
9.168000e+01 4.981783e+01 4.209030e-01
9.176000e+01 5.012624e+01 4.181811e-01
9.184000e+01 5.043555e+01 4.155995e-01
9.192000e+01 5.074698e+01 4.131063e-01
9.200000e+01 5.106255e+01 4.106602e-01
9.208000e+01 5.136410e+01 4.082701e-01
9.216000e+01 5.165627e+01 4.058790e-01
9.224000e+01 5.194557e+01 4.034873e-01
9.232000e+01 5.221957e+01 4.011494e-01
9.240000e+01 5.248044e+01 3.987905e-01
9.248000e+01 5.272286e+01 3.964038e-01
9.256000e+01 5.295531e+01 3.940792e-01
9.264000e+01 5.316332e+01 3.917385e-01
9.272000e+01 5.334570e+01 3.894642e-01
9.280000e+01 5.351055e+01 3.873279e-01
9.288000e+01 5.364962e+01 3.853501e-01
9.296000e+01 5.376748e+01 3.835249e-01
9.304000e+01 5.387429e+01 3.819373e-01
9.312000e+01 5.395754e+01 3.804898e-01
9.320000e+01 5.401965e+01 3.791849e-01
9.328000e+01 5.406531e+01 3.780299e-01
9.336000e+01 5.408515e+01 3.769723e-01
9.344000e+01 5.407928e+01 3.759573e-01
9.352000e+01 5.404895e+01 3.750047e-01
9.360000e+01 5.399805e+01 3.740884e-01
9.368000e+01 5.392205e+01 3.732358e-01
9.376000e+01 5.381203e+01 3.723639e-01
9.384000e+01 5.367853e+01 3.715494e-01
9.392000e+01 5.351081e+01 3.707273e-01
9.400000e+01 5.331649e+01 3.700208e-01
9.408000e+01 5.309774e+01 3.693956e-01
9.416000e+01 5.285662e+01 3.688319e-01
9.424000e+01 5.257918e+01 3.682494e-01
9.432000e+01 5.228104e+01 3.677924e-01
9.440000e+01 5.195008e+01 3.674056e-01
9.448000e+01 5.157067e+01 3.670861e-01
9.456000e+01 5.115420e+01 3.669067e-01
9.464000e+01 5.074121e+01 3.669283e-01
9.472000e+01 5.034378e+01 3.670828e-01
9.480000e+01 4.997201e+01 3.674683e-01
9.488000e+01 4.964000e+01 3.680625e-01
9.496000e+01 4.932931e+01 3.688190e-01
9.504000e+01 4.902700e+01 3.698081e-01
9.512000e+01 4.872594e+01 3.710810e-01
9.520000e+01 4.841834e+01 3.727010e-01
9.528000e+01 4.811420e+01 3.747521e-01
9.536000e+01 4.781005e+01 3.772642e-01
9.544000e+01 4.750532e+01 3.802422e-01
9.552000e+01 4.720011e+01 3.835201e-01
9.560000e+01 4.689786e+01 3.871337e-01
9.568000e+01 4.659836e+01 3.910099e-01
9.576000e+01 4.630422e+01 3.951089e-01
9.584000e+01 4.602816e+01 3.993848e-01
9.592000e+01 4.576224e+01 4.038028e-01
9.600000e+01 4.551955e+01 4.082594e-01
9.608000e+01 4.529349e+01 4.128850e-01
9.616000e+01 4.508054e+01 4.175033e-01
9.624000e+01 4.486862e+01 4.221367e-01
9.632000e+01 4.464408e+01 4.269530e-01
9.640000e+01 4.443382e+01 4.319191e-01
9.648000e+01 4.419971e+01 4.370752e-01
9.656000e+01 4.395859e+01 4.424889e-01
9.664000e+01 4.370142e+01 4.480633e-01
9.672000e+01 4.344489e+01 4.537421e-01
9.680000e+01 4.317697e+01 4.593307e-01
9.688000e+01 4.291266e+01 4.646732e-01
9.696000e+01 4.266143e+01 4.699452e-01
9.704000e+01 4.243013e+01 4.750935e-01
9.712000e+01 4.220801e+01 4.799902e-01
9.720000e+01 4.200489e+01 4.846546e-01
9.728000e+01 4.181975e+01 4.890026e-01
9.736000e+01 4.162558e+01 4.928950e-01
9.744000e+01 4.144745e+01 4.962821e-01
9.752000e+01 4.127581e+01 4.991219e-01
9.760000e+01 4.110669e+01 5.011795e-01
9.768000e+01 4.094529e+01 5.023691e-01
9.776000e+01 4.076992e+01 5.026150e-01
9.784000e+01 4.056931e+01 5.020477e-01
9.792000e+01 4.035127e+01 5.006565e-01
9.800000e+01 4.010184e+01 4.984727e-01
9.808000e+01 3.984840e+01 4.958474e-01
9.816000e+01 3.957062e+01 4.927711e-01
9.824000e+01 3.927483e+01 4.894280e-01
9.832000e+01 3.896176e+01 4.857865e-01
9.840000e+01 3.865151e+01 4.816560e-01
9.848000e+01 3.833312e+01 4.773145e-01
9.856000e+01 3.800573e+01 4.728300e-01
9.864000e+01 3.767203e+01 4.681884e-01
9.872000e+01 3.733302e+01 4.634642e-01
9.880000e+01 3.698308e+01 4.586423e-01
9.888000e+01 3.662993e+01 4.540182e-01
9.896000e+01 3.627364e+01 4.495236e-01
9.904000e+01 3.592674e+01 4.454065e-01
9.912000e+01 3.557195e+01 4.414612e-01
9.920000e+01 3.521551e+01 4.380902e-01
9.928000e+01 3.485236e+01 4.351564e-01
9.936000e+01 3.449299e+01 4.325900e-01
9.944000e+01 3.414282e+01 4.303295e-01
9.952000e+01 3.379809e+01 4.282011e-01
9.960000e+01 3.345221e+01 4.261708e-01
9.968000e+01 3.312681e+01 4.241802e-01
9.976000e+01 3.281127e+01 4.222271e-01
9.984000e+01 3.249138e+01 4.201523e-01
9.992000e+01 3.218401e+01 4.180288e-01
1.000000e+02 3.188420e+01 4.158111e-01
1.000800e+02 3.159315e+01 4.135367e-01
1.001600e+02 3.130433e+01 4.112921e-01
1.002400e+02 3.103567e+01 4.091487e-01
1.003200e+02 3.078836e+01 4.070638e-01
1.004000e+02 3.054842e+01 4.052414e-01
1.004800e+02 3.033277e+01 4.034966e-01
1.005600e+02 3.013154e+01 4.017909e-01
1.006400e+02 2.996363e+01 4.001856e-01
1.007200e+02 2.983141e+01 3.985619e-01
1.008000e+02 2.973075e+01 3.969148e-01
1.008800e+02 2.966539e+01 3.952318e-01
1.009600e+02 2.963812e+01 3.935059e-01
1.010400e+02 2.964987e+01 3.917110e-01
1.011200e+02 2.968468e+01 3.898513e-01
1.012000e+02 2.974241e+01 3.879000e-01
1.012800e+02 2.981586e+01 3.859093e-01
1.013600e+02 2.990518e+01 3.838910e-01
1.014400e+02 3.000988e+01 3.819284e-01
1.015200e+02 3.012972e+01 3.800344e-01
1.016000e+02 3.025601e+01 3.782172e-01
1.016800e+02 3.038476e+01 3.764665e-01
1.017600e+02 3.050428e+01 3.747880e-01
1.018400e+02 3.062429e+01 3.731179e-01
1.019200e+02 3.074730e+01 3.717061e-01
1.020000e+02 3.087356e+01 3.705073e-01
1.020800e+02 3.100061e+01 3.695339e-01
1.021600e+02 3.112801e+01 3.688221e-01
1.022400e+02 3.124564e+01 3.683218e-01
1.023200e+02 3.134956e+01 3.680367e-01
1.024000e+02 3.144620e+01 3.679508e-01
1.024800e+02 3.153647e+01 3.680212e-01
1.025600e+02 3.161364e+01 3.681482e-01
1.026400e+02 3.167287e+01 3.685074e-01
1.027200e+02 3.171680e+01 3.691475e-01
1.028000e+02 3.174874e+01 3.700622e-01
1.028800e+02 3.177047e+01 3.713056e-01
1.029600e+02 3.177623e+01 3.728226e-01
1.030400e+02 3.176547e+01 3.745601e-01
1.031200e+02 3.174514e+01 3.765451e-01
1.032000e+02 3.170476e+01 3.786283e-01
1.032800e+02 3.164343e+01 3.807963e-01
1.033600e+02 3.156508e+01 3.828679e-01
1.034400e+02 3.147507e+01 3.848762e-01
1.035200e+02 3.137220e+01 3.866918e-01
1.036000e+02 3.125677e+01 3.883854e-01
1.036800e+02 3.113132e+01 3.898978e-01
1.037600e+02 3.099276e+01 3.913312e-01
1.038400e+02 3.085360e+01 3.925153e-01
1.039200e+02 3.070696e+01 3.935262e-01
1.040000e+02 3.055903e+01 3.943395e-01
1.040800e+02 3.040788e+01 3.950078e-01
1.041600e+02 3.025778e+01 3.954488e-01
1.042400e+02 3.011142e+01 3.957249e-01
1.043200e+02 2.995808e+01 3.958072e-01
1.044000e+02 2.981389e+01 3.956861e-01
1.044800e+02 2.967528e+01 3.953789e-01
1.045600e+02 2.953929e+01 3.949095e-01
1.046400e+02 2.941024e+01 3.943184e-01
1.047200e+02 2.929049e+01 3.936230e-01
1.048000e+02 2.917677e+01 3.928138e-01
1.048800e+02 2.908032e+01 3.919125e-01
1.049600e+02 2.899053e+01 3.910178e-01
1.050400e+02 2.891873e+01 3.900581e-01
1.051200e+02 2.885638e+01 3.892046e-01
1.052000e+02 2.879997e+01 3.885040e-01
1.052800e+02 2.875124e+01 3.879805e-01
1.053600e+02 2.871725e+01 3.877072e-01
1.054400e+02 2.868944e+01 3.876754e-01
1.055200e+02 2.865876e+01 3.878829e-01
1.056000e+02 2.863163e+01 3.882754e-01
1.056800e+02 2.859834e+01 3.888572e-01
1.057600e+02 2.857429e+01 3.896676e-01
1.058400e+02 2.855694e+01 3.906580e-01
1.059200e+02 2.854366e+01 3.917824e-01
1.060000e+02 2.852991e+01 3.930129e-01
1.060800e+02 2.851309e+01 3.942841e-01
1.061600e+02 2.849317e+01 3.955066e-01
1.062400e+02 2.847223e+01 3.967827e-01
1.063200e+02 2.844842e+01 3.980540e-01
1.064000e+02 2.842255e+01 3.993291e-01
1.064800e+02 2.839309e+01 4.006708e-01
1.065600e+02 2.834836e+01 4.021043e-01
1.066400e+02 2.828973e+01 4.035249e-01
1.067200e+02 2.821877e+01 4.048961e-01
1.068000e+02 2.813666e+01 4.062643e-01
1.068800e+02 2.803334e+01 4.075547e-01
1.069600e+02 2.792037e+01 4.086804e-01
1.070400e+02 2.779004e+01 4.096717e-01
1.071200e+02 2.764442e+01 4.104295e-01
1.072000e+02 2.748235e+01 4.108984e-01
1.072800e+02 2.731630e+01 4.111056e-01
1.073600e+02 2.713383e+01 4.110538e-01
1.074400e+02 2.693994e+01 4.107701e-01
1.075200e+02 2.673086e+01 4.103492e-01
1.076000e+02 2.651457e+01 4.100042e-01
1.076800e+02 2.630266e+01 4.098575e-01
1.077600e+02 2.607627e+01 4.099686e-01
1.078400e+02 2.584796e+01 4.103411e-01
1.079200e+02 2.561278e+01 4.111279e-01
1.080000e+02 2.538327e+01 4.123045e-01
1.080800e+02 2.515362e+01 4.138206e-01
1.081600e+02 2.493282e+01 4.157361e-01
1.082400e+02 2.471622e+01 4.180318e-01
1.083200e+02 2.450528e+01 4.207129e-01
1.084000e+02 2.430116e+01 4.236781e-01
1.084800e+02 2.410271e+01 4.268869e-01
1.085600e+02 2.392619e+01 4.302381e-01
1.086400e+02 2.377091e+01 4.335696e-01
1.087200e+02 2.364186e+01 4.369287e-01
1.088000e+02 2.353868e+01 4.401920e-01
1.088800e+02 2.346993e+01 4.432634e-01
1.089600e+02 2.342663e+01 4.462626e-01
1.090400e+02 2.341526e+01 4.490224e-01
1.091200e+02 2.343244e+01 4.515223e-01
1.092000e+02 2.349064e+01 4.538082e-01
1.092800e+02 2.356434e+01 4.560244e-01
1.093600e+02 2.366170e+01 4.582257e-01
1.094400e+02 2.377068e+01 4.603320e-01
1.095200e+02 2.391138e+01 4.621062e-01
1.096000e+02 2.407530e+01 4.636897e-01
1.096800e+02 2.427302e+01 4.649542e-01
1.097600e+02 2.448757e+01 4.659620e-01
1.098400e+02 2.471318e+01 4.666154e-01
1.099200e+02 2.497615e+01 4.667531e-01
1.100000e+02 2.524466e+01 4.664244e-01
1.100800e+02 2.551851e+01 4.655966e-01
1.101600e+02 2.577536e+01 4.644595e-01
1.102400e+02 2.602137e+01 4.630810e-01
1.103200e+02 2.627511e+01 4.613481e-01
1.104000e+02 2.651277e+01 4.595515e-01
1.104800e+02 2.672333e+01 4.577677e-01
1.105600e+02 2.691552e+01 4.559979e-01
1.106400e+02 2.707668e+01 4.542308e-01
1.107200e+02 2.721111e+01 4.524612e-01
1.108000e+02 2.733718e+01 4.507993e-01
1.108800e+02 2.744662e+01 4.491478e-01
1.109600e+02 2.754993e+01 4.476005e-01
1.110400e+02 2.765421e+01 4.460142e-01
1.111200e+02 2.774957e+01 4.444554e-01
1.112000e+02 2.784382e+01 4.429317e-01
1.112800e+02 2.793420e+01 4.417046e-01
1.113600e+02 2.801198e+01 4.408414e-01
1.114400e+02 2.808788e+01 4.404633e-01
1.115200e+02 2.816780e+01 4.405212e-01
1.116000e+02 2.823226e+01 4.409237e-01
1.116800e+02 2.828445e+01 4.417110e-01
1.117600e+02 2.832511e+01 4.428497e-01
1.118400e+02 2.836139e+01 4.443619e-01
1.119200e+02 2.837135e+01 4.459977e-01
1.120000e+02 2.836597e+01 4.477901e-01
1.120800e+02 2.834972e+01 4.496269e-01
1.121600e+02 2.829856e+01 4.514730e-01
1.122400e+02 2.821448e+01 4.531672e-01
1.123200e+02 2.812157e+01 4.549536e-01
1.124000e+02 2.802487e+01 4.569625e-01
1.124800e+02 2.793663e+01 4.590638e-01
1.125600e+02 2.782560e+01 4.613049e-01
1.126400e+02 2.772933e+01 4.635503e-01
1.127200e+02 2.764678e+01 4.657191e-01
1.128000e+02 2.759777e+01 4.679621e-01
1.128800e+02 2.757503e+01 4.697816e-01
1.129600e+02 2.760750e+01 4.711332e-01
1.130400e+02 2.765506e+01 4.725993e-01
1.131200e+02 2.773571e+01 4.744723e-01
1.132000e+02 2.781334e+01 4.766464e-01
1.132800e+02 2.788879e+01 4.791359e-01
1.133600e+02 2.794965e+01 4.817383e-01
1.134400e+02 2.800931e+01 4.844013e-01
1.135200e+02 2.806722e+01 4.873720e-01
1.136000e+02 2.810972e+01 4.905430e-01
1.136800e+02 2.814803e+01 4.939408e-01
1.137600e+02 2.818157e+01 4.976087e-01
1.138400e+02 2.820306e+01 5.014034e-01
1.139200e+02 2.822087e+01 5.050620e-01
1.140000e+02 2.823773e+01 5.089648e-01
1.140800e+02 2.825270e+01 5.131170e-01
1.141600e+02 2.827055e+01 5.174479e-01
1.142400e+02 2.830174e+01 5.217155e-01
1.143200e+02 2.833196e+01 5.260847e-01
1.144000e+02 2.836421e+01 5.304114e-01
1.144800e+02 2.840161e+01 5.346103e-01
1.145600e+02 2.846233e+01 5.383460e-01
1.146400e+02 2.851430e+01 5.415970e-01
1.147200e+02 2.859250e+01 5.446653e-01
1.148000e+02 2.867439e+01 5.470802e-01
1.148800e+02 2.879672e+01 5.493637e-01
1.149600e+02 2.892803e+01 5.514874e-01
1.150400e+02 2.906584e+01 5.532677e-01
1.151200e+02 2.921551e+01 5.545326e-01
1.152000e+02 2.936839e+01 5.555845e-01
1.152800e+02 2.954531e+01 5.561670e-01
1.153600e+02 2.972222e+01 5.561891e-01
1.154400e+02 2.991106e+01 5.559929e-01
1.155200e+02 3.009783e+01 5.554849e-01
1.156000e+02 3.027405e+01 5.551450e-01
1.156800e+02 3.044709e+01 5.547162e-01
1.157600e+02 3.057911e+01 5.543817e-01
1.158400e+02 3.065701e+01 5.542888e-01
1.159200e+02 3.069907e+01 5.544067e-01
1.160000e+02 3.060626e+01 5.534952e-01
1.160800e+02 3.050279e+01 5.535481e-01
1.161600e+02 3.037211e+01 5.539109e-01
1.162400e+02 3.023015e+01 5.547336e-01
1.163200e+02 3.003764e+01 5.560824e-01
1.164000e+02 2.986123e+01 5.578440e-01
1.164800e+02 2.972124e+01 5.603132e-01
1.165600e+02 2.964260e+01 5.642982e-01
1.166400e+02 2.961522e+01 5.685630e-01
1.167200e+02 2.964551e+01 5.723582e-01
1.168000e+02 2.975159e+01 5.775370e-01
1.168800e+02 2.991149e+01 5.826653e-01
1.169600e+02 3.011656e+01 5.888032e-01
1.170400e+02 3.036221e+01 5.956879e-01
1.171200e+02 3.059821e+01 6.031428e-01
1.172000e+02 3.088226e+01 6.110777e-01
1.172800e+02 3.123448e+01 6.195289e-01
1.173600e+02 3.165739e+01 6.285830e-01
1.174400e+02 3.209453e+01 6.384759e-01
1.175200e+02 3.253925e+01 6.484753e-01
1.176000e+02 3.303806e+01 6.588102e-01
1.176800e+02 3.357361e+01 6.691935e-01
1.177600e+02 3.408547e+01 6.794510e-01
1.178400e+02 3.459213e+01 6.892836e-01
1.179200e+02 3.510450e+01 6.984685e-01
1.180000e+02 3.564746e+01 7.072410e-01
1.180800e+02 3.616672e+01 7.162279e-01
1.181600e+02 3.666037e+01 7.251324e-01
1.182400e+02 3.714091e+01 7.339002e-01
1.183200e+02 3.761815e+01 7.422220e-01
1.184000e+02 3.811431e+01 7.522220e-01
1.184800e+02 3.855865e+01 7.623890e-01
1.185600e+02 3.899585e+01 7.712241e-01
1.186400e+02 3.938651e+01 7.790511e-01
1.187200e+02 3.971321e+01 7.863831e-01
1.188000e+02 4.000763e+01 7.935469e-01
1.188800e+02 4.027636e+01 8.000075e-01
1.189600e+02 4.050487e+01 8.053480e-01
1.190400e+02 4.069697e+01 8.092479e-01
1.191200e+02 4.087855e+01 8.118213e-01
1.192000e+02 4.107214e+01 8.134694e-01
1.192800e+02 4.126654e+01 8.152018e-01
1.193600e+02 4.146910e+01 8.172512e-01
1.194400e+02 4.166142e+01 8.190443e-01
1.195200e+02 4.184999e+01 8.203578e-01
1.196000e+02 4.205297e+01 8.211383e-01
1.196800e+02 4.226196e+01 8.213640e-01
1.197600e+02 4.248511e+01 8.213292e-01
1.198400e+02 4.271135e+01 8.206759e-01
1.199200e+02 4.292300e+01 8.197947e-01
1.200000e+02 4.311676e+01 8.184597e-01
1.200800e+02 4.329127e+01 8.165752e-01
1.201600e+02 4.342539e+01 8.145330e-01
1.202400e+02 4.352619e+01 8.116493e-01
1.203200e+02 4.360398e+01 8.081954e-01
1.204000e+02 4.364495e+01 8.045888e-01
1.204800e+02 4.366914e+01 8.011615e-01
1.205600e+02 4.365678e+01 7.978714e-01
1.206400e+02 4.362406e+01 7.950494e-01
1.207200e+02 4.355786e+01 7.921358e-01
1.208000e+02 4.346301e+01 7.893024e-01
1.208800e+02 4.335159e+01 7.866454e-01
1.209600e+02 4.321992e+01 7.841184e-01
1.210400e+02 4.308639e+01 7.816347e-01
1.211200e+02 4.294712e+01 7.792854e-01
1.212000e+02 4.281141e+01 7.769742e-01
1.212800e+02 4.267472e+01 7.746502e-01
1.213600e+02 4.252978e+01 7.723661e-01
1.214400e+02 4.238931e+01 7.700572e-01
1.215200e+02 4.225579e+01 7.677520e-01
1.216000e+02 4.213604e+01 7.652952e-01
1.216800e+02 4.203000e+01 7.624959e-01
1.217600e+02 4.195669e+01 7.595362e-01
1.218400e+02 4.191951e+01 7.563310e-01
1.219200e+02 4.190559e+01 7.523759e-01
1.220000e+02 4.190899e+01 7.477248e-01
1.220800e+02 4.192297e+01 7.426477e-01
1.221600e+02 4.194738e+01 7.371886e-01
1.222400e+02 4.195705e+01 7.312667e-01
1.223200e+02 4.196143e+01 7.249169e-01
1.224000e+02 4.197078e+01 7.179690e-01
1.224800e+02 4.198574e+01 7.108897e-01
1.225600e+02 4.198241e+01 7.034051e-01
1.226400e+02 4.196846e+01 6.957165e-01
1.227200e+02 4.194819e+01 6.875184e-01
1.228000e+02 4.191375e+01 6.789783e-01
1.228800e+02 4.186097e+01 6.702675e-01
1.229600e+02 4.179096e+01 6.613935e-01
1.230400e+02 4.169871e+01 6.523688e-01
1.231200e+02 4.157970e+01 6.432303e-01
1.232000e+02 4.141826e+01 6.340821e-01
1.232800e+02 4.124174e+01 6.250009e-01
1.233600e+02 4.104500e+01 6.160487e-01
1.234400e+02 4.084187e+01 6.072320e-01
1.235200e+02 4.063240e+01 5.986654e-01
1.236000e+02 4.043484e+01 5.903826e-01
1.236800e+02 4.024985e+01 5.824247e-01
1.237600e+02 4.008561e+01 5.748178e-01
1.238400e+02 3.993667e+01 5.673987e-01
1.239200e+02 3.980564e+01 5.602610e-01
1.240000e+02 3.970766e+01 5.534805e-01
1.240800e+02 3.963126e+01 5.469259e-01
1.241600e+02 3.957585e+01 5.405944e-01
1.242400e+02 3.954519e+01 5.344572e-01
1.243200e+02 3.953478e+01 5.284613e-01
1.244000e+02 3.955888e+01 5.226584e-01
1.244800e+02 3.960177e+01 5.169870e-01
1.245600e+02 3.966685e+01 5.113696e-01
1.246400e+02 3.974801e+01 5.059378e-01
1.247200e+02 3.984616e+01 5.005558e-01
1.248000e+02 3.996128e+01 4.952050e-01
1.248800e+02 4.008548e+01 4.898509e-01
1.249600e+02 4.021999e+01 4.844555e-01
1.250400e+02 4.036189e+01 4.790104e-01
1.251200e+02 4.050869e+01 4.734797e-01
1.252000e+02 4.065902e+01 4.678349e-01
1.252800e+02 4.081024e+01 4.621245e-01
1.253600e+02 4.095909e+01 4.563507e-01
1.254400e+02 4.110898e+01 4.505455e-01
1.255200e+02 4.125346e+01 4.447104e-01
1.256000e+02 4.138662e+01 4.388523e-01
1.256800e+02 4.151661e+01 4.330032e-01
1.257600e+02 4.162891e+01 4.271504e-01
1.258400e+02 4.172672e+01 4.213317e-01
1.259200e+02 4.181256e+01 4.155581e-01
1.260000e+02 4.187265e+01 4.098464e-01
1.260800e+02 4.190689e+01 4.042589e-01
1.261600e+02 4.191706e+01 3.988519e-01
1.262400e+02 4.190239e+01 3.936001e-01
1.263200e+02 4.186968e+01 3.884813e-01
1.264000e+02 4.181969e+01 3.834342e-01
1.264800e+02 4.174757e+01 3.785016e-01
1.265600e+02 4.165210e+01 3.737211e-01
1.266400e+02 4.153278e+01 3.691239e-01
1.267200e+02 4.138807e+01 3.647406e-01
1.268000e+02 4.122615e+01 3.605414e-01
1.268800e+02 4.104514e+01 3.565739e-01
1.269600e+02 4.084674e+01 3.528346e-01
1.270400e+02 4.063173e+01 3.493398e-01
1.271200e+02 4.040750e+01 3.460802e-01
1.272000e+02 4.016933e+01 3.430697e-01
1.272800e+02 3.991383e+01 3.402942e-01
1.273600e+02 3.964812e+01 3.377507e-01
1.274400e+02 3.937256e+01 3.354198e-01
1.275200e+02 3.908606e+01 3.332960e-01
1.276000e+02 3.878758e+01 3.313760e-01
1.276800e+02 3.848654e+01 3.296654e-01
1.277600e+02 3.817228e+01 3.281181e-01
1.278400e+02 3.784251e+01 3.267418e-01
1.279200e+02 3.750315e+01 3.255751e-01
1.280000e+02 3.715381e+01 3.246343e-01
1.280800e+02 3.679077e+01 3.239468e-01
1.281600e+02 3.642056e+01 3.235303e-01
1.282400e+02 3.603826e+01 3.234063e-01
1.283200e+02 3.565471e+01 3.236224e-01
1.284000e+02 3.525521e+01 3.241242e-01
1.284800e+02 3.485113e+01 3.249754e-01
1.285600e+02 3.444325e+01 3.261040e-01
1.286400e+02 3.402331e+01 3.276099e-01
1.287200e+02 3.361152e+01 3.295228e-01
1.288000e+02 3.319350e+01 3.318737e-01
1.288800e+02 3.277340e+01 3.346675e-01
1.289600e+02 3.234329e+01 3.379395e-01
1.290400e+02 3.190599e+01 3.417664e-01
1.291200e+02 3.145259e+01 3.461766e-01
1.292000e+02 3.099118e+01 3.512312e-01
1.292800e+02 3.050401e+01 3.568030e-01
1.293600e+02 3.001796e+01 3.630542e-01
1.294400e+02 2.951636e+01 3.700193e-01
1.295200e+02 2.900511e+01 3.778214e-01
1.296000e+02 2.848665e+01 3.862851e-01
1.296800e+02 2.795365e+01 3.951321e-01
1.297600e+02 2.739894e+01 4.045033e-01
1.298400e+02 2.683935e+01 4.140259e-01
1.299200e+02 2.623642e+01 4.237732e-01
1.300000e+02 2.562709e+01 4.337525e-01
1.300800e+02 2.500659e+01 4.434789e-01
1.301600e+02 2.434573e+01 4.526691e-01
1.302400e+02 2.368003e+01 4.616810e-01
1.303200e+02 2.300816e+01 4.706048e-01
1.304000e+02 2.232287e+01 4.793827e-01
1.304800e+02 2.163876e+01 4.880745e-01
1.305600e+02 2.095974e+01 4.964132e-01
1.306400e+02 2.027837e+01 5.043869e-01
1.307200e+02 1.955842e+01 5.117892e-01
1.308000e+02 1.886050e+01 5.188848e-01
1.308800e+02 1.818217e+01 5.256964e-01
1.309600e+02 1.750270e+01 5.318883e-01
1.310400e+02 1.682307e+01 5.377417e-01
1.311200e+02 1.615795e+01 5.433388e-01
1.312000e+02 1.551060e+01 5.484980e-01
1.312800e+02 1.486120e+01 5.532950e-01
1.313600e+02 1.423437e+01 5.578988e-01
1.314400e+02 1.361210e+01 5.623993e-01
1.315200e+02 1.297734e+01 5.668688e-01
1.316000e+02 1.235031e+01 5.714562e-01
1.316800e+02 1.171972e+01 5.760745e-01
1.317600e+02 1.109144e+01 5.800494e-01
1.318400e+02 1.046350e+01 5.832995e-01
1.319200e+02 9.818034e+00 5.856122e-01
1.320000e+02 9.147604e+00 5.875993e-01
1.320800e+02 8.466265e+00 5.891390e-01
1.321600e+02 7.778249e+00 5.904989e-01
1.322400e+02 7.084631e+00 5.917931e-01
1.323200e+02 6.397598e+00 5.927975e-01
1.324000e+02 5.719488e+00 5.934581e-01
1.324800e+02 5.061472e+00 5.935943e-01
1.325600e+02 4.394172e+00 5.930437e-01
1.326400e+02 3.739357e+00 5.915802e-01
1.327200e+02 3.104420e+00 5.891293e-01
1.328000e+02 2.471893e+00 5.858330e-01
1.328800e+02 1.843649e+00 5.816546e-01
1.329600e+02 1.196776e+00 5.766886e-01
1.330400e+02 5.106425e-01 5.712641e-01
1.331200e+02 -2.044955e-01 5.653367e-01
1.332000e+02 -9.448536e-01 5.592241e-01
1.332800e+02 -1.712144e+00 5.534012e-01
1.333600e+02 -2.517952e+00 5.477381e-01
1.334400e+02 -3.346761e+00 5.424909e-01
1.335200e+02 -4.204826e+00 5.378936e-01
1.336000e+02 -5.070097e+00 5.339933e-01
1.336800e+02 -5.946432e+00 5.308781e-01
1.337600e+02 -6.827171e+00 5.288087e-01
1.338400e+02 -7.713376e+00 5.279279e-01
1.339200e+02 -8.601082e+00 5.281613e-01
1.340000e+02 -9.479092e+00 5.295635e-01
1.340800e+02 -1.036166e+01 5.320568e-01
1.341600e+02 -1.124610e+01 5.359782e-01
1.342400e+02 -1.212133e+01 5.411075e-01
1.343200e+02 -1.299092e+01 5.466466e-01
1.344000e+02 -1.387404e+01 5.525661e-01
1.344800e+02 -1.474151e+01 5.585130e-01
1.345600e+02 -1.560129e+01 5.643501e-01
1.346400e+02 -1.644067e+01 5.699552e-01
1.347200e+02 -1.725086e+01 5.752549e-01
1.348000e+02 -1.806258e+01 5.805103e-01
1.348800e+02 -1.887863e+01 5.853076e-01
1.349600e+02 -1.966901e+01 5.892950e-01
1.350400e+02 -2.046083e+01 5.927829e-01
1.351200e+02 -2.122796e+01 5.954691e-01
1.352000e+02 -2.198583e+01 5.975404e-01
1.352800e+02 -2.274341e+01 5.995234e-01
1.353600e+02 -2.347763e+01 6.013495e-01
1.354400e+02 -2.418310e+01 6.037594e-01
1.355200e+02 -2.485817e+01 6.062459e-01
1.356000e+02 -2.549278e+01 6.091071e-01
1.356800e+02 -2.608838e+01 6.125168e-01
1.357600e+02 -2.666369e+01 6.163077e-01
1.358400e+02 -2.714945e+01 6.201737e-01
1.359200e+02 -2.759760e+01 6.242830e-01
1.360000e+02 -2.797291e+01 6.283958e-01
1.360800e+02 -2.829870e+01 6.326087e-01
1.361600e+02 -2.855851e+01 6.364179e-01
1.362400e+02 -2.876888e+01 6.398905e-01
1.363200e+02 -2.895384e+01 6.426480e-01
1.364000e+02 -2.911485e+01 6.447020e-01
1.364800e+02 -2.925398e+01 6.458302e-01
1.365600e+02 -2.939221e+01 6.463665e-01
1.366400e+02 -2.953685e+01 6.461278e-01
1.367200e+02 -2.967472e+01 6.452583e-01
1.368000e+02 -2.979894e+01 6.438337e-01
1.368800e+02 -2.993400e+01 6.420711e-01
1.369600e+02 -3.005547e+01 6.403361e-01
1.370400e+02 -3.017675e+01 6.387709e-01
1.371200e+02 -3.029179e+01 6.374270e-01
1.372000e+02 -3.039924e+01 6.369479e-01
1.372800e+02 -3.050185e+01 6.370090e-01
1.373600e+02 -3.058501e+01 6.376920e-01
1.374400e+02 -3.068335e+01 6.385480e-01
1.375200e+02 -3.079645e+01 6.393623e-01
1.376000e+02 -3.090920e+01 6.403202e-01
1.376800e+02 -3.099883e+01 6.416941e-01
1.377600e+02 -3.107723e+01 6.432316e-01
1.378400e+02 -3.117025e+01 6.452756e-01
1.379200e+02 -3.121912e+01 6.482765e-01
1.380000e+02 -3.129928e+01 6.514027e-01
1.380800e+02 -3.137415e+01 6.545924e-01
1.381600e+02 -3.148572e+01 6.575325e-01
1.382400e+02 -3.158810e+01 6.603221e-01
1.383200e+02 -3.166386e+01 6.625391e-01
1.384000e+02 -3.172947e+01 6.645385e-01
1.384800e+02 -3.176190e+01 6.662477e-01
1.385600e+02 -3.179059e+01 6.675886e-01
1.386400e+02 -3.183624e+01 6.685628e-01
1.387200e+02 -3.188903e+01 6.688091e-01
1.388000e+02 -3.198759e+01 6.686432e-01
1.388800e+02 -3.207798e+01 6.675209e-01
1.389600e+02 -3.220787e+01 6.657811e-01
1.390400e+02 -3.235144e+01 6.638789e-01
1.391200e+02 -3.251092e+01 6.621949e-01
1.392000e+02 -3.269394e+01 6.608624e-01
1.392800e+02 -3.288024e+01 6.596106e-01
1.393600e+02 -3.306459e+01 6.585114e-01
1.394400e+02 -3.323831e+01 6.575548e-01
1.395200e+02 -3.343182e+01 6.569549e-01
1.396000e+02 -3.363348e+01 6.566367e-01
1.396800e+02 -3.381653e+01 6.563591e-01
1.397600e+02 -3.399147e+01 6.559236e-01
1.398400e+02 -3.412163e+01 6.552813e-01
1.399200e+02 -3.419758e+01 6.545474e-01
1.400000e+02 -3.422296e+01 6.539636e-01
1.400800e+02 -3.421258e+01 6.533541e-01
1.401600e+02 -3.418693e+01 6.530340e-01
1.402400e+02 -3.415090e+01 6.531871e-01
1.403200e+02 -3.410905e+01 6.535649e-01
1.404000e+02 -3.407629e+01 6.542279e-01
1.404800e+02 -3.405023e+01 6.552292e-01
1.405600e+02 -3.400468e+01 6.563047e-01
1.406400e+02 -3.397124e+01 6.579196e-01
1.407200e+02 -3.394499e+01 6.598114e-01
1.408000e+02 -3.393135e+01 6.618805e-01
1.408800e+02 -3.393902e+01 6.644369e-01
1.409600e+02 -3.395858e+01 6.673902e-01
1.410400e+02 -3.400038e+01 6.707278e-01
1.411200e+02 -3.404623e+01 6.743649e-01
1.412000e+02 -3.410567e+01 6.780663e-01
1.412800e+02 -3.417680e+01 6.817652e-01
1.413600e+02 -3.425349e+01 6.854279e-01
1.414400e+02 -3.433653e+01 6.886752e-01
1.415200e+02 -3.443756e+01 6.913725e-01
1.416000e+02 -3.453879e+01 6.937048e-01
1.416800e+02 -3.464834e+01 6.956238e-01
1.417600e+02 -3.475825e+01 6.972712e-01
1.418400e+02 -3.486997e+01 6.989304e-01
1.419200e+02 -3.498520e+01 7.002284e-01
1.420000e+02 -3.512134e+01 7.012396e-01
1.420800e+02 -3.528382e+01 7.020765e-01
1.421600e+02 -3.545803e+01 7.029770e-01
1.422400e+02 -3.562020e+01 7.034194e-01
1.423200e+02 -3.578505e+01 7.031369e-01
1.424000e+02 -3.595132e+01 7.025925e-01
1.424800e+02 -3.608721e+01 7.020283e-01
1.425600e+02 -3.620540e+01 7.013210e-01
1.426400e+02 -3.632747e+01 7.003198e-01
1.427200e+02 -3.643371e+01 6.991763e-01
1.428000e+02 -3.655163e+01 6.978283e-01
1.428800e+02 -3.665360e+01 6.959839e-01
1.429600e+02 -3.673384e+01 6.934679e-01
1.430400e+02 -3.680560e+01 6.904705e-01
1.431200e+02 -3.685575e+01 6.870930e-01
1.432000e+02 -3.688638e+01 6.835891e-01
1.432800e+02 -3.690670e+01 6.799674e-01
1.433600e+02 -3.689774e+01 6.761978e-01
1.434400e+02 -3.685678e+01 6.727685e-01
1.435200e+02 -3.681204e+01 6.694439e-01
1.436000e+02 -3.675002e+01 6.662300e-01
1.436800e+02 -3.667623e+01 6.632371e-01
1.437600e+02 -3.659603e+01 6.606385e-01
1.438400e+02 -3.653239e+01 6.584700e-01
1.439200e+02 -3.647592e+01 6.568392e-01
1.440000e+02 -3.641961e+01 6.558177e-01
1.440800e+02 -3.636429e+01 6.554011e-01
1.441600e+02 -3.631582e+01 6.554091e-01
1.442400e+02 -3.627645e+01 6.559809e-01
1.443200e+02 -3.622909e+01 6.568979e-01
1.444000e+02 -3.617195e+01 6.580613e-01
1.444800e+02 -3.609302e+01 6.592717e-01
1.445600e+02 -3.599428e+01 6.605048e-01
1.446400e+02 -3.587462e+01 6.616630e-01
1.447200e+02 -3.573463e+01 6.626989e-01
1.448000e+02 -3.557101e+01 6.635082e-01
1.448800e+02 -3.539097e+01 6.640901e-01
1.449600e+02 -3.519088e+01 6.644199e-01
1.450400e+02 -3.498986e+01 6.644106e-01
1.451200e+02 -3.477401e+01 6.641388e-01
1.452000e+02 -3.453950e+01 6.636246e-01
1.452800e+02 -3.429086e+01 6.629897e-01
1.453600e+02 -3.403722e+01 6.621955e-01
1.454400e+02 -3.378065e+01 6.613165e-01
1.455200e+02 -3.351232e+01 6.604912e-01
1.456000e+02 -3.324136e+01 6.596828e-01
1.456800e+02 -3.297948e+01 6.588434e-01
1.457600e+02 -3.270939e+01 6.580631e-01
1.458400e+02 -3.244851e+01 6.572642e-01
1.459200e+02 -3.220443e+01 6.563568e-01
1.460000e+02 -3.196119e+01 6.553468e-01
1.460800e+02 -3.171662e+01 6.542960e-01
1.461600e+02 -3.146302e+01 6.531952e-01
1.462400e+02 -3.121829e+01 6.519434e-01
1.463200e+02 -3.097932e+01 6.505743e-01
1.464000e+02 -3.073776e+01 6.490466e-01
1.464800e+02 -3.050640e+01 6.471579e-01
1.465600e+02 -3.026679e+01 6.449252e-01
1.466400e+02 -3.003056e+01 6.425017e-01
1.467200e+02 -2.979237e+01 6.400221e-01
1.468000e+02 -2.956489e+01 6.372298e-01
1.468800e+02 -2.933915e+01 6.343257e-01
1.469600e+02 -2.914830e+01 6.313399e-01
1.470400e+02 -2.898269e+01 6.283183e-01
1.471200e+02 -2.885950e+01 6.251905e-01
1.472000e+02 -2.875444e+01 6.221788e-01
1.472800e+02 -2.867393e+01 6.194287e-01
1.473600e+02 -2.861574e+01 6.168469e-01
1.474400e+02 -2.857332e+01 6.143344e-01
1.475200e+02 -2.853990e+01 6.118912e-01
1.476000e+02 -2.850588e+01 6.095058e-01
1.476800e+02 -2.846009e+01 6.073970e-01
1.477600e+02 -2.840174e+01 6.055245e-01
1.478400e+02 -2.830035e+01 6.040362e-01
1.479200e+02 -2.816112e+01 6.028258e-01
1.480000e+02 -2.796192e+01 6.018704e-01
1.480800e+02 -2.769733e+01 6.009440e-01
1.481600e+02 -2.736863e+01 5.999856e-01
1.482400e+02 -2.698376e+01 5.990491e-01
1.483200e+02 -2.654707e+01 5.981385e-01
1.484000e+02 -2.603972e+01 5.974014e-01
1.484800e+02 -2.550513e+01 5.968557e-01
1.485600e+02 -2.496776e+01 5.968064e-01
1.486400e+02 -2.441084e+01 5.971011e-01
1.487200e+02 -2.383041e+01 5.976322e-01
1.488000e+02 -2.323033e+01 5.981311e-01
1.488800e+02 -2.261823e+01 5.987413e-01
1.489600e+02 -2.198578e+01 5.996383e-01
1.490400e+02 -2.135015e+01 6.010624e-01
1.491200e+02 -2.070774e+01 6.026800e-01
1.492000e+02 -2.009694e+01 6.042468e-01
1.492800e+02 -1.947822e+01 6.055419e-01
1.493600e+02 -1.889751e+01 6.061303e-01
1.494400e+02 -1.834111e+01 6.063020e-01
1.495200e+02 -1.782970e+01 6.057302e-01
1.496000e+02 -1.734289e+01 6.046780e-01
1.496800e+02 -1.689978e+01 6.032844e-01
1.497600e+02 -1.647275e+01 6.015269e-01
1.498400e+02 -1.608645e+01 5.998741e-01
1.499200e+02 -1.573050e+01 5.986589e-01
1.500000e+02 -1.536970e+01 5.975064e-01
1.500800e+02 -1.502092e+01 5.961911e-01
1.501600e+02 -1.470774e+01 5.947643e-01
1.502400e+02 -1.439358e+01 5.934354e-01
1.503200e+02 -1.412081e+01 5.922647e-01
1.504000e+02 -1.389942e+01 5.911472e-01
1.504800e+02 -1.372044e+01 5.895074e-01
1.505600e+02 -1.359758e+01 5.872528e-01
1.506400e+02 -1.349816e+01 5.843977e-01
1.507200e+02 -1.341637e+01 5.807557e-01
1.508000e+02 -1.335384e+01 5.768265e-01
1.508800e+02 -1.329038e+01 5.725905e-01
1.509600e+02 -1.322702e+01 5.680411e-01
1.510400e+02 -1.316255e+01 5.632920e-01
1.511200e+02 -1.308729e+01 5.582854e-01
1.512000e+02 -1.300978e+01 5.529077e-01
1.512800e+02 -1.292469e+01 5.472759e-01
1.513600e+02 -1.280380e+01 5.413936e-01
1.514400e+02 -1.267708e+01 5.354549e-01
1.515200e+02 -1.253583e+01 5.295604e-01
1.516000e+02 -1.238763e+01 5.240261e-01
1.516800e+02 -1.222408e+01 5.190200e-01
1.517600e+02 -1.206397e+01 5.148160e-01
1.518400e+02 -1.188416e+01 5.111060e-01
1.519200e+02 -1.169960e+01 5.081061e-01
1.520000e+02 -1.149793e+01 5.056153e-01
1.520800e+02 -1.129564e+01 5.035868e-01
1.521600e+02 -1.107883e+01 5.021687e-01
1.522400e+02 -1.085216e+01 5.011407e-01
1.523200e+02 -1.061237e+01 5.004133e-01
1.524000e+02 -1.036020e+01 4.998510e-01
1.524800e+02 -1.009880e+01 4.995408e-01
1.525600e+02 -9.821742e+00 4.992754e-01
1.526400e+02 -9.537022e+00 4.990398e-01
1.527200e+02 -9.252125e+00 4.988151e-01
1.528000e+02 -8.971211e+00 4.983290e-01
1.528800e+02 -8.681852e+00 4.978534e-01
1.529600e+02 -8.388178e+00 4.972877e-01
1.530400e+02 -8.093112e+00 4.965113e-01
1.531200e+02 -7.791484e+00 4.955406e-01
1.532000e+02 -7.489166e+00 4.943948e-01
1.532800e+02 -7.188677e+00 4.930509e-01
1.533600e+02 -6.890840e+00 4.914868e-01
1.534400e+02 -6.593720e+00 4.896360e-01
1.535200e+02 -6.294295e+00 4.876680e-01
1.536000e+02 -5.999782e+00 4.857112e-01
1.536800e+02 -5.715914e+00 4.837108e-01
1.537600e+02 -5.413873e+00 4.815818e-01
1.538400e+02 -5.114543e+00 4.794789e-01
1.539200e+02 -4.811838e+00 4.773911e-01
1.540000e+02 -4.516542e+00 4.752493e-01
1.540800e+02 -4.236149e+00 4.731056e-01
1.541600e+02 -3.973218e+00 4.707374e-01
1.542400e+02 -3.734178e+00 4.681358e-01
1.543200e+02 -3.514633e+00 4.652727e-01
1.544000e+02 -3.324693e+00 4.620769e-01
1.544800e+02 -3.146127e+00 4.583908e-01
1.545600e+02 -2.990120e+00 4.544914e-01
1.546400e+02 -2.874752e+00 4.503631e-01
1.547200e+02 -2.799951e+00 4.461374e-01
1.548000e+02 -2.746271e+00 4.416719e-01
1.548800e+02 -2.732162e+00 4.369910e-01
1.549600e+02 -2.739614e+00 4.321069e-01
1.550400e+02 -2.781108e+00 4.271320e-01
1.551200e+02 -2.844283e+00 4.220918e-01
1.552000e+02 -2.923890e+00 4.170460e-01
1.552800e+02 -3.035359e+00 4.120995e-01
1.553600e+02 -3.174508e+00 4.073486e-01
1.554400e+02 -3.325429e+00 4.027629e-01
1.555200e+02 -3.502696e+00 3.984375e-01
1.556000e+02 -3.701109e+00 3.943906e-01
1.556800e+02 -3.918656e+00 3.907027e-01
1.557600e+02 -4.159988e+00 3.873567e-01
1.558400e+02 -4.408781e+00 3.844104e-01
1.559200e+02 -4.670812e+00 3.818897e-01
1.560000e+02 -4.943749e+00 3.798108e-01
1.560800e+02 -5.214862e+00 3.782539e-01
1.561600e+02 -5.487993e+00 3.772472e-01
1.562400e+02 -5.759906e+00 3.767258e-01
1.563200e+02 -6.035152e+00 3.766622e-01
1.564000e+02 -6.307133e+00 3.770373e-01
1.564800e+02 -6.582211e+00 3.777940e-01
1.565600e+02 -6.854890e+00 3.789036e-01
1.566400e+02 -7.127784e+00 3.802733e-01
1.567200e+02 -7.395467e+00 3.818310e-01
1.568000e+02 -7.665396e+00 3.836313e-01
1.568800e+02 -7.932147e+00 3.856421e-01
1.569600e+02 -8.200794e+00 3.878693e-01
1.570400e+02 -8.478812e+00 3.902496e-01
1.571200e+02 -8.764395e+00 3.927814e-01
1.572000e+02 -9.051930e+00 3.953708e-01
1.572800e+02 -9.349977e+00 3.980811e-01
1.573600e+02 -9.652531e+00 4.007941e-01
1.574400e+02 -9.968609e+00 4.034379e-01
1.575200e+02 -1.030290e+01 4.060853e-01
1.576000e+02 -1.065017e+01 4.088313e-01
1.576800e+02 -1.101175e+01 4.114773e-01
1.577600e+02 -1.137177e+01 4.140147e-01
1.578400e+02 -1.175659e+01 4.164736e-01
1.579200e+02 -1.215103e+01 4.189176e-01
1.580000e+02 -1.255696e+01 4.213789e-01
1.580800e+02 -1.297563e+01 4.238524e-01
1.581600e+02 -1.340961e+01 4.263882e-01
1.582400e+02 -1.385076e+01 4.290032e-01
1.583200e+02 -1.431097e+01 4.317674e-01
1.584000e+02 -1.475938e+01 4.347051e-01
1.584800e+02 -1.524444e+01 4.379228e-01
1.585600e+02 -1.573801e+01 4.415327e-01
1.586400e+02 -1.625170e+01 4.456451e-01
1.587200e+02 -1.677262e+01 4.503215e-01
1.588000e+02 -1.730955e+01 4.554493e-01
1.588800e+02 -1.786783e+01 4.608719e-01
1.589600e+02 -1.843543e+01 4.669944e-01
1.590400e+02 -1.901197e+01 4.737618e-01
1.591200e+02 -1.961257e+01 4.808472e-01
1.592000e+02 -2.020949e+01 4.883116e-01
1.592800e+02 -2.078927e+01 4.960985e-01
1.593600e+02 -2.135865e+01 5.042629e-01
1.594400e+02 -2.188986e+01 5.124760e-01
1.595200e+02 -2.238109e+01 5.205792e-01
1.596000e+02 -2.284400e+01 5.287776e-01
1.596800e+02 -2.327579e+01 5.373365e-01
1.597600e+02 -2.365278e+01 5.456691e-01
1.598400e+02 -2.402079e+01 5.545433e-01
1.599200e+02 -2.432142e+01 5.629938e-01
1.600000e+02 -2.458423e+01 5.717805e-01
1.600800e+02 -2.484806e+01 5.806113e-01
1.601600e+02 -2.506941e+01 5.892954e-01
1.602400e+02 -2.528513e+01 5.977748e-01
1.603200e+02 -2.540799e+01 6.044995e-01
1.604000e+02 -2.553180e+01 6.111807e-01
1.604800e+02 -2.562267e+01 6.171406e-01
1.605600e+02 -2.570251e+01 6.225070e-01
1.606400e+02 -2.573940e+01 6.272385e-01
1.607200e+02 -2.578229e+01 6.313118e-01
1.608000e+02 -2.580231e+01 6.344142e-01
1.608800e+02 -2.579830e+01 6.360281e-01
1.609600e+02 -2.580890e+01 6.364961e-01
1.610400e+02 -2.583959e+01 6.362799e-01
1.611200e+02 -2.587612e+01 6.353383e-01
1.612000e+02 -2.592845e+01 6.338210e-01
1.612800e+02 -2.598216e+01 6.319336e-01
1.613600e+02 -2.603427e+01 6.297116e-01
1.614400e+02 -2.608908e+01 6.272768e-01
1.615200e+02 -2.616027e+01 6.247239e-01
1.616000e+02 -2.623739e+01 6.223676e-01
1.616800e+02 -2.633496e+01 6.202874e-01
1.617600e+02 -2.645517e+01 6.182467e-01
1.618400e+02 -2.658183e+01 6.162791e-01
1.619200e+02 -2.671411e+01 6.142608e-01
1.620000e+02 -2.685824e+01 6.122149e-01
1.620800e+02 -2.698954e+01 6.101138e-01
1.621600e+02 -2.711186e+01 6.080020e-01
1.622400e+02 -2.721689e+01 6.057820e-01
1.623200e+02 -2.729992e+01 6.034827e-01
1.624000e+02 -2.736126e+01 6.008773e-01
1.624800e+02 -2.740590e+01 5.982170e-01
1.625600e+02 -2.742837e+01 5.954985e-01
1.626400e+02 -2.744313e+01 5.928839e-01
1.627200e+02 -2.743276e+01 5.903230e-01
1.628000e+02 -2.740601e+01 5.879354e-01
1.628800e+02 -2.738944e+01 5.860437e-01
1.629600e+02 -2.735001e+01 5.845268e-01
1.630400e+02 -2.728322e+01 5.834122e-01
1.631200e+02 -2.721047e+01 5.828676e-01
1.632000e+02 -2.710316e+01 5.827645e-01
1.632800e+02 -2.697562e+01 5.832605e-01
1.633600e+02 -2.682454e+01 5.841006e-01
1.634400e+02 -2.666363e+01 5.853672e-01
1.635200e+02 -2.649904e+01 5.867537e-01
1.636000e+02 -2.633574e+01 5.879740e-01
1.636800e+02 -2.620222e+01 5.890150e-01
1.637600e+02 -2.607875e+01 5.896867e-01
1.638400e+02 -2.596968e+01 5.899027e-01
1.639200e+02 -2.587075e+01 5.897517e-01
1.640000e+02 -2.578864e+01 5.889639e-01
1.640800e+02 -2.572699e+01 5.878026e-01
1.641600e+02 -2.566254e+01 5.865420e-01
1.642400e+02 -2.560655e+01 5.854772e-01
1.643200e+02 -2.554774e+01 5.846018e-01
1.644000e+02 -2.550070e+01 5.841134e-01
1.644800e+02 -2.547081e+01 5.840057e-01
1.645600e+02 -2.544376e+01 5.842597e-01
1.646400e+02 -2.542782e+01 5.847669e-01
1.647200e+02 -2.543540e+01 5.853056e-01
1.648000e+02 -2.543999e+01 5.859344e-01
1.648800e+02 -2.544333e+01 5.866014e-01
1.649600e+02 -2.545020e+01 5.872717e-01
1.650400e+02 -2.546565e+01 5.879212e-01
1.651200e+02 -2.549466e+01 5.883820e-01
1.652000e+02 -2.552722e+01 5.885327e-01
1.652800e+02 -2.555062e+01 5.885172e-01
1.653600e+02 -2.555701e+01 5.880553e-01
1.654400e+02 -2.557045e+01 5.873142e-01
1.655200e+02 -2.560524e+01 5.860916e-01
1.656000e+02 -2.564788e+01 5.848184e-01
1.656800e+02 -2.567403e+01 5.832741e-01
1.657600e+02 -2.571994e+01 5.816626e-01
1.658400e+02 -2.576081e+01 5.798762e-01
1.659200e+02 -2.582775e+01 5.781071e-01
1.660000e+02 -2.591043e+01 5.763513e-01
1.660800e+02 -2.599907e+01 5.745046e-01
1.661600e+02 -2.611123e+01 5.729022e-01
1.662400e+02 -2.621784e+01 5.711829e-01
1.663200e+02 -2.633225e+01 5.695412e-01
1.664000e+02 -2.646769e+01 5.679820e-01
1.664800e+02 -2.659771e+01 5.665410e-01
1.665600e+02 -2.674395e+01 5.654431e-01
1.666400e+02 -2.690627e+01 5.646828e-01
1.667200e+02 -2.707731e+01 5.642604e-01
1.668000e+02 -2.726189e+01 5.642016e-01
1.668800e+02 -2.747142e+01 5.645954e-01
1.669600e+02 -2.770391e+01 5.653154e-01
1.670400e+02 -2.795160e+01 5.663454e-01
1.671200e+02 -2.824021e+01 5.676277e-01
1.672000e+02 -2.855601e+01 5.690266e-01
1.672800e+02 -2.888698e+01 5.705762e-01
1.673600e+02 -2.924923e+01 5.723363e-01
1.674400e+02 -2.963341e+01 5.742005e-01
1.675200e+02 -3.005323e+01 5.764221e-01
1.676000e+02 -3.049366e+01 5.787709e-01
1.676800e+02 -3.095472e+01 5.812153e-01
1.677600e+02 -3.143988e+01 5.838869e-01
1.678400e+02 -3.193832e+01 5.867371e-01
1.679200e+02 -3.244883e+01 5.897769e-01
1.680000e+02 -3.300317e+01 5.929949e-01
1.680800e+02 -3.357846e+01 5.966639e-01
1.681600e+02 -3.416985e+01 6.005920e-01
1.682400e+02 -3.477164e+01 6.046063e-01
1.683200e+02 -3.538460e+01 6.087685e-01
1.684000e+02 -3.600170e+01 6.129529e-01
1.684800e+02 -3.662399e+01 6.171732e-01
1.685600e+02 -3.724276e+01 6.212537e-01
1.686400e+02 -3.785842e+01 6.252531e-01
1.687200e+02 -3.846659e+01 6.291949e-01
1.688000e+02 -3.907268e+01 6.329706e-01
1.688800e+02 -3.965697e+01 6.366883e-01
1.689600e+02 -4.022798e+01 6.402328e-01
1.690400e+02 -4.078666e+01 6.436577e-01
1.691200e+02 -4.132703e+01 6.468736e-01
1.692000e+02 -4.183302e+01 6.498813e-01
1.692800e+02 -4.231928e+01 6.526341e-01
1.693600e+02 -4.279340e+01 6.552432e-01
1.694400e+02 -4.325086e+01 6.577263e-01
1.695200e+02 -4.367247e+01 6.599723e-01
1.696000e+02 -4.403744e+01 6.619382e-01
1.696800e+02 -4.437545e+01 6.638506e-01
1.697600e+02 -4.468934e+01 6.658565e-01
1.698400e+02 -4.496448e+01 6.676797e-01
1.699200e+02 -4.522143e+01 6.695140e-01
1.700000e+02 -4.546284e+01 6.714536e-01
1.700800e+02 -4.568302e+01 6.732794e-01
1.701600e+02 -4.588536e+01 6.751034e-01
1.702400e+02 -4.608397e+01 6.770242e-01
1.703200e+02 -4.626931e+01 6.785114e-01
1.704000e+02 -4.644981e+01 6.800320e-01
1.704800e+02 -4.661168e+01 6.810213e-01
1.705600e+02 -4.678607e+01 6.819608e-01
1.706400e+02 -4.698142e+01 6.831224e-01
1.707200e+02 -4.719267e+01 6.844015e-01
1.708000e+02 -4.741967e+01 6.857874e-01
1.708800e+02 -4.766837e+01 6.868764e-01
1.709600e+02 -4.794550e+01 6.873874e-01
1.710400e+02 -4.825106e+01 6.878725e-01
1.711200e+02 -4.859865e+01 6.888052e-01
1.712000e+02 -4.897098e+01 6.900140e-01
1.712800e+02 -4.934792e+01 6.915971e-01
1.713600e+02 -4.973750e+01 6.935605e-01
1.714400e+02 -5.014433e+01 6.953763e-01
1.715200e+02 -5.055817e+01 6.970710e-01
1.716000e+02 -5.101594e+01 6.988092e-01
1.716800e+02 -5.147357e+01 7.008805e-01
1.717600e+02 -5.193732e+01 7.030934e-01
1.718400e+02 -5.240343e+01 7.056398e-01
1.719200e+02 -5.286466e+01 7.084288e-01
1.720000e+02 -5.328207e+01 7.111167e-01
1.720800e+02 -5.369791e+01 7.134041e-01
1.721600e+02 -5.410402e+01 7.151375e-01
1.722400e+02 -5.450453e+01 7.169278e-01
1.723200e+02 -5.490930e+01 7.191053e-01
1.724000e+02 -5.528520e+01 7.219219e-01
1.724800e+02 -5.564085e+01 7.254378e-01
1.725600e+02 -5.594737e+01 7.289620e-01
1.726400e+02 -5.621957e+01 7.316244e-01
1.727200e+02 -5.645870e+01 7.336324e-01
1.728000e+02 -5.668820e+01 7.352095e-01
1.728800e+02 -5.688430e+01 7.365925e-01
1.729600e+02 -5.709712e+01 7.380130e-01
1.730400e+02 -5.733344e+01 7.395001e-01
1.731200e+02 -5.758271e+01 7.406877e-01
1.732000e+02 -5.785649e+01 7.415708e-01
1.732800e+02 -5.814775e+01 7.421879e-01
1.733600e+02 -5.844229e+01 7.424955e-01
1.734400e+02 -5.871896e+01 7.424879e-01
1.735200e+02 -5.897593e+01 7.418700e-01
1.736000e+02 -5.922432e+01 7.407821e-01
1.736800e+02 -5.946451e+01 7.396492e-01
1.737600e+02 -5.975122e+01 7.390952e-01
1.738400e+02 -6.002284e+01 7.389875e-01
1.739200e+02 -6.031190e+01 7.401392e-01
1.740000e+02 -6.061308e+01 7.419106e-01
1.740800e+02 -6.093622e+01 7.431827e-01
1.741600e+02 -6.125652e+01 7.435284e-01
1.742400e+02 -6.152386e+01 7.437728e-01
1.743200e+02 -6.177565e+01 7.438652e-01
1.744000e+02 -6.197610e+01 7.442658e-01
1.744800e+02 -6.214019e+01 7.443431e-01
1.745600e+02 -6.227318e+01 7.444877e-01
1.746400e+02 -6.238926e+01 7.445871e-01
1.747200e+02 -6.248062e+01 7.452904e-01
1.748000e+02 -6.253852e+01 7.466460e-01
1.748800e+02 -6.256493e+01 7.485068e-01
1.749600e+02 -6.258465e+01 7.508701e-01
1.750400e+02 -6.259484e+01 7.534321e-01
1.751200e+02 -6.259644e+01 7.563213e-01
1.752000e+02 -6.258552e+01 7.589162e-01
1.752800e+02 -6.259234e+01 7.613371e-01
1.753600e+02 -6.261144e+01 7.636243e-01
1.754400e+02 -6.264870e+01 7.657465e-01
1.755200e+02 -6.269999e+01 7.679405e-01
1.756000e+02 -6.281647e+01 7.697484e-01
1.756800e+02 -6.294773e+01 7.718270e-01
1.757600e+02 -6.307892e+01 7.738190e-01
1.758400e+02 -6.319746e+01 7.756777e-01
1.759200e+02 -6.332703e+01 7.776927e-01
1.760000e+02 -6.345371e+01 7.793549e-01
1.760800e+02 -6.356216e+01 7.807020e-01
1.761600e+02 -6.366344e+01 7.817168e-01
1.762400e+02 -6.378005e+01 7.829740e-01
1.763200e+02 -6.388484e+01 7.837885e-01
1.764000e+02 -6.397270e+01 7.838450e-01
1.764800e+02 -6.403924e+01 7.832340e-01
1.765600e+02 -6.408567e+01 7.819948e-01
1.766400e+02 -6.410308e+01 7.803485e-01
1.767200e+02 -6.410470e+01 7.784794e-01
1.768000e+02 -6.408983e+01 7.765648e-01
1.768800e+02 -6.403210e+01 7.744924e-01
1.769600e+02 -6.390797e+01 7.719990e-01
1.770400e+02 -6.374221e+01 7.698044e-01
1.771200e+02 -6.357440e+01 7.682148e-01
1.772000e+02 -6.338187e+01 7.674172e-01
1.772800e+02 -6.316062e+01 7.667589e-01
1.773600e+02 -6.294581e+01 7.665039e-01
1.774400e+02 -6.274229e+01 7.660552e-01
1.775200e+02 -6.258223e+01 7.664206e-01
1.776000e+02 -6.242343e+01 7.668293e-01
1.776800e+02 -6.226409e+01 7.668854e-01
1.777600e+02 -6.208704e+01 7.666305e-01
1.778400e+02 -6.192210e+01 7.659543e-01
1.779200e+02 -6.173572e+01 7.647756e-01
1.780000e+02 -6.155092e+01 7.636154e-01
1.780800e+02 -6.135758e+01 7.622567e-01
1.781600e+02 -6.116757e+01 7.606309e-01
1.782400e+02 -6.097661e+01 7.588705e-01
1.783200e+02 -6.081021e+01 7.570360e-01
1.784000e+02 -6.065206e+01 7.549220e-01
1.784800e+02 -6.054198e+01 7.524853e-01
1.785600e+02 -6.048735e+01 7.494001e-01
1.786400e+02 -6.046671e+01 7.456481e-01
1.787200e+02 -6.047225e+01 7.412134e-01
1.788000e+02 -6.051587e+01 7.364467e-01
1.788800e+02 -6.056857e+01 7.321122e-01
1.789600e+02 -6.065171e+01 7.276760e-01
1.790400e+02 -6.076502e+01 7.234272e-01
1.791200e+02 -6.093789e+01 7.187816e-01
1.792000e+02 -6.112568e+01 7.139225e-01
1.792800e+02 -6.134210e+01 7.087825e-01
1.793600e+02 -6.157173e+01 7.034476e-01
1.794400e+02 -6.182211e+01 6.978527e-01
1.795200e+02 -6.208304e+01 6.920984e-01
1.796000e+02 -6.236931e+01 6.862929e-01
1.796800e+02 -6.266962e+01 6.803058e-01
1.797600e+02 -6.298222e+01 6.741125e-01
1.798400e+02 -6.331931e+01 6.678310e-01
1.799200e+02 -6.366950e+01 6.613443e-01
1.800000e+02 -6.403869e+01 6.545971e-01
1.800800e+02 -6.440386e+01 6.477497e-01
1.801600e+02 -6.479173e+01 6.407483e-01
1.802400e+02 -6.519458e+01 6.336449e-01
1.803200e+02 -6.560102e+01 6.266935e-01
1.804000e+02 -6.602347e+01 6.198937e-01
1.804800e+02 -6.644881e+01 6.131782e-01
1.805600e+02 -6.689358e+01 6.066197e-01
1.806400e+02 -6.733906e+01 6.001587e-01
1.807200e+02 -6.779025e+01 5.939646e-01
1.808000e+02 -6.825570e+01 5.879382e-01
1.808800e+02 -6.873002e+01 5.822248e-01
1.809600e+02 -6.920806e+01 5.768328e-01
1.810400e+02 -6.970572e+01 5.719740e-01
1.811200e+02 -7.021160e+01 5.675876e-01
1.812000e+02 -7.072684e+01 5.635923e-01
1.812800e+02 -7.124879e+01 5.599724e-01
1.813600e+02 -7.176564e+01 5.566148e-01
1.814400e+02 -7.227816e+01 5.536592e-01
1.815200e+02 -7.277850e+01 5.510708e-01
1.816000e+02 -7.327218e+01 5.488786e-01
1.816800e+02 -7.374537e+01 5.471283e-01
1.817600e+02 -7.420108e+01 5.456824e-01
1.818400e+02 -7.463111e+01 5.446031e-01
1.819200e+02 -7.505594e+01 5.438204e-01
1.820000e+02 -7.546259e+01 5.433703e-01
1.820800e+02 -7.586964e+01 5.430716e-01
1.821600e+02 -7.625438e+01 5.430927e-01
1.822400e+02 -7.662841e+01 5.434020e-01
1.823200e+02 -7.697904e+01 5.439495e-01
1.824000e+02 -7.731021e+01 5.445580e-01
1.824800e+02 -7.760813e+01 5.451419e-01
1.825600e+02 -7.787748e+01 5.457988e-01
1.826400e+02 -7.811852e+01 5.462946e-01
1.827200e+02 -7.832210e+01 5.467092e-01
1.828000e+02 -7.849496e+01 5.469408e-01
1.828800e+02 -7.863121e+01 5.469764e-01
1.829600e+02 -7.873857e+01 5.469553e-01
1.830400e+02 -7.882708e+01 5.468178e-01
1.831200e+02 -7.889197e+01 5.465888e-01
1.832000e+02 -7.893350e+01 5.462101e-01
1.832800e+02 -7.896137e+01 5.456955e-01
1.833600e+02 -7.897467e+01 5.449686e-01
1.834400e+02 -7.898148e+01 5.439740e-01
1.835200e+02 -7.895299e+01 5.424920e-01
1.836000e+02 -7.890674e+01 5.406440e-01
1.836800e+02 -7.885977e+01 5.386610e-01
1.837600e+02 -7.881046e+01 5.365910e-01
1.838400e+02 -7.876804e+01 5.343126e-01
1.839200e+02 -7.873381e+01 5.319189e-01
1.840000e+02 -7.870844e+01 5.293554e-01
1.840800e+02 -7.870409e+01 5.267534e-01
1.841600e+02 -7.869870e+01 5.239764e-01
1.842400e+02 -7.871575e+01 5.212627e-01
1.843200e+02 -7.875735e+01 5.186241e-01
1.844000e+02 -7.882366e+01 5.160502e-01
1.844800e+02 -7.891438e+01 5.134626e-01
1.845600e+02 -7.903212e+01 5.108545e-01
1.846400e+02 -7.918707e+01 5.083102e-01
1.847200e+02 -7.937946e+01 5.058229e-01
1.848000e+02 -7.960132e+01 5.034356e-01
1.848800e+02 -7.985572e+01 5.012177e-01
1.849600e+02 -8.016263e+01 4.992124e-01
1.850400e+02 -8.050717e+01 4.974804e-01
1.851200e+02 -8.089065e+01 4.959545e-01
1.852000e+02 -8.130210e+01 4.945739e-01
1.852800e+02 -8.174359e+01 4.933546e-01
1.853600e+02 -8.221494e+01 4.921876e-01
1.854400e+02 -8.270767e+01 4.910413e-01
1.855200e+02 -8.320779e+01 4.899152e-01
1.856000e+02 -8.371840e+01 4.887891e-01
1.856800e+02 -8.423322e+01 4.877195e-01
1.857600e+02 -8.475828e+01 4.867714e-01
1.858400e+02 -8.528853e+01 4.857828e-01
1.859200e+02 -8.582577e+01 4.848579e-01
1.860000e+02 -8.634260e+01 4.839968e-01
1.860800e+02 -8.686193e+01 4.831564e-01
1.861600e+02 -8.738068e+01 4.822936e-01
1.862400e+02 -8.789603e+01 4.812380e-01
1.863200e+02 -8.840684e+01 4.800585e-01
1.864000e+02 -8.890540e+01 4.786583e-01
1.864800e+02 -8.938433e+01 4.770247e-01
1.865600e+02 -8.985123e+01 4.750162e-01
1.866400e+02 -9.029649e+01 4.727227e-01
1.867200e+02 -9.073007e+01 4.699042e-01
1.868000e+02 -9.114999e+01 4.668195e-01
1.868800e+02 -9.155554e+01 4.635868e-01
1.869600e+02 -9.193643e+01 4.602695e-01
1.870400e+02 -9.230520e+01 4.568256e-01
1.871200e+02 -9.265005e+01 4.534299e-01
1.872000e+02 -9.297937e+01 4.500617e-01
1.872800e+02 -9.327959e+01 4.470788e-01
1.873600e+02 -9.356863e+01 4.445360e-01
1.874400e+02 -9.383074e+01 4.425876e-01
1.875200e+02 -9.407041e+01 4.411931e-01
1.876000e+02 -9.429442e+01 4.403314e-01
1.876800e+02 -9.450142e+01 4.399057e-01
1.877600e+02 -9.469337e+01 4.398365e-01
1.878400e+02 -9.487106e+01 4.400004e-01
1.879200e+02 -9.502919e+01 4.403512e-01
1.880000e+02 -9.516463e+01 4.408277e-01
1.880800e+02 -9.527441e+01 4.412784e-01
1.881600e+02 -9.536685e+01 4.417845e-01
1.882400e+02 -9.544287e+01 4.423113e-01
1.883200e+02 -9.551018e+01 4.429008e-01
1.884000e+02 -9.557970e+01 4.434975e-01
1.884800e+02 -9.564727e+01 4.440942e-01
1.885600e+02 -9.572114e+01 4.446012e-01
1.886400e+02 -9.578852e+01 4.450165e-01
1.887200e+02 -9.585783e+01 4.452220e-01
1.888000e+02 -9.592229e+01 4.453277e-01
1.888800e+02 -9.598419e+01 4.452184e-01
1.889600e+02 -9.603668e+01 4.449040e-01
1.890400e+02 -9.607985e+01 4.443382e-01
1.891200e+02 -9.612932e+01 4.434943e-01
1.892000e+02 -9.617020e+01 4.424078e-01
1.892800e+02 -9.621063e+01 4.410768e-01
1.893600e+02 -9.624593e+01 4.394456e-01
1.894400e+02 -9.627611e+01 4.376580e-01
1.895200e+02 -9.629348e+01 4.357258e-01
1.896000e+02 -9.629380e+01 4.336364e-01
1.896800e+02 -9.627937e+01 4.315943e-01
1.897600e+02 -9.624845e+01 4.295576e-01
1.898400e+02 -9.620016e+01 4.275486e-01
1.899200e+02 -9.613278e+01 4.255639e-01
1.900000e+02 -9.604059e+01 4.236693e-01
1.900800e+02 -9.592426e+01 4.218675e-01
1.901600e+02 -9.579104e+01 4.201251e-01
1.902400e+02 -9.562602e+01 4.184077e-01
1.903200e+02 -9.543075e+01 4.167035e-01
1.904000e+02 -9.520751e+01 4.149984e-01
1.904800e+02 -9.496804e+01 4.134283e-01
1.905600e+02 -9.471257e+01 4.119079e-01
1.906400e+02 -9.445087e+01 4.105140e-01
1.907200e+02 -9.419001e+01 4.092817e-01
1.908000e+02 -9.393052e+01 4.081480e-01
1.908800e+02 -9.367090e+01 4.070357e-01
1.909600e+02 -9.341315e+01 4.061142e-01
1.910400e+02 -9.315613e+01 4.052903e-01
1.911200e+02 -9.290969e+01 4.045085e-01
1.912000e+02 -9.266996e+01 4.036747e-01
1.912800e+02 -9.244672e+01 4.029204e-01
1.913600e+02 -9.223680e+01 4.021922e-01
1.914400e+02 -9.204056e+01 4.015024e-01
1.915200e+02 -9.186583e+01 4.009888e-01
1.916000e+02 -9.171310e+01 4.006125e-01
1.916800e+02 -9.157393e+01 4.004612e-01
1.917600e+02 -9.145783e+01 4.005900e-01
1.918400e+02 -9.137155e+01 4.007613e-01
1.919200e+02 -9.129519e+01 4.010411e-01
1.920000e+02 -9.124880e+01 4.013713e-01
1.920800e+02 -9.122073e+01 4.017043e-01
1.921600e+02 -9.119667e+01 4.020486e-01
1.922400e+02 -9.118603e+01 4.024105e-01
1.923200e+02 -9.118951e+01 4.026796e-01
1.924000e+02 -9.121280e+01 4.029050e-01
1.924800e+02 -9.125518e+01 4.031429e-01
1.925600e+02 -9.131229e+01 4.032747e-01
1.926400e+02 -9.139790e+01 4.034294e-01
1.927200e+02 -9.149906e+01 4.037130e-01
1.928000e+02 -9.162145e+01 4.039969e-01
1.928800e+02 -9.176337e+01 4.043880e-01
1.929600e+02 -9.194525e+01 4.049564e-01
1.930400e+02 -9.215541e+01 4.056921e-01
1.931200e+02 -9.240567e+01 4.067417e-01
1.932000e+02 -9.268091e+01 4.082428e-01
1.932800e+02 -9.298847e+01 4.102560e-01
1.933600e+02 -9.331488e+01 4.126560e-01
1.934400e+02 -9.365640e+01 4.153467e-01
1.935200e+02 -9.401887e+01 4.183056e-01
1.936000e+02 -9.439672e+01 4.212728e-01
1.936800e+02 -9.479709e+01 4.241559e-01
1.937600e+02 -9.521803e+01 4.268743e-01
1.938400e+02 -9.565121e+01 4.295842e-01
1.939200e+02 -9.609250e+01 4.321472e-01
1.940000e+02 -9.655031e+01 4.346857e-01
1.940800e+02 -9.700536e+01 4.370362e-01
1.941600e+02 -9.744981e+01 4.390376e-01
1.942400e+02 -9.790834e+01 4.409977e-01
1.943200e+02 -9.836177e+01 4.428473e-01
1.944000e+02 -9.880926e+01 4.446657e-01
1.944800e+02 -9.925725e+01 4.464111e-01
1.945600e+02 -9.968132e+01 4.476874e-01
1.946400e+02 -1.001067e+02 4.485334e-01
1.947200e+02 -1.005302e+02 4.490149e-01
1.948000e+02 -1.009515e+02 4.490670e-01
1.948800e+02 -1.013752e+02 4.487239e-01
1.949600e+02 -1.018053e+02 4.480773e-01
1.950400e+02 -1.022431e+02 4.469513e-01
1.951200e+02 -1.026948e+02 4.455254e-01
1.952000e+02 -1.031559e+02 4.439496e-01
1.952800e+02 -1.036011e+02 4.422001e-01
1.953600e+02 -1.040666e+02 4.403350e-01
1.954400e+02 -1.045349e+02 4.383822e-01
1.955200e+02 -1.050162e+02 4.366757e-01
1.956000e+02 -1.055130e+02 4.352072e-01
1.956800e+02 -1.060180e+02 4.342628e-01
1.957600e+02 -1.064939e+02 4.335773e-01
1.958400e+02 -1.069526e+02 4.335930e-01
1.959200e+02 -1.074206e+02 4.345046e-01
1.960000e+02 -1.078694e+02 4.358679e-01
1.960800e+02 -1.082994e+02 4.376435e-01
1.961600e+02 -1.087235e+02 4.395059e-01
1.962400e+02 -1.091519e+02 4.414905e-01
1.963200e+02 -1.095797e+02 4.433665e-01
1.964000e+02 -1.100161e+02 4.451261e-01
1.964800e+02 -1.104476e+02 4.465361e-01
1.965600e+02 -1.108755e+02 4.475316e-01
1.966400e+02 -1.113002e+02 4.480080e-01
1.967200e+02 -1.117277e+02 4.483928e-01
1.968000e+02 -1.121500e+02 4.485496e-01
1.968800e+02 -1.125544e+02 4.486554e-01
1.969600e+02 -1.129446e+02 4.491526e-01
1.970400e+02 -1.133050e+02 4.497587e-01
1.971200e+02 -1.136207e+02 4.501451e-01
1.972000e+02 -1.139068e+02 4.506724e-01
1.972800e+02 -1.141812e+02 4.516799e-01
1.973600e+02 -1.143982e+02 4.527264e-01
1.974400e+02 -1.145773e+02 4.544685e-01
1.975200e+02 -1.147277e+02 4.572609e-01
1.976000e+02 -1.148063e+02 4.607125e-01
1.976800e+02 -1.148465e+02 4.650031e-01
1.977600e+02 -1.148626e+02 4.702244e-01
1.978400e+02 -1.148534e+02 4.764446e-01
1.979200e+02 -1.148232e+02 4.830253e-01
1.980000e+02 -1.147884e+02 4.895779e-01
1.980800e+02 -1.147530e+02 4.956121e-01
1.981600e+02 -1.147013e+02 5.006991e-01
1.982400e+02 -1.146623e+02 5.045535e-01
1.983200e+02 -1.146588e+02 5.071861e-01
1.984000e+02 -1.146758e+02 5.087344e-01
1.984800e+02 -1.147220e+02 5.092915e-01
1.985600e+02 -1.147950e+02 5.092475e-01
1.986400e+02 -1.148871e+02 5.090794e-01
1.987200e+02 -1.150006e+02 5.085739e-01
1.988000e+02 -1.151189e+02 5.081064e-01
1.988800e+02 -1.152379e+02 5.077857e-01
1.989600e+02 -1.153390e+02 5.073908e-01
1.990400e+02 -1.154109e+02 5.070183e-01
1.991200e+02 -1.154681e+02 5.065813e-01
1.992000e+02 -1.155334e+02 5.060865e-01
1.992800e+02 -1.155991e+02 5.056555e-01
1.993600e+02 -1.156517e+02 5.052746e-01
1.994400e+02 -1.157126e+02 5.052296e-01
1.995200e+02 -1.157819e+02 5.055604e-01
1.996000e+02 -1.158757e+02 5.060834e-01
1.996800e+02 -1.159651e+02 5.069290e-01
1.997600e+02 -1.160447e+02 5.079109e-01
1.998400e+02 -1.161149e+02 5.089567e-01
1.999200e+02 -1.161703e+02 5.102662e-01
2.000000e+02 -1.162244e+02 5.118409e-01
2.000800e+02 -1.162544e+02 5.136777e-01
2.001600e+02 -1.162608e+02 5.157381e-01
2.002400e+02 -1.162512e+02 5.182077e-01
2.003200e+02 -1.162345e+02 5.212202e-01
2.004000e+02 -1.162072e+02 5.246796e-01
2.004800e+02 -1.162005e+02 5.288591e-01
2.005600e+02 -1.161831e+02 5.339187e-01
2.006400e+02 -1.161448e+02 5.396437e-01
2.007200e+02 -1.160838e+02 5.454440e-01
2.008000e+02 -1.159799e+02 5.512314e-01
2.008800e+02 -1.158164e+02 5.572041e-01
2.009600e+02 -1.156136e+02 5.635979e-01
2.010400e+02 -1.153591e+02 5.698456e-01
2.011200e+02 -1.150860e+02 5.756135e-01
2.012000e+02 -1.148020e+02 5.809131e-01
2.012800e+02 -1.145385e+02 5.860093e-01
2.013600e+02 -1.142656e+02 5.904603e-01
2.014400e+02 -1.140288e+02 5.945850e-01
2.015200e+02 -1.137843e+02 5.973287e-01
2.016000e+02 -1.135647e+02 5.986611e-01
2.016800e+02 -1.133440e+02 5.987266e-01
2.017600e+02 -1.131131e+02 5.979021e-01
2.018400e+02 -1.128717e+02 5.963417e-01
2.019200e+02 -1.126141e+02 5.939632e-01
2.020000e+02 -1.123463e+02 5.911899e-01
2.020800e+02 -1.120706e+02 5.885096e-01
2.021600e+02 -1.117923e+02 5.857274e-01
2.022400e+02 -1.115045e+02 5.830747e-01
2.023200e+02 -1.112205e+02 5.804300e-01
2.024000e+02 -1.109448e+02 5.781424e-01
2.024800e+02 -1.106495e+02 5.760216e-01
2.025600e+02 -1.103433e+02 5.738691e-01
2.026400e+02 -1.100442e+02 5.715873e-01
2.027200e+02 -1.097424e+02 5.692127e-01
2.028000e+02 -1.094503e+02 5.667987e-01
2.028800e+02 -1.091679e+02 5.641326e-01
2.029600e+02 -1.088837e+02 5.611480e-01
2.030400e+02 -1.086171e+02 5.576168e-01
2.031200e+02 -1.083593e+02 5.534868e-01
2.032000e+02 -1.081173e+02 5.487822e-01
2.032800e+02 -1.078827e+02 5.436771e-01
2.033600e+02 -1.076819e+02 5.383859e-01
2.034400e+02 -1.074895e+02 5.329251e-01
2.035200e+02 -1.073175e+02 5.273726e-01
2.036000e+02 -1.071665e+02 5.217331e-01
2.036800e+02 -1.070334e+02 5.158775e-01
2.037600e+02 -1.069092e+02 5.098578e-01
2.038400e+02 -1.068109e+02 5.037956e-01
2.039200e+02 -1.067373e+02 4.976311e-01
2.040000e+02 -1.066769e+02 4.912942e-01
2.040800e+02 -1.066345e+02 4.847173e-01
2.041600e+02 -1.065963e+02 4.780379e-01
2.042400e+02 -1.065716e+02 4.713585e-01
2.043200e+02 -1.065650e+02 4.646928e-01
2.044000e+02 -1.065727e+02 4.580947e-01
2.044800e+02 -1.065946e+02 4.516267e-01
2.045600e+02 -1.066307e+02 4.453179e-01
2.046400e+02 -1.066823e+02 4.392989e-01
2.047200e+02 -1.067507e+02 4.336466e-01
2.048000e+02 -1.068310e+02 4.283939e-01
2.048800e+02 -1.069302e+02 4.236089e-01
2.049600e+02 -1.070461e+02 4.192643e-01
2.050400e+02 -1.071711e+02 4.152641e-01
2.051200e+02 -1.073103e+02 4.117246e-01
2.052000e+02 -1.074643e+02 4.085721e-01
2.052800e+02 -1.076316e+02 4.058297e-01
2.053600e+02 -1.078022e+02 4.034863e-01
2.054400e+02 -1.079788e+02 4.014077e-01
2.055200e+02 -1.081599e+02 3.996179e-01
2.056000e+02 -1.083473e+02 3.981199e-01
2.056800e+02 -1.085432e+02 3.968756e-01
2.057600e+02 -1.087464e+02 3.958187e-01
2.058400e+02 -1.089483e+02 3.948406e-01
2.059200e+02 -1.091504e+02 3.939759e-01
2.060000e+02 -1.093526e+02 3.932077e-01
2.060800e+02 -1.095564e+02 3.926012e-01
2.061600e+02 -1.097634e+02 3.921739e-01
2.062400e+02 -1.099722e+02 3.919943e-01
2.063200e+02 -1.101875e+02 3.920088e-01
2.064000e+02 -1.104039e+02 3.922414e-01
2.064800e+02 -1.106271e+02 3.927157e-01
2.065600e+02 -1.108468e+02 3.934149e-01
2.066400e+02 -1.110667e+02 3.943930e-01
2.067200e+02 -1.112826e+02 3.955782e-01
2.068000e+02 -1.114978e+02 3.969414e-01
2.068800e+02 -1.117028e+02 3.985385e-01
2.069600e+02 -1.118887e+02 4.003643e-01
2.070400e+02 -1.120473e+02 4.023500e-01
2.071200e+02 -1.121733e+02 4.044952e-01
2.072000e+02 -1.122504e+02 4.068212e-01
2.072800e+02 -1.122779e+02 4.093047e-01
2.073600e+02 -1.122999e+02 4.121361e-01
2.074400e+02 -1.123206e+02 4.151499e-01
2.075200e+02 -1.123482e+02 4.184677e-01
2.076000e+02 -1.123948e+02 4.220167e-01
2.076800e+02 -1.124705e+02 4.257338e-01
2.077600e+02 -1.125758e+02 4.297600e-01
2.078400e+02 -1.126983e+02 4.341116e-01
2.079200e+02 -1.128271e+02 4.386767e-01
2.080000e+02 -1.129795e+02 4.435984e-01
2.080800e+02 -1.131506e+02 4.488641e-01
2.081600e+02 -1.133352e+02 4.543779e-01
2.082400e+02 -1.135224e+02 4.602606e-01
2.083200e+02 -1.137302e+02 4.663699e-01
2.084000e+02 -1.139550e+02 4.726990e-01
2.084800e+02 -1.141952e+02 4.794106e-01
2.085600e+02 -1.144383e+02 4.859497e-01
2.086400e+02 -1.146718e+02 4.919979e-01
2.087200e+02 -1.149078e+02 4.978478e-01
2.088000e+02 -1.151331e+02 5.036688e-01
2.088800e+02 -1.153805e+02 5.096923e-01
2.089600e+02 -1.156191e+02 5.154110e-01
2.090400e+02 -1.158580e+02 5.213614e-01
2.091200e+02 -1.160700e+02 5.268525e-01
2.092000e+02 -1.162872e+02 5.319713e-01
2.092800e+02 -1.165694e+02 5.371865e-01
2.093600e+02 -1.168497e+02 5.421213e-01
2.094400e+02 -1.171908e+02 5.471103e-01
2.095200e+02 -1.175456e+02 5.519566e-01
2.096000e+02 -1.178954e+02 5.573991e-01
2.096800e+02 -1.182460e+02 5.635490e-01
2.097600e+02 -1.185697e+02 5.703828e-01
2.098400e+02 -1.188872e+02 5.776734e-01
2.099200e+02 -1.191881e+02 5.856244e-01
2.100000e+02 -1.194947e+02 5.940222e-01
2.100800e+02 -1.198041e+02 6.025754e-01
2.101600e+02 -1.200902e+02 6.114920e-01
2.102400e+02 -1.203598e+02 6.208372e-01
2.103200e+02 -1.205998e+02 6.304399e-01
2.104000e+02 -1.208243e+02 6.399783e-01
2.104800e+02 -1.210526e+02 6.482770e-01
2.105600e+02 -1.212669e+02 6.560408e-01
2.106400e+02 -1.214261e+02 6.627070e-01
2.107200e+02 -1.215323e+02 6.682336e-01
2.108000e+02 -1.215642e+02 6.720959e-01
2.108800e+02 -1.215744e+02 6.750727e-01
2.109600e+02 -1.215284e+02 6.772767e-01
2.110400e+02 -1.214679e+02 6.793025e-01
2.111200e+02 -1.214064e+02 6.809849e-01
2.112000e+02 -1.213516e+02 6.823335e-01
2.112800e+02 -1.213053e+02 6.833668e-01
2.113600e+02 -1.212987e+02 6.841024e-01
2.114400e+02 -1.212801e+02 6.842360e-01
2.115200e+02 -1.212515e+02 6.840980e-01
2.116000e+02 -1.212403e+02 6.835629e-01
2.116800e+02 -1.212143e+02 6.828146e-01
2.117600e+02 -1.212050e+02 6.820207e-01
2.118400e+02 -1.212094e+02 6.813021e-01
2.119200e+02 -1.212323e+02 6.806681e-01
2.120000e+02 -1.212796e+02 6.799363e-01
2.120800e+02 -1.213475e+02 6.791931e-01
2.121600e+02 -1.214249e+02 6.780197e-01
2.122400e+02 -1.215262e+02 6.765556e-01
2.123200e+02 -1.216551e+02 6.746761e-01
2.124000e+02 -1.218071e+02 6.726515e-01
2.124800e+02 -1.219468e+02 6.704674e-01
2.125600e+02 -1.220323e+02 6.681250e-01
2.126400e+02 -1.220693e+02 6.659142e-01
2.127200e+02 -1.220753e+02 6.639579e-01
2.128000e+02 -1.220200e+02 6.623117e-01
2.128800e+02 -1.218980e+02 6.607585e-01
2.129600e+02 -1.217119e+02 6.592176e-01
2.130400e+02 -1.214561e+02 6.577150e-01
2.131200e+02 -1.211065e+02 6.566866e-01
2.132000e+02 -1.207018e+02 6.568579e-01
2.132800e+02 -1.203081e+02 6.578889e-01
2.133600e+02 -1.198862e+02 6.596492e-01
2.134400e+02 -1.194144e+02 6.617232e-01
2.135200e+02 -1.189135e+02 6.637777e-01
2.136000e+02 -1.183360e+02 6.661868e-01
2.136800e+02 -1.177294e+02 6.693672e-01
2.137600e+02 -1.170982e+02 6.732219e-01
2.138400e+02 -1.164453e+02 6.774172e-01
2.139200e+02 -1.157836e+02 6.809740e-01
2.140000e+02 -1.151025e+02 6.842006e-01
2.140800e+02 -1.144232e+02 6.870247e-01
2.141600e+02 -1.137275e+02 6.891340e-01
2.142400e+02 -1.130236e+02 6.908264e-01
2.143200e+02 -1.123086e+02 6.921818e-01
2.144000e+02 -1.116024e+02 6.927546e-01
2.144800e+02 -1.108913e+02 6.928673e-01
2.145600e+02 -1.101746e+02 6.924595e-01
2.146400e+02 -1.094772e+02 6.914095e-01
2.147200e+02 -1.087957e+02 6.898776e-01
2.148000e+02 -1.081337e+02 6.879016e-01
2.148800e+02 -1.074878e+02 6.856915e-01
2.149600e+02 -1.068617e+02 6.834443e-01
2.150400e+02 -1.062480e+02 6.812458e-01
2.151200e+02 -1.056518e+02 6.791433e-01
2.152000e+02 -1.050718e+02 6.771625e-01
2.152800e+02 -1.044896e+02 6.751597e-01
2.153600e+02 -1.039163e+02 6.732038e-01
2.154400e+02 -1.033386e+02 6.711845e-01
2.155200e+02 -1.027591e+02 6.690322e-01
2.156000e+02 -1.021935e+02 6.666403e-01
2.156800e+02 -1.016197e+02 6.639025e-01
2.157600e+02 -1.010237e+02 6.610065e-01
2.158400e+02 -1.003876e+02 6.580713e-01
2.159200e+02 -9.970064e+01 6.550223e-01
2.160000e+02 -9.897221e+01 6.517725e-01
2.160800e+02 -9.819407e+01 6.482695e-01
2.161600e+02 -9.734105e+01 6.444521e-01
2.162400e+02 -9.642989e+01 6.402258e-01
2.163200e+02 -9.545823e+01 6.356883e-01
2.164000e+02 -9.444783e+01 6.311107e-01
2.164800e+02 -9.339642e+01 6.264052e-01
2.165600e+02 -9.230892e+01 6.216208e-01
2.166400e+02 -9.119765e+01 6.166896e-01
2.167200e+02 -9.006581e+01 6.114315e-01
2.168000e+02 -8.890920e+01 6.061358e-01
2.168800e+02 -8.771963e+01 6.007231e-01
2.169600e+02 -8.652516e+01 5.952829e-01
2.170400e+02 -8.531860e+01 5.898041e-01
2.171200e+02 -8.410575e+01 5.843313e-01
2.172000e+02 -8.292232e+01 5.787569e-01
2.172800e+02 -8.175666e+01 5.731167e-01
2.173600e+02 -8.060948e+01 5.674601e-01
2.174400e+02 -7.949034e+01 5.617649e-01
2.175200e+02 -7.840037e+01 5.561464e-01
2.176000e+02 -7.735565e+01 5.504856e-01
2.176800e+02 -7.635109e+01 5.447617e-01
2.177600e+02 -7.537830e+01 5.390185e-01
2.178400e+02 -7.444239e+01 5.331716e-01
2.179200e+02 -7.353513e+01 5.272536e-01
2.180000e+02 -7.265043e+01 5.213161e-01
2.180800e+02 -7.179606e+01 5.153607e-01
2.181600e+02 -7.096841e+01 5.094013e-01
2.182400e+02 -7.016641e+01 5.036000e-01
2.183200e+02 -6.938630e+01 4.978120e-01
2.184000e+02 -6.863195e+01 4.920714e-01
2.184800e+02 -6.790225e+01 4.863974e-01
2.185600e+02 -6.718586e+01 4.808243e-01
2.186400e+02 -6.649818e+01 4.753738e-01
2.187200e+02 -6.583992e+01 4.699294e-01
2.188000e+02 -6.520211e+01 4.645055e-01
2.188800e+02 -6.459522e+01 4.591606e-01
2.189600e+02 -6.401334e+01 4.538093e-01
2.190400e+02 -6.346024e+01 4.484754e-01
2.191200e+02 -6.293479e+01 4.431171e-01
2.192000e+02 -6.244859e+01 4.378613e-01
2.192800e+02 -6.199545e+01 4.326372e-01
2.193600e+02 -6.157412e+01 4.274692e-01
2.194400e+02 -6.118146e+01 4.223195e-01
2.195200e+02 -6.082027e+01 4.172157e-01
2.196000e+02 -6.049682e+01 4.121382e-01
2.196800e+02 -6.020805e+01 4.071069e-01
2.197600e+02 -5.994286e+01 4.022129e-01
2.198400e+02 -5.971385e+01 3.975006e-01
2.199200e+02 -5.950665e+01 3.929759e-01
2.200000e+02 -5.933483e+01 3.886399e-01
2.200800e+02 -5.918932e+01 3.845010e-01
2.201600e+02 -5.906471e+01 3.805889e-01
2.202400e+02 -5.895736e+01 3.768253e-01
2.203200e+02 -5.886942e+01 3.732420e-01
2.204000e+02 -5.880041e+01 3.698257e-01
2.204800e+02 -5.874879e+01 3.665689e-01
2.205600e+02 -5.871359e+01 3.634647e-01
2.206400e+02 -5.869466e+01 3.604248e-01
2.207200e+02 -5.869135e+01 3.575552e-01
2.208000e+02 -5.870168e+01 3.548784e-01
2.208800e+02 -5.873399e+01 3.523431e-01
2.209600e+02 -5.878091e+01 3.500391e-01
2.210400e+02 -5.884299e+01 3.479537e-01
2.211200e+02 -5.891810e+01 3.461146e-01
2.212000e+02 -5.900483e+01 3.445016e-01
2.212800e+02 -5.910867e+01 3.431856e-01
2.213600e+02 -5.923256e+01 3.421726e-01
2.214400e+02 -5.936992e+01 3.414750e-01
2.215200e+02 -5.953180e+01 3.410718e-01
2.216000e+02 -5.971606e+01 3.409690e-01
2.216800e+02 -5.993116e+01 3.411532e-01
2.217600e+02 -6.017691e+01 3.416194e-01
2.218400e+02 -6.045889e+01 3.423784e-01
2.219200e+02 -6.077670e+01 3.434264e-01
2.220000e+02 -6.112630e+01 3.447400e-01
2.220800e+02 -6.151041e+01 3.463124e-01
2.221600e+02 -6.193100e+01 3.481170e-01
2.222400e+02 -6.238877e+01 3.502357e-01
2.223200e+02 -6.287806e+01 3.525628e-01
2.224000e+02 -6.340420e+01 3.551045e-01
2.224800e+02 -6.396297e+01 3.578291e-01
2.225600e+02 -6.456246e+01 3.607742e-01
2.226400e+02 -6.519344e+01 3.638471e-01
2.227200e+02 -6.585147e+01 3.669255e-01
2.228000e+02 -6.653958e+01 3.700096e-01
2.228800e+02 -6.725292e+01 3.729900e-01
2.229600e+02 -6.798852e+01 3.759016e-01
2.230400e+02 -6.874914e+01 3.787493e-01
2.231200e+02 -6.953442e+01 3.815922e-01
2.232000e+02 -7.033384e+01 3.843760e-01
2.232800e+02 -7.113720e+01 3.871285e-01
2.233600e+02 -7.196150e+01 3.900837e-01
2.234400e+02 -7.279554e+01 3.932627e-01
2.235200e+02 -7.365084e+01 3.966331e-01
2.236000e+02 -7.452038e+01 4.002369e-01
2.236800e+02 -7.539054e+01 4.039429e-01
2.237600e+02 -7.627921e+01 4.080917e-01
2.238400e+02 -7.716921e+01 4.126490e-01
2.239200e+02 -7.806701e+01 4.174091e-01
2.240000e+02 -7.898414e+01 4.224965e-01
2.240800e+02 -7.991333e+01 4.278761e-01
2.241600e+02 -8.086732e+01 4.332795e-01
2.242400e+02 -8.182097e+01 4.388527e-01
2.243200e+02 -8.277541e+01 4.444693e-01
2.244000e+02 -8.373018e+01 4.499388e-01
2.244800e+02 -8.468177e+01 4.556212e-01
2.245600e+02 -8.562700e+01 4.616212e-01
2.246400e+02 -8.656209e+01 4.678964e-01
2.247200e+02 -8.747145e+01 4.745004e-01
2.248000e+02 -8.836199e+01 4.811557e-01
2.248800e+02 -8.924010e+01 4.883942e-01
2.249600e+02 -9.008960e+01 4.959567e-01
2.250400e+02 -9.091574e+01 5.037612e-01
2.251200e+02 -9.169685e+01 5.118333e-01
2.252000e+02 -9.243841e+01 5.201648e-01
2.252800e+02 -9.316152e+01 5.287677e-01
2.253600e+02 -9.385838e+01 5.377240e-01
2.254400e+02 -9.451860e+01 5.468900e-01
2.255200e+02 -9.515236e+01 5.561153e-01
2.256000e+02 -9.574440e+01 5.651371e-01
2.256800e+02 -9.633970e+01 5.734567e-01
2.257600e+02 -9.689275e+01 5.817421e-01
2.258400e+02 -9.739668e+01 5.902947e-01
2.259200e+02 -9.783999e+01 5.993304e-01
2.260000e+02 -9.821223e+01 6.085125e-01
2.260800e+02 -9.850904e+01 6.172232e-01
2.261600e+02 -9.874526e+01 6.251791e-01
2.262400e+02 -9.889298e+01 6.320972e-01
2.263200e+02 -9.895818e+01 6.379349e-01
2.264000e+02 -9.894859e+01 6.425553e-01
2.264800e+02 -9.890351e+01 6.457569e-01
2.265600e+02 -9.881541e+01 6.474122e-01
2.266400e+02 -9.870066e+01 6.474120e-01
2.267200e+02 -9.854671e+01 6.458968e-01
2.268000e+02 -9.839580e+01 6.432804e-01
2.268800e+02 -9.824235e+01 6.395842e-01
2.269600e+02 -9.808851e+01 6.351118e-01
2.270400e+02 -9.793394e+01 6.300448e-01
2.271200e+02 -9.779164e+01 6.244644e-01
2.272000e+02 -9.765261e+01 6.184882e-01
2.272800e+02 -9.751002e+01 6.122208e-01
2.273600e+02 -9.740130e+01 6.057299e-01
2.274400e+02 -9.730199e+01 5.990224e-01
2.275200e+02 -9.721601e+01 5.923392e-01
2.276000e+02 -9.714294e+01 5.857095e-01
2.276800e+02 -9.708550e+01 5.792102e-01
2.277600e+02 -9.704803e+01 5.728288e-01
2.278400e+02 -9.702896e+01 5.665306e-01
2.279200e+02 -9.703792e+01 5.604966e-01
2.280000e+02 -9.702771e+01 5.540366e-01
2.280800e+02 -9.704556e+01 5.476231e-01
2.281600e+02 -9.707728e+01 5.411739e-01
2.282400e+02 -9.711585e+01 5.345343e-01
2.283200e+02 -9.717860e+01 5.279757e-01
2.284000e+02 -9.726626e+01 5.213731e-01
2.284800e+02 -9.736865e+01 5.148147e-01
2.285600e+02 -9.748543e+01 5.082496e-01
2.286400e+02 -9.761552e+01 5.016956e-01
2.287200e+02 -9.775960e+01 4.951113e-01
2.288000e+02 -9.792187e+01 4.886233e-01
2.288800e+02 -9.809536e+01 4.823399e-01
2.289600e+02 -9.828095e+01 4.762624e-01
2.290400e+02 -9.847743e+01 4.704266e-01
2.291200e+02 -9.868430e+01 4.648864e-01
2.292000e+02 -9.890054e+01 4.596679e-01
2.292800e+02 -9.912224e+01 4.548146e-01
2.293600e+02 -9.935243e+01 4.503087e-01
2.294400e+02 -9.958510e+01 4.462490e-01
2.295200e+02 -9.981889e+01 4.425974e-01
2.296000e+02 -1.000654e+02 4.394499e-01
2.296800e+02 -1.003119e+02 4.367606e-01
2.297600e+02 -1.005655e+02 4.344330e-01
2.298400e+02 -1.008306e+02 4.324983e-01
2.299200e+02 -1.010856e+02 4.307993e-01
2.300000e+02 -1.013436e+02 4.293491e-01
2.300800e+02 -1.015972e+02 4.280695e-01
2.301600e+02 -1.018437e+02 4.268689e-01
2.302400e+02 -1.020424e+02 4.252089e-01
2.303200e+02 -1.022352e+02 4.235842e-01
2.304000e+02 -1.024121e+02 4.218824e-01
2.304800e+02 -1.025468e+02 4.198635e-01
2.305600e+02 -1.026636e+02 4.180823e-01
2.306400e+02 -1.027461e+02 4.167002e-01
2.307200e+02 -1.027999e+02 4.159108e-01
2.308000e+02 -1.028222e+02 4.159322e-01
2.308800e+02 -1.027938e+02 4.165102e-01
2.309600e+02 -1.027291e+02 4.178390e-01
2.310400e+02 -1.026369e+02 4.196945e-01
2.311200e+02 -1.024927e+02 4.218490e-01
2.312000e+02 -1.023240e+02 4.244161e-01
2.312800e+02 -1.021173e+02 4.271444e-01
2.313600e+02 -1.018706e+02 4.298351e-01
2.314400e+02 -1.016028e+02 4.323458e-01
2.315200e+02 -1.013221e+02 4.345862e-01
2.316000e+02 -1.010366e+02 4.364922e-01
2.316800e+02 -1.007285e+02 4.380736e-01
2.317600e+02 -1.004235e+02 4.394271e-01
2.318400e+02 -1.001233e+02 4.405013e-01
2.319200e+02 -9.983155e+01 4.412118e-01
2.320000e+02 -9.955086e+01 4.416586e-01
2.320800e+02 -9.928931e+01 4.417485e-01
2.321600e+02 -9.904384e+01 4.414056e-01
2.322400e+02 -9.881277e+01 4.407459e-01
2.323200e+02 -9.859951e+01 4.398401e-01
2.324000e+02 -9.840934e+01 4.387762e-01
2.324800e+02 -9.824008e+01 4.375304e-01
2.325600e+02 -9.809251e+01 4.361395e-01
2.326400e+02 -9.796039e+01 4.345756e-01
2.327200e+02 -9.784368e+01 4.328520e-01
2.328000e+02 -9.773390e+01 4.310405e-01
2.328800e+02 -9.764249e+01 4.291441e-01
2.329600e+02 -9.755876e+01 4.272619e-01
2.330400e+02 -9.748377e+01 4.255064e-01
2.331200e+02 -9.741075e+01 4.239661e-01
2.332000e+02 -9.734726e+01 4.227064e-01
2.332800e+02 -9.729860e+01 4.216786e-01
2.333600e+02 -9.725959e+01 4.209370e-01
2.334400e+02 -9.722974e+01 4.204720e-01
2.335200e+02 -9.721560e+01 4.201937e-01
2.336000e+02 -9.723758e+01 4.200000e-01
2.336800e+02 -9.727328e+01 4.199639e-01
2.337600e+02 -9.733554e+01 4.200636e-01
2.338400e+02 -9.741036e+01 4.203457e-01
2.339200e+02 -9.754038e+01 4.206303e-01
2.340000e+02 -9.769623e+01 4.213877e-01
2.340800e+02 -9.787592e+01 4.226023e-01
2.341600e+02 -9.808605e+01 4.243060e-01
2.342400e+02 -9.832625e+01 4.264903e-01
2.343200e+02 -9.860887e+01 4.288603e-01
2.344000e+02 -9.890655e+01 4.316993e-01
2.344800e+02 -9.923150e+01 4.345492e-01
2.345600e+02 -9.958606e+01 4.375115e-01
2.346400e+02 -9.995537e+01 4.404449e-01
2.347200e+02 -1.003428e+02 4.432152e-01
2.348000e+02 -1.007344e+02 4.459600e-01
2.348800e+02 -1.011327e+02 4.483013e-01
2.349600e+02 -1.015333e+02 4.500814e-01
2.350400e+02 -1.019423e+02 4.515238e-01
2.351200e+02 -1.023359e+02 4.523134e-01
2.352000e+02 -1.027064e+02 4.525439e-01
2.352800e+02 -1.030553e+02 4.523341e-01
2.353600e+02 -1.033695e+02 4.519747e-01
2.354400e+02 -1.036720e+02 4.515315e-01
2.355200e+02 -1.039556e+02 4.512386e-01
2.356000e+02 -1.042203e+02 4.511259e-01
2.356800e+02 -1.044862e+02 4.511967e-01
2.357600e+02 -1.047368e+02 4.514641e-01
2.358400e+02 -1.049685e+02 4.517982e-01
2.359200e+02 -1.051877e+02 4.521918e-01
2.360000e+02 -1.053875e+02 4.526094e-01
2.360800e+02 -1.055773e+02 4.529929e-01
2.361600e+02 -1.057236e+02 4.530605e-01
2.362400e+02 -1.058564e+02 4.531077e-01
2.363200e+02 -1.059476e+02 4.529006e-01
2.364000e+02 -1.060123e+02 4.525986e-01
2.364800e+02 -1.060434e+02 4.525136e-01
2.365600e+02 -1.060592e+02 4.525169e-01
2.366400e+02 -1.060567e+02 4.526686e-01
2.367200e+02 -1.060351e+02 4.527024e-01
2.368000e+02 -1.060049e+02 4.527434e-01
2.368800e+02 -1.059344e+02 4.525969e-01
2.369600e+02 -1.058593e+02 4.523705e-01
2.370400e+02 -1.057851e+02 4.521437e-01
2.371200e+02 -1.057042e+02 4.516600e-01
2.372000e+02 -1.056231e+02 4.508175e-01
2.372800e+02 -1.055333e+02 4.496606e-01
2.373600e+02 -1.054531e+02 4.484323e-01
2.374400e+02 -1.053755e+02 4.470463e-01
2.375200e+02 -1.053216e+02 4.456837e-01
2.376000e+02 -1.052691e+02 4.442422e-01
2.376800e+02 -1.052238e+02 4.428729e-01
2.377600e+02 -1.051965e+02 4.415874e-01
2.378400e+02 -1.051784e+02 4.405227e-01
2.379200e+02 -1.051720e+02 4.396271e-01
2.380000e+02 -1.051728e+02 4.388953e-01
2.380800e+02 -1.051748e+02 4.383162e-01
2.381600e+02 -1.051819e+02 4.379019e-01
2.382400e+02 -1.051819e+02 4.377106e-01
2.383200e+02 -1.051857e+02 4.378032e-01
2.384000e+02 -1.051926e+02 4.382738e-01
2.384800e+02 -1.051909e+02 4.391447e-01
2.385600e+02 -1.051894e+02 4.402796e-01
2.386400e+02 -1.051860e+02 4.417319e-01
2.387200e+02 -1.051647e+02 4.433876e-01
2.388000e+02 -1.051478e+02 4.454300e-01
2.388800e+02 -1.051209e+02 4.476670e-01
2.389600e+02 -1.050997e+02 4.501366e-01
2.390400e+02 -1.050765e+02 4.527025e-01
2.391200e+02 -1.050660e+02 4.550969e-01
2.392000e+02 -1.050509e+02 4.571720e-01
2.392800e+02 -1.050347e+02 4.588574e-01
2.393600e+02 -1.050241e+02 4.600157e-01
2.394400e+02 -1.050457e+02 4.605219e-01
2.395200e+02 -1.050749e+02 4.604052e-01
2.396000e+02 -1.051119e+02 4.599257e-01
2.396800e+02 -1.051599e+02 4.589724e-01
2.397600e+02 -1.052216e+02 4.578223e-01
2.398400e+02 -1.052920e+02 4.563767e-01
2.399200e+02 -1.053899e+02 4.546127e-01
2.400000e+02 -1.054964e+02 4.526537e-01
2.400800e+02 -1.056165e+02 4.506647e-01
