# Time Total_Circulation Enstrophy_Proxy
8.000000e-02 -1.766288e-07 5.126743e-12
1.600000e-01 -6.453823e-07 1.362231e-05
2.400000e-01 -5.228682e-04 2.527214e-04
3.200000e-01 -3.747230e-03 1.421887e-03
4.000000e-01 -8.685751e-03 4.650598e-03
4.800000e-01 -1.897667e-02 1.102099e-02
5.600000e-01 -4.293885e-02 2.104828e-02
6.400000e-01 -7.029559e-02 3.430596e-02
7.200000e-01 -1.213941e-01 4.949028e-02
8.000000e-01 -1.847136e-01 6.468064e-02
8.800000e-01 -2.526069e-01 7.781768e-02
9.600000e-01 -3.253590e-01 8.752856e-02
1.040000e+00 -3.840155e-01 9.294820e-02
1.120000e+00 -4.526750e-01 9.413241e-02
1.200000e+00 -5.216023e-01 9.318384e-02
1.280000e+00 -5.895119e-01 9.183845e-02
1.360000e+00 -6.472351e-01 9.047292e-02
1.440000e+00 -7.106206e-01 8.950537e-02
1.520000e+00 -7.618637e-01 8.875202e-02
1.600000e+00 -8.181266e-01 8.806457e-02
1.680000e+00 -8.740963e-01 8.732906e-02
1.760000e+00 -9.327043e-01 8.654539e-02
1.840000e+00 -9.935236e-01 8.568711e-02
1.920000e+00 -1.057130e+00 8.466226e-02
2.000000e+00 -1.123268e+00 8.357476e-02
2.080000e+00 -1.186218e+00 8.246948e-02
2.160000e+00 -1.251722e+00 8.135739e-02
2.240000e+00 -1.319789e+00 8.031517e-02
2.320000e+00 -1.388963e+00 7.937329e-02
2.400000e+00 -1.457367e+00 7.856441e-02
2.480000e+00 -1.523216e+00 7.785213e-02
2.560000e+00 -1.587773e+00 7.725803e-02
2.640000e+00 -1.652512e+00 7.679579e-02
2.720000e+00 -1.716233e+00 7.648959e-02
2.800000e+00 -1.779366e+00 7.632241e-02
2.880000e+00 -1.840742e+00 7.624193e-02
2.960000e+00 -1.902286e+00 7.623306e-02
3.040000e+00 -1.964356e+00 7.627572e-02
3.120000e+00 -2.026942e+00 7.635695e-02
3.200000e+00 -2.089875e+00 7.646582e-02
3.280000e+00 -2.153048e+00 7.659291e-02
3.360000e+00 -2.215362e+00 7.673577e-02
3.440000e+00 -2.277771e+00 7.688012e-02
3.520000e+00 -2.339968e+00 7.704563e-02
3.600000e+00 -2.400505e+00 7.721501e-02
3.680000e+00 -2.462109e+00 7.737455e-02
3.760000e+00 -2.523559e+00 7.752060e-02
3.840000e+00 -2.585119e+00 7.765231e-02
3.920000e+00 -2.648768e+00 7.774562e-02
4.000000e+00 -2.713462e+00 7.782351e-02
4.080000e+00 -2.779147e+00 7.788860e-02
4.160000e+00 -2.845500e+00 7.794016e-02
4.240000e+00 -2.911230e+00 7.797351e-02
4.320000e+00 -2.977242e+00 7.798975e-02
4.400000e+00 -3.044187e+00 7.799209e-02
4.480000e+00 -3.112588e+00 7.798324e-02
4.560000e+00 -3.181620e+00 7.796349e-02
4.640000e+00 -3.251410e+00 7.793471e-02
4.720000e+00 -3.322505e+00 7.790067e-02
4.800000e+00 -3.394189e+00 7.786189e-02
4.880000e+00 -3.462282e+00 7.777216e-02
4.960000e+00 -3.531592e+00 7.769302e-02
5.040000e+00 -3.600769e+00 7.761379e-02
5.120000e+00 -3.669659e+00 7.753603e-02
5.200000e+00 -3.738547e+00 7.746232e-02
5.280000e+00 -3.807037e+00 7.739439e-02
5.360000e+00 -3.875126e+00 7.733311e-02
5.440000e+00 -3.944986e+00 7.726604e-02
5.520000e+00 -4.014109e+00 7.720851e-02
5.600000e+00 -4.082845e+00 7.716009e-02
5.680000e+00 -4.151348e+00 7.711846e-02
5.760000e+00 -4.217759e+00 7.708830e-02
5.840000e+00 -4.284598e+00 7.706381e-02
5.920000e+00 -4.351187e+00 7.704126e-02
6.000000e+00 -4.416932e+00 7.701977e-02
6.080000e+00 -4.480846e+00 7.699762e-02
6.160000e+00 -4.543924e+00 7.697701e-02
6.240000e+00 -4.605926e+00 7.695742e-02
6.320000e+00 -4.666776e+00 7.693865e-02
6.400000e+00 -4.726469e+00 7.692052e-02
6.480000e+00 -4.785230e+00 7.690277e-02
6.560000e+00 -4.842587e+00 7.688592e-02
6.640000e+00 -4.896581e+00 7.685828e-02
6.720000e+00 -4.948030e+00 7.683395e-02
6.800000e+00 -4.997681e+00 7.681177e-02
6.880000e+00 -5.045437e+00 7.679075e-02
6.960000e+00 -5.091231e+00 7.676973e-02
7.040000e+00 -5.134979e+00 7.674782e-02
7.120000e+00 -5.176530e+00 7.672438e-02
7.200000e+00 -5.214078e+00 7.670854e-02
7.280000e+00 -5.249606e+00 7.668965e-02
7.360000e+00 -5.282476e+00 7.666565e-02
7.440000e+00 -5.310188e+00 7.661652e-02
7.520000e+00 -5.335087e+00 7.656438e-02
7.600000e+00 -5.356708e+00 7.651318e-02
7.680000e+00 -5.375036e+00 7.646195e-02
7.760000e+00 -5.389979e+00 7.640929e-02
7.840000e+00 -5.401421e+00 7.635398e-02
7.920000e+00 -5.409821e+00 7.629646e-02
8.000000e+00 -5.414909e+00 7.623562e-02
8.080000e+00 -5.415981e+00 7.617147e-02
8.160000e+00 -5.413026e+00 7.610307e-02
8.240000e+00 -5.405894e+00 7.603039e-02
8.320000e+00 -5.394580e+00 7.595361e-02
8.400000e+00 -5.378775e+00 7.587290e-02
8.480000e+00 -5.358334e+00 7.578872e-02
8.560000e+00 -5.337468e+00 7.573862e-02
8.640000e+00 -5.311498e+00 7.568049e-02
8.720000e+00 -5.280803e+00 7.561517e-02
8.800000e+00 -5.242972e+00 7.556293e-02
8.880000e+00 -5.199933e+00 7.550690e-02
8.960000e+00 -5.151476e+00 7.544222e-02
9.040000e+00 -5.097768e+00 7.537019e-02
9.120000e+00 -5.040548e+00 7.528579e-02
9.200000e+00 -4.976635e+00 7.520025e-02
9.280000e+00 -4.908425e+00 7.510989e-02
9.360000e+00 -4.835866e+00 7.502077e-02
9.440000e+00 -4.757306e+00 7.494243e-02
9.520000e+00 -4.672625e+00 7.487622e-02
9.600000e+00 -4.582136e+00 7.482264e-02
9.680000e+00 -4.485832e+00 7.478298e-02
9.760000e+00 -4.383712e+00 7.475911e-02
9.840000e+00 -4.277052e+00 7.475010e-02
9.920000e+00 -4.164393e+00 7.476077e-02
1.000000e+01 -4.042906e+00 7.482375e-02
1.008000e+01 -3.915235e+00 7.491267e-02
1.016000e+01 -3.781128e+00 7.502159e-02
1.024000e+01 -3.641025e+00 7.515102e-02
1.032000e+01 -3.495096e+00 7.529214e-02
1.040000e+01 -3.343360e+00 7.546195e-02
1.048000e+01 -3.184599e+00 7.566761e-02
1.056000e+01 -3.021096e+00 7.590780e-02
1.064000e+01 -2.851869e+00 7.618863e-02
1.072000e+01 -2.677299e+00 7.650902e-02
1.080000e+01 -2.497561e+00 7.686975e-02
1.088000e+01 -2.312214e+00 7.727273e-02
1.096000e+01 -2.122048e+00 7.771878e-02
1.104000e+01 -1.927127e+00 7.820788e-02
1.112000e+01 -1.726945e+00 7.874256e-02
1.120000e+01 -1.522338e+00 7.932107e-02
1.128000e+01 -1.313145e+00 7.994527e-02
1.136000e+01 -1.105392e+00 8.056141e-02
1.144000e+01 -8.904190e-01 8.122046e-02
1.152000e+01 -6.726288e-01 8.192958e-02
1.160000e+01 -4.515009e-01 8.268803e-02
1.168000e+01 -2.294088e-01 8.349808e-02
1.176000e+01 -1.899324e-03 8.434953e-02
1.184000e+01 2.272174e-01 8.526491e-02
1.192000e+01 4.582804e-01 8.623979e-02
1.200000e+01 6.904637e-01 8.727144e-02
1.208000e+01 9.258401e-01 8.835715e-02
1.216000e+01 1.162369e+00 8.949437e-02
1.224000e+01 1.399840e+00 9.067654e-02
1.232000e+01 1.637954e+00 9.190124e-02
1.240000e+01 1.875786e+00 9.316749e-02
1.248000e+01 2.113584e+00 9.447211e-02
1.256000e+01 2.344229e+00 9.575062e-02
1.264000e+01 2.569868e+00 9.704367e-02
1.272000e+01 2.798098e+00 9.839399e-02
1.280000e+01 3.017740e+00 9.971654e-02
1.288000e+01 3.237547e+00 1.010857e-01
1.296000e+01 3.455916e+00 1.024846e-01
1.304000e+01 3.668533e+00 1.039005e-01
1.312000e+01 3.872303e+00 1.053094e-01
1.320000e+01 4.073593e+00 1.067506e-01
1.328000e+01 4.270378e+00 1.082078e-01
1.336000e+01 4.460979e+00 1.096735e-01
1.344000e+01 4.647249e+00 1.111451e-01
1.352000e+01 4.819694e+00 1.125349e-01
1.360000e+01 4.988053e+00 1.139572e-01
1.368000e+01 5.147788e+00 1.153712e-01
1.376000e+01 5.301122e+00 1.167728e-01
1.384000e+01 5.446137e+00 1.181677e-01
1.392000e+01 5.573160e+00 1.194163e-01
1.400000e+01 5.693116e+00 1.206766e-01
1.408000e+01 5.804148e+00 1.219150e-01
1.416000e+01 5.904203e+00 1.231511e-01
1.424000e+01 5.994940e+00 1.243773e-01
1.432000e+01 6.075784e+00 1.255915e-01
1.440000e+01 6.148300e+00 1.267835e-01
1.448000e+01 6.211480e+00 1.279456e-01
1.456000e+01 6.267459e+00 1.290675e-01
1.464000e+01 6.314710e+00 1.301506e-01
1.472000e+01 6.353715e+00 1.311940e-01
1.480000e+01 6.384560e+00 1.321947e-01
1.488000e+01 6.407254e+00 1.331543e-01
1.496000e+01 6.423843e+00 1.340810e-01
1.504000e+01 6.436424e+00 1.349921e-01
1.512000e+01 6.440351e+00 1.358610e-01
1.520000e+01 6.436620e+00 1.366874e-01
1.528000e+01 6.424114e+00 1.374654e-01
1.536000e+01 6.403764e+00 1.382104e-01
1.544000e+01 6.381133e+00 1.389130e-01
1.552000e+01 6.356798e+00 1.395269e-01
1.560000e+01 6.340751e+00 1.402874e-01
1.568000e+01 6.318447e+00 1.409333e-01
1.576000e+01 6.290094e+00 1.415457e-01
1.584000e+01 6.260498e+00 1.421379e-01
1.592000e+01 6.230714e+00 1.427113e-01
1.600000e+01 6.197921e+00 1.432567e-01
1.608000e+01 6.155374e+00 1.437410e-01
1.616000e+01 6.107993e+00 1.441341e-01
1.624000e+01 6.054246e+00 1.444631e-01
1.632000e+01 5.998493e+00 1.446675e-01
1.640000e+01 5.937403e+00 1.448121e-01
1.648000e+01 5.870533e+00 1.448935e-01
1.656000e+01 5.795950e+00 1.449173e-01
1.664000e+01 5.713245e+00 1.448822e-01
1.672000e+01 5.627381e+00 1.447745e-01
1.680000e+01 5.537437e+00 1.445904e-01
1.688000e+01 5.436702e+00 1.443731e-01
1.696000e+01 5.327612e+00 1.441420e-01
1.704000e+01 5.212381e+00 1.438690e-01
1.712000e+01 5.088372e+00 1.436227e-01
1.720000e+01 4.956046e+00 1.434057e-01
1.728000e+01 4.818671e+00 1.432329e-01
1.736000e+01 4.673362e+00 1.431185e-01
1.744000e+01 4.518774e+00 1.430258e-01
1.752000e+01 4.355835e+00 1.429445e-01
1.760000e+01 4.188123e+00 1.429070e-01
1.768000e+01 4.020986e+00 1.428878e-01
1.776000e+01 3.851578e+00 1.429087e-01
1.784000e+01 3.680004e+00 1.429394e-01
1.792000e+01 3.508994e+00 1.430005e-01
1.800000e+01 3.338031e+00 1.430286e-01
1.808000e+01 3.165104e+00 1.430317e-01
1.816000e+01 2.990091e+00 1.430176e-01
1.824000e+01 2.812784e+00 1.429898e-01
1.832000e+01 2.632326e+00 1.429603e-01
1.840000e+01 2.449458e+00 1.429297e-01
1.848000e+01 2.266073e+00 1.429238e-01
1.856000e+01 2.080013e+00 1.429417e-01
1.864000e+01 1.890465e+00 1.429916e-01
1.872000e+01 1.699141e+00 1.430595e-01
1.880000e+01 1.507343e+00 1.431470e-01
1.888000e+01 1.320010e+00 1.432432e-01
1.896000e+01 1.132015e+00 1.433585e-01
1.904000e+01 9.401529e-01 1.435163e-01
1.912000e+01 7.531372e-01 1.436960e-01
1.920000e+01 5.653399e-01 1.438774e-01
1.928000e+01 3.787641e-01 1.440625e-01
1.936000e+01 1.960978e-01 1.442653e-01
1.944000e+01 1.585663e-02 1.444670e-01
1.952000e+01 -1.672643e-01 1.446637e-01
1.960000e+01 -3.482010e-01 1.448577e-01
1.968000e+01 -5.274037e-01 1.450420e-01
1.976000e+01 -7.041824e-01 1.452150e-01
1.984000e+01 -8.786320e-01 1.453726e-01
1.992000e+01 -1.049926e+00 1.455156e-01
2.000000e+01 -1.210791e+00 1.455697e-01
2.008000e+01 -1.371270e+00 1.456646e-01
2.016000e+01 -1.529319e+00 1.457453e-01
2.024000e+01 -1.680979e+00 1.457920e-01
2.032000e+01 -1.829742e+00 1.458127e-01
2.040000e+01 -1.973268e+00 1.458243e-01
2.048000e+01 -2.110728e+00 1.458217e-01
2.056000e+01 -2.246035e+00 1.458179e-01
2.064000e+01 -2.379407e+00 1.457959e-01
2.072000e+01 -2.508064e+00 1.457719e-01
2.080000e+01 -2.628857e+00 1.457451e-01
2.088000e+01 -2.747866e+00 1.457002e-01
2.096000e+01 -2.864176e+00 1.456389e-01
2.104000e+01 -2.975686e+00 1.455639e-01
2.112000e+01 -3.078513e+00 1.454754e-01
2.120000e+01 -3.176330e+00 1.453743e-01
2.128000e+01 -3.271909e+00 1.452592e-01
2.136000e+01 -3.361632e+00 1.451410e-01
2.144000e+01 -3.450300e+00 1.449761e-01
2.152000e+01 -3.535810e+00 1.448004e-01
2.160000e+01 -3.616427e+00 1.446100e-01
2.168000e+01 -3.692328e+00 1.444025e-01
2.176000e+01 -3.762049e+00 1.441881e-01
2.184000e+01 -3.827179e+00 1.439582e-01
2.192000e+01 -3.887585e+00 1.437092e-01
2.200000e+01 -3.943672e+00 1.434317e-01
2.208000e+01 -3.993114e+00 1.431357e-01
2.216000e+01 -4.038488e+00 1.428237e-01
2.224000e+01 -4.082706e+00 1.424883e-01
2.232000e+01 -4.122324e+00 1.421472e-01
2.240000e+01 -4.157446e+00 1.418031e-01
2.248000e+01 -4.189193e+00 1.414598e-01
2.256000e+01 -4.221005e+00 1.410782e-01
2.264000e+01 -4.254396e+00 1.406601e-01
2.272000e+01 -4.285656e+00 1.402627e-01
2.280000e+01 -4.319334e+00 1.398516e-01
2.288000e+01 -4.351795e+00 1.394664e-01
2.296000e+01 -4.384386e+00 1.390893e-01
2.304000e+01 -4.418622e+00 1.386880e-01
2.312000e+01 -4.450388e+00 1.383106e-01
2.320000e+01 -4.479261e+00 1.379479e-01
2.328000e+01 -4.503955e+00 1.375933e-01
2.336000e+01 -4.526431e+00 1.372360e-01
2.344000e+01 -4.545266e+00 1.368675e-01
2.352000e+01 -4.555505e+00 1.364973e-01
2.360000e+01 -4.560233e+00 1.361150e-01
2.368000e+01 -4.561381e+00 1.357141e-01
2.376000e+01 -4.554312e+00 1.352569e-01
2.384000e+01 -4.544504e+00 1.347734e-01
2.392000e+01 -4.527379e+00 1.342987e-01
2.400000e+01 -4.503463e+00 1.338069e-01
2.408000e+01 -4.475066e+00 1.333286e-01
2.416000e+01 -4.439814e+00 1.328386e-01
2.424000e+01 -4.399613e+00 1.323620e-01
2.432000e+01 -4.351790e+00 1.319197e-01
2.440000e+01 -4.299024e+00 1.314996e-01
2.448000e+01 -4.238800e+00 1.311192e-01
2.456000e+01 -4.172656e+00 1.307609e-01
2.464000e+01 -4.101163e+00 1.304206e-01
2.472000e+01 -4.023315e+00 1.301018e-01
2.480000e+01 -3.940063e+00 1.298056e-01
2.488000e+01 -3.856040e+00 1.295670e-01
2.496000e+01 -3.765271e+00 1.293503e-01
2.504000e+01 -3.670196e+00 1.291584e-01
2.512000e+01 -3.570110e+00 1.289875e-01
2.520000e+01 -3.462864e+00 1.288505e-01
2.528000e+01 -3.351523e+00 1.287401e-01
2.536000e+01 -3.235666e+00 1.286514e-01
2.544000e+01 -3.111606e+00 1.286227e-01
2.552000e+01 -2.983545e+00 1.286196e-01
2.560000e+01 -2.853130e+00 1.286142e-01
2.568000e+01 -2.720252e+00 1.286323e-01
2.576000e+01 -2.586062e+00 1.286557e-01
2.584000e+01 -2.447750e+00 1.286872e-01
2.592000e+01 -2.309209e+00 1.287215e-01
2.600000e+01 -2.166167e+00 1.287737e-01
2.608000e+01 -2.018045e+00 1.288415e-01
2.616000e+01 -1.866895e+00 1.289322e-01
2.624000e+01 -1.712623e+00 1.290448e-01
2.632000e+01 -1.559941e+00 1.291650e-01
2.640000e+01 -1.404066e+00 1.293065e-01
2.648000e+01 -1.245997e+00 1.294697e-01
2.656000e+01 -1.085718e+00 1.296554e-01
2.664000e+01 -9.228927e-01 1.298569e-01
2.672000e+01 -7.582650e-01 1.300849e-01
2.680000e+01 -5.914248e-01 1.303408e-01
2.688000e+01 -4.296133e-01 1.305637e-01
2.696000e+01 -2.661394e-01 1.308369e-01
2.704000e+01 -1.005174e-01 1.311469e-01
2.712000e+01 6.483390e-02 1.314819e-01
2.720000e+01 2.280650e-01 1.318359e-01
2.728000e+01 3.899201e-01 1.322215e-01
2.736000e+01 5.506661e-01 1.326369e-01
2.744000e+01 7.091411e-01 1.330832e-01
2.752000e+01 8.659544e-01 1.335552e-01
2.760000e+01 1.020856e+00 1.340498e-01
2.768000e+01 1.175395e+00 1.345508e-01
2.776000e+01 1.328196e+00 1.350747e-01
2.784000e+01 1.479711e+00 1.356156e-01
2.792000e+01 1.627809e+00 1.361732e-01
2.800000e+01 1.773014e+00 1.367414e-01
2.808000e+01 1.913507e+00 1.373210e-01
2.816000e+01 2.051143e+00 1.378990e-01
2.824000e+01 2.185865e+00 1.384789e-01
2.832000e+01 2.313993e+00 1.390671e-01
2.840000e+01 2.437506e+00 1.396525e-01
2.848000e+01 2.556853e+00 1.402312e-01
2.856000e+01 2.670863e+00 1.408069e-01
2.864000e+01 2.780259e+00 1.413722e-01
2.872000e+01 2.883391e+00 1.419257e-01
2.880000e+01 2.982021e+00 1.424661e-01
2.888000e+01 3.076036e+00 1.429945e-01
2.896000e+01 3.164637e+00 1.435106e-01
2.904000e+01 3.248484e+00 1.440142e-01
2.912000e+01 3.329220e+00 1.444983e-01
2.920000e+01 3.404928e+00 1.449754e-01
2.928000e+01 3.475967e+00 1.454424e-01
2.936000e+01 3.545607e+00 1.458782e-01
2.944000e+01 3.610336e+00 1.463076e-01
2.952000e+01 3.670169e+00 1.467120e-01
2.960000e+01 3.725685e+00 1.471053e-01
2.968000e+01 3.774255e+00 1.475120e-01
2.976000e+01 3.818794e+00 1.479057e-01
2.984000e+01 3.859372e+00 1.482748e-01
2.992000e+01 3.896130e+00 1.486146e-01
3.000000e+01 3.930834e+00 1.489222e-01
3.008000e+01 3.965931e+00 1.491475e-01
3.016000e+01 4.003625e+00 1.492992e-01
3.024000e+01 4.038025e+00 1.494226e-01
3.032000e+01 4.073750e+00 1.494909e-01
3.040000e+01 4.107007e+00 1.495166e-01
3.048000e+01 4.138279e+00 1.494962e-01
3.056000e+01 4.168640e+00 1.494031e-01
3.064000e+01 4.194661e+00 1.492602e-01
3.072000e+01 4.222691e+00 1.490312e-01
3.080000e+01 4.247478e+00 1.487688e-01
3.088000e+01 4.267508e+00 1.484720e-01
3.096000e+01 4.284169e+00 1.481374e-01
3.104000e+01 4.302627e+00 1.477189e-01
3.112000e+01 4.315179e+00 1.472809e-01
3.120000e+01 4.324046e+00 1.468193e-01
3.128000e+01 4.326949e+00 1.463417e-01
3.136000e+01 4.321429e+00 1.458572e-01
3.144000e+01 4.309124e+00 1.453529e-01
3.152000e+01 4.290317e+00 1.448353e-01
3.160000e+01 4.264112e+00 1.443207e-01
3.168000e+01 4.231924e+00 1.438083e-01
3.176000e+01 4.189897e+00 1.433096e-01
3.184000e+01 4.141602e+00 1.428301e-01
3.192000e+01 4.083346e+00 1.423765e-01
3.200000e+01 4.019446e+00 1.419529e-01
3.208000e+01 3.946554e+00 1.415640e-01
3.216000e+01 3.863862e+00 1.411961e-01
3.224000e+01 3.776749e+00 1.408525e-01
3.232000e+01 3.680918e+00 1.405406e-01
3.240000e+01 3.580305e+00 1.402511e-01
3.248000e+01 3.470156e+00 1.400075e-01
3.256000e+01 3.355320e+00 1.398150e-01
3.264000e+01 3.231027e+00 1.396220e-01
3.272000e+01 3.098858e+00 1.394740e-01
3.280000e+01 2.957847e+00 1.393677e-01
3.288000e+01 2.811287e+00 1.392985e-01
3.296000e+01 2.660595e+00 1.392556e-01
3.304000e+01 2.506398e+00 1.392527e-01
3.312000e+01 2.347344e+00 1.392689e-01
3.320000e+01 2.184053e+00 1.393011e-01
3.328000e+01 2.011973e+00 1.393764e-01
3.336000e+01 1.833984e+00 1.394769e-01
3.344000e+01 1.651398e+00 1.395908e-01
3.352000e+01 1.462911e+00 1.397191e-01
3.360000e+01 1.270074e+00 1.398607e-01
3.368000e+01 1.072040e+00 1.400184e-01
3.376000e+01 8.713351e-01 1.401864e-01
3.384000e+01 6.647823e-01 1.403786e-01
3.392000e+01 4.532439e-01 1.405972e-01
3.400000e+01 2.374646e-01 1.408340e-01
3.408000e+01 1.674824e-02 1.411026e-01
3.416000e+01 -2.074890e-01 1.414036e-01
3.424000e+01 -4.341391e-01 1.417278e-01
3.432000e+01 -6.673090e-01 1.421241e-01
3.440000e+01 -9.044046e-01 1.425628e-01
3.448000e+01 -1.145575e+00 1.430353e-01
3.456000e+01 -1.389284e+00 1.435408e-01
3.464000e+01 -1.630002e+00 1.440214e-01
3.472000e+01 -1.873431e+00 1.445469e-01
3.480000e+01 -2.116974e+00 1.451219e-01
3.488000e+01 -2.361778e+00 1.457447e-01
3.496000e+01 -2.607020e+00 1.464207e-01
3.504000e+01 -2.851375e+00 1.471524e-01
3.512000e+01 -3.096349e+00 1.479353e-01
3.520000e+01 -3.341173e+00 1.487682e-01
3.528000e+01 -3.584042e+00 1.496493e-01
3.536000e+01 -3.826341e+00 1.505686e-01
3.544000e+01 -4.067488e+00 1.515242e-01
3.552000e+01 -4.304912e+00 1.525149e-01
3.560000e+01 -4.542338e+00 1.535370e-01
3.568000e+01 -4.778942e+00 1.545803e-01
3.576000e+01 -5.013520e+00 1.556376e-01
3.584000e+01 -5.246353e+00 1.567061e-01
3.592000e+01 -5.475776e+00 1.577860e-01
3.600000e+01 -5.698856e+00 1.588880e-01
3.608000e+01 -5.918768e+00 1.599818e-01
3.616000e+01 -6.133099e+00 1.610867e-01
3.624000e+01 -6.336290e+00 1.621181e-01
3.632000e+01 -6.537564e+00 1.631593e-01
3.640000e+01 -6.728873e+00 1.641153e-01
3.648000e+01 -6.912269e+00 1.650351e-01
3.656000e+01 -7.093711e+00 1.659534e-01
3.664000e+01 -7.272502e+00 1.668501e-01
3.672000e+01 -7.449877e+00 1.677197e-01
3.680000e+01 -7.623130e+00 1.685847e-01
3.688000e+01 -7.792852e+00 1.694459e-01
3.696000e+01 -7.958644e+00 1.703091e-01
3.704000e+01 -8.120491e+00 1.711697e-01
3.712000e+01 -8.269111e+00 1.718822e-01
3.720000e+01 -8.413795e+00 1.726085e-01
3.728000e+01 -8.546855e+00 1.732391e-01
3.736000e+01 -8.677735e+00 1.739091e-01
3.744000e+01 -8.803755e+00 1.745940e-01
3.752000e+01 -8.924563e+00 1.752962e-01
3.760000e+01 -9.041536e+00 1.760133e-01
3.768000e+01 -9.155581e+00 1.767439e-01
3.776000e+01 -9.264621e+00 1.774701e-01
3.784000e+01 -9.375177e+00 1.781595e-01
3.792000e+01 -9.484838e+00 1.788423e-01
3.800000e+01 -9.592700e+00 1.795208e-01
3.808000e+01 -9.699142e+00 1.801804e-01
3.816000e+01 -9.804292e+00 1.808121e-01
3.824000e+01 -9.913450e+00 1.813789e-01
3.832000e+01 -1.002147e+01 1.819145e-01
3.840000e+01 -1.012870e+01 1.823948e-01
3.848000e+01 -1.024253e+01 1.827271e-01
3.856000e+01 -1.035576e+01 1.830058e-01
3.864000e+01 -1.048222e+01 1.830809e-01
3.872000e+01 -1.060464e+01 1.831506e-01
3.880000e+01 -1.072895e+01 1.831770e-01
3.888000e+01 -1.085338e+01 1.831686e-01
3.896000e+01 -1.098417e+01 1.832044e-01
3.904000e+01 -1.111029e+01 1.831842e-01
3.912000e+01 -1.123819e+01 1.830720e-01
3.920000e+01 -1.136570e+01 1.829667e-01
3.928000e+01 -1.148603e+01 1.828203e-01
3.936000e+01 -1.160711e+01 1.825612e-01
3.944000e+01 -1.172487e+01 1.822461e-01
3.952000e+01 -1.183792e+01 1.818827e-01
3.960000e+01 -1.194783e+01 1.814715e-01
3.968000e+01 -1.205356e+01 1.811639e-01
3.976000e+01 -1.216703e+01 1.809048e-01
3.984000e+01 -1.227325e+01 1.805999e-01
3.992000e+01 -1.237801e+01 1.802475e-01
4.000000e+01 -1.247825e+01 1.798433e-01
4.008000e+01 -1.257470e+01 1.793945e-01
4.016000e+01 -1.266937e+01 1.789112e-01
4.024000e+01 -1.276112e+01 1.783976e-01
4.032000e+01 -1.284753e+01 1.778666e-01
4.040000e+01 -1.293013e+01 1.773170e-01
4.048000e+01 -1.300923e+01 1.767564e-01
4.056000e+01 -1.308394e+01 1.761991e-01
4.064000e+01 -1.315182e+01 1.756378e-01
4.072000e+01 -1.321761e+01 1.750793e-01
4.080000e+01 -1.328140e+01 1.745370e-01
4.088000e+01 -1.334251e+01 1.740083e-01
4.096000e+01 -1.340125e+01 1.735080e-01
4.104000e+01 -1.345608e+01 1.730284e-01
4.112000e+01 -1.350841e+01 1.725757e-01
4.120000e+01 -1.355830e+01 1.721568e-01
4.128000e+01 -1.360397e+01 1.717117e-01
4.136000e+01 -1.364729e+01 1.713140e-01
4.144000e+01 -1.368857e+01 1.709623e-01
4.152000e+01 -1.372914e+01 1.706332e-01
4.160000e+01 -1.376387e+01 1.703167e-01
4.168000e+01 -1.379577e+01 1.700284e-01
4.176000e+01 -1.382288e+01 1.697842e-01
4.184000e+01 -1.384836e+01 1.695712e-01
4.192000e+01 -1.387188e+01 1.693583e-01
4.200000e+01 -1.389234e+01 1.691435e-01
4.208000e+01 -1.391020e+01 1.689249e-01
4.216000e+01 -1.392578e+01 1.687011e-01
4.224000e+01 -1.394114e+01 1.684668e-01
4.232000e+01 -1.395424e+01 1.682260e-01
4.240000e+01 -1.396469e+01 1.679775e-01
4.248000e+01 -1.397362e+01 1.677236e-01
4.256000e+01 -1.397836e+01 1.674858e-01
4.264000e+01 -1.398104e+01 1.672439e-01
4.272000e+01 -1.398201e+01 1.669919e-01
4.280000e+01 -1.398156e+01 1.667276e-01
4.288000e+01 -1.398022e+01 1.664542e-01
4.296000e+01 -1.397683e+01 1.661728e-01
4.304000e+01 -1.397434e+01 1.658757e-01
4.312000e+01 -1.396975e+01 1.655716e-01
4.320000e+01 -1.396452e+01 1.652649e-01
4.328000e+01 -1.395878e+01 1.649559e-01
4.336000e+01 -1.395092e+01 1.646389e-01
4.344000e+01 -1.394291e+01 1.643248e-01
4.352000e+01 -1.393486e+01 1.640118e-01
4.360000e+01 -1.392698e+01 1.636993e-01
4.368000e+01 -1.392010e+01 1.633882e-01
4.376000e+01 -1.391398e+01 1.630775e-01
4.384000e+01 -1.390886e+01 1.627674e-01
4.392000e+01 -1.390502e+01 1.624581e-01
4.400000e+01 -1.390365e+01 1.621547e-01
4.408000e+01 -1.390379e+01 1.618519e-01
4.416000e+01 -1.391066e+01 1.615863e-01
4.424000e+01 -1.391978e+01 1.613180e-01
4.432000e+01 -1.393082e+01 1.610476e-01
4.440000e+01 -1.394555e+01 1.607754e-01
4.448000e+01 -1.396600e+01 1.605003e-01
4.456000e+01 -1.399487e+01 1.601822e-01
4.464000e+01 -1.402573e+01 1.598910e-01
4.472000e+01 -1.406538e+01 1.596028e-01
4.480000e+01 -1.410938e+01 1.593268e-01
4.488000e+01 -1.415847e+01 1.590647e-01
4.496000e+01 -1.421273e+01 1.588162e-01
4.504000e+01 -1.427224e+01 1.585812e-01
4.512000e+01 -1.433752e+01 1.583603e-01
4.520000e+01 -1.440826e+01 1.581530e-01
4.528000e+01 -1.448618e+01 1.579544e-01
4.536000e+01 -1.456939e+01 1.577721e-01
4.544000e+01 -1.465796e+01 1.576084e-01
4.552000e+01 -1.475238e+01 1.574614e-01
4.560000e+01 -1.485420e+01 1.573347e-01
4.568000e+01 -1.496401e+01 1.572184e-01
4.576000e+01 -1.508114e+01 1.571253e-01
4.584000e+01 -1.520312e+01 1.570410e-01
4.592000e+01 -1.533128e+01 1.569735e-01
4.600000e+01 -1.546776e+01 1.569338e-01
4.608000e+01 -1.561115e+01 1.569159e-01
4.616000e+01 -1.576206e+01 1.569123e-01
4.624000e+01 -1.592016e+01 1.569266e-01
4.632000e+01 -1.608204e+01 1.569478e-01
4.640000e+01 -1.625164e+01 1.569870e-01
4.648000e+01 -1.642787e+01 1.570459e-01
4.656000e+01 -1.661118e+01 1.571251e-01
4.664000e+01 -1.680153e+01 1.572243e-01
4.672000e+01 -1.699905e+01 1.573437e-01
4.680000e+01 -1.719811e+01 1.574700e-01
4.688000e+01 -1.740539e+01 1.576141e-01
4.696000e+01 -1.761779e+01 1.577896e-01
4.704000e+01 -1.783986e+01 1.579674e-01
4.712000e+01 -1.806973e+01 1.581723e-01
4.720000e+01 -1.830576e+01 1.584104e-01
4.728000e+01 -1.854666e+01 1.586721e-01
4.736000e+01 -1.879356e+01 1.589574e-01
4.744000e+01 -1.904858e+01 1.592702e-01
4.752000e+01 -1.930747e+01 1.595971e-01
4.760000e+01 -1.957510e+01 1.599717e-01
4.768000e+01 -1.984632e+01 1.603682e-01
4.776000e+01 -2.012436e+01 1.607952e-01
4.784000e+01 -2.041122e+01 1.612744e-01
4.792000e+01 -2.070397e+01 1.617935e-01
4.800000e+01 -2.100347e+01 1.623429e-01
4.808000e+01 -2.130460e+01 1.628667e-01
4.816000e+01 -2.160479e+01 1.633638e-01
4.824000e+01 -2.191128e+01 1.639015e-01
4.832000e+01 -2.222489e+01 1.644884e-01
4.840000e+01 -2.253308e+01 1.650307e-01
4.848000e+01 -2.284785e+01 1.655981e-01
4.856000e+01 -2.316033e+01 1.661290e-01
4.864000e+01 -2.347669e+01 1.666866e-01
4.872000e+01 -2.379563e+01 1.672575e-01
4.880000e+01 -2.411705e+01 1.678446e-01
4.888000e+01 -2.444036e+01 1.684447e-01
4.896000e+01 -2.476610e+01 1.690662e-01
4.904000e+01 -2.509522e+01 1.697062e-01
4.912000e+01 -2.542142e+01 1.703148e-01
4.920000e+01 -2.575019e+01 1.709441e-01
4.928000e+01 -2.608265e+01 1.715907e-01
4.936000e+01 -2.641670e+01 1.722702e-01
4.944000e+01 -2.675436e+01 1.729842e-01
4.952000e+01 -2.709435e+01 1.737324e-01
4.960000e+01 -2.743593e+01 1.745149e-01
4.968000e+01 -2.777876e+01 1.753132e-01
4.976000e+01 -2.812243e+01 1.761541e-01
4.984000e+01 -2.846874e+01 1.770286e-01
4.992000e+01 -2.881619e+01 1.779389e-01
5.000000e+01 -2.916652e+01 1.788802e-01
5.008000e+01 -2.951742e+01 1.798664e-01
5.016000e+01 -2.985888e+01 1.808146e-01
5.024000e+01 -3.020145e+01 1.817757e-01
5.032000e+01 -3.054216e+01 1.827617e-01
5.040000e+01 -3.088375e+01 1.837455e-01
5.048000e+01 -3.122673e+01 1.847799e-01
5.056000e+01 -3.155827e+01 1.857972e-01
5.064000e+01 -3.188919e+01 1.868678e-01
5.072000e+01 -3.221895e+01 1.879687e-01
5.080000e+01 -3.254748e+01 1.891039e-01
5.088000e+01 -3.287050e+01 1.902726e-01
5.096000e+01 -3.319152e+01 1.914684e-01
5.104000e+01 -3.350787e+01 1.926482e-01
5.112000e+01 -3.382078e+01 1.938606e-01
5.120000e+01 -3.413246e+01 1.950847e-01
5.128000e+01 -3.444239e+01 1.963252e-01
5.136000e+01 -3.474799e+01 1.975716e-01
5.144000e+01 -3.505254e+01 1.988366e-01
5.152000e+01 -3.535642e+01 2.001042e-01
5.160000e+01 -3.565905e+01 2.013740e-01
5.168000e+01 -3.596030e+01 2.026505e-01
5.176000e+01 -3.625828e+01 2.039445e-01
5.184000e+01 -3.655359e+01 2.052477e-01
5.192000e+01 -3.684762e+01 2.065375e-01
5.200000e+01 -3.714141e+01 2.078177e-01
5.208000e+01 -3.743510e+01 2.090874e-01
5.216000e+01 -3.772763e+01 2.103460e-01
5.224000e+01 -3.801492e+01 2.116417e-01
5.232000e+01 -3.829831e+01 2.129475e-01
5.240000e+01 -3.858138e+01 2.142279e-01
5.248000e+01 -3.885752e+01 2.154417e-01
5.256000e+01 -3.913755e+01 2.167265e-01
5.264000e+01 -3.941255e+01 2.180273e-01
5.272000e+01 -3.968158e+01 2.193328e-01
5.280000e+01 -3.994873e+01 2.206161e-01
5.288000e+01 -4.021478e+01 2.218688e-01
5.296000e+01 -4.047943e+01 2.230828e-01
5.304000e+01 -4.074454e+01 2.242486e-01
5.312000e+01 -4.100915e+01 2.253711e-01
5.320000e+01 -4.127395e+01 2.264556e-01
5.328000e+01 -4.153935e+01 2.275104e-01
5.336000e+01 -4.180568e+01 2.285435e-01
5.344000e+01 -4.207321e+01 2.295607e-01
5.352000e+01 -4.234479e+01 2.305823e-01
5.360000e+01 -4.261551e+01 2.315613e-01
5.368000e+01 -4.288856e+01 2.325377e-01
5.376000e+01 -4.316380e+01 2.335137e-01
5.384000e+01 -4.344156e+01 2.344855e-01
5.392000e+01 -4.371962e+01 2.354291e-01
5.400000e+01 -4.400055e+01 2.363598e-01
5.408000e+01 -4.428451e+01 2.372792e-01
5.416000e+01 -4.457338e+01 2.381851e-01
5.424000e+01 -4.486647e+01 2.390702e-01
5.432000e+01 -4.516270e+01 2.399367e-01
5.440000e+01 -4.546319e+01 2.407871e-01
5.448000e+01 -4.576612e+01 2.416135e-01
5.456000e+01 -4.607201e+01 2.424119e-01
5.464000e+01 -4.638008e+01 2.431796e-01
5.472000e+01 -4.669097e+01 2.439127e-01
5.480000e+01 -4.700381e+01 2.446114e-01
5.488000e+01 -4.731844e+01 2.452729e-01
5.496000e+01 -4.763723e+01 2.459169e-01
5.504000e+01 -4.795705e+01 2.465226e-01
5.512000e+01 -4.827838e+01 2.470848e-01
5.520000e+01 -4.860183e+01 2.475995e-01
5.528000e+01 -4.892606e+01 2.480709e-01
5.536000e+01 -4.925096e+01 2.484922e-01
5.544000e+01 -4.957621e+01 2.488612e-01
5.552000e+01 -4.989918e+01 2.491666e-01
5.560000e+01 -5.022230e+01 2.494155e-01
5.568000e+01 -5.054452e+01 2.496086e-01
5.576000e+01 -5.086633e+01 2.497444e-01
5.584000e+01 -5.118635e+01 2.498198e-01
5.592000e+01 -5.149508e+01 2.496990e-01
5.600000e+01 -5.180038e+01 2.495255e-01
5.608000e+01 -5.210380e+01 2.492864e-01
5.616000e+01 -5.240353e+01 2.489879e-01
5.624000e+01 -5.269508e+01 2.485983e-01
5.632000e+01 -5.298817e+01 2.481376e-01
5.640000e+01 -5.327912e+01 2.476558e-01
5.648000e+01 -5.356423e+01 2.471083e-01
5.656000e+01 -5.384515e+01 2.464968e-01
5.664000e+01 -5.412056e+01 2.458230e-01
5.672000e+01 -5.439070e+01 2.450802e-01
5.680000e+01 -5.465620e+01 2.442659e-01
5.688000e+01 -5.491657e+01 2.433815e-01
5.696000e+01 -5.516966e+01 2.424320e-01
5.704000e+01 -5.541634e+01 2.414127e-01
5.712000e+01 -5.565356e+01 2.403393e-01
5.720000e+01 -5.588502e+01 2.392071e-01
5.728000e+01 -5.610978e+01 2.380245e-01
5.736000e+01 -5.633115e+01 2.368282e-01
5.744000e+01 -5.654427e+01 2.355871e-01
5.752000e+01 -5.675057e+01 2.343162e-01
5.760000e+01 -5.695107e+01 2.330226e-01
5.768000e+01 -5.714460e+01 2.317141e-01
5.776000e+01 -5.732562e+01 2.303682e-01
5.784000e+01 -5.750080e+01 2.290259e-01
5.792000e+01 -5.767595e+01 2.278034e-01
5.800000e+01 -5.785137e+01 2.267289e-01
5.808000e+01 -5.801270e+01 2.255793e-01
5.816000e+01 -5.816873e+01 2.244541e-01
5.824000e+01 -5.831824e+01 2.233466e-01
5.832000e+01 -5.846358e+01 2.222627e-01
5.840000e+01 -5.860301e+01 2.212151e-01
5.848000e+01 -5.873458e+01 2.201940e-01
5.856000e+01 -5.886148e+01 2.192221e-01
5.864000e+01 -5.898422e+01 2.183056e-01
5.872000e+01 -5.910157e+01 2.174420e-01
5.880000e+01 -5.921504e+01 2.166324e-01
5.888000e+01 -5.932159e+01 2.158658e-01
5.896000e+01 -5.942386e+01 2.151540e-01
5.904000e+01 -5.952533e+01 2.145315e-01
5.912000e+01 -5.962055e+01 2.139461e-01
5.920000e+01 -5.971162e+01 2.134183e-01
5.928000e+01 -5.979733e+01 2.129268e-01
5.936000e+01 -5.988009e+01 2.124739e-01
5.944000e+01 -5.996141e+01 2.120613e-01
5.952000e+01 -6.004100e+01 2.116861e-01
5.960000e+01 -6.011737e+01 2.113590e-01
5.968000e+01 -6.019188e+01 2.110577e-01
5.976000e+01 -6.026431e+01 2.107684e-01
5.984000e+01 -6.033492e+01 2.104862e-01
5.992000e+01 -6.040298e+01 2.102081e-01
6.000000e+01 -6.046997e+01 2.099150e-01
6.008000e+01 -6.053881e+01 2.095992e-01
6.016000e+01 -6.060760e+01 2.092626e-01
6.024000e+01 -6.067832e+01 2.088929e-01
6.032000e+01 -6.075447e+01 2.085135e-01
6.040000e+01 -6.082823e+01 2.081437e-01
6.048000e+01 -6.090234e+01 2.077649e-01
6.056000e+01 -6.097866e+01 2.073672e-01
6.064000e+01 -6.105535e+01 2.069603e-01
6.072000e+01 -6.113455e+01 2.065471e-01
6.080000e+01 -6.122066e+01 2.061658e-01
6.088000e+01 -6.130767e+01 2.057901e-01
6.096000e+01 -6.139653e+01 2.054214e-01
6.104000e+01 -6.148590e+01 2.050577e-01
6.112000e+01 -6.157910e+01 2.047106e-01
6.120000e+01 -6.167409e+01 2.043720e-01
6.128000e+01 -6.177086e+01 2.040399e-01
6.136000e+01 -6.187187e+01 2.037270e-01
6.144000e+01 -6.197476e+01 2.034240e-01
6.152000e+01 -6.207953e+01 2.031297e-01
6.160000e+01 -6.218884e+01 2.028544e-01
6.168000e+01 -6.229961e+01 2.025940e-01
6.176000e+01 -6.241221e+01 2.023487e-01
6.184000e+01 -6.252314e+01 2.020929e-01
6.192000e+01 -6.263596e+01 2.018586e-01
6.200000e+01 -6.275011e+01 2.016451e-01
6.208000e+01 -6.286589e+01 2.014511e-01
6.216000e+01 -6.298040e+01 2.012569e-01
6.224000e+01 -6.309311e+01 2.010643e-01
6.232000e+01 -6.320508e+01 2.008876e-01
6.240000e+01 -6.331776e+01 2.007333e-01
6.248000e+01 -6.343104e+01 2.005990e-01
6.256000e+01 -6.354442e+01 2.004768e-01
6.264000e+01 -6.365935e+01 2.003666e-01
6.272000e+01 -6.377398e+01 2.002737e-01
6.280000e+01 -6.388824e+01 2.001958e-01
6.288000e+01 -6.400244e+01 2.001312e-01
6.296000e+01 -6.411709e+01 2.000839e-01
6.304000e+01 -6.423147e+01 2.000484e-01
6.312000e+01 -6.434502e+01 2.000231e-01
6.320000e+01 -6.445807e+01 2.000071e-01
6.328000e+01 -6.457635e+01 1.999476e-01
6.336000e+01 -6.468943e+01 1.999160e-01
6.344000e+01 -6.480757e+01 1.998966e-01
6.352000e+01 -6.492586e+01 1.999004e-01
6.360000e+01 -6.504324e+01 1.999178e-01
6.368000e+01 -6.516281e+01 1.999576e-01
6.376000e+01 -6.528315e+01 2.000160e-01
6.384000e+01 -6.540386e+01 2.000897e-01
6.392000e+01 -6.552480e+01 2.001776e-01
6.400000e+01 -6.564762e+01 2.002827e-01
6.408000e+01 -6.577438e+01 2.004152e-01
6.416000e+01 -6.590135e+01 2.005653e-01
6.424000e+01 -6.603328e+01 2.007271e-01
6.432000e+01 -6.616643e+01 2.009109e-01
6.440000e+01 -6.630249e+01 2.011275e-01
6.448000e+01 -6.644032e+01 2.013670e-01
6.456000e+01 -6.658292e+01 2.016250e-01
6.464000e+01 -6.672807e+01 2.019126e-01
6.472000e+01 -6.687723e+01 2.022322e-01
6.480000e+01 -6.702618e+01 2.025408e-01
6.488000e+01 -6.717812e+01 2.028792e-01
6.496000e+01 -6.733137e+01 2.032289e-01
6.504000e+01 -6.748073e+01 2.035545e-01
6.512000e+01 -6.763552e+01 2.039219e-01
6.520000e+01 -6.779294e+01 2.043264e-01
6.528000e+01 -6.795507e+01 2.047739e-01
6.536000e+01 -6.812111e+01 2.052697e-01
6.544000e+01 -6.828912e+01 2.058071e-01
6.552000e+01 -6.846250e+01 2.063902e-01
6.560000e+01 -6.863794e+01 2.070082e-01
6.568000e+01 -6.881796e+01 2.076622e-01
6.576000e+01 -6.900200e+01 2.083517e-01
6.584000e+01 -6.919235e+01 2.090753e-01
6.592000e+01 -6.938938e+01 2.098395e-01
6.600000e+01 -6.959273e+01 2.106494e-01
6.608000e+01 -6.980094e+01 2.115030e-01
6.616000e+01 -7.000554e+01 2.123382e-01
6.624000e+01 -7.021926e+01 2.132860e-01
6.632000e+01 -7.044188e+01 2.142846e-01
6.640000e+01 -7.066900e+01 2.153034e-01
6.648000e+01 -7.090030e+01 2.163210e-01
6.656000e+01 -7.113411e+01 2.173550e-01
6.664000e+01 -7.137292e+01 2.183989e-01
6.672000e+01 -7.161522e+01 2.194664e-01
6.680000e+01 -7.186143e+01 2.205513e-01
6.688000e+01 -7.211324e+01 2.216528e-01
6.696000e+01 -7.236691e+01 2.227851e-01
6.704000e+01 -7.262472e+01 2.239373e-01
6.712000e+01 -7.288386e+01 2.250958e-01
6.720000e+01 -7.314747e+01 2.262949e-01
6.728000e+01 -7.341351e+01 2.275027e-01
6.736000e+01 -7.368387e+01 2.287056e-01
6.744000e+01 -7.395809e+01 2.299256e-01
6.752000e+01 -7.423604e+01 2.311421e-01
6.760000e+01 -7.451656e+01 2.323420e-01
6.768000e+01 -7.479221e+01 2.334796e-01
6.776000e+01 -7.507413e+01 2.346128e-01
6.784000e+01 -7.535610e+01 2.357188e-01
6.792000e+01 -7.563856e+01 2.367948e-01
6.800000e+01 -7.592417e+01 2.378479e-01
6.808000e+01 -7.620148e+01 2.387737e-01
6.816000e+01 -7.648143e+01 2.396858e-01
6.824000e+01 -7.675164e+01 2.404331e-01
6.832000e+01 -7.702359e+01 2.410749e-01
6.840000e+01 -7.729275e+01 2.416579e-01
6.848000e+01 -7.756268e+01 2.421894e-01
6.856000e+01 -7.782987e+01 2.426717e-01
6.864000e+01 -7.809735e+01 2.431082e-01
6.872000e+01 -7.837089e+01 2.434536e-01
6.880000e+01 -7.864456e+01 2.437620e-01
6.888000e+01 -7.891788e+01 2.440176e-01
6.896000e+01 -7.918151e+01 2.440520e-01
6.904000e+01 -7.944643e+01 2.440071e-01
6.912000e+01 -7.970686e+01 2.438746e-01
6.920000e+01 -7.996527e+01 2.436932e-01
6.928000e+01 -8.022070e+01 2.434763e-01
6.936000e+01 -8.047420e+01 2.432184e-01
6.944000e+01 -8.072397e+01 2.428993e-01
6.952000e+01 -8.097294e+01 2.425201e-01
6.960000e+01 -8.121987e+01 2.420772e-01
6.968000e+01 -8.146299e+01 2.415665e-01
6.976000e+01 -8.170474e+01 2.409977e-01
6.984000e+01 -8.194486e+01 2.403830e-01
6.992000e+01 -8.217917e+01 2.397259e-01
7.000000e+01 -8.241138e+01 2.390340e-01
7.008000e+01 -8.264122e+01 2.383183e-01
7.016000e+01 -8.287144e+01 2.376072e-01
7.024000e+01 -8.309759e+01 2.368926e-01
7.032000e+01 -8.332083e+01 2.361684e-01
7.040000e+01 -8.354053e+01 2.354488e-01
7.048000e+01 -8.376122e+01 2.347277e-01
7.056000e+01 -8.399352e+01 2.342111e-01
7.064000e+01 -8.421714e+01 2.336656e-01
7.072000e+01 -8.444680e+01 2.332229e-01
7.080000e+01 -8.468838e+01 2.328638e-01
7.088000e+01 -8.492374e+01 2.324769e-01
7.096000e+01 -8.515961e+01 2.320811e-01
7.104000e+01 -8.539370e+01 2.316401e-01
7.112000e+01 -8.562858e+01 2.311885e-01
7.120000e+01 -8.586516e+01 2.307282e-01
7.128000e+01 -8.610057e+01 2.302692e-01
7.136000e+01 -8.633596e+01 2.298141e-01
7.144000e+01 -8.657141e+01 2.293640e-01
7.152000e+01 -8.680839e+01 2.289180e-01
7.160000e+01 -8.704448e+01 2.284693e-01
7.168000e+01 -8.728528e+01 2.280435e-01
7.176000e+01 -8.752472e+01 2.276255e-01
7.184000e+01 -8.776617e+01 2.272190e-01
7.192000e+01 -8.800824e+01 2.268260e-01
7.200000e+01 -8.825025e+01 2.264217e-01
7.208000e+01 -8.849384e+01 2.260279e-01
7.216000e+01 -8.874283e+01 2.256746e-01
7.224000e+01 -8.899247e+01 2.253158e-01
7.232000e+01 -8.924310e+01 2.249565e-01
7.240000e+01 -8.949499e+01 2.245941e-01
7.248000e+01 -8.974783e+01 2.242235e-01
7.256000e+01 -9.000216e+01 2.238425e-01
7.264000e+01 -9.025758e+01 2.234505e-01
7.272000e+01 -9.051408e+01 2.230465e-01
7.280000e+01 -9.077201e+01 2.226299e-01
7.288000e+01 -9.102963e+01 2.221893e-01
7.296000e+01 -9.128709e+01 2.217301e-01
7.304000e+01 -9.154608e+01 2.212629e-01
7.312000e+01 -9.180456e+01 2.208080e-01
7.320000e+01 -9.206281e+01 2.203498e-01
7.328000e+01 -9.232349e+01 2.198794e-01
7.336000e+01 -9.258429e+01 2.193994e-01
7.344000e+01 -9.285002e+01 2.189103e-01
7.352000e+01 -9.311968e+01 2.184120e-01
7.360000e+01 -9.339036e+01 2.179155e-01
7.368000e+01 -9.366262e+01 2.174213e-01
7.376000e+01 -9.393570e+01 2.169229e-01
7.384000e+01 -9.421196e+01 2.164280e-01
7.392000e+01 -9.449061e+01 2.159335e-01
7.400000e+01 -9.477203e+01 2.154454e-01
7.408000e+01 -9.505642e+01 2.149640e-01
7.416000e+01 -9.534313e+01 2.144904e-01
7.424000e+01 -9.563921e+01 2.141345e-01
7.432000e+01 -9.593616e+01 2.137853e-01
7.440000e+01 -9.623802e+01 2.134390e-01
7.448000e+01 -9.654452e+01 2.130939e-01
7.456000e+01 -9.685503e+01 2.127491e-01
7.464000e+01 -9.717029e+01 2.124044e-01
7.472000e+01 -9.749230e+01 2.120601e-01
7.480000e+01 -9.781280e+01 2.117240e-01
7.488000e+01 -9.813664e+01 2.113958e-01
7.496000e+01 -9.846404e+01 2.110777e-01
7.504000e+01 -9.879497e+01 2.107749e-01
7.512000e+01 -9.912943e+01 2.104883e-01
7.520000e+01 -9.946812e+01 2.102200e-01
7.528000e+01 -9.981076e+01 2.099712e-01
7.536000e+01 -1.001569e+02 2.097430e-01
7.544000e+01 -1.005066e+02 2.095353e-01
7.552000e+01 -1.008612e+02 2.093437e-01
7.560000e+01 -1.012197e+02 2.091766e-01
7.568000e+01 -1.015834e+02 2.090375e-01
7.576000e+01 -1.019523e+02 2.089175e-01
7.584000e+01 -1.023244e+02 2.088242e-01
7.592000e+01 -1.027010e+02 2.087557e-01
7.600000e+01 -1.030815e+02 2.087116e-01
7.608000e+01 -1.034693e+02 2.086941e-01
7.616000e+01 -1.038598e+02 2.087091e-01
7.624000e+01 -1.042593e+02 2.087245e-01
7.632000e+01 -1.046621e+02 2.087729e-01
7.640000e+01 -1.050704e+02 2.088614e-01
7.648000e+01 -1.054850e+02 2.089671e-01
7.656000e+01 -1.059040e+02 2.091068e-01
7.664000e+01 -1.063272e+02 2.092803e-01
7.672000e+01 -1.067543e+02 2.094878e-01
7.680000e+01 -1.071855e+02 2.097265e-01
7.688000e+01 -1.076178e+02 2.099911e-01
7.696000e+01 -1.080518e+02 2.102227e-01
7.704000e+01 -1.084830e+02 2.104477e-01
7.712000e+01 -1.089227e+02 2.107199e-01
7.720000e+01 -1.093630e+02 2.110073e-01
7.728000e+01 -1.098066e+02 2.113051e-01
7.736000e+01 -1.102526e+02 2.116404e-01
7.744000e+01 -1.106975e+02 2.119907e-01
7.752000e+01 -1.111426e+02 2.123701e-01
7.760000e+01 -1.115894e+02 2.127663e-01
7.768000e+01 -1.120368e+02 2.131866e-01
7.776000e+01 -1.124785e+02 2.136307e-01
7.784000e+01 -1.129261e+02 2.140914e-01
7.792000e+01 -1.133764e+02 2.145703e-01
7.800000e+01 -1.138298e+02 2.150817e-01
7.808000e+01 -1.142837e+02 2.156219e-01
7.816000e+01 -1.147288e+02 2.161360e-01
7.824000e+01 -1.151678e+02 2.166505e-01
7.832000e+01 -1.156065e+02 2.171834e-01
7.840000e+01 -1.160434e+02 2.177334e-01
7.848000e+01 -1.164800e+02 2.183229e-01
7.856000e+01 -1.169154e+02 2.189511e-01
7.864000e+01 -1.173456e+02 2.195978e-01
7.872000e+01 -1.177751e+02 2.202731e-01
7.880000e+01 -1.182033e+02 2.209777e-01
7.888000e+01 -1.186317e+02 2.217357e-01
7.896000e+01 -1.190614e+02 2.225291e-01
7.904000e+01 -1.194927e+02 2.233907e-01
7.912000e+01 -1.199252e+02 2.243102e-01
7.920000e+01 -1.203572e+02 2.252765e-01
7.928000e+01 -1.207849e+02 2.262702e-01
7.936000e+01 -1.212123e+02 2.273012e-01
7.944000e+01 -1.216400e+02 2.283772e-01
7.952000e+01 -1.220607e+02 2.294513e-01
7.960000e+01 -1.224838e+02 2.305950e-01
7.968000e+01 -1.229057e+02 2.317741e-01
7.976000e+01 -1.233252e+02 2.329896e-01
7.984000e+01 -1.237343e+02 2.341287e-01
7.992000e+01 -1.241439e+02 2.353233e-01
8.000000e+01 -1.245316e+02 2.363286e-01
8.008000e+01 -1.249215e+02 2.373984e-01
8.016000e+01 -1.253064e+02 2.384488e-01
8.024000e+01 -1.256862e+02 2.395045e-01
8.032000e+01 -1.260593e+02 2.405713e-01
8.040000e+01 -1.264282e+02 2.416467e-01
8.048000e+01 -1.267823e+02 2.425563e-01
8.056000e+01 -1.271308e+02 2.434431e-01
8.064000e+01 -1.274714e+02 2.442974e-01
8.072000e+01 -1.278058e+02 2.451383e-01
8.080000e+01 -1.281343e+02 2.459724e-01
8.088000e+01 -1.284581e+02 2.467878e-01
8.096000e+01 -1.287691e+02 2.475056e-01
8.104000e+01 -1.290778e+02 2.482073e-01
8.112000e+01 -1.293796e+02 2.488374e-01
8.120000e+01 -1.296743e+02 2.493935e-01
8.128000e+01 -1.299609e+02 2.498667e-01
8.136000e+01 -1.302421e+02 2.502664e-01
8.144000e+01 -1.305171e+02 2.505964e-01
8.152000e+01 -1.307850e+02 2.508391e-01
8.160000e+01 -1.310472e+02 2.509877e-01
8.168000e+01 -1.313019e+02 2.510496e-01
8.176000e+01 -1.315516e+02 2.510308e-01
8.184000e+01 -1.317998e+02 2.509853e-01
8.192000e+01 -1.320355e+02 2.508145e-01
8.200000e+01 -1.322632e+02 2.505557e-01
8.208000e+01 -1.324832e+02 2.502066e-01
8.216000e+01 -1.326927e+02 2.497702e-01
8.224000e+01 -1.328915e+02 2.492264e-01
8.232000e+01 -1.330821e+02 2.486101e-01
8.240000e+01 -1.332625e+02 2.479426e-01
8.248000e+01 -1.334332e+02 2.472160e-01
8.256000e+01 -1.335949e+02 2.464417e-01
8.264000e+01 -1.337466e+02 2.456335e-01
8.272000e+01 -1.338894e+02 2.447990e-01
8.280000e+01 -1.340205e+02 2.439649e-01
8.288000e+01 -1.341402e+02 2.431332e-01
8.296000e+01 -1.342503e+02 2.423085e-01
8.304000e+01 -1.343589e+02 2.416451e-01
8.312000e+01 -1.344628e+02 2.410640e-01
8.320000e+01 -1.345535e+02 2.404744e-01
8.328000e+01 -1.346489e+02 2.400300e-01
8.336000e+01 -1.347412e+02 2.396336e-01
8.344000e+01 -1.348244e+02 2.392035e-01
8.352000e+01 -1.349019e+02 2.387924e-01
8.360000e+01 -1.349710e+02 2.383743e-01
8.368000e+01 -1.350362e+02 2.379872e-01
8.376000e+01 -1.350948e+02 2.376307e-01
8.384000e+01 -1.351487e+02 2.372966e-01
8.392000e+01 -1.351965e+02 2.369884e-01
8.400000e+01 -1.352448e+02 2.367126e-01
8.408000e+01 -1.352875e+02 2.364455e-01
8.416000e+01 -1.353271e+02 2.361894e-01
8.424000e+01 -1.353596e+02 2.359242e-01
8.432000e+01 -1.353909e+02 2.356801e-01
8.440000e+01 -1.354180e+02 2.354593e-01
8.448000e+01 -1.354468e+02 2.352700e-01
8.456000e+01 -1.354713e+02 2.350625e-01
8.464000e+01 -1.354931e+02 2.348401e-01
8.472000e+01 -1.355128e+02 2.346016e-01
8.480000e+01 -1.355282e+02 2.343271e-01
8.488000e+01 -1.355441e+02 2.340320e-01
8.496000e+01 -1.355582e+02 2.337100e-01
8.504000e+01 -1.355710e+02 2.333620e-01
8.512000e+01 -1.355809e+02 2.330154e-01
8.520000e+01 -1.355902e+02 2.326513e-01
8.528000e+01 -1.355982e+02 2.322612e-01
8.536000e+01 -1.356027e+02 2.318326e-01
8.544000e+01 -1.356064e+02 2.313763e-01
8.552000e+01 -1.356097e+02 2.308935e-01
8.560000e+01 -1.356123e+02 2.303861e-01
8.568000e+01 -1.356158e+02 2.298585e-01
8.576000e+01 -1.356283e+02 2.293896e-01
8.584000e+01 -1.356400e+02 2.288991e-01
8.592000e+01 -1.356538e+02 2.283932e-01
8.600000e+01 -1.356709e+02 2.278807e-01
8.608000e+01 -1.356935e+02 2.273541e-01
8.616000e+01 -1.357182e+02 2.268165e-01
8.624000e+01 -1.357465e+02 2.262730e-01
8.632000e+01 -1.357804e+02 2.257204e-01
8.640000e+01 -1.358185e+02 2.251564e-01
8.648000e+01 -1.358606e+02 2.246017e-01
8.656000e+01 -1.359070e+02 2.240572e-01
8.664000e+01 -1.359605e+02 2.235199e-01
8.672000e+01 -1.360197e+02 2.230069e-01
8.680000e+01 -1.360893e+02 2.224608e-01
8.688000e+01 -1.361546e+02 2.219432e-01
8.696000e+01 -1.362279e+02 2.214568e-01
8.704000e+01 -1.363058e+02 2.210019e-01
8.712000e+01 -1.363901e+02 2.205845e-01
8.720000e+01 -1.364801e+02 2.202037e-01
8.728000e+01 -1.365753e+02 2.198601e-01
8.736000e+01 -1.366766e+02 2.195535e-01
8.744000e+01 -1.367849e+02 2.192857e-01
8.752000e+01 -1.368999e+02 2.190589e-01
8.760000e+01 -1.370217e+02 2.188735e-01
8.768000e+01 -1.371493e+02 2.187267e-01
8.776000e+01 -1.372842e+02 2.186209e-01
8.784000e+01 -1.374247e+02 2.185473e-01
8.792000e+01 -1.375743e+02 2.185254e-01
8.800000e+01 -1.377329e+02 2.185582e-01
8.808000e+01 -1.378994e+02 2.186317e-01
8.816000e+01 -1.380732e+02 2.187399e-01
8.824000e+01 -1.382543e+02 2.188680e-01
8.832000e+01 -1.384437e+02 2.190227e-01
8.840000e+01 -1.386416e+02 2.192150e-01
8.848000e+01 -1.388467e+02 2.194433e-01
8.856000e+01 -1.390608e+02 2.196955e-01
8.864000e+01 -1.392786e+02 2.200151e-01
8.872000e+01 -1.395054e+02 2.203578e-01
8.880000e+01 -1.397358e+02 2.207042e-01
8.888000e+01 -1.399742e+02 2.210701e-01
8.896000e+01 -1.402194e+02 2.214561e-01
8.904000e+01 -1.404793e+02 2.217688e-01
8.912000e+01 -1.407427e+02 2.221421e-01
8.920000e+01 -1.410145e+02 2.225570e-01
8.928000e+01 -1.412942e+02 2.229820e-01
8.936000e+01 -1.415801e+02 2.234306e-01
8.944000e+01 -1.418728e+02 2.238973e-01
8.952000e+01 -1.421730e+02 2.243854e-01
8.960000e+01 -1.424804e+02 2.248863e-01
8.968000e+01 -1.427966e+02 2.254490e-01
8.976000e+01 -1.431209e+02 2.260144e-01
8.984000e+01 -1.434506e+02 2.265577e-01
8.992000e+01 -1.437770e+02 2.269832e-01
9.000000e+01 -1.441117e+02 2.274044e-01
9.008000e+01 -1.444457e+02 2.278006e-01
9.016000e+01 -1.447833e+02 2.281832e-01
9.024000e+01 -1.451208e+02 2.285623e-01
9.032000e+01 -1.454578e+02 2.289415e-01
9.040000e+01 -1.457915e+02 2.293174e-01
9.048000e+01 -1.461212e+02 2.296609e-01
9.056000e+01 -1.464501e+02 2.300060e-01
9.064000e+01 -1.467756e+02 2.303351e-01
9.072000e+01 -1.470858e+02 2.305554e-01
9.080000e+01 -1.473943e+02 2.307874e-01
9.088000e+01 -1.477062e+02 2.310592e-01
9.096000e+01 -1.480175e+02 2.313610e-01
9.104000e+01 -1.483318e+02 2.317020e-01
9.112000e+01 -1.486488e+02 2.320884e-01
9.120000e+01 -1.489657e+02 2.325040e-01
9.128000e+01 -1.492917e+02 2.330225e-01
9.136000e+01 -1.496203e+02 2.336157e-01
9.144000e+01 -1.499537e+02 2.342732e-01
9.152000e+01 -1.502925e+02 2.349985e-01
9.160000e+01 -1.506355e+02 2.358021e-01
9.168000e+01 -1.509837e+02 2.366860e-01
9.176000e+01 -1.513370e+02 2.376572e-01
9.184000e+01 -1.516960e+02 2.387330e-01
9.192000e+01 -1.520573e+02 2.398981e-01
9.200000e+01 -1.524157e+02 2.411098e-01
9.208000e+01 -1.527818e+02 2.424473e-01
9.216000e+01 -1.531500e+02 2.438737e-01
9.224000e+01 -1.535103e+02 2.452931e-01
9.232000e+01 -1.538776e+02 2.468410e-01
9.240000e+01 -1.542299e+02 2.482868e-01
9.248000e+01 -1.545884e+02 2.498760e-01
9.256000e+01 -1.549464e+02 2.515067e-01
9.264000e+01 -1.552987e+02 2.531746e-01
9.272000e+01 -1.556504e+02 2.548994e-01
9.280000e+01 -1.559896e+02 2.565090e-01
9.288000e+01 -1.563252e+02 2.581355e-01
9.296000e+01 -1.566553e+02 2.597481e-01
9.304000e+01 -1.569822e+02 2.613910e-01
9.312000e+01 -1.572891e+02 2.628491e-01
9.320000e+01 -1.575996e+02 2.644057e-01
9.328000e+01 -1.579038e+02 2.659627e-01
9.336000e+01 -1.581974e+02 2.674869e-01
9.344000e+01 -1.584930e+02 2.690220e-01
9.352000e+01 -1.587791e+02 2.705663e-01
9.360000e+01 -1.590619e+02 2.720911e-01
9.368000e+01 -1.593391e+02 2.735652e-01
9.376000e+01 -1.596146e+02 2.749923e-01
9.384000e+01 -1.598851e+02 2.763727e-01
9.392000e+01 -1.601527e+02 2.777136e-01
9.400000e+01 -1.604170e+02 2.790287e-01
9.408000e+01 -1.606834e+02 2.803391e-01
9.416000e+01 -1.609455e+02 2.816264e-01
9.424000e+01 -1.612027e+02 2.828905e-01
9.432000e+01 -1.614530e+02 2.841094e-01
9.440000e+01 -1.617001e+02 2.852753e-01
9.448000e+01 -1.619423e+02 2.863887e-01
9.456000e+01 -1.621791e+02 2.874410e-01
9.464000e+01 -1.624076e+02 2.884098e-01
9.472000e+01 -1.626312e+02 2.893026e-01
9.480000e+01 -1.628504e+02 2.901211e-01
9.488000e+01 -1.630656e+02 2.908612e-01
9.496000e+01 -1.632752e+02 2.915137e-01
9.504000e+01 -1.634780e+02 2.920683e-01
9.512000e+01 -1.636748e+02 2.925195e-01
9.520000e+01 -1.638695e+02 2.928543e-01
9.528000e+01 -1.640648e+02 2.931737e-01
9.536000e+01 -1.642396e+02 2.931722e-01
9.544000e+01 -1.644075e+02 2.930472e-01
9.552000e+01 -1.645675e+02 2.928334e-01
9.560000e+01 -1.647208e+02 2.925607e-01
9.568000e+01 -1.648748e+02 2.921457e-01
9.576000e+01 -1.650205e+02 2.916665e-01
9.584000e+01 -1.651609e+02 2.911001e-01
9.592000e+01 -1.652948e+02 2.904389e-01
9.600000e+01 -1.654184e+02 2.896772e-01
9.608000e+01 -1.655297e+02 2.888005e-01
9.616000e+01 -1.656335e+02 2.878141e-01
9.624000e+01 -1.657284e+02 2.867314e-01
9.632000e+01 -1.658135e+02 2.855525e-01
9.640000e+01 -1.658971e+02 2.844259e-01
9.648000e+01 -1.659719e+02 2.832127e-01
9.656000e+01 -1.660573e+02 2.819535e-01
9.664000e+01 -1.661349e+02 2.805867e-01
9.672000e+01 -1.662063e+02 2.791331e-01
9.680000e+01 -1.662744e+02 2.775490e-01
9.688000e+01 -1.663461e+02 2.760066e-01
9.696000e+01 -1.664060e+02 2.743693e-01
9.704000e+01 -1.664588e+02 2.727161e-01
9.712000e+01 -1.665029e+02 2.710539e-01
9.720000e+01 -1.665386e+02 2.693806e-01
9.728000e+01 -1.665621e+02 2.677262e-01
9.736000e+01 -1.665955e+02 2.662870e-01
9.744000e+01 -1.666266e+02 2.648928e-01
9.752000e+01 -1.666486e+02 2.634573e-01
9.760000e+01 -1.666657e+02 2.620070e-01
9.768000e+01 -1.666775e+02 2.605213e-01
9.776000e+01 -1.666827e+02 2.590269e-01
9.784000e+01 -1.666794e+02 2.575450e-01
9.792000e+01 -1.666669e+02 2.560945e-01
9.800000e+01 -1.666474e+02 2.546691e-01
9.808000e+01 -1.666075e+02 2.532976e-01
9.816000e+01 -1.665550e+02 2.520054e-01
9.824000e+01 -1.664929e+02 2.508131e-01
9.832000e+01 -1.664131e+02 2.496743e-01
9.840000e+01 -1.663124e+02 2.485993e-01
9.848000e+01 -1.661793e+02 2.475984e-01
9.856000e+01 -1.660091e+02 2.466471e-01
9.864000e+01 -1.658031e+02 2.457394e-01
9.872000e+01 -1.655631e+02 2.448738e-01
9.880000e+01 -1.652905e+02 2.440256e-01
9.888000e+01 -1.649930e+02 2.432016e-01
9.896000e+01 -1.646647e+02 2.424188e-01
9.904000e+01 -1.643018e+02 2.416484e-01
9.912000e+01 -1.638985e+02 2.408697e-01
9.920000e+01 -1.634553e+02 2.401104e-01
9.928000e+01 -1.629660e+02 2.393054e-01
9.936000e+01 -1.624244e+02 2.384857e-01
9.944000e+01 -1.618304e+02 2.376261e-01
9.952000e+01 -1.611700e+02 2.367216e-01
9.960000e+01 -1.604275e+02 2.357705e-01
9.968000e+01 -1.595732e+02 2.347553e-01
9.976000e+01 -1.585884e+02 2.336051e-01
9.984000e+01 -1.574792e+02 2.323606e-01
9.992000e+01 -1.562684e+02 2.310356e-01
1.000000e+02 -1.549840e+02 2.296299e-01
1.000800e+02 -1.536499e+02 2.281616e-01
1.001600e+02 -1.522942e+02 2.266877e-01
1.002400e+02 -1.509441e+02 2.252085e-01
1.003200e+02 -1.496260e+02 2.237315e-01
1.004000e+02 -1.483320e+02 2.222679e-01
1.004800e+02 -1.470992e+02 2.208434e-01
1.005600e+02 -1.459540e+02 2.194668e-01
1.006400e+02 -1.448979e+02 2.181378e-01
1.007200e+02 -1.439265e+02 2.168218e-01
1.008000e+02 -1.430193e+02 2.155021e-01
1.008800e+02 -1.421627e+02 2.141914e-01
1.009600e+02 -1.413326e+02 2.128739e-01
1.010400e+02 -1.405249e+02 2.115701e-01
1.011200e+02 -1.397372e+02 2.102788e-01
1.012000e+02 -1.389705e+02 2.090092e-01
1.012800e+02 -1.381996e+02 2.077436e-01
1.013600e+02 -1.374456e+02 2.065156e-01
1.014400e+02 -1.367084e+02 2.053304e-01
1.015200e+02 -1.359921e+02 2.041922e-01
1.016000e+02 -1.352976e+02 2.031121e-01
1.016800e+02 -1.346268e+02 2.020931e-01
1.017600e+02 -1.339789e+02 2.011227e-01
1.018400e+02 -1.333667e+02 2.002514e-01
1.019200e+02 -1.327924e+02 1.994669e-01
1.020000e+02 -1.322608e+02 1.987825e-01
1.020800e+02 -1.317816e+02 1.981950e-01
1.021600e+02 -1.313599e+02 1.976993e-01
1.022400e+02 -1.309924e+02 1.972602e-01
1.023200e+02 -1.306864e+02 1.968913e-01
1.024000e+02 -1.304423e+02 1.965861e-01
1.024800e+02 -1.302555e+02 1.963068e-01
1.025600e+02 -1.301446e+02 1.960805e-01
1.026400e+02 -1.301070e+02 1.959656e-01
1.027200e+02 -1.301429e+02 1.959557e-01
1.028000e+02 -1.302424e+02 1.960254e-01
1.028800e+02 -1.303926e+02 1.961583e-01
1.029600e+02 -1.305767e+02 1.963303e-01
1.030400e+02 -1.307770e+02 1.965256e-01
1.031200e+02 -1.309813e+02 1.967549e-01
1.032000e+02 -1.311813e+02 1.970327e-01
1.032800e+02 -1.313629e+02 1.973225e-01
1.033600e+02 -1.315302e+02 1.976828e-01
1.034400e+02 -1.316789e+02 1.980778e-01
1.035200e+02 -1.318127e+02 1.984759e-01
1.036000e+02 -1.319465e+02 1.989506e-01
1.036800e+02 -1.320717e+02 1.994097e-01
1.037600e+02 -1.322045e+02 1.999312e-01
1.038400e+02 -1.323470e+02 2.005209e-01
1.039200e+02 -1.325010e+02 2.011867e-01
1.040000e+02 -1.326613e+02 2.018931e-01
1.040800e+02 -1.328368e+02 2.026806e-01
1.041600e+02 -1.330228e+02 2.035604e-01
1.042400e+02 -1.332114e+02 2.044415e-01
1.043200e+02 -1.334170e+02 2.055140e-01
1.044000e+02 -1.336233e+02 2.066508e-01
1.044800e+02 -1.338410e+02 2.078889e-01
1.045600e+02 -1.340671e+02 2.092581e-01
1.046400e+02 -1.342988e+02 2.107531e-01
1.047200e+02 -1.345360e+02 2.123729e-01
1.048000e+02 -1.347793e+02 2.141263e-01
1.048800e+02 -1.350297e+02 2.160259e-01
1.049600e+02 -1.352879e+02 2.180708e-01
1.050400e+02 -1.355524e+02 2.202558e-01
1.051200e+02 -1.358215e+02 2.225523e-01
1.052000e+02 -1.360931e+02 2.249600e-01
1.052800e+02 -1.363668e+02 2.274462e-01
1.053600e+02 -1.366426e+02 2.300017e-01
1.054400e+02 -1.369144e+02 2.325772e-01
1.055200e+02 -1.371774e+02 2.351630e-01
1.056000e+02 -1.374420e+02 2.378179e-01
1.056800e+02 -1.377024e+02 2.405284e-01
1.057600e+02 -1.379525e+02 2.432023e-01
1.058400e+02 -1.381866e+02 2.457832e-01
1.059200e+02 -1.384236e+02 2.484728e-01
1.060000e+02 -1.386553e+02 2.511861e-01
1.060800e+02 -1.388644e+02 2.536995e-01
1.061600e+02 -1.390630e+02 2.562201e-01
1.062400e+02 -1.392337e+02 2.585072e-01
1.063200e+02 -1.393964e+02 2.608542e-01
1.064000e+02 -1.395399e+02 2.631098e-01
1.064800e+02 -1.396725e+02 2.653293e-01
1.065600e+02 -1.397876e+02 2.674568e-01
1.066400e+02 -1.398783e+02 2.692805e-01
1.067200e+02 -1.399521e+02 2.709454e-01
1.068000e+02 -1.400116e+02 2.725112e-01
1.068800e+02 -1.400565e+02 2.740066e-01
1.069600e+02 -1.400869e+02 2.753989e-01
1.070400e+02 -1.401023e+02 2.766812e-01
1.071200e+02 -1.401092e+02 2.778836e-01
1.072000e+02 -1.401021e+02 2.790384e-01
1.072800e+02 -1.400826e+02 2.801047e-01
1.073600e+02 -1.400574e+02 2.810865e-01
1.074400e+02 -1.400217e+02 2.819752e-01
1.075200e+02 -1.399831e+02 2.827820e-01
1.076000e+02 -1.399248e+02 2.834930e-01
1.076800e+02 -1.398592e+02 2.841382e-01
1.077600e+02 -1.397967e+02 2.847613e-01
1.078400e+02 -1.397195e+02 2.852204e-01
1.079200e+02 -1.396420e+02 2.856034e-01
1.080000e+02 -1.395660e+02 2.858440e-01
1.080800e+02 -1.394863e+02 2.860294e-01
1.081600e+02 -1.394035e+02 2.861478e-01
1.082400e+02 -1.393212e+02 2.862189e-01
1.083200e+02 -1.392360e+02 2.862347e-01
1.084000e+02 -1.391483e+02 2.861873e-01
1.084800e+02 -1.390617e+02 2.860741e-01
1.085600e+02 -1.389722e+02 2.858771e-01
1.086400e+02 -1.388988e+02 2.856348e-01
1.087200e+02 -1.388166e+02 2.853119e-01
1.088000e+02 -1.387329e+02 2.848695e-01
1.088800e+02 -1.386452e+02 2.843183e-01
1.089600e+02 -1.385587e+02 2.836601e-01
1.090400e+02 -1.384671e+02 2.828372e-01
1.091200e+02 -1.383708e+02 2.818337e-01
1.092000e+02 -1.382649e+02 2.806294e-01
1.092800e+02 -1.381529e+02 2.792336e-01
1.093600e+02 -1.380326e+02 2.776720e-01
1.094400e+02 -1.379058e+02 2.759623e-01
1.095200e+02 -1.377798e+02 2.742047e-01
1.096000e+02 -1.376405e+02 2.723100e-01
1.096800e+02 -1.374967e+02 2.703481e-01
1.097600e+02 -1.373517e+02 2.683661e-01
1.098400e+02 -1.372022e+02 2.663577e-01
1.099200e+02 -1.370485e+02 2.643353e-01
1.100000e+02 -1.368969e+02 2.624461e-01
1.100800e+02 -1.367468e+02 2.606292e-01
1.101600e+02 -1.365921e+02 2.588288e-01
1.102400e+02 -1.364281e+02 2.570311e-01
1.103200e+02 -1.362729e+02 2.553926e-01
1.104000e+02 -1.361103e+02 2.537458e-01
1.104800e+02 -1.359459e+02 2.521409e-01
1.105600e+02 -1.357774e+02 2.505638e-01
1.106400e+02 -1.356031e+02 2.490270e-01
1.107200e+02 -1.354224e+02 2.475235e-01
1.108000e+02 -1.352364e+02 2.460572e-01
1.108800e+02 -1.350419e+02 2.446435e-01
1.109600e+02 -1.348401e+02 2.432777e-01
1.110400e+02 -1.346344e+02 2.419590e-01
1.111200e+02 -1.344207e+02 2.406874e-01
1.112000e+02 -1.342007e+02 2.394619e-01
1.112800e+02 -1.339729e+02 2.382784e-01
1.113600e+02 -1.337376e+02 2.371338e-01
1.114400e+02 -1.334940e+02 2.360234e-01
1.115200e+02 -1.332422e+02 2.349445e-01
1.116000e+02 -1.329897e+02 2.340087e-01
1.116800e+02 -1.327352e+02 2.331270e-01
1.117600e+02 -1.324864e+02 2.323755e-01
1.118400e+02 -1.322332e+02 2.315986e-01
1.119200e+02 -1.319753e+02 2.308154e-01
1.120000e+02 -1.317142e+02 2.300062e-01
1.120800e+02 -1.314518e+02 2.291661e-01
1.121600e+02 -1.311858e+02 2.283046e-01
1.122400e+02 -1.309166e+02 2.274327e-01
1.123200e+02 -1.306434e+02 2.265575e-01
1.124000e+02 -1.303703e+02 2.256913e-01
1.124800e+02 -1.300889e+02 2.248190e-01
1.125600e+02 -1.298054e+02 2.239691e-01
1.126400e+02 -1.295177e+02 2.231434e-01
1.127200e+02 -1.292282e+02 2.223451e-01
1.128000e+02 -1.289356e+02 2.215744e-01
1.128800e+02 -1.286415e+02 2.208323e-01
1.129600e+02 -1.283415e+02 2.201052e-01
1.130400e+02 -1.280381e+02 2.194014e-01
1.131200e+02 -1.277300e+02 2.187129e-01
1.132000e+02 -1.274168e+02 2.180356e-01
1.132800e+02 -1.270937e+02 2.173596e-01
1.133600e+02 -1.267585e+02 2.166798e-01
1.134400e+02 -1.264088e+02 2.160183e-01
1.135200e+02 -1.260343e+02 2.153283e-01
1.136000e+02 -1.256411e+02 2.145651e-01
1.136800e+02 -1.252214e+02 2.137672e-01
1.137600e+02 -1.247774e+02 2.129222e-01
1.138400e+02 -1.243124e+02 2.120192e-01
1.139200e+02 -1.238326e+02 2.111102e-01
1.140000e+02 -1.233302e+02 2.101403e-01
1.140800e+02 -1.228072e+02 2.091403e-01
1.141600e+02 -1.222637e+02 2.080386e-01
1.142400e+02 -1.217067e+02 2.068877e-01
1.143200e+02 -1.211384e+02 2.056946e-01
1.144000e+02 -1.205578e+02 2.044665e-01
1.144800e+02 -1.199639e+02 2.032034e-01
1.145600e+02 -1.193602e+02 2.019179e-01
1.146400e+02 -1.187504e+02 2.006508e-01
1.147200e+02 -1.181309e+02 1.993655e-01
1.148000e+02 -1.175054e+02 1.980616e-01
1.148800e+02 -1.168745e+02 1.967483e-01
1.149600e+02 -1.162343e+02 1.954260e-01
1.150400e+02 -1.155973e+02 1.941322e-01
1.151200e+02 -1.149580e+02 1.928408e-01
1.152000e+02 -1.143157e+02 1.915569e-01
1.152800e+02 -1.136668e+02 1.902726e-01
1.153600e+02 -1.130198e+02 1.889965e-01
1.154400e+02 -1.123714e+02 1.877303e-01
1.155200e+02 -1.117230e+02 1.864767e-01
1.156000e+02 -1.110705e+02 1.852302e-01
1.156800e+02 -1.104145e+02 1.839876e-01
1.157600e+02 -1.097470e+02 1.827504e-01
1.158400e+02 -1.090613e+02 1.815277e-01
1.159200e+02 -1.083472e+02 1.803117e-01
1.160000e+02 -1.076016e+02 1.790929e-01
1.160800e+02 -1.068171e+02 1.778676e-01
1.161600e+02 -1.059917e+02 1.766303e-01
1.162400e+02 -1.051349e+02 1.753799e-01
1.163200e+02 -1.042401e+02 1.741138e-01
1.164000e+02 -1.033160e+02 1.728356e-01
1.164800e+02 -1.023686e+02 1.715487e-01
1.165600e+02 -1.014003e+02 1.702572e-01
1.166400e+02 -1.004146e+02 1.689637e-01
1.167200e+02 -9.942146e+01 1.676817e-01
1.168000e+02 -9.843130e+01 1.664207e-01
1.168800e+02 -9.745803e+01 1.651914e-01
1.169600e+02 -9.650007e+01 1.639968e-01
1.170400e+02 -9.556389e+01 1.628506e-01
1.171200e+02 -9.465534e+01 1.617410e-01
1.172000e+02 -9.378111e+01 1.606724e-01
1.172800e+02 -9.292637e+01 1.596569e-01
1.173600e+02 -9.210694e+01 1.587053e-01
1.174400e+02 -9.134334e+01 1.578313e-01
1.175200e+02 -9.063019e+01 1.570241e-01
1.176000e+02 -8.997190e+01 1.562923e-01
1.176800e+02 -8.937687e+01 1.556558e-01
1.177600e+02 -8.884884e+01 1.551010e-01
1.178400e+02 -8.838408e+01 1.546140e-01
1.179200e+02 -8.798164e+01 1.541891e-01
1.180000e+02 -8.763834e+01 1.538258e-01
1.180800e+02 -8.735190e+01 1.535217e-01
1.181600e+02 -8.711198e+01 1.532542e-01
1.182400e+02 -8.691900e+01 1.530554e-01
1.183200e+02 -8.676979e+01 1.529225e-01
1.184000e+02 -8.665826e+01 1.528582e-01
1.184800e+02 -8.658515e+01 1.528651e-01
1.185600e+02 -8.654541e+01 1.529584e-01
1.186400e+02 -8.654364e+01 1.531393e-01
1.187200e+02 -8.657330e+01 1.533963e-01
1.188000e+02 -8.663244e+01 1.537292e-01
1.188800e+02 -8.671842e+01 1.541107e-01
1.189600e+02 -8.683218e+01 1.545740e-01
1.190400e+02 -8.697100e+01 1.551000e-01
1.191200e+02 -8.712743e+01 1.556951e-01
1.192000e+02 -8.730088e+01 1.563260e-01
1.192800e+02 -8.749979e+01 1.570640e-01
1.193600e+02 -8.771420e+01 1.578544e-01
1.194400e+02 -8.795515e+01 1.587736e-01
1.195200e+02 -8.821574e+01 1.598059e-01
1.196000e+02 -8.850039e+01 1.609653e-01
1.196800e+02 -8.880380e+01 1.622634e-01
1.197600e+02 -8.912594e+01 1.636771e-01
1.198400e+02 -8.945696e+01 1.651128e-01
1.199200e+02 -8.981568e+01 1.667790e-01
1.200000e+02 -9.019411e+01 1.686159e-01
1.200800e+02 -9.059173e+01 1.706171e-01
1.201600e+02 -9.100901e+01 1.728022e-01
1.202400e+02 -9.143741e+01 1.751540e-01
1.203200e+02 -9.187623e+01 1.776403e-01
1.204000e+02 -9.233150e+01 1.803192e-01
1.204800e+02 -9.279981e+01 1.831727e-01
1.205600e+02 -9.328444e+01 1.862059e-01
1.206400e+02 -9.378074e+01 1.894142e-01
1.207200e+02 -9.428858e+01 1.927758e-01
1.208000e+02 -9.480916e+01 1.962874e-01
1.208800e+02 -9.534255e+01 1.999266e-01
1.209600e+02 -9.587627e+01 2.036163e-01
1.210400e+02 -9.641533e+01 2.073035e-01
1.211200e+02 -9.694524e+01 2.109424e-01
1.212000e+02 -9.748246e+01 2.145642e-01
1.212800e+02 -9.801544e+01 2.180839e-01
1.213600e+02 -9.854396e+01 2.215893e-01
1.214400e+02 -9.906260e+01 2.249511e-01
1.215200e+02 -9.957664e+01 2.283169e-01
1.216000e+02 -1.000736e+02 2.316781e-01
1.216800e+02 -1.005591e+02 2.348656e-01
1.217600e+02 -1.010313e+02 2.379589e-01
1.218400e+02 -1.014945e+02 2.410272e-01
1.219200e+02 -1.019367e+02 2.439844e-01
1.220000e+02 -1.023688e+02 2.468955e-01
1.220800e+02 -1.027819e+02 2.496484e-01
1.221600e+02 -1.031594e+02 2.521127e-01
1.222400e+02 -1.035112e+02 2.543166e-01
1.223200e+02 -1.038439e+02 2.563729e-01
1.224000e+02 -1.041612e+02 2.583880e-01
1.224800e+02 -1.044595e+02 2.603407e-01
1.225600e+02 -1.047280e+02 2.621396e-01
1.226400e+02 -1.049828e+02 2.638536e-01
1.227200e+02 -1.052183e+02 2.655040e-01
1.228000e+02 -1.054350e+02 2.669679e-01
1.228800e+02 -1.056474e+02 2.684231e-01
1.229600e+02 -1.058324e+02 2.696884e-01
1.230400e+02 -1.060281e+02 2.711130e-01
1.231200e+02 -1.062175e+02 2.726134e-01
1.232000e+02 -1.064010e+02 2.740218e-01
1.232800e+02 -1.065860e+02 2.755104e-01
1.233600e+02 -1.067728e+02 2.770806e-01
1.234400e+02 -1.069592e+02 2.787743e-01
1.235200e+02 -1.071556e+02 2.806687e-01
1.236000e+02 -1.073512e+02 2.825568e-01
1.236800e+02 -1.075463e+02 2.843512e-01
1.237600e+02 -1.077477e+02 2.860023e-01
1.238400e+02 -1.079469e+02 2.874679e-01
1.239200e+02 -1.081479e+02 2.887358e-01
1.240000e+02 -1.083546e+02 2.898248e-01
1.240800e+02 -1.085535e+02 2.907383e-01
1.241600e+02 -1.087470e+02 2.913801e-01
1.242400e+02 -1.089433e+02 2.919933e-01
1.243200e+02 -1.091656e+02 2.929660e-01
1.244000e+02 -1.093848e+02 2.939088e-01
1.244800e+02 -1.096282e+02 2.948539e-01
1.245600e+02 -1.098703e+02 2.957138e-01
1.246400e+02 -1.101159e+02 2.964938e-01
1.247200e+02 -1.103697e+02 2.971482e-01
1.248000e+02 -1.106247e+02 2.977479e-01
1.248800e+02 -1.108797e+02 2.982685e-01
1.249600e+02 -1.111378e+02 2.986947e-01
1.250400e+02 -1.113965e+02 2.990341e-01
1.251200e+02 -1.116543e+02 2.991897e-01
1.252000e+02 -1.119072e+02 2.992165e-01
1.252800e+02 -1.121536e+02 2.991025e-01
1.253600e+02 -1.123951e+02 2.988389e-01
1.254400e+02 -1.126319e+02 2.984204e-01
1.255200e+02 -1.128616e+02 2.978458e-01
1.256000e+02 -1.130830e+02 2.971238e-01
1.256800e+02 -1.132958e+02 2.962636e-01
1.257600e+02 -1.134917e+02 2.951916e-01
1.258400e+02 -1.136794e+02 2.939676e-01
1.259200e+02 -1.138555e+02 2.926124e-01
1.260000e+02 -1.140178e+02 2.910395e-01
1.260800e+02 -1.141711e+02 2.893486e-01
1.261600e+02 -1.143143e+02 2.875515e-01
1.262400e+02 -1.144478e+02 2.856518e-01
1.263200e+02 -1.145743e+02 2.836772e-01
1.264000e+02 -1.146949e+02 2.816545e-01
1.264800e+02 -1.148099e+02 2.796031e-01
1.265600e+02 -1.149181e+02 2.775470e-01
1.266400e+02 -1.150184e+02 2.754887e-01
1.267200e+02 -1.151117e+02 2.734715e-01
1.268000e+02 -1.152038e+02 2.716079e-01
1.268800e+02 -1.152921e+02 2.697615e-01
1.269600e+02 -1.153777e+02 2.678703e-01
1.270400e+02 -1.154604e+02 2.659700e-01
1.271200e+02 -1.155374e+02 2.640956e-01
1.272000e+02 -1.156076e+02 2.622604e-01
1.272800e+02 -1.156715e+02 2.604426e-01
1.273600e+02 -1.157288e+02 2.586543e-01
1.274400e+02 -1.157811e+02 2.568802e-01
1.275200e+02 -1.158290e+02 2.551153e-01
1.276000e+02 -1.158679e+02 2.533587e-01
1.276800e+02 -1.158998e+02 2.516040e-01
1.277600e+02 -1.159360e+02 2.499895e-01
1.278400e+02 -1.159599e+02 2.483249e-01
1.279200e+02 -1.159796e+02 2.466685e-01
1.280000e+02 -1.159946e+02 2.450148e-01
1.280800e+02 -1.160148e+02 2.434869e-01
1.281600e+02 -1.160296e+02 2.419629e-01
1.282400e+02 -1.160419e+02 2.404299e-01
1.283200e+02 -1.160499e+02 2.388885e-01
1.284000e+02 -1.160707e+02 2.375783e-01
1.284800e+02 -1.160920e+02 2.363350e-01
1.285600e+02 -1.161099e+02 2.350836e-01
1.286400e+02 -1.161262e+02 2.338462e-01
1.287200e+02 -1.161444e+02 2.326342e-01
1.288000e+02 -1.161607e+02 2.314302e-01
1.288800e+02 -1.161747e+02 2.302408e-01
1.289600e+02 -1.161876e+02 2.290789e-01
1.290400e+02 -1.161984e+02 2.279479e-01
1.291200e+02 -1.162074e+02 2.268499e-01
1.292000e+02 -1.162151e+02 2.257943e-01
1.292800e+02 -1.162253e+02 2.248078e-01
1.293600e+02 -1.162308e+02 2.238467e-01
1.294400e+02 -1.162338e+02 2.229184e-01
1.295200e+02 -1.162349e+02 2.220196e-01
1.296000e+02 -1.162328e+02 2.211462e-01
1.296800e+02 -1.162273e+02 2.202929e-01
1.297600e+02 -1.162196e+02 2.194601e-01
1.298400e+02 -1.162080e+02 2.186234e-01
1.299200e+02 -1.161967e+02 2.178078e-01
1.300000e+02 -1.161850e+02 2.170123e-01
1.300800e+02 -1.161736e+02 2.162358e-01
1.301600e+02 -1.161622e+02 2.154769e-01
1.302400e+02 -1.161512e+02 2.147316e-01
1.303200e+02 -1.161395e+02 2.140012e-01
1.304000e+02 -1.161273e+02 2.132865e-01
1.304800e+02 -1.161140e+02 2.125860e-01
1.305600e+02 -1.160998e+02 2.118983e-01
1.306400e+02 -1.160827e+02 2.112082e-01
1.307200e+02 -1.160653e+02 2.105315e-01
1.308000e+02 -1.160477e+02 2.098645e-01
1.308800e+02 -1.160322e+02 2.092311e-01
1.309600e+02 -1.160160e+02 2.086027e-01
1.310400e+02 -1.160001e+02 2.079762e-01
1.311200e+02 -1.159846e+02 2.073493e-01
1.312000e+02 -1.159703e+02 2.067214e-01
1.312800e+02 -1.159570e+02 2.060880e-01
1.313600e+02 -1.159444e+02 2.054432e-01
1.314400e+02 -1.159315e+02 2.047870e-01
1.315200e+02 -1.159225e+02 2.041654e-01
1.316000e+02 -1.159122e+02 2.035279e-01
1.316800e+02 -1.159017e+02 2.028742e-01
1.317600e+02 -1.158897e+02 2.022042e-01
1.318400e+02 -1.158758e+02 2.015174e-01
1.319200e+02 -1.158588e+02 2.008138e-01
1.320000e+02 -1.158380e+02 2.000948e-01
1.320800e+02 -1.158127e+02 1.993620e-01
1.321600e+02 -1.157822e+02 1.986179e-01
1.322400e+02 -1.157426e+02 1.978449e-01
1.323200e+02 -1.156985e+02 1.970740e-01
1.324000e+02 -1.156516e+02 1.963013e-01
1.324800e+02 -1.155979e+02 1.955205e-01
1.325600e+02 -1.155352e+02 1.947422e-01
1.326400e+02 -1.154639e+02 1.939643e-01
1.327200e+02 -1.153832e+02 1.931847e-01
1.328000e+02 -1.152940e+02 1.924006e-01
1.328800e+02 -1.151973e+02 1.916087e-01
1.329600e+02 -1.150899e+02 1.908161e-01
1.330400e+02 -1.149728e+02 1.900222e-01
1.331200e+02 -1.148453e+02 1.892258e-01
1.332000e+02 -1.147092e+02 1.884249e-01
1.332800e+02 -1.145635e+02 1.876235e-01
1.333600e+02 -1.144066e+02 1.868194e-01
1.334400e+02 -1.142447e+02 1.860432e-01
1.335200e+02 -1.140729e+02 1.852633e-01
1.336000e+02 -1.138925e+02 1.844822e-01
1.336800e+02 -1.136978e+02 1.836455e-01
1.337600e+02 -1.134970e+02 1.828147e-01
1.338400e+02 -1.132859e+02 1.819877e-01
1.339200e+02 -1.130661e+02 1.811642e-01
1.340000e+02 -1.128347e+02 1.803169e-01
1.340800e+02 -1.125960e+02 1.794802e-01
1.341600e+02 -1.123513e+02 1.786521e-01
1.342400e+02 -1.120986e+02 1.778282e-01
1.343200e+02 -1.118405e+02 1.770096e-01
1.344000e+02 -1.115778e+02 1.761962e-01
1.344800e+02 -1.113076e+02 1.753864e-01
1.345600e+02 -1.110336e+02 1.745825e-01
1.346400e+02 -1.107553e+02 1.737833e-01
1.347200e+02 -1.104707e+02 1.729907e-01
1.348000e+02 -1.101851e+02 1.722054e-01
1.348800e+02 -1.098948e+02 1.714249e-01
1.349600e+02 -1.096028e+02 1.706529e-01
1.350400e+02 -1.093058e+02 1.698715e-01
1.351200e+02 -1.090061e+02 1.690856e-01
1.352000e+02 -1.087056e+02 1.683177e-01
1.352800e+02 -1.084002e+02 1.675486e-01
1.353600e+02 -1.080968e+02 1.668104e-01
1.354400e+02 -1.077914e+02 1.660891e-01
1.355200e+02 -1.074843e+02 1.653670e-01
1.356000e+02 -1.071780e+02 1.646692e-01
1.356800e+02 -1.068733e+02 1.639944e-01
1.357600e+02 -1.065713e+02 1.633413e-01
1.358400e+02 -1.062706e+02 1.627166e-01
1.359200e+02 -1.059723e+02 1.621126e-01
1.360000e+02 -1.056783e+02 1.615289e-01
1.360800e+02 -1.053879e+02 1.609679e-01
1.361600e+02 -1.051031e+02 1.604317e-01
1.362400e+02 -1.048239e+02 1.599214e-01
1.363200e+02 -1.045513e+02 1.594389e-01
1.364000e+02 -1.042861e+02 1.589803e-01
1.364800e+02 -1.040283e+02 1.585554e-01
1.365600e+02 -1.037798e+02 1.581536e-01
1.366400e+02 -1.035301e+02 1.577434e-01
1.367200e+02 -1.032936e+02 1.573812e-01
1.368000e+02 -1.030627e+02 1.570448e-01
1.368800e+02 -1.028401e+02 1.567536e-01
1.369600e+02 -1.026309e+02 1.565051e-01
1.370400e+02 -1.024261e+02 1.563020e-01
1.371200e+02 -1.022362e+02 1.561501e-01
1.372000e+02 -1.020665e+02 1.560633e-01
1.372800e+02 -1.019109e+02 1.560422e-01
1.373600e+02 -1.017687e+02 1.560785e-01
1.374400e+02 -1.016403e+02 1.561730e-01
1.375200e+02 -1.015292e+02 1.563409e-01
1.376000e+02 -1.014343e+02 1.565840e-01
1.376800e+02 -1.013558e+02 1.569065e-01
1.377600e+02 -1.012951e+02 1.573215e-01
1.378400e+02 -1.012523e+02 1.578328e-01
1.379200e+02 -1.012213e+02 1.583759e-01
1.380000e+02 -1.012050e+02 1.590401e-01
1.380800e+02 -1.012108e+02 1.598201e-01
1.381600e+02 -1.012353e+02 1.607098e-01
1.382400e+02 -1.012781e+02 1.617071e-01
1.383200e+02 -1.013400e+02 1.628144e-01
1.384000e+02 -1.014239e+02 1.640498e-01
1.384800e+02 -1.015281e+02 1.654225e-01
1.385600e+02 -1.016529e+02 1.669394e-01
1.386400e+02 -1.017891e+02 1.685754e-01
1.387200e+02 -1.019407e+02 1.703132e-01
1.388000e+02 -1.021134e+02 1.721649e-01
1.388800e+02 -1.022960e+02 1.740578e-01
1.389600e+02 -1.024921e+02 1.760299e-01
1.390400e+02 -1.027079e+02 1.781034e-01
1.391200e+02 -1.029356e+02 1.802641e-01
1.392000e+02 -1.031799e+02 1.825067e-01
1.392800e+02 -1.034410e+02 1.848537e-01
1.393600e+02 -1.037170e+02 1.873012e-01
1.394400e+02 -1.040059e+02 1.898456e-01
1.395200e+02 -1.043066e+02 1.924407e-01
1.396000e+02 -1.046203e+02 1.950949e-01
1.396800e+02 -1.049463e+02 1.978050e-01
1.397600e+02 -1.052893e+02 2.005953e-01
1.398400e+02 -1.056262e+02 2.031872e-01
1.399200e+02 -1.059611e+02 2.056719e-01
1.400000e+02 -1.062973e+02 2.080809e-01
1.400800e+02 -1.066473e+02 2.105608e-01
1.401600e+02 -1.069999e+02 2.130852e-01
1.402400e+02 -1.073591e+02 2.156565e-01
1.403200e+02 -1.077224e+02 2.182583e-01
1.404000e+02 -1.080693e+02 2.205405e-01
1.404800e+02 -1.084194e+02 2.227813e-01
1.405600e+02 -1.087650e+02 2.249460e-01
1.406400e+02 -1.090940e+02 2.269515e-01
1.407200e+02 -1.094248e+02 2.289591e-01
1.408000e+02 -1.097398e+02 2.308468e-01
1.408800e+02 -1.100530e+02 2.326483e-01
1.409600e+02 -1.103634e+02 2.343606e-01
1.410400e+02 -1.106661e+02 2.359413e-01
1.411200e+02 -1.109635e+02 2.374399e-01
1.412000e+02 -1.112512e+02 2.387955e-01
1.412800e+02 -1.115351e+02 2.400496e-01
1.413600e+02 -1.118147e+02 2.412078e-01
1.414400e+02 -1.120869e+02 2.422606e-01
1.415200e+02 -1.123575e+02 2.432575e-01
1.416000e+02 -1.126203e+02 2.441258e-01
1.416800e+02 -1.128815e+02 2.449203e-01
1.417600e+02 -1.131410e+02 2.456239e-01
1.418400e+02 -1.133970e+02 2.462342e-01
1.419200e+02 -1.136467e+02 2.467201e-01
1.420000e+02 -1.138900e+02 2.470890e-01
1.420800e+02 -1.141312e+02 2.473554e-01
1.421600e+02 -1.143679e+02 2.475178e-01
1.422400e+02 -1.146063e+02 2.475418e-01
1.423200e+02 -1.148413e+02 2.474904e-01
1.424000e+02 -1.150749e+02 2.473530e-01
1.424800e+02 -1.153160e+02 2.471899e-01
1.425600e+02 -1.155514e+02 2.469296e-01
1.426400e+02 -1.157821e+02 2.465791e-01
1.427200e+02 -1.160088e+02 2.461254e-01
1.428000e+02 -1.162373e+02 2.456127e-01
1.428800e+02 -1.164608e+02 2.449821e-01
1.429600e+02 -1.166814e+02 2.442485e-01
1.430400e+02 -1.168952e+02 2.434113e-01
1.431200e+02 -1.171028e+02 2.424900e-01
1.432000e+02 -1.173056e+02 2.414888e-01
1.432800e+02 -1.175104e+02 2.405052e-01
1.433600e+02 -1.177067e+02 2.394489e-01
1.434400e+02 -1.178956e+02 2.383690e-01
1.435200e+02 -1.180780e+02 2.372855e-01
1.436000e+02 -1.182541e+02 2.362010e-01
1.436800e+02 -1.184324e+02 2.351461e-01
1.437600e+02 -1.186047e+02 2.341186e-01
1.438400e+02 -1.187710e+02 2.331249e-01
1.439200e+02 -1.189314e+02 2.321686e-01
1.440000e+02 -1.190856e+02 2.312498e-01
1.440800e+02 -1.192338e+02 2.303679e-01
1.441600e+02 -1.193860e+02 2.296584e-01
1.442400e+02 -1.195241e+02 2.288936e-01
1.443200e+02 -1.196561e+02 2.281838e-01
1.444000e+02 -1.197804e+02 2.275142e-01
1.444800e+02 -1.199038e+02 2.269605e-01
1.445600e+02 -1.200148e+02 2.263791e-01
1.446400e+02 -1.201211e+02 2.258237e-01
1.447200e+02 -1.202186e+02 2.252876e-01
1.448000e+02 -1.203169e+02 2.248956e-01
1.448800e+02 -1.204036e+02 2.244685e-01
1.449600e+02 -1.204809e+02 2.240392e-01
1.450400e+02 -1.205504e+02 2.236157e-01
1.451200e+02 -1.206118e+02 2.231922e-01
1.452000e+02 -1.206656e+02 2.227627e-01
1.452800e+02 -1.207109e+02 2.223246e-01
1.453600e+02 -1.207487e+02 2.218787e-01
1.454400e+02 -1.207880e+02 2.214646e-01
1.455200e+02 -1.208189e+02 2.210381e-01
1.456000e+02 -1.208422e+02 2.206056e-01
1.456800e+02 -1.208595e+02 2.201702e-01
1.457600e+02 -1.208704e+02 2.197340e-01
1.458400e+02 -1.208758e+02 2.192957e-01
1.459200e+02 -1.208822e+02 2.189738e-01
1.460000e+02 -1.208922e+02 2.187753e-01
1.460800e+02 -1.208974e+02 2.185506e-01
1.461600e+02 -1.208994e+02 2.182989e-01
1.462400e+02 -1.208986e+02 2.179943e-01
1.463200e+02 -1.208953e+02 2.176292e-01
1.464000e+02 -1.208955e+02 2.171533e-01
1.464800e+02 -1.208931e+02 2.166347e-01
1.465600e+02 -1.208850e+02 2.160498e-01
1.466400e+02 -1.208753e+02 2.154309e-01
1.467200e+02 -1.208631e+02 2.147810e-01
1.468000e+02 -1.208486e+02 2.141023e-01
1.468800e+02 -1.208322e+02 2.133957e-01
1.469600e+02 -1.208152e+02 2.126632e-01
1.470400e+02 -1.207898e+02 2.119344e-01
1.471200e+02 -1.207608e+02 2.111963e-01
1.472000e+02 -1.207294e+02 2.104595e-01
1.472800e+02 -1.206953e+02 2.097275e-01
1.473600e+02 -1.206562e+02 2.090123e-01
1.474400e+02 -1.206120e+02 2.083167e-01
1.475200e+02 -1.205661e+02 2.076437e-01
1.476000e+02 -1.205176e+02 2.069941e-01
1.476800e+02 -1.204712e+02 2.063928e-01
1.477600e+02 -1.204224e+02 2.058071e-01
1.478400e+02 -1.203722e+02 2.052363e-01
1.479200e+02 -1.203214e+02 2.046787e-01
1.480000e+02 -1.202700e+02 2.041397e-01
1.480800e+02 -1.202186e+02 2.036064e-01
1.481600e+02 -1.201729e+02 2.031225e-01
1.482400e+02 -1.201276e+02 2.026349e-01
1.483200e+02 -1.200792e+02 2.021419e-01
1.484000e+02 -1.200314e+02 2.016404e-01
1.484800e+02 -1.199842e+02 2.011286e-01
1.485600e+02 -1.199448e+02 2.006101e-01
1.486400e+02 -1.199072e+02 2.000777e-01
1.487200e+02 -1.198711e+02 1.995311e-01
1.488000e+02 -1.198366e+02 1.989656e-01
1.488800e+02 -1.198054e+02 1.983869e-01
1.489600e+02 -1.197809e+02 1.978123e-01
1.490400e+02 -1.197552e+02 1.971766e-01
1.491200e+02 -1.197380e+02 1.965384e-01
1.492000e+02 -1.197254e+02 1.958993e-01
1.492800e+02 -1.197171e+02 1.952576e-01
1.493600e+02 -1.197136e+02 1.946140e-01
1.494400e+02 -1.197148e+02 1.939688e-01
1.495200e+02 -1.197206e+02 1.933222e-01
1.496000e+02 -1.197374e+02 1.926959e-01
1.496800e+02 -1.197626e+02 1.920658e-01
1.497600e+02 -1.197964e+02 1.914576e-01
1.498400e+02 -1.198369e+02 1.908574e-01
1.499200e+02 -1.198867e+02 1.902516e-01
1.500000e+02 -1.199421e+02 1.896531e-01
1.500800e+02 -1.200035e+02 1.890623e-01
1.501600e+02 -1.200705e+02 1.884808e-01
1.502400e+02 -1.201457e+02 1.879266e-01
1.503200e+02 -1.202272e+02 1.873885e-01
1.504000e+02 -1.203152e+02 1.868626e-01
1.504800e+02 -1.204081e+02 1.863495e-01
1.505600e+02 -1.205071e+02 1.858530e-01
1.506400e+02 -1.206131e+02 1.853707e-01
1.507200e+02 -1.207255e+02 1.849092e-01
1.508000e+02 -1.208432e+02 1.844710e-01
1.508800e+02 -1.209632e+02 1.840334e-01
1.509600e+02 -1.210899e+02 1.836229e-01
1.510400e+02 -1.212222e+02 1.832344e-01
1.511200e+02 -1.213610e+02 1.828670e-01
1.512000e+02 -1.215051e+02 1.825260e-01
1.512800e+02 -1.216544e+02 1.822103e-01
1.513600e+02 -1.218090e+02 1.819192e-01
1.514400e+02 -1.219716e+02 1.816336e-01
1.515200e+02 -1.221376e+02 1.813734e-01
1.516000e+02 -1.223091e+02 1.811375e-01
1.516800e+02 -1.224862e+02 1.809254e-01
1.517600e+02 -1.226691e+02 1.807375e-01
1.518400e+02 -1.228582e+02 1.805747e-01
1.519200e+02 -1.230531e+02 1.804356e-01
1.520000e+02 -1.232549e+02 1.803231e-01
1.520800e+02 -1.234604e+02 1.802227e-01
1.521600e+02 -1.236677e+02 1.801055e-01
1.522400e+02 -1.238812e+02 1.800157e-01
1.523200e+02 -1.241000e+02 1.799544e-01
1.524000e+02 -1.243230e+02 1.798821e-01
1.524800e+02 -1.245530e+02 1.798452e-01
1.525600e+02 -1.247887e+02 1.798351e-01
1.526400e+02 -1.250193e+02 1.797706e-01
1.527200e+02 -1.252598e+02 1.797326e-01
1.528000e+02 -1.255032e+02 1.797220e-01
1.528800e+02 -1.257511e+02 1.797456e-01
1.529600e+02 -1.260037e+02 1.798049e-01
1.530400e+02 -1.262599e+02 1.798912e-01
1.531200e+02 -1.265177e+02 1.799943e-01
1.532000e+02 -1.267843e+02 1.801955e-01
1.532800e+02 -1.270585e+02 1.804577e-01
1.533600e+02 -1.273390e+02 1.807666e-01
1.534400e+02 -1.276264e+02 1.811181e-01
1.535200e+02 -1.279082e+02 1.813976e-01
1.536000e+02 -1.281952e+02 1.817210e-01
1.536800e+02 -1.284866e+02 1.820791e-01
1.537600e+02 -1.287838e+02 1.824876e-01
1.538400e+02 -1.290821e+02 1.829390e-01
1.539200e+02 -1.293853e+02 1.834531e-01
1.540000e+02 -1.296922e+02 1.840474e-01
1.540800e+02 -1.300034e+02 1.847081e-01
1.541600e+02 -1.303206e+02 1.854566e-01
1.542400e+02 -1.306435e+02 1.862757e-01
1.543200e+02 -1.309707e+02 1.871662e-01
1.544000e+02 -1.312968e+02 1.880778e-01
1.544800e+02 -1.316303e+02 1.890782e-01
1.545600e+02 -1.319680e+02 1.901556e-01
1.546400e+02 -1.323048e+02 1.912857e-01
1.547200e+02 -1.326450e+02 1.925001e-01
1.548000e+02 -1.329896e+02 1.937931e-01
1.548800e+02 -1.333366e+02 1.951713e-01
1.549600e+02 -1.336866e+02 1.966336e-01
1.550400e+02 -1.340358e+02 1.981797e-01
1.551200e+02 -1.343877e+02 1.997966e-01
1.552000e+02 -1.347381e+02 2.015085e-01
1.552800e+02 -1.350924e+02 2.032908e-01
1.553600e+02 -1.354496e+02 2.051444e-01
1.554400e+02 -1.358090e+02 2.070632e-01
1.555200e+02 -1.361690e+02 2.090456e-01
1.556000e+02 -1.365321e+02 2.110902e-01
1.556800e+02 -1.368893e+02 2.130351e-01
1.557600e+02 -1.372273e+02 2.147640e-01
1.558400e+02 -1.375556e+02 2.164803e-01
1.559200e+02 -1.378901e+02 2.182959e-01
1.560000e+02 -1.382230e+02 2.201626e-01
1.560800e+02 -1.385532e+02 2.220949e-01
1.561600e+02 -1.388829e+02 2.240864e-01
1.562400e+02 -1.392088e+02 2.261317e-01
1.563200e+02 -1.395338e+02 2.281899e-01
1.564000e+02 -1.398550e+02 2.302789e-01
1.564800e+02 -1.401674e+02 2.322148e-01
1.565600e+02 -1.404782e+02 2.342071e-01
1.566400e+02 -1.407851e+02 2.361631e-01
1.567200e+02 -1.410878e+02 2.381060e-01
1.568000e+02 -1.413903e+02 2.400661e-01
1.568800e+02 -1.416824e+02 2.418716e-01
1.569600e+02 -1.419707e+02 2.436636e-01
1.570400e+02 -1.422545e+02 2.454512e-01
1.571200e+02 -1.425357e+02 2.472615e-01
1.572000e+02 -1.428060e+02 2.490122e-01
1.572800e+02 -1.430778e+02 2.507915e-01
1.573600e+02 -1.433403e+02 2.524972e-01
1.574400e+02 -1.435959e+02 2.541356e-01
1.575200e+02 -1.438461e+02 2.557119e-01
1.576000e+02 -1.440952e+02 2.571826e-01
1.576800e+02 -1.443373e+02 2.586208e-01
1.577600e+02 -1.445799e+02 2.600824e-01
1.578400e+02 -1.448081e+02 2.614637e-01
1.579200e+02 -1.450233e+02 2.627886e-01
1.580000e+02 -1.452131e+02 2.640050e-01
1.580800e+02 -1.453846e+02 2.651202e-01
1.581600e+02 -1.455360e+02 2.661322e-01
1.582400e+02 -1.456714e+02 2.671010e-01
1.583200e+02 -1.457882e+02 2.679615e-01
1.584000e+02 -1.458880e+02 2.687145e-01
1.584800e+02 -1.459767e+02 2.693568e-01
1.585600e+02 -1.460549e+02 2.698830e-01
1.586400e+02 -1.461232e+02 2.702857e-01
1.587200e+02 -1.461869e+02 2.705546e-01
1.588000e+02 -1.462464e+02 2.706917e-01
1.588800e+02 -1.463019e+02 2.706983e-01
1.589600e+02 -1.463571e+02 2.705773e-01
1.590400e+02 -1.464156e+02 2.702682e-01
1.591200e+02 -1.464731e+02 2.698619e-01
1.592000e+02 -1.465357e+02 2.693970e-01
1.592800e+02 -1.465910e+02 2.688240e-01
1.593600e+02 -1.466421e+02 2.681332e-01
1.594400e+02 -1.466892e+02 2.673357e-01
1.595200e+02 -1.467316e+02 2.664333e-01
1.596000e+02 -1.467672e+02 2.654207e-01
1.596800e+02 -1.467971e+02 2.643103e-01
1.597600e+02 -1.468197e+02 2.631054e-01
1.598400e+02 -1.468377e+02 2.617576e-01
1.599200e+02 -1.468552e+02 2.604225e-01
1.600000e+02 -1.468535e+02 2.589874e-01
1.600800e+02 -1.468333e+02 2.574878e-01
1.601600e+02 -1.467913e+02 2.559230e-01
1.602400e+02 -1.467201e+02 2.542921e-01
1.603200e+02 -1.466146e+02 2.525822e-01
1.604000e+02 -1.464725e+02 2.508157e-01
1.604800e+02 -1.463032e+02 2.491474e-01
1.605600e+02 -1.460986e+02 2.474052e-01
1.606400e+02 -1.458684e+02 2.456475e-01
1.607200e+02 -1.456151e+02 2.439045e-01
1.608000e+02 -1.453386e+02 2.421664e-01
1.608800e+02 -1.450352e+02 2.404422e-01
1.609600e+02 -1.446998e+02 2.387547e-01
1.610400e+02 -1.443247e+02 2.370981e-01
1.611200e+02 -1.439152e+02 2.355558e-01
1.612000e+02 -1.434626e+02 2.340053e-01
1.612800e+02 -1.429758e+02 2.325876e-01
1.613600e+02 -1.424444e+02 2.311488e-01
1.614400e+02 -1.418755e+02 2.297042e-01
1.615200e+02 -1.412707e+02 2.282540e-01
1.616000e+02 -1.406324e+02 2.267883e-01
1.616800e+02 -1.399702e+02 2.254070e-01
1.617600e+02 -1.392877e+02 2.241211e-01
1.618400e+02 -1.385830e+02 2.228218e-01
1.619200e+02 -1.378565e+02 2.214762e-01
1.620000e+02 -1.371113e+02 2.200803e-01
1.620800e+02 -1.363460e+02 2.186080e-01
1.621600e+02 -1.355637e+02 2.171009e-01
1.622400e+02 -1.347666e+02 2.155735e-01
1.623200e+02 -1.339547e+02 2.140341e-01
1.624000e+02 -1.331313e+02 2.124885e-01
1.624800e+02 -1.322945e+02 2.109418e-01
1.625600e+02 -1.314424e+02 2.093790e-01
1.626400e+02 -1.305819e+02 2.078231e-01
1.627200e+02 -1.297115e+02 2.062679e-01
1.628000e+02 -1.288307e+02 2.047082e-01
1.628800e+02 -1.279410e+02 2.031544e-01
1.629600e+02 -1.270434e+02 2.016034e-01
1.630400e+02 -1.261444e+02 2.000818e-01
1.631200e+02 -1.252383e+02 1.985590e-01
1.632000e+02 -1.243291e+02 1.970418e-01
1.632800e+02 -1.234155e+02 1.955302e-01
1.633600e+02 -1.224993e+02 1.940240e-01
1.634400e+02 -1.215841e+02 1.925262e-01
1.635200e+02 -1.206774e+02 1.910797e-01
1.636000e+02 -1.197590e+02 1.896247e-01
1.636800e+02 -1.188410e+02 1.881612e-01
1.637600e+02 -1.179160e+02 1.866446e-01
1.638400e+02 -1.169936e+02 1.851420e-01
1.639200e+02 -1.160757e+02 1.836502e-01
1.640000e+02 -1.151681e+02 1.821743e-01
1.640800e+02 -1.142640e+02 1.807083e-01
1.641600e+02 -1.133675e+02 1.792507e-01
1.642400e+02 -1.124803e+02 1.778276e-01
1.643200e+02 -1.115992e+02 1.764155e-01
1.644000e+02 -1.107263e+02 1.750114e-01
1.644800e+02 -1.098631e+02 1.736224e-01
1.645600e+02 -1.090110e+02 1.722503e-01
1.646400e+02 -1.081747e+02 1.708990e-01
1.647200e+02 -1.073573e+02 1.695967e-01
1.648000e+02 -1.065696e+02 1.683249e-01
1.648800e+02 -1.057700e+02 1.670587e-01
1.649600e+02 -1.049919e+02 1.658173e-01
1.650400e+02 -1.042397e+02 1.645953e-01
1.651200e+02 -1.035124e+02 1.633963e-01
1.652000e+02 -1.028100e+02 1.622330e-01
1.652800e+02 -1.021338e+02 1.611069e-01
1.653600e+02 -1.014896e+02 1.600244e-01
1.654400e+02 -1.008789e+02 1.589827e-01
1.655200e+02 -1.002995e+02 1.579810e-01
1.656000e+02 -9.975586e+01 1.570234e-01
1.656800e+02 -9.924767e+01 1.561144e-01
1.657600e+02 -9.877636e+01 1.552534e-01
1.658400e+02 -9.834407e+01 1.544418e-01
1.659200e+02 -9.795226e+01 1.536797e-01
1.660000e+02 -9.760128e+01 1.529637e-01
1.660800e+02 -9.729017e+01 1.522983e-01
1.661600e+02 -9.701919e+01 1.516817e-01
1.662400e+02 -9.678028e+01 1.511154e-01
1.663200e+02 -9.657362e+01 1.505982e-01
1.664000e+02 -9.639200e+01 1.501211e-01
1.664800e+02 -9.623264e+01 1.497001e-01
1.665600e+02 -9.608936e+01 1.493143e-01
1.666400e+02 -9.595845e+01 1.489655e-01
1.667200e+02 -9.584018e+01 1.486523e-01
1.668000e+02 -9.572333e+01 1.483697e-01
1.668800e+02 -9.561072e+01 1.481017e-01
1.669600e+02 -9.550543e+01 1.478696e-01
1.670400e+02 -9.540638e+01 1.476716e-01
1.671200e+02 -9.531346e+01 1.475088e-01
1.672000e+02 -9.522856e+01 1.473814e-01
1.672800e+02 -9.514932e+01 1.472885e-01
1.673600e+02 -9.508036e+01 1.472337e-01
1.674400e+02 -9.501915e+01 1.472154e-01
1.675200e+02 -9.496755e+01 1.472364e-01
1.676000e+02 -9.492567e+01 1.472963e-01
1.676800e+02 -9.489384e+01 1.473946e-01
1.677600e+02 -9.487451e+01 1.475373e-01
1.678400e+02 -9.486782e+01 1.477113e-01
1.679200e+02 -9.487274e+01 1.479261e-01
1.680000e+02 -9.489166e+01 1.481828e-01
1.680800e+02 -9.492447e+01 1.484446e-01
1.681600e+02 -9.497284e+01 1.487577e-01
1.682400e+02 -9.503904e+01 1.491321e-01
1.683200e+02 -9.512300e+01 1.495644e-01
1.684000e+02 -9.522279e+01 1.500495e-01
1.684800e+02 -9.533885e+01 1.505507e-01
1.685600e+02 -9.547379e+01 1.511174e-01
1.686400e+02 -9.562243e+01 1.517014e-01
1.687200e+02 -9.578761e+01 1.523347e-01
1.688000e+02 -9.597097e+01 1.530291e-01
1.688800e+02 -9.616831e+01 1.537433e-01
1.689600e+02 -9.638212e+01 1.545164e-01
1.690400e+02 -9.660616e+01 1.553009e-01
1.691200e+02 -9.684500e+01 1.561343e-01
1.692000e+02 -9.709719e+01 1.569968e-01
1.692800e+02 -9.736162e+01 1.579600e-01
1.693600e+02 -9.764196e+01 1.590095e-01
1.694400e+02 -9.793544e+01 1.601175e-01
1.695200e+02 -9.824508e+01 1.613026e-01
1.696000e+02 -9.857176e+01 1.625986e-01
1.696800e+02 -9.891187e+01 1.639961e-01
1.697600e+02 -9.926161e+01 1.654959e-01
1.698400e+02 -9.962596e+01 1.671075e-01
1.699200e+02 -9.999130e+01 1.687770e-01
1.700000e+02 -1.003645e+02 1.705239e-01
1.700800e+02 -1.007508e+02 1.723909e-01
1.701600e+02 -1.011487e+02 1.743890e-01
1.702400e+02 -1.015543e+02 1.765040e-01
1.703200e+02 -1.019727e+02 1.787693e-01
1.704000e+02 -1.024025e+02 1.812065e-01
1.704800e+02 -1.028431e+02 1.838087e-01
1.705600e+02 -1.032942e+02 1.865683e-01
1.706400e+02 -1.037533e+02 1.894886e-01
1.707200e+02 -1.042216e+02 1.925687e-01
1.708000e+02 -1.046802e+02 1.955199e-01
1.708800e+02 -1.051326e+02 1.984338e-01
1.709600e+02 -1.055860e+02 2.013850e-01
1.710400e+02 -1.060475e+02 2.044685e-01
1.711200e+02 -1.065028e+02 2.076138e-01
1.712000e+02 -1.069638e+02 2.108566e-01
1.712800e+02 -1.074031e+02 2.138509e-01
1.713600e+02 -1.078448e+02 2.168798e-01
1.714400e+02 -1.082740e+02 2.198294e-01
1.715200e+02 -1.086968e+02 2.228047e-01
1.716000e+02 -1.091088e+02 2.257582e-01
1.716800e+02 -1.095151e+02 2.286968e-01
1.717600e+02 -1.099081e+02 2.315390e-01
1.718400e+02 -1.102942e+02 2.342987e-01
1.719200e+02 -1.106720e+02 2.369941e-01
1.720000e+02 -1.110363e+02 2.396392e-01
1.720800e+02 -1.113880e+02 2.421673e-01
1.721600e+02 -1.117282e+02 2.445818e-01
1.722400e+02 -1.120655e+02 2.469683e-01
1.723200e+02 -1.123986e+02 2.492743e-01
1.724000e+02 -1.127188e+02 2.514703e-01
1.724800e+02 -1.130135e+02 2.534417e-01
1.725600e+02 -1.132950e+02 2.552448e-01
1.726400e+02 -1.135708e+02 2.569880e-01
1.727200e+02 -1.138329e+02 2.586686e-01
1.728000e+02 -1.140903e+02 2.603823e-01
1.728800e+02 -1.143354e+02 2.620475e-01
1.729600e+02 -1.145720e+02 2.636601e-01
1.730400e+02 -1.148049e+02 2.652720e-01
1.731200e+02 -1.150371e+02 2.668214e-01
1.732000e+02 -1.152706e+02 2.683944e-01
1.732800e+02 -1.155022e+02 2.699936e-01
1.733600e+02 -1.157309e+02 2.716035e-01
1.734400e+02 -1.159569e+02 2.731926e-01
1.735200e+02 -1.161883e+02 2.747854e-01
1.736000e+02 -1.164149e+02 2.762969e-01
1.736800e+02 -1.166390e+02 2.776911e-01
1.737600e+02 -1.168620e+02 2.789454e-01
1.738400e+02 -1.170772e+02 2.799989e-01
1.739200e+02 -1.172903e+02 2.808601e-01
1.740000e+02 -1.174986e+02 2.814921e-01
1.740800e+02 -1.177039e+02 2.819655e-01
1.741600e+02 -1.179025e+02 2.821908e-01
1.742400e+02 -1.180850e+02 2.820130e-01
1.743200e+02 -1.182615e+02 2.816392e-01
1.744000e+02 -1.184298e+02 2.811082e-01
1.744800e+02 -1.185989e+02 2.803294e-01
1.745600e+02 -1.187668e+02 2.794721e-01
1.746400e+02 -1.189290e+02 2.784999e-01
1.747200e+02 -1.190853e+02 2.774099e-01
1.748000e+02 -1.192362e+02 2.761997e-01
1.748800e+02 -1.193920e+02 2.749780e-01
1.749600e+02 -1.195395e+02 2.735988e-01
1.750400e+02 -1.196814e+02 2.721559e-01
1.751200e+02 -1.198179e+02 2.706008e-01
1.752000e+02 -1.199453e+02 2.689392e-01
1.752800e+02 -1.200615e+02 2.671791e-01
1.753600e+02 -1.201707e+02 2.653320e-01
1.754400e+02 -1.202752e+02 2.634237e-01
1.755200e+02 -1.203713e+02 2.614693e-01
1.756000e+02 -1.204602e+02 2.594814e-01
1.756800e+02 -1.205407e+02 2.574573e-01
1.757600e+02 -1.206188e+02 2.554053e-01
1.758400e+02 -1.206899e+02 2.533969e-01
1.759200e+02 -1.207565e+02 2.514497e-01
1.760000e+02 -1.208086e+02 2.495202e-01
1.760800e+02 -1.208556e+02 2.476668e-01
1.761600e+02 -1.209047e+02 2.460286e-01
1.762400e+02 -1.209411e+02 2.444038e-01
1.763200e+02 -1.209728e+02 2.428378e-01
1.764000e+02 -1.209959e+02 2.413506e-01
1.764800e+02 -1.210179e+02 2.399186e-01
1.765600e+02 -1.210326e+02 2.385425e-01
1.766400e+02 -1.210502e+02 2.373364e-01
1.767200e+02 -1.210594e+02 2.361274e-01
1.768000e+02 -1.210605e+02 2.349729e-01
1.768800e+02 -1.210554e+02 2.338635e-01
1.769600e+02 -1.210466e+02 2.327794e-01
1.770400e+02 -1.210324e+02 2.317255e-01
1.771200e+02 -1.210146e+02 2.306970e-01
1.772000e+02 -1.209981e+02 2.297221e-01
1.772800e+02 -1.209756e+02 2.287502e-01
1.773600e+02 -1.209461e+02 2.277757e-01
1.774400e+02 -1.209167e+02 2.268960e-01
1.775200e+02 -1.208840e+02 2.260115e-01
1.776000e+02 -1.208536e+02 2.251869e-01
1.776800e+02 -1.208289e+02 2.244544e-01
1.777600e+02 -1.208017e+02 2.236901e-01
1.778400e+02 -1.207744e+02 2.228983e-01
1.779200e+02 -1.207448e+02 2.220817e-01
1.780000e+02 -1.207158e+02 2.212451e-01
1.780800e+02 -1.206820e+02 2.203856e-01
1.781600e+02 -1.206464e+02 2.195443e-01
1.782400e+02 -1.206080e+02 2.187339e-01
1.783200e+02 -1.205658e+02 2.179699e-01
1.784000e+02 -1.205215e+02 2.172076e-01
1.784800e+02 -1.204671e+02 2.165001e-01
1.785600e+02 -1.204014e+02 2.158370e-01
1.786400e+02 -1.203269e+02 2.151600e-01
1.787200e+02 -1.202391e+02 2.145009e-01
1.788000e+02 -1.201445e+02 2.138579e-01
1.788800e+02 -1.200417e+02 2.131808e-01
1.789600e+02 -1.199353e+02 2.124895e-01
1.790400e+02 -1.198372e+02 2.117623e-01
1.791200e+02 -1.197450e+02 2.109783e-01
1.792000e+02 -1.196621e+02 2.101539e-01
1.792800e+02 -1.195831e+02 2.093313e-01
1.793600e+02 -1.195079e+02 2.085168e-01
1.794400e+02 -1.194372e+02 2.076825e-01
1.795200e+02 -1.193662e+02 2.067746e-01
1.796000e+02 -1.192995e+02 2.058586e-01
1.796800e+02 -1.192336e+02 2.049404e-01
1.797600e+02 -1.191709e+02 2.040273e-01
1.798400e+02 -1.191071e+02 2.030994e-01
1.799200e+02 -1.190458e+02 2.021816e-01
1.800000e+02 -1.189886e+02 2.012760e-01
1.800800e+02 -1.189404e+02 2.004036e-01
1.801600e+02 -1.188950e+02 1.995215e-01
1.802400e+02 -1.188488e+02 1.986607e-01
1.803200e+02 -1.188045e+02 1.977972e-01
1.804000e+02 -1.187625e+02 1.969314e-01
1.804800e+02 -1.187231e+02 1.960726e-01
1.805600e+02 -1.186913e+02 1.952345e-01
1.806400e+02 -1.186587e+02 1.943902e-01
1.807200e+02 -1.186264e+02 1.935397e-01
1.808000e+02 -1.185926e+02 1.926846e-01
1.808800e+02 -1.185591e+02 1.918172e-01
1.809600e+02 -1.185247e+02 1.909436e-01
1.810400e+02 -1.184864e+02 1.900789e-01
1.811200e+02 -1.184433e+02 1.892226e-01
1.812000e+02 -1.183962e+02 1.883718e-01
1.812800e+02 -1.183440e+02 1.875227e-01
1.813600e+02 -1.182822e+02 1.866614e-01
1.814400e+02 -1.182143e+02 1.858112e-01
1.815200e+02 -1.181349e+02 1.849443e-01
1.816000e+02 -1.180494e+02 1.840994e-01
1.816800e+02 -1.179583e+02 1.832711e-01
1.817600e+02 -1.178605e+02 1.824558e-01
1.818400e+02 -1.177585e+02 1.816690e-01
1.819200e+02 -1.176507e+02 1.808946e-01
1.820000e+02 -1.175365e+02 1.801246e-01
1.820800e+02 -1.174163e+02 1.793575e-01
1.821600e+02 -1.172911e+02 1.785949e-01
1.822400e+02 -1.171589e+02 1.778317e-01
1.823200e+02 -1.170211e+02 1.770735e-01
1.824000e+02 -1.168784e+02 1.763217e-01
1.824800e+02 -1.167304e+02 1.755767e-01
1.825600e+02 -1.165771e+02 1.748376e-01
1.826400e+02 -1.164204e+02 1.741066e-01
1.827200e+02 -1.162588e+02 1.733835e-01
1.828000e+02 -1.160896e+02 1.726311e-01
1.828800e+02 -1.159187e+02 1.718952e-01
1.829600e+02 -1.157447e+02 1.711793e-01
1.830400e+02 -1.155671e+02 1.704832e-01
1.831200e+02 -1.153861e+02 1.698101e-01
1.832000e+02 -1.152057e+02 1.691639e-01
1.832800e+02 -1.150240e+02 1.685394e-01
1.833600e+02 -1.148401e+02 1.679165e-01
1.834400e+02 -1.146616e+02 1.672740e-01
1.835200e+02 -1.144781e+02 1.666269e-01
1.836000e+02 -1.142981e+02 1.660233e-01
1.836800e+02 -1.141164e+02 1.654247e-01
1.837600e+02 -1.139377e+02 1.648714e-01
1.838400e+02 -1.137617e+02 1.643576e-01
1.839200e+02 -1.135886e+02 1.638828e-01
1.840000e+02 -1.134193e+02 1.634419e-01
1.840800e+02 -1.132583e+02 1.630563e-01
1.841600e+02 -1.130996e+02 1.627070e-01
1.842400e+02 -1.129492e+02 1.624162e-01
1.843200e+02 -1.128081e+02 1.621702e-01
1.844000e+02 -1.126715e+02 1.619603e-01
1.844800e+02 -1.125494e+02 1.618351e-01
1.845600e+02 -1.124367e+02 1.617866e-01
1.846400e+02 -1.123317e+02 1.618175e-01
1.847200e+02 -1.122367e+02 1.619344e-01
1.848000e+02 -1.121484e+02 1.620883e-01
1.848800e+02 -1.120715e+02 1.623460e-01
1.849600e+02 -1.120012e+02 1.626396e-01
1.850400e+02 -1.119337e+02 1.629905e-01
1.851200e+02 -1.118773e+02 1.634318e-01
1.852000e+02 -1.118278e+02 1.639635e-01
1.852800e+02 -1.117885e+02 1.645856e-01
1.853600e+02 -1.117531e+02 1.653113e-01
1.854400e+02 -1.117287e+02 1.661531e-01
1.855200e+02 -1.117004e+02 1.670277e-01
1.856000e+02 -1.116830e+02 1.680378e-01
1.856800e+02 -1.116740e+02 1.691728e-01
1.857600e+02 -1.116671e+02 1.703954e-01
1.858400e+02 -1.116710e+02 1.717441e-01
1.859200e+02 -1.116816e+02 1.732064e-01
1.860000e+02 -1.117033e+02 1.748063e-01
1.860800e+02 -1.117339e+02 1.765625e-01
1.861600e+02 -1.117641e+02 1.783950e-01
1.862400e+02 -1.117973e+02 1.803346e-01
1.863200e+02 -1.118385e+02 1.823952e-01
1.864000e+02 -1.118886e+02 1.845715e-01
1.864800e+02 -1.119452e+02 1.868583e-01
1.865600e+02 -1.120083e+02 1.892493e-01
1.866400e+02 -1.120750e+02 1.917284e-01
1.867200e+02 -1.121503e+02 1.943156e-01
1.868000e+02 -1.122348e+02 1.970009e-01
1.868800e+02 -1.123136e+02 1.997000e-01
1.869600e+02 -1.123978e+02 2.024602e-01
1.870400e+02 -1.124679e+02 2.049917e-01
1.871200e+02 -1.125282e+02 2.074073e-01
1.872000e+02 -1.125965e+02 2.098974e-01
1.872800e+02 -1.126564e+02 2.123789e-01
1.873600e+02 -1.127182e+02 2.148846e-01
1.874400e+02 -1.127753e+02 2.174252e-01
1.875200e+02 -1.128095e+02 2.196290e-01
1.876000e+02 -1.128446e+02 2.218213e-01
1.876800e+02 -1.128706e+02 2.238797e-01
1.877600e+02 -1.128860e+02 2.258741e-01
1.878400e+02 -1.128975e+02 2.278264e-01
1.879200e+02 -1.129000e+02 2.297181e-01
1.880000e+02 -1.128937e+02 2.315484e-01
1.880800e+02 -1.128866e+02 2.333278e-01
1.881600e+02 -1.128729e+02 2.350445e-01
1.882400e+02 -1.128516e+02 2.366861e-01
1.883200e+02 -1.128343e+02 2.383076e-01
1.884000e+02 -1.128127e+02 2.399073e-01
1.884800e+02 -1.127940e+02 2.415002e-01
1.885600e+02 -1.127764e+02 2.430913e-01
1.886400e+02 -1.127608e+02 2.446846e-01
1.887200e+02 -1.127459e+02 2.462830e-01
1.888000e+02 -1.127348e+02 2.478927e-01
1.888800e+02 -1.127245e+02 2.495076e-01
1.889600e+02 -1.127181e+02 2.511528e-01
1.890400e+02 -1.127217e+02 2.528524e-01
1.891200e+02 -1.127344e+02 2.545964e-01
1.892000e+02 -1.127564e+02 2.563877e-01
1.892800e+02 -1.127907e+02 2.582334e-01
1.893600e+02 -1.128314e+02 2.601073e-01
1.894400e+02 -1.128893e+02 2.620193e-01
1.895200e+02 -1.129679e+02 2.640631e-01
1.896000e+02 -1.130583e+02 2.661877e-01
1.896800e+02 -1.131657e+02 2.683617e-01
1.897600e+02 -1.132924e+02 2.705678e-01
1.898400e+02 -1.134326e+02 2.728051e-01
1.899200e+02 -1.135883e+02 2.750439e-01
1.900000e+02 -1.137589e+02 2.772886e-01
1.900800e+02 -1.139378e+02 2.795058e-01
1.901600e+02 -1.141300e+02 2.817436e-01
1.902400e+02 -1.143255e+02 2.838129e-01
1.903200e+02 -1.145309e+02 2.858798e-01
1.904000e+02 -1.147383e+02 2.878791e-01
1.904800e+02 -1.149428e+02 2.898166e-01
1.905600e+02 -1.151600e+02 2.917204e-01
1.906400e+02 -1.153843e+02 2.935720e-01
1.907200e+02 -1.156129e+02 2.953104e-01
1.908000e+02 -1.158421e+02 2.968848e-01
1.908800e+02 -1.160660e+02 2.982305e-01
1.909600e+02 -1.163051e+02 2.995394e-01
1.910400e+02 -1.165455e+02 3.006631e-01
1.911200e+02 -1.167857e+02 3.016274e-01
1.912000e+02 -1.170301e+02 3.024945e-01
1.912800e+02 -1.172738e+02 3.032179e-01
1.913600e+02 -1.175176e+02 3.038055e-01
1.914400e+02 -1.177617e+02 3.042672e-01
1.915200e+02 -1.180090e+02 3.047079e-01
1.916000e+02 -1.182525e+02 3.049706e-01
1.916800e+02 -1.184940e+02 3.051363e-01
1.917600e+02 -1.187284e+02 3.052239e-01
1.918400e+02 -1.189695e+02 3.052585e-01
1.919200e+02 -1.192134e+02 3.053568e-01
1.920000e+02 -1.194498e+02 3.053507e-01
1.920800e+02 -1.196796e+02 3.052875e-01
1.921600e+02 -1.198963e+02 3.051225e-01
1.922400e+02 -1.201070e+02 3.048122e-01
1.923200e+02 -1.203176e+02 3.045153e-01
1.924000e+02 -1.205141e+02 3.042323e-01
1.924800e+02 -1.206993e+02 3.039222e-01
1.925600e+02 -1.208776e+02 3.035395e-01
1.926400e+02 -1.210466e+02 3.030848e-01
1.927200e+02 -1.212123e+02 3.026895e-01
1.928000e+02 -1.213686e+02 3.022214e-01
1.928800e+02 -1.215200e+02 3.016815e-01
1.929600e+02 -1.216666e+02 3.010742e-01
1.930400e+02 -1.218080e+02 3.003903e-01
1.931200e+02 -1.219450e+02 2.996293e-01
1.932000e+02 -1.220764e+02 2.987921e-01
1.932800e+02 -1.222039e+02 2.978661e-01
1.933600e+02 -1.223263e+02 2.968718e-01
1.934400e+02 -1.224521e+02 2.959118e-01
1.935200e+02 -1.225701e+02 2.948224e-01
1.936000e+02 -1.226846e+02 2.937056e-01
1.936800e+02 -1.227944e+02 2.925611e-01
1.937600e+02 -1.228957e+02 2.914250e-01
1.938400e+02 -1.229899e+02 2.902820e-01
1.939200e+02 -1.230866e+02 2.892830e-01
1.940000e+02 -1.231826e+02 2.882437e-01
1.940800e+02 -1.232741e+02 2.871698e-01
1.941600e+02 -1.233610e+02 2.860611e-01
1.942400e+02 -1.234543e+02 2.850440e-01
1.943200e+02 -1.235439e+02 2.839465e-01
1.944000e+02 -1.236280e+02 2.828038e-01
1.944800e+02 -1.237086e+02 2.816316e-01
1.945600e+02 -1.237865e+02 2.804332e-01
1.946400e+02 -1.238641e+02 2.792251e-01
1.947200e+02 -1.239368e+02 2.780046e-01
1.948000e+02 -1.240006e+02 2.767340e-01
1.948800e+02 -1.240563e+02 2.754746e-01
1.949600e+02 -1.241040e+02 2.742136e-01
1.950400e+02 -1.241466e+02 2.729752e-01
1.951200e+02 -1.241859e+02 2.717171e-01
1.952000e+02 -1.242183e+02 2.704734e-01
1.952800e+02 -1.242400e+02 2.691827e-01
1.953600e+02 -1.242561e+02 2.679312e-01
1.954400e+02 -1.242635e+02 2.666952e-01
1.955200e+02 -1.242658e+02 2.654744e-01
1.956000e+02 -1.242682e+02 2.643838e-01
1.956800e+02 -1.242653e+02 2.632959e-01
1.957600e+02 -1.242585e+02 2.621930e-01
1.958400e+02 -1.242483e+02 2.610680e-01
1.959200e+02 -1.242357e+02 2.599257e-01
1.960000e+02 -1.242203e+02 2.587780e-01
1.960800e+02 -1.242026e+02 2.576311e-01
1.961600e+02 -1.241833e+02 2.564911e-01
1.962400e+02 -1.241710e+02 2.554784e-01
1.963200e+02 -1.241581e+02 2.544667e-01
1.964000e+02 -1.241555e+02 2.535718e-01
1.964800e+02 -1.241582e+02 2.526784e-01
1.965600e+02 -1.241594e+02 2.517530e-01
1.966400e+02 -1.241640e+02 2.507906e-01
1.967200e+02 -1.241682e+02 2.497896e-01
1.968000e+02 -1.241734e+02 2.487559e-01
1.968800e+02 -1.241792e+02 2.476974e-01
1.969600e+02 -1.241851e+02 2.466221e-01
1.970400e+02 -1.241910e+02 2.455354e-01
1.971200e+02 -1.241969e+02 2.444402e-01
1.972000e+02 -1.242024e+02 2.433376e-01
1.972800e+02 -1.242054e+02 2.422487e-01
1.973600e+02 -1.242077e+02 2.411504e-01
1.974400e+02 -1.242090e+02 2.400411e-01
1.975200e+02 -1.242093e+02 2.389210e-01
1.976000e+02 -1.242095e+02 2.377881e-01
1.976800e+02 -1.242054e+02 2.366235e-01
1.977600e+02 -1.242003e+02 2.354540e-01
1.978400e+02 -1.241903e+02 2.343062e-01
1.979200e+02 -1.241771e+02 2.331515e-01
1.980000e+02 -1.241630e+02 2.319857e-01
1.980800e+02 -1.241471e+02 2.308121e-01
1.981600e+02 -1.241254e+02 2.296085e-01
1.982400e+02 -1.241017e+02 2.284077e-01
1.983200e+02 -1.240756e+02 2.272081e-01
1.984000e+02 -1.240461e+02 2.260159e-01
1.984800e+02 -1.240143e+02 2.248248e-01
1.985600e+02 -1.239778e+02 2.236198e-01
1.986400e+02 -1.239394e+02 2.224219e-01
1.987200e+02 -1.238990e+02 2.212300e-01
1.988000e+02 -1.238562e+02 2.200436e-01
1.988800e+02 -1.238107e+02 2.188624e-01
1.989600e+02 -1.237580e+02 2.177017e-01
1.990400e+02 -1.237016e+02 2.165450e-01
1.991200e+02 -1.236411e+02 2.153915e-01
1.992000e+02 -1.235768e+02 2.142436e-01
1.992800e+02 -1.235125e+02 2.131283e-01
1.993600e+02 -1.234425e+02 2.120129e-01
1.994400e+02 -1.233656e+02 2.109186e-01
1.995200e+02 -1.232841e+02 2.098307e-01
1.996000e+02 -1.231977e+02 2.087443e-01
1.996800e+02 -1.231114e+02 2.077044e-01
1.997600e+02 -1.230208e+02 2.066616e-01
1.998400e+02 -1.229272e+02 2.056167e-01
1.999200e+02 -1.228285e+02 2.045819e-01
2.000000e+02 -1.227251e+02 2.035436e-01
2.000800e+02 -1.226181e+02 2.025103e-01
2.001600e+02 -1.225075e+02 2.014809e-01
2.002400e+02 -1.223975e+02 2.004571e-01
2.003200e+02 -1.222770e+02 1.994121e-01
2.004000e+02 -1.221547e+02 1.983827e-01
2.004800e+02 -1.220300e+02 1.973615e-01
2.005600e+02 -1.219037e+02 1.963762e-01
2.006400e+02 -1.217737e+02 1.954053e-01
2.007200e+02 -1.216402e+02 1.944485e-01
2.008000e+02 -1.215006e+02 1.934857e-01
2.008800e+02 -1.213578e+02 1.925391e-01
2.009600e+02 -1.212144e+02 1.916049e-01
2.010400e+02 -1.210700e+02 1.907155e-01
2.011200e+02 -1.209193e+02 1.898720e-01
2.012000e+02 -1.207643e+02 1.890433e-01
2.012800e+02 -1.206053e+02 1.882239e-01
2.013600e+02 -1.204424e+02 1.874120e-01
2.014400e+02 -1.202753e+02 1.866067e-01
2.015200e+02 -1.201047e+02 1.858092e-01
2.016000e+02 -1.199326e+02 1.850075e-01
2.016800e+02 -1.197574e+02 1.842196e-01
2.017600e+02 -1.195791e+02 1.834461e-01
2.018400e+02 -1.193995e+02 1.826878e-01
2.019200e+02 -1.192181e+02 1.819437e-01
2.020000e+02 -1.190343e+02 1.812149e-01
2.020800e+02 -1.188498e+02 1.805029e-01
2.021600e+02 -1.186638e+02 1.798067e-01
2.022400e+02 -1.184765e+02 1.791268e-01
2.023200e+02 -1.182888e+02 1.784634e-01
2.024000e+02 -1.181001e+02 1.778161e-01
2.024800e+02 -1.179113e+02 1.771850e-01
2.025600e+02 -1.177212e+02 1.765690e-01
2.026400e+02 -1.175319e+02 1.759698e-01
2.027200e+02 -1.173428e+02 1.753871e-01
2.028000e+02 -1.171517e+02 1.748060e-01
2.028800e+02 -1.169627e+02 1.742489e-01
2.029600e+02 -1.167749e+02 1.737081e-01
2.030400e+02 -1.165890e+02 1.731853e-01
2.031200e+02 -1.164044e+02 1.726791e-01
2.032000e+02 -1.162217e+02 1.721890e-01
2.032800e+02 -1.160394e+02 1.717106e-01
2.033600e+02 -1.158605e+02 1.712507e-01
2.034400e+02 -1.156849e+02 1.708075e-01
2.035200e+02 -1.155126e+02 1.703807e-01
2.036000e+02 -1.153436e+02 1.699696e-01
2.036800e+02 -1.151797e+02 1.695754e-01
2.037600e+02 -1.150207e+02 1.691972e-01
2.038400e+02 -1.148658e+02 1.688338e-01
2.039200e+02 -1.147149e+02 1.684616e-01
2.040000e+02 -1.145695e+02 1.681102e-01
2.040800e+02 -1.144267e+02 1.677566e-01
2.041600e+02 -1.142903e+02 1.674301e-01
2.042400e+02 -1.141617e+02 1.671247e-01
2.043200e+02 -1.140408e+02 1.668386e-01
2.044000e+02 -1.139268e+02 1.665477e-01
2.044800e+02 -1.138214e+02 1.662809e-01
2.045600e+02 -1.137241e+02 1.660182e-01
2.046400e+02 -1.136367e+02 1.657818e-01
2.047200e+02 -1.135591e+02 1.655637e-01
2.048000e+02 -1.134923e+02 1.653633e-01
2.048800e+02 -1.134384e+02 1.651758e-01
2.049600e+02 -1.133938e+02 1.650092e-01
2.050400e+02 -1.133627e+02 1.648656e-01
2.051200e+02 -1.133493e+02 1.647311e-01
2.052000e+02 -1.133550e+02 1.645949e-01
2.052800e+02 -1.133765e+02 1.644584e-01
2.053600e+02 -1.134132e+02 1.643660e-01
2.054400e+02 -1.134706e+02 1.643381e-01
2.055200e+02 -1.135435e+02 1.643602e-01
2.056000e+02 -1.136323e+02 1.644094e-01
2.056800e+02 -1.137399e+02 1.645095e-01
2.057600e+02 -1.138642e+02 1.646762e-01
2.058400e+02 -1.140042e+02 1.649172e-01
2.059200e+02 -1.141625e+02 1.652403e-01
2.060000e+02 -1.143366e+02 1.656584e-01
2.060800e+02 -1.145289e+02 1.661940e-01
2.061600e+02 -1.147360e+02 1.668343e-01
2.062400e+02 -1.149602e+02 1.675872e-01
2.063200e+02 -1.152018e+02 1.684508e-01
2.064000e+02 -1.154582e+02 1.694325e-01
2.064800e+02 -1.157276e+02 1.705125e-01
2.065600e+02 -1.160123e+02 1.716947e-01
2.066400e+02 -1.163101e+02 1.729524e-01
2.067200e+02 -1.166218e+02 1.743042e-01
2.068000e+02 -1.169408e+02 1.757064e-01
2.068800e+02 -1.172719e+02 1.772041e-01
2.069600e+02 -1.176046e+02 1.787234e-01
2.070400e+02 -1.179534e+02 1.803487e-01
2.071200e+02 -1.183158e+02 1.820819e-01
2.072000e+02 -1.186798e+02 1.838939e-01
2.072800e+02 -1.190571e+02 1.858110e-01
2.073600e+02 -1.194313e+02 1.877418e-01
2.074400e+02 -1.198195e+02 1.898753e-01
2.075200e+02 -1.202160e+02 1.921350e-01
2.076000e+02 -1.206148e+02 1.945142e-01
2.076800e+02 -1.210170e+02 1.970089e-01
2.077600e+02 -1.214101e+02 1.995482e-01
2.078400e+02 -1.217965e+02 2.021782e-01
2.079200e+02 -1.221775e+02 2.048990e-01
2.080000e+02 -1.225478e+02 2.076956e-01
2.080800e+02 -1.229070e+02 2.105904e-01
2.081600e+02 -1.232523e+02 2.136020e-01
2.082400e+02 -1.235752e+02 2.166623e-01
2.083200e+02 -1.238764e+02 2.197727e-01
2.084000e+02 -1.241689e+02 2.228664e-01
2.084800e+02 -1.244342e+02 2.257092e-01
2.085600e+02 -1.246758e+02 2.283720e-01
2.086400e+02 -1.249185e+02 2.310283e-01
2.087200e+02 -1.251416e+02 2.335374e-01
2.088000e+02 -1.253654e+02 2.360299e-01
2.088800e+02 -1.255846e+02 2.385299e-01
2.089600e+02 -1.257763e+02 2.407239e-01
2.090400e+02 -1.259615e+02 2.428862e-01
2.091200e+02 -1.261365e+02 2.450092e-01
2.092000e+02 -1.262935e+02 2.470773e-01
2.092800e+02 -1.264370e+02 2.491289e-01
2.093600e+02 -1.265628e+02 2.511517e-01
2.094400e+02 -1.266723e+02 2.531325e-01
2.095200e+02 -1.267612e+02 2.550620e-01
2.096000e+02 -1.268157e+02 2.568556e-01
2.096800e+02 -1.268485e+02 2.586499e-01
2.097600e+02 -1.268592e+02 2.604915e-01
2.098400e+02 -1.268305e+02 2.621749e-01
2.099200e+02 -1.267821e+02 2.638799e-01
2.100000e+02 -1.267134e+02 2.655779e-01
2.100800e+02 -1.266109e+02 2.672704e-01
2.101600e+02 -1.264909e+02 2.690097e-01
2.102400e+02 -1.263465e+02 2.707517e-01
2.103200e+02 -1.261806e+02 2.724138e-01
2.104000e+02 -1.259911e+02 2.740191e-01
2.104800e+02 -1.257688e+02 2.755631e-01
2.105600e+02 -1.255136e+02 2.769949e-01
2.106400e+02 -1.252247e+02 2.783068e-01
2.107200e+02 -1.249178e+02 2.796907e-01
2.108000e+02 -1.245645e+02 2.808380e-01
2.108800e+02 -1.241753e+02 2.819337e-01
2.109600e+02 -1.237592e+02 2.829591e-01
2.110400e+02 -1.233095e+02 2.838635e-01
2.111200e+02 -1.228284e+02 2.844726e-01
2.112000e+02 -1.223215e+02 2.850028e-01
2.112800e+02 -1.218006e+02 2.854569e-01
2.113600e+02 -1.212590e+02 2.859302e-01
2.114400e+02 -1.207004e+02 2.864007e-01
2.115200e+02 -1.201262e+02 2.868695e-01
2.116000e+02 -1.195412e+02 2.873386e-01
2.116800e+02 -1.189532e+02 2.878449e-01
2.117600e+02 -1.183629e+02 2.882743e-01
2.118400e+02 -1.177678e+02 2.887591e-01
2.119200e+02 -1.171695e+02 2.892552e-01
2.120000e+02 -1.165693e+02 2.897344e-01
2.120800e+02 -1.159653e+02 2.902267e-01
2.121600e+02 -1.153607e+02 2.907034e-01
2.122400e+02 -1.147534e+02 2.911474e-01
2.123200e+02 -1.141453e+02 2.915471e-01
2.124000e+02 -1.135373e+02 2.918953e-01
2.124800e+02 -1.129259e+02 2.921888e-01
2.125600e+02 -1.123196e+02 2.923327e-01
2.126400e+02 -1.117082e+02 2.924383e-01
2.127200e+02 -1.110968e+02 2.924682e-01
2.128000e+02 -1.104794e+02 2.924206e-01
2.128800e+02 -1.098634e+02 2.922920e-01
2.129600e+02 -1.092466e+02 2.921040e-01
2.130400e+02 -1.086290e+02 2.918383e-01
2.131200e+02 -1.080087e+02 2.914998e-01
2.132000e+02 -1.073858e+02 2.910688e-01
2.132800e+02 -1.067661e+02 2.905452e-01
2.133600e+02 -1.061510e+02 2.898706e-01
2.134400e+02 -1.055379e+02 2.891598e-01
2.135200e+02 -1.049240e+02 2.883731e-01
2.136000e+02 -1.043096e+02 2.875416e-01
2.136800e+02 -1.036972e+02 2.866734e-01
2.137600e+02 -1.030853e+02 2.857848e-01
2.138400e+02 -1.024764e+02 2.848922e-01
2.139200e+02 -1.018730e+02 2.840242e-01
2.140000e+02 -1.012717e+02 2.831753e-01
2.140800e+02 -1.006741e+02 2.823469e-01
2.141600e+02 -1.000809e+02 2.815432e-01
2.142400e+02 -9.949516e+01 2.807740e-01
2.143200e+02 -9.891515e+01 2.800338e-01
2.144000e+02 -9.834912e+01 2.793234e-01
2.144800e+02 -9.778015e+01 2.786271e-01
2.145600e+02 -9.722093e+01 2.779667e-01
2.146400e+02 -9.666649e+01 2.772957e-01
2.147200e+02 -9.612719e+01 2.766251e-01
2.148000e+02 -9.560032e+01 2.759267e-01
2.148800e+02 -9.508534e+01 2.751959e-01
2.149600e+02 -9.458367e+01 2.744377e-01
2.150400e+02 -9.409566e+01 2.736578e-01
2.151200e+02 -9.362550e+01 2.728839e-01
2.152000e+02 -9.317314e+01 2.721334e-01
2.152800e+02 -9.274031e+01 2.714310e-01
2.153600e+02 -9.233024e+01 2.707934e-01
2.154400e+02 -9.195047e+01 2.702959e-01
2.155200e+02 -9.159527e+01 2.698476e-01
2.156000e+02 -9.127111e+01 2.694822e-01
2.156800e+02 -9.097699e+01 2.692020e-01
2.157600e+02 -9.072007e+01 2.690246e-01
2.158400e+02 -9.051156e+01 2.689409e-01
2.159200e+02 -9.032875e+01 2.689359e-01
2.160000e+02 -9.018096e+01 2.690006e-01
2.160800e+02 -9.007366e+01 2.691325e-01
2.161600e+02 -9.000551e+01 2.693313e-01
2.162400e+02 -8.997256e+01 2.695618e-01
2.163200e+02 -8.997848e+01 2.698479e-01
2.164000e+02 -9.002104e+01 2.701819e-01
2.164800e+02 -9.009844e+01 2.705550e-01
2.165600e+02 -9.020234e+01 2.710111e-01
2.166400e+02 -9.033354e+01 2.714835e-01
2.167200e+02 -9.048573e+01 2.719643e-01
2.168000e+02 -9.065635e+01 2.724461e-01
2.168800e+02 -9.084177e+01 2.729233e-01
2.169600e+02 -9.103828e+01 2.733903e-01
2.170400e+02 -9.124338e+01 2.738430e-01
2.171200e+02 -9.145494e+01 2.742805e-01
2.172000e+02 -9.167138e+01 2.747027e-01
2.172800e+02 -9.189182e+01 2.751103e-01
2.173600e+02 -9.211546e+01 2.755041e-01
2.174400e+02 -9.234204e+01 2.758844e-01
2.175200e+02 -9.257153e+01 2.762514e-01
2.176000e+02 -9.280470e+01 2.766083e-01
2.176800e+02 -9.304128e+01 2.769544e-01
2.177600e+02 -9.329005e+01 2.773767e-01
2.178400e+02 -9.353617e+01 2.777448e-01
2.179200e+02 -9.378186e+01 2.780782e-01
2.180000e+02 -9.403120e+01 2.783989e-01
2.180800e+02 -9.428343e+01 2.787052e-01
2.181600e+02 -9.453907e+01 2.789949e-01
2.182400e+02 -9.480638e+01 2.793994e-01
2.183200e+02 -9.507318e+01 2.797525e-01
2.184000e+02 -9.535175e+01 2.801977e-01
2.184800e+02 -9.563109e+01 2.805847e-01
2.185600e+02 -9.591333e+01 2.809200e-01
2.186400e+02 -9.619261e+01 2.811519e-01
2.187200e+02 -9.647656e+01 2.813306e-01
2.188000e+02 -9.676229e+01 2.814482e-01
2.188800e+02 -9.704546e+01 2.814933e-01
2.189600e+02 -9.733110e+01 2.814774e-01
2.190400e+02 -9.761703e+01 2.813590e-01
2.191200e+02 -9.790371e+01 2.811738e-01
2.192000e+02 -9.819026e+01 2.809220e-01
2.192800e+02 -9.847589e+01 2.805965e-01
2.193600e+02 -9.876078e+01 2.801914e-01
2.194400e+02 -9.904295e+01 2.797051e-01
2.195200e+02 -9.932100e+01 2.791202e-01
2.196000e+02 -9.959717e+01 2.784565e-01
2.196800e+02 -9.986806e+01 2.777235e-01
2.197600e+02 -1.001364e+02 2.769161e-01
2.198400e+02 -1.004009e+02 2.760449e-01
2.199200e+02 -1.006613e+02 2.751153e-01
2.200000e+02 -1.009175e+02 2.741341e-01
2.200800e+02 -1.011673e+02 2.731160e-01
2.201600e+02 -1.014122e+02 2.720472e-01
2.202400e+02 -1.016504e+02 2.709348e-01
2.203200e+02 -1.018829e+02 2.697690e-01
2.204000e+02 -1.021082e+02 2.685357e-01
2.204800e+02 -1.023327e+02 2.672702e-01
2.205600e+02 -1.025478e+02 2.659469e-01
2.206400e+02 -1.027577e+02 2.645469e-01
2.207200e+02 -1.029653e+02 2.630800e-01
2.208000e+02 -1.031675e+02 2.615418e-01
2.208800e+02 -1.033644e+02 2.599309e-01
2.209600e+02 -1.035558e+02 2.582506e-01
2.210400e+02 -1.037419e+02 2.565051e-01
2.211200e+02 -1.039258e+02 2.547158e-01
2.212000e+02 -1.041037e+02 2.528841e-01
2.212800e+02 -1.042716e+02 2.509733e-01
2.213600e+02 -1.044339e+02 2.490451e-01
2.214400e+02 -1.045866e+02 2.470979e-01
2.215200e+02 -1.047352e+02 2.451598e-01
2.216000e+02 -1.048747e+02 2.432241e-01
2.216800e+02 -1.050069e+02 2.413094e-01
2.217600e+02 -1.051258e+02 2.393844e-01
2.218400e+02 -1.052384e+02 2.375109e-01
2.219200e+02 -1.053444e+02 2.356868e-01
2.220000e+02 -1.054427e+02 2.339181e-01
2.220800e+02 -1.055335e+02 2.322115e-01
2.221600e+02 -1.056175e+02 2.305708e-01
2.222400e+02 -1.056940e+02 2.290033e-01
2.223200e+02 -1.057644e+02 2.275029e-01
2.224000e+02 -1.058233e+02 2.260495e-01
2.224800e+02 -1.058805e+02 2.247786e-01
2.225600e+02 -1.059307e+02 2.235747e-01
2.226400e+02 -1.059752e+02 2.224226e-01
2.227200e+02 -1.060181e+02 2.214291e-01
2.228000e+02 -1.060639e+02 2.205972e-01
2.228800e+02 -1.061027e+02 2.197849e-01
2.229600e+02 -1.061372e+02 2.189935e-01
2.230400e+02 -1.061730e+02 2.182434e-01
2.231200e+02 -1.062040e+02 2.174900e-01
2.232000e+02 -1.062284e+02 2.167206e-01
2.232800e+02 -1.062504e+02 2.159674e-01
2.233600e+02 -1.062689e+02 2.152318e-01
2.234400e+02 -1.062840e+02 2.145124e-01
2.235200e+02 -1.062942e+02 2.138046e-01
2.236000e+02 -1.063014e+02 2.131076e-01
2.236800e+02 -1.063061e+02 2.124143e-01
2.237600e+02 -1.063079e+02 2.117208e-01
2.238400e+02 -1.063072e+02 2.110236e-01
2.239200e+02 -1.063040e+02 2.103236e-01
2.240000e+02 -1.062986e+02 2.096169e-01
2.240800e+02 -1.062880e+02 2.089223e-01
2.241600e+02 -1.062754e+02 2.082182e-01
2.242400e+02 -1.062609e+02 2.074994e-01
2.243200e+02 -1.062446e+02 2.067659e-01
2.244000e+02 -1.062212e+02 2.059906e-01
2.244800e+02 -1.061970e+02 2.052147e-01
2.245600e+02 -1.061716e+02 2.044381e-01
2.246400e+02 -1.061447e+02 2.036626e-01
2.247200e+02 -1.061165e+02 2.028912e-01
2.248000e+02 -1.060958e+02 2.021984e-01
2.248800e+02 -1.060741e+02 2.015034e-01
2.249600e+02 -1.060527e+02 2.008117e-01
2.250400e+02 -1.060284e+02 2.001527e-01
2.251200e+02 -1.060065e+02 1.994935e-01
2.252000e+02 -1.059873e+02 1.988251e-01
2.252800e+02 -1.059685e+02 1.981540e-01
2.253600e+02 -1.059500e+02 1.974753e-01
2.254400e+02 -1.059340e+02 1.967919e-01
2.255200e+02 -1.059199e+02 1.961123e-01
2.256000e+02 -1.059079e+02 1.954374e-01
2.256800e+02 -1.058988e+02 1.947658e-01
2.257600e+02 -1.058865e+02 1.940532e-01
2.258400e+02 -1.058768e+02 1.933636e-01
2.259200e+02 -1.058682e+02 1.926947e-01
2.260000e+02 -1.058630e+02 1.920563e-01
2.260800e+02 -1.058594e+02 1.914399e-01
2.261600e+02 -1.058577e+02 1.908433e-01
2.262400e+02 -1.058581e+02 1.902644e-01
2.263200e+02 -1.058644e+02 1.897251e-01
2.264000e+02 -1.058730e+02 1.891971e-01
2.264800e+02 -1.058861e+02 1.886740e-01
2.265600e+02 -1.059018e+02 1.881639e-01
2.266400e+02 -1.059203e+02 1.876679e-01
2.267200e+02 -1.059424e+02 1.871849e-01
2.268000e+02 -1.059681e+02 1.867146e-01
2.268800e+02 -1.059977e+02 1.862570e-01
2.269600e+02 -1.060313e+02 1.858125e-01
2.270400e+02 -1.060728e+02 1.854120e-01
2.271200e+02 -1.061189e+02 1.850270e-01
2.272000e+02 -1.061699e+02 1.846565e-01
2.272800e+02 -1.062260e+02 1.843008e-01
2.273600e+02 -1.062878e+02 1.839609e-01
2.274400e+02 -1.063552e+02 1.836371e-01
2.275200e+02 -1.064282e+02 1.833292e-01
2.276000e+02 -1.065068e+02 1.830377e-01
2.276800e+02 -1.065885e+02 1.827465e-01
2.277600e+02 -1.066758e+02 1.824755e-01
2.278400e+02 -1.067676e+02 1.822240e-01
2.279200e+02 -1.068659e+02 1.819974e-01
2.280000e+02 -1.069665e+02 1.817774e-01
2.280800e+02 -1.070726e+02 1.815788e-01
2.281600e+02 -1.071847e+02 1.813995e-01
2.282400e+02 -1.073026e+02 1.812386e-01
2.283200e+02 -1.074262e+02 1.811027e-01
2.284000e+02 -1.075559e+02 1.809901e-01
2.284800e+02 -1.076928e+02 1.809020e-01
2.285600e+02 -1.078376e+02 1.808446e-01
2.286400e+02 -1.079883e+02 1.807876e-01
2.287200e+02 -1.081472e+02 1.807603e-01
2.288000e+02 -1.083164e+02 1.807690e-01
2.288800e+02 -1.084999e+02 1.807622e-01
2.289600e+02 -1.086901e+02 1.808095e-01
2.290400e+02 -1.088921e+02 1.808784e-01
2.291200e+02 -1.091022e+02 1.809833e-01
2.292000e+02 -1.093168e+02 1.810780e-01
2.292800e+02 -1.095385e+02 1.812028e-01
2.293600e+02 -1.097669e+02 1.813572e-01
2.294400e+02 -1.100028e+02 1.815422e-01
2.295200e+02 -1.102422e+02 1.817118e-01
2.296000e+02 -1.104888e+02 1.819271e-01
2.296800e+02 -1.107406e+02 1.821712e-01
2.297600e+02 -1.110022e+02 1.824559e-01
2.298400e+02 -1.112663e+02 1.827780e-01
2.299200e+02 -1.115350e+02 1.831491e-01
2.300000e+02 -1.118092e+02 1.835682e-01
2.300800e+02 -1.120886e+02 1.840536e-01
2.301600e+02 -1.123730e+02 1.845951e-01
2.302400e+02 -1.126572e+02 1.851115e-01
2.303200e+02 -1.129484e+02 1.857067e-01
2.304000e+02 -1.132443e+02 1.863587e-01
2.304800e+02 -1.135501e+02 1.870538e-01
2.305600e+02 -1.138654e+02 1.878168e-01
2.306400e+02 -1.141892e+02 1.886444e-01
2.307200e+02 -1.145237e+02 1.895474e-01
2.308000e+02 -1.148648e+02 1.905364e-01
2.308800e+02 -1.152127e+02 1.916061e-01
2.309600e+02 -1.155637e+02 1.927614e-01
2.310400e+02 -1.159085e+02 1.939559e-01
2.311200e+02 -1.162451e+02 1.952127e-01
2.312000e+02 -1.165807e+02 1.965599e-01
2.312800e+02 -1.169075e+02 1.979735e-01
2.313600e+02 -1.172256e+02 1.994456e-01
2.314400e+02 -1.175343e+02 2.009704e-01
2.315200e+02 -1.178358e+02 2.025452e-01
2.316000e+02 -1.181317e+02 2.041646e-01
2.316800e+02 -1.184248e+02 2.058489e-01
2.317600e+02 -1.187148e+02 2.075732e-01
2.318400e+02 -1.189975e+02 2.093061e-01
2.319200e+02 -1.192738e+02 2.110511e-01
2.320000e+02 -1.195439e+02 2.128097e-01
2.320800e+02 -1.198013e+02 2.145477e-01
2.321600e+02 -1.200535e+02 2.163311e-01
2.322400e+02 -1.202851e+02 2.180315e-01
2.323200e+02 -1.205056e+02 2.197701e-01
2.324000e+02 -1.207093e+02 2.214193e-01
2.324800e+02 -1.208876e+02 2.230181e-01
2.325600e+02 -1.210562e+02 2.246366e-01
2.326400e+02 -1.212020e+02 2.262700e-01
2.327200e+02 -1.213242e+02 2.277155e-01
2.328000e+02 -1.214278e+02 2.291190e-01
2.328800e+02 -1.215164e+02 2.304804e-01
2.329600e+02 -1.215897e+02 2.318229e-01
2.330400e+02 -1.216466e+02 2.331420e-01
2.331200e+02 -1.216908e+02 2.344257e-01
2.332000e+02 -1.217227e+02 2.356564e-01
2.332800e+02 -1.217324e+02 2.366800e-01
2.333600e+02 -1.217334e+02 2.376611e-01
2.334400e+02 -1.217255e+02 2.385025e-01
2.335200e+02 -1.217056e+02 2.392812e-01
2.336000e+02 -1.216735e+02 2.399831e-01
2.336800e+02 -1.216329e+02 2.406169e-01
2.337600e+02 -1.215871e+02 2.411755e-01
2.338400e+02 -1.215318e+02 2.416462e-01
2.339200e+02 -1.214690e+02 2.420039e-01
2.340000e+02 -1.213979e+02 2.422452e-01
2.340800e+02 -1.213267e+02 2.423555e-01
2.341600e+02 -1.212472e+02 2.423490e-01
2.342400e+02 -1.211619e+02 2.422340e-01
2.343200e+02 -1.210724e+02 2.420239e-01
2.344000e+02 -1.209766e+02 2.417143e-01
2.344800e+02 -1.208767e+02 2.412489e-01
2.345600e+02 -1.207710e+02 2.406984e-01
2.346400e+02 -1.206599e+02 2.400584e-01
2.347200e+02 -1.205421e+02 2.393258e-01
2.348000e+02 -1.204176e+02 2.384927e-01
2.348800e+02 -1.202895e+02 2.375648e-01
2.349600e+02 -1.201543e+02 2.365473e-01
2.350400e+02 -1.200123e+02 2.354453e-01
2.351200e+02 -1.198653e+02 2.342643e-01
2.352000e+02 -1.197118e+02 2.330192e-01
2.352800e+02 -1.195511e+02 2.317230e-01
2.353600e+02 -1.193920e+02 2.305241e-01
2.354400e+02 -1.192240e+02 2.292517e-01
2.355200e+02 -1.190509e+02 2.279636e-01
2.356000e+02 -1.188741e+02 2.266503e-01
2.356800e+02 -1.186921e+02 2.253010e-01
2.357600e+02 -1.185073e+02 2.239461e-01
2.358400e+02 -1.183273e+02 2.226968e-01
2.359200e+02 -1.181362e+02 2.213947e-01
2.360000e+02 -1.179386e+02 2.201205e-01
2.360800e+02 -1.177354e+02 2.188980e-01
2.361600e+02 -1.175235e+02 2.177225e-01
2.362400e+02 -1.173059e+02 2.166013e-01
2.363200e+02 -1.170807e+02 2.155343e-01
2.364000e+02 -1.168496e+02 2.145241e-01
2.364800e+02 -1.166068e+02 2.135653e-01
2.365600e+02 -1.163582e+02 2.126541e-01
2.366400e+02 -1.161183e+02 2.119628e-01
2.367200e+02 -1.158649e+02 2.112448e-01
2.368000e+02 -1.156079e+02 2.105593e-01
2.368800e+02 -1.153476e+02 2.099143e-01
2.369600e+02 -1.150823e+02 2.092769e-01
2.370400e+02 -1.148101e+02 2.086267e-01
2.371200e+02 -1.145423e+02 2.080943e-01
2.372000e+02 -1.142697e+02 2.075418e-01
2.372800e+02 -1.139945e+02 2.069719e-01
2.373600e+02 -1.137158e+02 2.063723e-01
2.374400e+02 -1.134339e+02 2.057368e-01
2.375200e+02 -1.131509e+02 2.050659e-01
2.376000e+02 -1.128687e+02 2.043970e-01
2.376800e+02 -1.125838e+02 2.036949e-01
2.377600e+02 -1.122921e+02 2.029472e-01
2.378400e+02 -1.119968e+02 2.021793e-01
2.379200e+02 -1.117026e+02 2.013982e-01
2.380000e+02 -1.114049e+02 2.005970e-01
2.380800e+02 -1.111056e+02 1.997753e-01
2.381600e+02 -1.108051e+02 1.989289e-01
2.382400e+02 -1.105043e+02 1.980585e-01
2.383200e+02 -1.102017e+02 1.971698e-01
2.384000e+02 -1.098963e+02 1.962679e-01
2.384800e+02 -1.095874e+02 1.953398e-01
2.385600e+02 -1.092784e+02 1.944093e-01
2.386400e+02 -1.089698e+02 1.934768e-01
2.387200e+02 -1.086607e+02 1.925507e-01
2.388000e+02 -1.083525e+02 1.916305e-01
2.388800e+02 -1.080437e+02 1.907216e-01
2.389600e+02 -1.077352e+02 1.898228e-01
2.390400e+02 -1.074249e+02 1.889357e-01
2.391200e+02 -1.071140e+02 1.880595e-01
2.392000e+02 -1.068038e+02 1.871947e-01
2.392800e+02 -1.064968e+02 1.863671e-01
2.393600e+02 -1.061886e+02 1.855446e-01
2.394400e+02 -1.058812e+02 1.847298e-01
2.395200e+02 -1.055755e+02 1.839222e-01
2.396000e+02 -1.052704e+02 1.831202e-01
2.396800e+02 -1.049713e+02 1.823689e-01
2.397600e+02 -1.046750e+02 1.816166e-01
2.398400e+02 -1.043815e+02 1.808670e-01
2.399200e+02 -1.040919e+02 1.801206e-01
2.400000e+02 -1.038033e+02 1.793755e-01
2.400800e+02 -1.035185e+02 1.786325e-01
