# Time Total_Circulation Enstrophy_Proxy
8.000000e-02 -2.556650e-08 1.193815e-12
1.600000e-01 -2.616108e-07 3.162358e-06
2.400000e-01 -5.413670e-05 6.266722e-05
3.200000e-01 -1.615448e-04 3.773733e-04
4.000000e-01 -1.463800e-04 1.314587e-03
4.800000e-01 1.342840e-03 3.300640e-03
5.600000e-01 7.377534e-04 6.657506e-03
6.400000e-01 4.341149e-03 1.140182e-02
7.200000e-01 -1.071898e-03 1.727275e-02
8.000000e-01 -4.008139e-03 2.351012e-02
8.800000e-01 -3.981238e-03 2.931515e-02
9.600000e-01 -1.737156e-03 3.397306e-02
1.040000e+00 -2.746206e-04 3.688615e-02
1.120000e+00 -8.698328e-03 3.785121e-02
1.200000e+00 -1.607762e-02 3.770528e-02
1.280000e+00 -1.938457e-02 3.719175e-02
1.360000e+00 -2.366143e-02 3.664338e-02
1.440000e+00 -3.262981e-02 3.617665e-02
1.520000e+00 -4.186125e-02 3.588356e-02
1.600000e+00 -5.082690e-02 3.575447e-02
1.680000e+00 -5.984861e-02 3.574860e-02
1.760000e+00 -6.711244e-02 3.582137e-02
1.840000e+00 -7.471418e-02 3.594177e-02
1.920000e+00 -8.474375e-02 3.608700e-02
2.000000e+00 -9.465203e-02 3.623058e-02
2.080000e+00 -1.045283e-01 3.636199e-02
2.160000e+00 -1.143350e-01 3.647637e-02
2.240000e+00 -1.242272e-01 3.656869e-02
2.320000e+00 -1.341696e-01 3.663990e-02
2.400000e+00 -1.441364e-01 3.669259e-02
2.480000e+00 -1.556083e-01 3.673509e-02
2.560000e+00 -1.670993e-01 3.676472e-02
2.640000e+00 -1.785784e-01 3.678531e-02
2.720000e+00 -1.901163e-01 3.679892e-02
2.800000e+00 -2.016795e-01 3.680812e-02
2.880000e+00 -2.131907e-01 3.681510e-02
2.960000e+00 -2.231971e-01 3.682650e-02
3.040000e+00 -2.346608e-01 3.683183e-02
3.120000e+00 -2.475150e-01 3.683398e-02
3.200000e+00 -2.600678e-01 3.684146e-02
3.280000e+00 -2.725956e-01 3.685314e-02
3.360000e+00 -2.850893e-01 3.686878e-02
3.440000e+00 -2.975368e-01 3.688814e-02
3.520000e+00 -3.099270e-01 3.691096e-02
3.600000e+00 -3.222501e-01 3.693691e-02
3.680000e+00 -3.344981e-01 3.696565e-02
3.760000e+00 -3.466635e-01 3.699678e-02
3.840000e+00 -3.587419e-01 3.702992e-02
3.920000e+00 -3.707290e-01 3.706473e-02
4.000000e+00 -3.826230e-01 3.710084e-02
4.080000e+00 -3.944228e-01 3.713798e-02
4.160000e+00 -4.061295e-01 3.717589e-02
4.240000e+00 -4.177454e-01 3.721433e-02
4.320000e+00 -4.292743e-01 3.725308e-02
4.400000e+00 -4.407219e-01 3.729201e-02
4.480000e+00 -4.520946e-01 3.733097e-02
4.560000e+00 -4.634000e-01 3.736988e-02
4.640000e+00 -4.746482e-01 3.740866e-02
4.720000e+00 -4.858500e-01 3.744728e-02
4.800000e+00 -4.970173e-01 3.748570e-02
4.880000e+00 -5.081635e-01 3.752392e-02
4.960000e+00 -5.193030e-01 3.756194e-02
5.040000e+00 -5.304510e-01 3.759976e-02
5.120000e+00 -5.416243e-01 3.763742e-02
5.200000e+00 -5.523244e-01 3.767428e-02
5.280000e+00 -5.631662e-01 3.771138e-02
5.360000e+00 -5.740640e-01 3.774864e-02
5.440000e+00 -5.850413e-01 3.778595e-02
5.520000e+00 -5.961186e-01 3.782323e-02
5.600000e+00 -6.061090e-01 3.785734e-02
5.680000e+00 -6.163699e-01 3.789242e-02
5.760000e+00 -6.267064e-01 3.792800e-02
5.840000e+00 -6.371421e-01 3.796397e-02
5.920000e+00 -6.477010e-01 3.800028e-02
6.000000e+00 -6.584060e-01 3.803688e-02
6.080000e+00 -6.692802e-01 3.807375e-02
6.160000e+00 -6.803464e-01 3.811089e-02
6.240000e+00 -6.916278e-01 3.814829e-02
6.320000e+00 -7.031453e-01 3.818591e-02
6.400000e+00 -7.149211e-01 3.822378e-02
6.480000e+00 -7.269750e-01 3.826187e-02
6.560000e+00 -7.393264e-01 3.830018e-02
6.640000e+00 -7.519941e-01 3.833870e-02
6.720000e+00 -7.649947e-01 3.837742e-02
6.800000e+00 -7.783434e-01 3.841633e-02
6.880000e+00 -7.920540e-01 3.845542e-02
6.960000e+00 -8.061381e-01 3.849466e-02
7.040000e+00 -8.206063e-01 3.853406e-02
7.120000e+00 -8.354674e-01 3.857360e-02
7.200000e+00 -8.507279e-01 3.861326e-02
7.280000e+00 -8.663917e-01 3.865305e-02
7.360000e+00 -8.824616e-01 3.869294e-02
7.440000e+00 -8.989372e-01 3.873294e-02
7.520000e+00 -9.158159e-01 3.877304e-02
7.600000e+00 -9.333881e-01 3.881352e-02
7.680000e+00 -9.513631e-01 3.885406e-02
7.760000e+00 -9.697479e-01 3.889457e-02
7.840000e+00 -9.885268e-01 3.893513e-02
7.920000e+00 -1.007682e+00 3.897579e-02
8.000000e+00 -1.027196e+00 3.901659e-02
8.080000e+00 -1.047047e+00 3.905757e-02
8.160000e+00 -1.067211e+00 3.909877e-02
8.240000e+00 -1.087662e+00 3.914018e-02
8.320000e+00 -1.108370e+00 3.918182e-02
8.400000e+00 -1.128758e+00 3.922444e-02
8.480000e+00 -1.149296e+00 3.926705e-02
8.560000e+00 -1.169919e+00 3.930976e-02
8.640000e+00 -1.190584e+00 3.935265e-02
8.720000e+00 -1.211249e+00 3.939577e-02
8.800000e+00 -1.231868e+00 3.943917e-02
8.880000e+00 -1.252394e+00 3.948287e-02
8.960000e+00 -1.272777e+00 3.952691e-02
9.040000e+00 -1.292970e+00 3.957131e-02
9.120000e+00 -1.312920e+00 3.961608e-02
9.200000e+00 -1.335732e+00 3.968582e-02
9.280000e+00 -1.358330e+00 3.975273e-02
9.360000e+00 -1.380966e+00 3.981643e-02
9.440000e+00 -1.403661e+00 3.987753e-02
9.520000e+00 -1.426379e+00 3.993648e-02
9.600000e+00 -1.449065e+00 3.999358e-02
9.680000e+00 -1.471649e+00 4.004905e-02
9.760000e+00 -1.494058e+00 4.010310e-02
9.840000e+00 -1.516215e+00 4.015601e-02
9.920000e+00 -1.538045e+00 4.020804e-02
1.000000e+01 -1.559137e+00 4.025916e-02
1.008000e+01 -1.579812e+00 4.030999e-02
1.016000e+01 -1.599937e+00 4.036065e-02
1.024000e+01 -1.621998e+00 4.042527e-02
1.032000e+01 -1.643455e+00 4.048730e-02
1.040000e+01 -1.664468e+00 4.054706e-02
1.048000e+01 -1.685077e+00 4.060498e-02
1.056000e+01 -1.705262e+00 4.066116e-02
1.064000e+01 -1.724983e+00 4.071552e-02
1.072000e+01 -1.744190e+00 4.076790e-02
1.080000e+01 -1.762833e+00 4.081817e-02
1.088000e+01 -1.780861e+00 4.086620e-02
1.096000e+01 -1.798226e+00 4.091188e-02
1.104000e+01 -1.814882e+00 4.095514e-02
1.112000e+01 -1.830788e+00 4.099588e-02
1.120000e+01 -1.845906e+00 4.103409e-02
1.128000e+01 -1.860203e+00 4.106970e-02
1.136000e+01 -1.873650e+00 4.110270e-02
1.144000e+01 -1.883958e+00 4.111859e-02
1.152000e+01 -1.893479e+00 4.113679e-02
1.160000e+01 -1.901867e+00 4.115686e-02
1.168000e+01 -1.909143e+00 4.117724e-02
1.176000e+01 -1.915325e+00 4.119660e-02
1.184000e+01 -1.920426e+00 4.121403e-02
1.192000e+01 -1.924464e+00 4.122895e-02
1.200000e+01 -1.927459e+00 4.124111e-02
1.208000e+01 -1.929437e+00 4.125046e-02
1.216000e+01 -1.930425e+00 4.125713e-02
1.224000e+01 -1.930460e+00 4.126130e-02
1.232000e+01 -1.929584e+00 4.126324e-02
1.240000e+01 -1.927845e+00 4.126326e-02
1.248000e+01 -1.925296e+00 4.126170e-02
1.256000e+01 -1.921998e+00 4.125895e-02
1.264000e+01 -1.918019e+00 4.125540e-02
1.272000e+01 -1.913432e+00 4.125149e-02
1.280000e+01 -1.908316e+00 4.124768e-02
1.288000e+01 -1.902757e+00 4.124445e-02
1.296000e+01 -1.894321e+00 4.125747e-02
1.304000e+01 -1.884115e+00 4.127458e-02
1.312000e+01 -1.874635e+00 4.128852e-02
1.320000e+01 -1.864338e+00 4.130444e-02
1.328000e+01 -1.853488e+00 4.132281e-02
1.336000e+01 -1.838710e+00 4.131943e-02
1.344000e+01 -1.823961e+00 4.133064e-02
1.352000e+01 -1.808594e+00 4.135095e-02
1.360000e+01 -1.790227e+00 4.136843e-02
1.368000e+01 -1.771797e+00 4.139929e-02
1.376000e+01 -1.752912e+00 4.143994e-02
1.384000e+01 -1.733641e+00 4.148927e-02
1.392000e+01 -1.714110e+00 4.154672e-02
1.400000e+01 -1.694470e+00 4.161197e-02
1.408000e+01 -1.674875e+00 4.168473e-02
1.416000e+01 -1.655485e+00 4.176477e-02
1.424000e+01 -1.636459e+00 4.185186e-02
1.432000e+01 -1.617955e+00 4.194573e-02
1.440000e+01 -1.600130e+00 4.204612e-02
1.448000e+01 -1.583139e+00 4.215265e-02
1.456000e+01 -1.567133e+00 4.226495e-02
1.464000e+01 -1.552261e+00 4.238254e-02
1.472000e+01 -1.538666e+00 4.250487e-02
1.480000e+01 -1.526487e+00 4.263129e-02
1.488000e+01 -1.515854e+00 4.276112e-02
1.496000e+01 -1.506893e+00 4.289357e-02
1.504000e+01 -1.499721e+00 4.302781e-02
1.512000e+01 -1.494447e+00 4.316292e-02
1.520000e+01 -1.491165e+00 4.329801e-02
1.528000e+01 -1.489966e+00 4.343212e-02
1.536000e+01 -1.490925e+00 4.356432e-02
1.544000e+01 -1.494108e+00 4.369365e-02
1.552000e+01 -1.500781e+00 4.382286e-02
1.560000e+01 -1.510210e+00 4.394783e-02
1.568000e+01 -1.522208e+00 4.406716e-02
1.576000e+01 -1.536813e+00 4.418014e-02
1.584000e+01 -1.554022e+00 4.428625e-02
1.592000e+01 -1.573820e+00 4.438516e-02
1.600000e+01 -1.596173e+00 4.447661e-02
1.608000e+01 -1.621031e+00 4.456044e-02
1.616000e+01 -1.648330e+00 4.463665e-02
1.624000e+01 -1.679846e+00 4.471710e-02
1.632000e+01 -1.713865e+00 4.479067e-02
1.640000e+01 -1.750326e+00 4.485513e-02
1.648000e+01 -1.789076e+00 4.491127e-02
1.656000e+01 -1.829950e+00 4.496056e-02
1.664000e+01 -1.876460e+00 4.498118e-02
1.672000e+01 -1.926343e+00 4.500461e-02
1.680000e+01 -1.977667e+00 4.503921e-02
1.688000e+01 -2.030778e+00 4.508099e-02
1.696000e+01 -2.085533e+00 4.512947e-02
1.704000e+01 -2.141692e+00 4.518519e-02
1.712000e+01 -2.198975e+00 4.524920e-02
1.720000e+01 -2.257078e+00 4.532285e-02
1.728000e+01 -2.320102e+00 4.541671e-02
1.736000e+01 -2.383550e+00 4.553320e-02
1.744000e+01 -2.447577e+00 4.566938e-02
1.752000e+01 -2.511922e+00 4.582453e-02
1.760000e+01 -2.576265e+00 4.599831e-02
1.768000e+01 -2.639906e+00 4.619100e-02
1.776000e+01 -2.702744e+00 4.640200e-02
1.784000e+01 -2.764397e+00 4.663133e-02
1.792000e+01 -2.825136e+00 4.687779e-02
1.800000e+01 -2.883981e+00 4.714250e-02
1.808000e+01 -2.940681e+00 4.742431e-02
1.816000e+01 -2.994904e+00 4.772187e-02
1.824000e+01 -3.046057e+00 4.803351e-02
1.832000e+01 -3.094070e+00 4.835627e-02
1.840000e+01 -3.137555e+00 4.869021e-02
1.848000e+01 -3.177169e+00 4.902874e-02
1.856000e+01 -3.212609e+00 4.936820e-02
1.864000e+01 -3.243668e+00 4.970478e-02
1.872000e+01 -3.270180e+00 5.003462e-02
1.880000e+01 -3.292016e+00 5.035392e-02
1.888000e+01 -3.309085e+00 5.065908e-02
1.896000e+01 -3.319161e+00 5.096066e-02
1.904000e+01 -3.324182e+00 5.124072e-02
1.912000e+01 -3.324060e+00 5.149525e-02
1.920000e+01 -3.318335e+00 5.172241e-02
1.928000e+01 -3.307732e+00 5.192302e-02
1.936000e+01 -3.292256e+00 5.209629e-02
1.944000e+01 -3.271305e+00 5.224356e-02
1.952000e+01 -3.245733e+00 5.236376e-02
1.960000e+01 -3.211948e+00 5.244588e-02
1.968000e+01 -3.172871e+00 5.251490e-02
1.976000e+01 -3.129254e+00 5.256646e-02
1.984000e+01 -3.083862e+00 5.259496e-02
1.992000e+01 -3.033267e+00 5.260827e-02
2.000000e+01 -2.975435e+00 5.257395e-02
2.008000e+01 -2.918551e+00 5.253844e-02
2.016000e+01 -2.858351e+00 5.250904e-02
2.024000e+01 -2.795974e+00 5.248958e-02
2.032000e+01 -2.731924e+00 5.248454e-02
2.040000e+01 -2.666730e+00 5.249903e-02
2.048000e+01 -2.600932e+00 5.253793e-02
2.056000e+01 -2.535072e+00 5.260558e-02
2.064000e+01 -2.466657e+00 5.268291e-02
2.072000e+01 -2.399420e+00 5.280737e-02
2.080000e+01 -2.333395e+00 5.297577e-02
2.088000e+01 -2.269133e+00 5.318558e-02
2.096000e+01 -2.207167e+00 5.343375e-02
2.104000e+01 -2.148004e+00 5.371668e-02
2.112000e+01 -2.092323e+00 5.403032e-02
2.120000e+01 -2.040412e+00 5.436977e-02
2.128000e+01 -1.994272e+00 5.473487e-02
2.136000e+01 -1.952527e+00 5.511385e-02
2.144000e+01 -1.916146e+00 5.550125e-02
2.152000e+01 -1.885319e+00 5.589037e-02
2.160000e+01 -1.861449e+00 5.627750e-02
2.168000e+01 -1.843629e+00 5.665266e-02
2.176000e+01 -1.832023e+00 5.700970e-02
2.184000e+01 -1.828565e+00 5.734227e-02
2.192000e+01 -1.833793e+00 5.766884e-02
2.200000e+01 -1.845612e+00 5.796325e-02
2.208000e+01 -1.865365e+00 5.821430e-02
2.216000e+01 -1.891386e+00 5.842873e-02
2.224000e+01 -1.923673e+00 5.860468e-02
2.232000e+01 -1.961958e+00 5.874140e-02
2.240000e+01 -2.008221e+00 5.885634e-02
2.248000e+01 -2.060151e+00 5.893455e-02
2.256000e+01 -2.114247e+00 5.895558e-02
2.264000e+01 -2.174580e+00 5.894920e-02
2.272000e+01 -2.239775e+00 5.892211e-02
2.280000e+01 -2.309838e+00 5.887028e-02
2.288000e+01 -2.384144e+00 5.880376e-02
2.296000e+01 -2.461409e+00 5.872697e-02
2.304000e+01 -2.541528e+00 5.865098e-02
2.312000e+01 -2.623498e+00 5.858196e-02
2.320000e+01 -2.706667e+00 5.852853e-02
2.328000e+01 -2.791889e+00 5.847817e-02
2.336000e+01 -2.877260e+00 5.847237e-02
2.344000e+01 -2.962302e+00 5.851303e-02
2.352000e+01 -3.046417e+00 5.860220e-02
2.360000e+01 -3.129696e+00 5.874162e-02
2.368000e+01 -3.210717e+00 5.893096e-02
2.376000e+01 -3.289016e+00 5.916846e-02
2.384000e+01 -3.364060e+00 5.945131e-02
2.392000e+01 -3.435335e+00 5.977538e-02
2.400000e+01 -3.502932e+00 6.013429e-02
2.408000e+01 -3.564520e+00 6.052753e-02
2.416000e+01 -3.624678e+00 6.098770e-02
2.424000e+01 -3.677942e+00 6.145501e-02
2.432000e+01 -3.725394e+00 6.192390e-02
2.440000e+01 -3.765942e+00 6.237874e-02
2.448000e+01 -3.800688e+00 6.281610e-02
2.456000e+01 -3.829366e+00 6.322723e-02
2.464000e+01 -3.851920e+00 6.360426e-02
2.472000e+01 -3.868326e+00 6.394139e-02
2.480000e+01 -3.876215e+00 6.425146e-02
2.488000e+01 -3.877806e+00 6.451425e-02
2.496000e+01 -3.873079e+00 6.472646e-02
2.504000e+01 -3.862154e+00 6.488789e-02
2.512000e+01 -3.843654e+00 6.499980e-02
2.520000e+01 -3.821307e+00 6.505864e-02
2.528000e+01 -3.790469e+00 6.508102e-02
2.536000e+01 -3.755609e+00 6.505442e-02
2.544000e+01 -3.714956e+00 6.498222e-02
2.552000e+01 -3.666736e+00 6.485056e-02
2.560000e+01 -3.609777e+00 6.465259e-02
2.568000e+01 -3.549368e+00 6.445432e-02
2.576000e+01 -3.487657e+00 6.423990e-02
2.584000e+01 -3.422413e+00 6.403120e-02
2.592000e+01 -3.354705e+00 6.383668e-02
2.600000e+01 -3.284478e+00 6.366618e-02
2.608000e+01 -3.213054e+00 6.352724e-02
2.616000e+01 -3.141057e+00 6.342683e-02
2.624000e+01 -3.069135e+00 6.337117e-02
2.632000e+01 -2.994753e+00 6.333990e-02
2.640000e+01 -2.922164e+00 6.337375e-02
2.648000e+01 -2.851047e+00 6.346809e-02
2.656000e+01 -2.782081e+00 6.361867e-02
2.664000e+01 -2.715857e+00 6.382010e-02
2.672000e+01 -2.653961e+00 6.406917e-02
2.680000e+01 -2.596205e+00 6.435631e-02
2.688000e+01 -2.543138e+00 6.467384e-02
2.696000e+01 -2.495205e+00 6.501333e-02
2.704000e+01 -2.452469e+00 6.536522e-02
2.712000e+01 -2.415559e+00 6.572068e-02
2.720000e+01 -2.384657e+00 6.607051e-02
2.728000e+01 -2.360993e+00 6.640836e-02
2.736000e+01 -2.343635e+00 6.672378e-02
2.744000e+01 -2.332744e+00 6.701040e-02
2.752000e+01 -2.331085e+00 6.726941e-02
2.760000e+01 -2.339499e+00 6.751023e-02
2.768000e+01 -2.354689e+00 6.771139e-02
2.776000e+01 -2.378208e+00 6.786207e-02
2.784000e+01 -2.408292e+00 6.797115e-02
2.792000e+01 -2.444911e+00 6.803748e-02
2.800000e+01 -2.486413e+00 6.805428e-02
2.808000e+01 -2.534606e+00 6.803862e-02
2.816000e+01 -2.589162e+00 6.798629e-02
2.824000e+01 -2.647028e+00 6.789183e-02
2.832000e+01 -2.712550e+00 6.777720e-02
2.840000e+01 -2.782260e+00 6.763403e-02
2.848000e+01 -2.857335e+00 6.747133e-02
2.856000e+01 -2.935860e+00 6.730337e-02
2.864000e+01 -3.015326e+00 6.713226e-02
2.872000e+01 -3.097119e+00 6.697200e-02
2.880000e+01 -3.180107e+00 6.683376e-02
2.888000e+01 -3.266520e+00 6.670756e-02
2.896000e+01 -3.352625e+00 6.663464e-02
2.904000e+01 -3.438327e+00 6.661619e-02
2.912000e+01 -3.523018e+00 6.665355e-02
2.920000e+01 -3.606097e+00 6.674687e-02
2.928000e+01 -3.686979e+00 6.689505e-02
2.936000e+01 -3.765095e+00 6.709564e-02
2.944000e+01 -3.840220e+00 6.734483e-02
2.952000e+01 -3.911325e+00 6.763745e-02
2.960000e+01 -3.977271e+00 6.797015e-02
2.968000e+01 -4.038153e+00 6.833189e-02
2.976000e+01 -4.093564e+00 6.871403e-02
2.984000e+01 -4.146649e+00 6.915131e-02
2.992000e+01 -4.192075e+00 6.958841e-02
3.000000e+01 -4.230483e+00 7.000752e-02
3.008000e+01 -4.262980e+00 7.040508e-02
3.016000e+01 -4.289355e+00 7.077173e-02
3.024000e+01 -4.309590e+00 7.109921e-02
3.032000e+01 -4.321284e+00 7.139835e-02
3.040000e+01 -4.326633e+00 7.164763e-02
3.048000e+01 -4.325580e+00 7.184376e-02
3.056000e+01 -4.318213e+00 7.198703e-02
3.064000e+01 -4.303898e+00 7.208014e-02
3.072000e+01 -4.284664e+00 7.211601e-02
3.080000e+01 -4.263000e+00 7.208209e-02
3.088000e+01 -4.229707e+00 7.203829e-02
3.096000e+01 -4.192762e+00 7.194574e-02
3.104000e+01 -4.149986e+00 7.180923e-02
3.112000e+01 -4.099757e+00 7.161119e-02
3.120000e+01 -4.041234e+00 7.134879e-02
3.128000e+01 -3.982041e+00 7.107750e-02
3.136000e+01 -3.918986e+00 7.081055e-02
3.144000e+01 -3.853095e+00 7.055529e-02
3.152000e+01 -3.784259e+00 7.032170e-02
3.160000e+01 -3.713844e+00 7.011767e-02
3.168000e+01 -3.642477e+00 6.995099e-02
3.176000e+01 -3.570808e+00 6.982875e-02
3.184000e+01 -3.499482e+00 6.975640e-02
3.192000e+01 -3.425952e+00 6.971249e-02
3.200000e+01 -3.354417e+00 6.973648e-02
3.208000e+01 -3.284613e+00 6.982254e-02
3.216000e+01 -3.217205e+00 6.996526e-02
3.224000e+01 -3.153661e+00 7.016054e-02
3.232000e+01 -3.093953e+00 7.039935e-02
3.240000e+01 -3.038654e+00 7.067388e-02
3.248000e+01 -2.988235e+00 7.097563e-02
3.256000e+01 -2.942817e+00 7.129508e-02
3.264000e+01 -2.903048e+00 7.162306e-02
3.272000e+01 -2.869151e+00 7.195005e-02
3.280000e+01 -2.842336e+00 7.226901e-02
3.288000e+01 -2.821767e+00 7.256918e-02
3.296000e+01 -2.807626e+00 7.284356e-02
3.304000e+01 -2.800623e+00 7.308771e-02
3.312000e+01 -2.805839e+00 7.331989e-02
3.320000e+01 -2.817689e+00 7.351399e-02
3.328000e+01 -2.836483e+00 7.366380e-02
3.336000e+01 -2.863466e+00 7.376267e-02
3.344000e+01 -2.896870e+00 7.382055e-02
3.352000e+01 -2.935281e+00 7.382903e-02
3.360000e+01 -2.980517e+00 7.380530e-02
3.368000e+01 -3.031561e+00 7.374296e-02
3.376000e+01 -3.088765e+00 7.364436e-02
3.384000e+01 -3.149048e+00 7.350604e-02
3.392000e+01 -3.216596e+00 7.334963e-02
3.400000e+01 -3.288987e+00 7.317149e-02
3.408000e+01 -3.365404e+00 7.297792e-02
3.416000e+01 -3.443290e+00 7.278050e-02
3.424000e+01 -3.523867e+00 7.258997e-02
3.432000e+01 -3.605964e+00 7.241682e-02
3.440000e+01 -3.688922e+00 7.227136e-02
3.448000e+01 -3.774975e+00 7.214302e-02
3.456000e+01 -3.860398e+00 7.207184e-02
3.464000e+01 -3.945100e+00 7.205791e-02
3.472000e+01 -4.028477e+00 7.210150e-02
3.480000e+01 -4.109935e+00 7.220167e-02
3.488000e+01 -4.188898e+00 7.235621e-02
3.496000e+01 -4.264805e+00 7.256167e-02
3.504000e+01 -4.337373e+00 7.281325e-02
3.512000e+01 -4.406181e+00 7.310420e-02
3.520000e+01 -4.468986e+00 7.343311e-02
3.528000e+01 -4.526604e+00 7.378619e-02
3.536000e+01 -4.582033e+00 7.419814e-02
3.544000e+01 -4.630033e+00 7.461419e-02
3.552000e+01 -4.672358e+00 7.502175e-02
3.560000e+01 -4.707563e+00 7.540545e-02
3.568000e+01 -4.736836e+00 7.576236e-02
3.576000e+01 -4.759956e+00 7.608442e-02
3.584000e+01 -4.776912e+00 7.636488e-02
3.592000e+01 -4.785306e+00 7.661635e-02
3.600000e+01 -4.787373e+00 7.681814e-02
3.608000e+01 -4.783082e+00 7.696731e-02
3.616000e+01 -4.772543e+00 7.706426e-02
3.624000e+01 -4.754366e+00 7.711042e-02
3.632000e+01 -4.735891e+00 7.707965e-02
3.640000e+01 -4.708213e+00 7.702183e-02
3.648000e+01 -4.673900e+00 7.693451e-02
3.656000e+01 -4.633979e+00 7.680046e-02
3.664000e+01 -4.586442e+00 7.660437e-02
3.672000e+01 -4.530091e+00 7.634008e-02
3.680000e+01 -4.470230e+00 7.607481e-02
3.688000e+01 -4.409072e+00 7.579281e-02
3.696000e+01 -4.344331e+00 7.551740e-02
3.704000e+01 -4.276323e+00 7.525918e-02
3.712000e+01 -4.206453e+00 7.502589e-02
3.720000e+01 -4.135343e+00 7.482570e-02
3.728000e+01 -4.063643e+00 7.466658e-02
3.736000e+01 -3.991999e+00 7.455490e-02
3.744000e+01 -3.917863e+00 7.447015e-02
3.752000e+01 -3.845486e+00 7.445308e-02
3.760000e+01 -3.774558e+00 7.449877e-02
3.768000e+01 -3.705759e+00 7.460270e-02
3.776000e+01 -3.640429e+00 7.476089e-02
3.784000e+01 -3.578696e+00 7.496560e-02
3.792000e+01 -3.521134e+00 7.520961e-02
3.800000e+01 -3.468246e+00 7.548489e-02
3.808000e+01 -3.420475e+00 7.578268e-02
3.816000e+01 -3.377888e+00 7.609317e-02
3.824000e+01 -3.341112e+00 7.640725e-02
3.832000e+01 -3.310331e+00 7.671555e-02
3.840000e+01 -3.286775e+00 7.701158e-02
3.848000e+01 -3.269509e+00 7.728485e-02
3.856000e+01 -3.258694e+00 7.752897e-02
3.864000e+01 -3.257112e+00 7.774520e-02
3.872000e+01 -3.265596e+00 7.794302e-02
3.880000e+01 -3.280842e+00 7.810102e-02
3.888000e+01 -3.304413e+00 7.820838e-02
3.896000e+01 -3.334537e+00 7.827415e-02
3.904000e+01 -3.371184e+00 7.829719e-02
3.912000e+01 -3.412685e+00 7.827059e-02
3.920000e+01 -3.460869e+00 7.821173e-02
3.928000e+01 -3.515395e+00 7.811637e-02
3.936000e+01 -3.573225e+00 7.797919e-02
3.944000e+01 -3.638684e+00 7.782215e-02
3.952000e+01 -3.708304e+00 7.763704e-02
3.960000e+01 -3.783271e+00 7.743305e-02
3.968000e+01 -3.861645e+00 7.722471e-02
3.976000e+01 -3.940928e+00 7.701432e-02
3.984000e+01 -4.022497e+00 7.681595e-02
3.992000e+01 -4.105222e+00 7.664082e-02
4.000000e+01 -4.191341e+00 7.647872e-02
4.008000e+01 -4.277111e+00 7.637105e-02
4.016000e+01 -4.362440e+00 7.631882e-02
4.024000e+01 -4.446716e+00 7.632315e-02
4.032000e+01 -4.529341e+00 7.638404e-02
4.040000e+01 -4.609732e+00 7.650014e-02
4.048000e+01 -4.687319e+00 7.666880e-02
4.056000e+01 -4.761874e+00 7.688607e-02
4.064000e+01 -4.832376e+00 7.714659e-02
4.072000e+01 -4.897683e+00 7.744695e-02
4.080000e+01 -4.957899e+00 7.777590e-02
4.088000e+01 -5.016936e+00 7.817007e-02
4.096000e+01 -5.069014e+00 7.856827e-02
4.104000e+01 -5.114414e+00 7.896594e-02
4.112000e+01 -5.152821e+00 7.934469e-02
4.120000e+01 -5.185323e+00 7.970092e-02
4.128000e+01 -5.211671e+00 8.002589e-02
4.136000e+01 -5.231830e+00 8.031212e-02
4.144000e+01 -5.243397e+00 8.057120e-02
4.152000e+01 -5.248579e+00 8.078192e-02
4.160000e+01 -5.247329e+00 8.094096e-02
4.168000e+01 -5.239747e+00 8.104833e-02
4.176000e+01 -5.225206e+00 8.110632e-02
4.184000e+01 -5.209363e+00 8.108404e-02
4.192000e+01 -5.186904e+00 8.102470e-02
4.200000e+01 -5.156498e+00 8.093399e-02
4.208000e+01 -5.119682e+00 8.081225e-02
4.216000e+01 -5.077272e+00 8.064695e-02
4.224000e+01 -5.027429e+00 8.041975e-02
4.232000e+01 -4.969281e+00 8.012796e-02
4.240000e+01 -4.910450e+00 7.982769e-02
4.248000e+01 -4.847748e+00 7.953230e-02
4.256000e+01 -4.782202e+00 7.924921e-02
4.264000e+01 -4.713714e+00 7.898837e-02
4.272000e+01 -4.643638e+00 7.875757e-02
4.280000e+01 -4.572599e+00 7.856445e-02
4.288000e+01 -4.501246e+00 7.841598e-02
4.296000e+01 -4.430223e+00 7.831741e-02
4.304000e+01 -4.356994e+00 7.824731e-02
4.312000e+01 -4.285737e+00 7.824482e-02
4.320000e+01 -4.216201e+00 7.830406e-02
4.328000e+01 -4.149043e+00 7.841958e-02
4.336000e+01 -4.085742e+00 7.858727e-02
4.344000e+01 -4.026258e+00 7.879808e-02
4.352000e+01 -3.971159e+00 7.904416e-02
4.360000e+01 -3.920917e+00 7.931705e-02
4.368000e+01 -3.875651e+00 7.960723e-02
4.376000e+01 -3.836003e+00 7.990561e-02
4.384000e+01 -3.802196e+00 8.020271e-02
4.392000e+01 -3.775439e+00 8.049158e-02
4.400000e+01 -3.754895e+00 8.076153e-02
4.408000e+01 -3.740745e+00 8.100563e-02
4.416000e+01 -3.733687e+00 8.121947e-02
4.424000e+01 -3.738823e+00 8.142125e-02
4.432000e+01 -3.750555e+00 8.158510e-02
4.440000e+01 -3.769196e+00 8.170484e-02
4.448000e+01 -3.796000e+00 8.177378e-02
4.456000e+01 -3.829193e+00 8.180195e-02
4.464000e+01 -3.867361e+00 8.178098e-02
4.472000e+01 -3.912321e+00 8.172808e-02
4.480000e+01 -3.963060e+00 8.163688e-02
4.488000e+01 -4.019924e+00 8.150979e-02
4.496000e+01 -4.079850e+00 8.134341e-02
4.504000e+01 -4.147018e+00 8.115932e-02
4.512000e+01 -4.219014e+00 8.095381e-02
4.520000e+01 -4.295042e+00 8.073312e-02
4.528000e+01 -4.374190e+00 8.051257e-02
4.536000e+01 -4.453949e+00 8.029557e-02
4.544000e+01 -4.535687e+00 8.009579e-02
4.552000e+01 -4.618288e+00 7.992380e-02
4.560000e+01 -4.703997e+00 7.976874e-02
4.568000e+01 -4.789079e+00 7.967083e-02
4.576000e+01 -4.873446e+00 7.963008e-02
4.584000e+01 -4.956494e+00 7.964674e-02
4.592000e+01 -5.037633e+00 7.971985e-02
4.600000e+01 -5.116286e+00 7.984722e-02
4.608000e+01 -5.191898e+00 8.002541e-02
4.616000e+01 -5.264191e+00 8.024963e-02
4.624000e+01 -5.332749e+00 8.051319e-02
4.632000e+01 -5.395330e+00 8.081465e-02
4.640000e+01 -5.457038e+00 8.118528e-02
4.648000e+01 -5.512389e+00 8.156554e-02
4.656000e+01 -5.560902e+00 8.194967e-02
4.664000e+01 -5.603850e+00 8.232529e-02
4.672000e+01 -5.639692e+00 8.267709e-02
4.680000e+01 -5.669572e+00 8.300267e-02
4.688000e+01 -5.693248e+00 8.329456e-02
4.696000e+01 -5.710699e+00 8.354658e-02
4.704000e+01 -5.719536e+00 8.377152e-02
4.712000e+01 -5.721994e+00 8.394862e-02
4.720000e+01 -5.718049e+00 8.407454e-02
4.728000e+01 -5.707811e+00 8.414927e-02
4.736000e+01 -5.689909e+00 8.417385e-02
4.744000e+01 -5.671646e+00 8.412197e-02
4.752000e+01 -5.644132e+00 8.404313e-02
4.760000e+01 -5.608254e+00 8.393887e-02
4.768000e+01 -5.568762e+00 8.378323e-02
4.776000e+01 -5.521184e+00 8.356578e-02
4.784000e+01 -5.469075e+00 8.331968e-02
4.792000e+01 -5.408536e+00 8.301184e-02
4.800000e+01 -5.347611e+00 8.269834e-02
4.808000e+01 -5.283060e+00 8.239339e-02
4.816000e+01 -5.215900e+00 8.210491e-02
4.824000e+01 -5.146073e+00 8.184275e-02
4.832000e+01 -5.074872e+00 8.161465e-02
4.840000e+01 -5.002918e+00 8.142777e-02
4.848000e+01 -4.930857e+00 8.128830e-02
4.856000e+01 -4.856160e+00 8.117590e-02
4.864000e+01 -4.783075e+00 8.113105e-02
4.872000e+01 -4.711291e+00 8.114892e-02
4.880000e+01 -4.641487e+00 8.122503e-02
4.888000e+01 -4.574984e+00 8.135536e-02
4.896000e+01 -4.511932e+00 8.153241e-02
4.904000e+01 -4.452911e+00 8.174906e-02
4.912000e+01 -4.398425e+00 8.199744e-02
4.920000e+01 -4.348923e+00 8.226896e-02
4.928000e+01 -4.304492e+00 8.255395e-02
4.936000e+01 -4.265753e+00 8.284339e-02
4.944000e+01 -4.232896e+00 8.312795e-02
4.952000e+01 -4.207154e+00 8.340112e-02
4.960000e+01 -4.187612e+00 8.365241e-02
4.968000e+01 -4.174432e+00 8.387535e-02
4.976000e+01 -4.170406e+00 8.407100e-02
4.984000e+01 -4.176371e+00 8.424854e-02
4.992000e+01 -4.189008e+00 8.438677e-02
5.000000e+01 -4.208413e+00 8.448046e-02
5.008000e+01 -4.235782e+00 8.452339e-02
5.016000e+01 -4.269280e+00 8.452560e-02
5.024000e+01 -4.307413e+00 8.447932e-02
5.032000e+01 -4.351900e+00 8.440168e-02
5.040000e+01 -4.402269e+00 8.428805e-02
5.048000e+01 -4.455324e+00 8.413275e-02
5.056000e+01 -4.512824e+00 8.394590e-02
5.064000e+01 -4.575723e+00 8.374254e-02
5.072000e+01 -4.642596e+00 8.352078e-02
5.080000e+01 -4.711283e+00 8.329287e-02
5.088000e+01 -4.779018e+00 8.306083e-02
5.096000e+01 -4.846920e+00 8.283879e-02
5.104000e+01 -4.913648e+00 8.263797e-02
5.112000e+01 -4.978412e+00 8.246839e-02
5.120000e+01 -5.043378e+00 8.231878e-02
5.128000e+01 -5.104797e+00 8.222804e-02
5.136000e+01 -5.162594e+00 8.219525e-02
5.144000e+01 -5.216201e+00 8.221975e-02
5.152000e+01 -5.265066e+00 8.229970e-02
5.160000e+01 -5.308656e+00 8.243214e-02
5.168000e+01 -5.346808e+00 8.261302e-02
5.176000e+01 -5.378501e+00 8.283698e-02
5.184000e+01 -5.402684e+00 8.310047e-02
5.192000e+01 -5.419511e+00 8.339270e-02
5.200000e+01 -5.433004e+00 8.375025e-02
5.208000e+01 -5.437968e+00 8.411291e-02
5.216000e+01 -5.434109e+00 8.447521e-02
5.224000e+01 -5.421812e+00 8.481975e-02
5.232000e+01 -5.402403e+00 8.514321e-02
5.240000e+01 -5.375973e+00 8.543687e-02
5.248000e+01 -5.342846e+00 8.569317e-02
5.256000e+01 -5.301003e+00 8.592337e-02
5.264000e+01 -5.253012e+00 8.610637e-02
5.272000e+01 -5.199201e+00 8.623884e-02
5.280000e+01 -5.140023e+00 8.632085e-02
5.288000e+01 -5.075205e+00 8.635466e-02
5.296000e+01 -5.008720e+00 8.631524e-02
5.304000e+01 -4.939663e+00 8.623297e-02
5.312000e+01 -4.864378e+00 8.612068e-02
5.320000e+01 -4.784896e+00 8.597873e-02
5.328000e+01 -4.702264e+00 8.579210e-02
5.336000e+01 -4.614636e+00 8.554598e-02
5.344000e+01 -4.520804e+00 8.523552e-02
5.352000e+01 -4.428590e+00 8.491537e-02
5.360000e+01 -4.334807e+00 8.459806e-02
5.368000e+01 -4.240443e+00 8.429064e-02
5.376000e+01 -4.146087e+00 8.400153e-02
5.384000e+01 -4.051731e+00 8.374079e-02
5.392000e+01 -3.958621e+00 8.351606e-02
5.400000e+01 -3.867362e+00 8.333401e-02
5.408000e+01 -3.778560e+00 8.320023e-02
5.416000e+01 -3.689959e+00 8.309339e-02
5.424000e+01 -3.604957e+00 8.305361e-02
5.432000e+01 -3.523572e+00 8.307570e-02
5.440000e+01 -3.446249e+00 8.315445e-02
5.448000e+01 -3.374202e+00 8.328585e-02
5.456000e+01 -3.307282e+00 8.346167e-02
5.464000e+01 -3.245847e+00 8.367454e-02
5.472000e+01 -3.190182e+00 8.391638e-02
5.480000e+01 -3.140219e+00 8.417802e-02
5.488000e+01 -3.096465e+00 8.445066e-02
5.496000e+01 -3.059014e+00 8.472491e-02
5.504000e+01 -3.028917e+00 8.499358e-02
5.512000e+01 -3.005317e+00 8.524608e-02
5.520000e+01 -2.988323e+00 8.547519e-02
5.528000e+01 -2.978567e+00 8.567604e-02
5.536000e+01 -2.978464e+00 8.584537e-02
5.544000e+01 -2.987425e+00 8.600021e-02
5.552000e+01 -3.003303e+00 8.611480e-02
5.560000e+01 -3.027456e+00 8.617890e-02
5.568000e+01 -3.058114e+00 8.620181e-02
5.576000e+01 -3.095233e+00 8.618267e-02
5.584000e+01 -3.137178e+00 8.611543e-02
5.592000e+01 -3.185745e+00 8.601692e-02
5.600000e+01 -3.240597e+00 8.588313e-02
5.608000e+01 -3.298699e+00 8.570897e-02
5.616000e+01 -3.364318e+00 8.551594e-02
5.624000e+01 -3.434043e+00 8.529674e-02
5.632000e+01 -3.508977e+00 8.506041e-02
5.640000e+01 -3.587286e+00 8.482148e-02
5.648000e+01 -3.666482e+00 8.458213e-02
5.656000e+01 -3.747942e+00 8.435608e-02
5.664000e+01 -3.830551e+00 8.415411e-02
5.672000e+01 -3.916538e+00 8.396597e-02
5.680000e+01 -4.002185e+00 8.383224e-02
5.688000e+01 -4.087403e+00 8.375366e-02
5.696000e+01 -4.171589e+00 8.373118e-02
5.704000e+01 -4.254150e+00 8.376457e-02
5.712000e+01 -4.334508e+00 8.385242e-02
5.720000e+01 -4.412099e+00 8.399194e-02
5.728000e+01 -4.486696e+00 8.417914e-02
5.736000e+01 -4.557752e+00 8.440804e-02
5.744000e+01 -4.623175e+00 8.467696e-02
5.752000e+01 -4.683639e+00 8.497347e-02
5.760000e+01 -4.742972e+00 8.533434e-02
5.768000e+01 -4.795420e+00 8.569877e-02
5.776000e+01 -4.841255e+00 8.606231e-02
5.784000e+01 -4.880158e+00 8.640679e-02
5.792000e+01 -4.913219e+00 8.672880e-02
5.800000e+01 -4.940185e+00 8.701978e-02
5.808000e+01 -4.961027e+00 8.727237e-02
5.816000e+01 -4.973359e+00 8.749804e-02
5.824000e+01 -4.979374e+00 8.767585e-02
5.832000e+01 -4.979028e+00 8.780252e-02
5.840000e+01 -4.972424e+00 8.787810e-02
5.848000e+01 -4.958935e+00 8.790483e-02
5.856000e+01 -4.940610e+00 8.787544e-02
5.864000e+01 -4.919906e+00 8.777737e-02
5.872000e+01 -4.887680e+00 8.766977e-02
5.880000e+01 -4.851891e+00 8.751417e-02
5.888000e+01 -4.807785e+00 8.729631e-02
5.896000e+01 -4.759060e+00 8.704719e-02
5.904000e+01 -4.701766e+00 8.673192e-02
5.912000e+01 -4.643964e+00 8.640582e-02
5.920000e+01 -4.582452e+00 8.608253e-02
5.928000e+01 -4.518255e+00 8.576988e-02
5.936000e+01 -4.451262e+00 8.547823e-02
5.944000e+01 -4.382848e+00 8.521566e-02
5.952000e+01 -4.313637e+00 8.499005e-02
5.960000e+01 -4.244288e+00 8.480853e-02
5.968000e+01 -4.175448e+00 8.467646e-02
5.976000e+01 -4.104594e+00 8.457271e-02
5.984000e+01 -4.035922e+00 8.453635e-02
5.992000e+01 -3.969167e+00 8.456161e-02
6.000000e+01 -3.904999e+00 8.464319e-02
6.008000e+01 -3.844879e+00 8.477700e-02
6.016000e+01 -3.788801e+00 8.495424e-02
6.024000e+01 -3.737343e+00 8.516725e-02
6.032000e+01 -3.690999e+00 8.540768e-02
6.040000e+01 -3.649922e+00 8.566617e-02
6.048000e+01 -3.614764e+00 8.593374e-02
6.056000e+01 -3.585777e+00 8.620098e-02
6.064000e+01 -3.564195e+00 8.646093e-02
6.072000e+01 -3.549213e+00 8.670287e-02
6.080000e+01 -3.541042e+00 8.691984e-02
6.088000e+01 -3.540408e+00 8.710729e-02
6.096000e+01 -3.549804e+00 8.726249e-02
6.104000e+01 -3.568661e+00 8.740238e-02
6.112000e+01 -3.594885e+00 8.750155e-02
6.120000e+01 -3.629877e+00 8.754995e-02
6.128000e+01 -3.671895e+00 8.755702e-02
6.136000e+01 -3.720930e+00 8.752192e-02
6.144000e+01 -3.775344e+00 8.743869e-02
6.152000e+01 -3.836507e+00 8.732436e-02
6.160000e+01 -3.904653e+00 8.717506e-02
6.168000e+01 -3.976520e+00 8.698579e-02
6.176000e+01 -4.056452e+00 8.677797e-02
6.184000e+01 -4.140746e+00 8.654507e-02
6.192000e+01 -4.230599e+00 8.629681e-02
6.200000e+01 -4.324012e+00 8.604779e-02
6.208000e+01 -4.418393e+00 8.580038e-02
6.216000e+01 -4.515172e+00 8.556819e-02
6.224000e+01 -4.612852e+00 8.536192e-02
6.232000e+01 -4.713849e+00 8.517099e-02
6.240000e+01 -4.814027e+00 8.503572e-02
6.248000e+01 -4.913510e+00 8.495636e-02
6.256000e+01 -5.011409e+00 8.493343e-02
6.264000e+01 -5.106948e+00 8.496628e-02
6.272000e+01 -5.199546e+00 8.505295e-02
6.280000e+01 -5.287894e+00 8.519040e-02
6.288000e+01 -5.371619e+00 8.537411e-02
6.296000e+01 -5.449759e+00 8.559765e-02
6.304000e+01 -5.519991e+00 8.585927e-02
6.312000e+01 -5.586369e+00 8.619050e-02
6.320000e+01 -5.643470e+00 8.653217e-02
6.328000e+01 -5.689781e+00 8.687853e-02
6.336000e+01 -5.726899e+00 8.721704e-02
6.344000e+01 -5.752415e+00 8.753207e-02
6.352000e+01 -5.766505e+00 8.782105e-02
6.360000e+01 -5.769569e+00 8.807570e-02
6.368000e+01 -5.761325e+00 8.828952e-02
6.376000e+01 -5.738948e+00 8.847445e-02
6.384000e+01 -5.704705e+00 8.860958e-02
6.392000e+01 -5.658501e+00 8.869135e-02
6.400000e+01 -5.600318e+00 8.871946e-02
6.408000e+01 -5.529881e+00 8.869574e-02
6.416000e+01 -5.452316e+00 8.858995e-02
6.424000e+01 -5.360938e+00 8.845121e-02
6.432000e+01 -5.255889e+00 8.828822e-02
6.440000e+01 -5.141829e+00 8.807190e-02
6.448000e+01 -5.014897e+00 8.779112e-02
6.456000e+01 -4.878792e+00 8.747731e-02
6.464000e+01 -4.730431e+00 8.709736e-02
6.472000e+01 -4.577613e+00 8.670669e-02
6.480000e+01 -4.417699e+00 8.631965e-02
6.488000e+01 -4.251792e+00 8.594396e-02
6.496000e+01 -4.080584e+00 8.559024e-02
6.504000e+01 -3.905389e+00 8.526639e-02
6.512000e+01 -3.728479e+00 8.498126e-02
6.520000e+01 -3.549866e+00 8.474084e-02
6.528000e+01 -3.364828e+00 8.452515e-02
6.536000e+01 -3.180354e+00 8.437653e-02
6.544000e+01 -2.996178e+00 8.429110e-02
6.552000e+01 -2.813110e+00 8.426486e-02
6.560000e+01 -2.633039e+00 8.429373e-02
6.568000e+01 -2.457298e+00 8.437428e-02
6.576000e+01 -2.285779e+00 8.449775e-02
6.584000e+01 -2.119896e+00 8.465733e-02
6.592000e+01 -1.960518e+00 8.484507e-02
6.600000e+01 -1.807796e+00 8.505169e-02
6.608000e+01 -1.662367e+00 8.526851e-02
6.616000e+01 -1.524651e+00 8.548650e-02
6.624000e+01 -1.400258e+00 8.569991e-02
6.632000e+01 -1.285603e+00 8.589731e-02
6.640000e+01 -1.181138e+00 8.607201e-02
6.648000e+01 -1.089932e+00 8.622457e-02
6.656000e+01 -1.013147e+00 8.636396e-02
6.664000e+01 -9.477594e-01 8.646839e-02
6.672000e+01 -8.941093e-01 8.653228e-02
6.680000e+01 -8.535725e-01 8.654942e-02
6.688000e+01 -8.245315e-01 8.652914e-02
6.696000e+01 -8.033350e-01 8.644543e-02
6.704000e+01 -7.962015e-01 8.635015e-02
6.712000e+01 -7.999561e-01 8.622342e-02
6.720000e+01 -8.149839e-01 8.606347e-02
6.728000e+01 -8.380437e-01 8.586572e-02
6.736000e+01 -8.731594e-01 8.565159e-02
6.744000e+01 -9.192851e-01 8.542049e-02
6.752000e+01 -9.722016e-01 8.517566e-02
6.760000e+01 -1.030857e+00 8.492609e-02
6.768000e+01 -1.096021e+00 8.468443e-02
6.776000e+01 -1.166240e+00 8.446133e-02
6.784000e+01 -1.240562e+00 8.426694e-02
6.792000e+01 -1.320874e+00 8.409131e-02
6.800000e+01 -1.403216e+00 8.397323e-02
6.808000e+01 -1.487228e+00 8.391279e-02
6.816000e+01 -1.572074e+00 8.391017e-02
6.824000e+01 -1.656967e+00 8.396445e-02
6.832000e+01 -1.741196e+00 8.407338e-02
6.840000e+01 -1.824138e+00 8.423350e-02
6.848000e+01 -1.905526e+00 8.444000e-02
6.856000e+01 -1.983970e+00 8.468993e-02
6.864000e+01 -2.059914e+00 8.497305e-02
6.872000e+01 -2.133508e+00 8.528106e-02
6.880000e+01 -2.205163e+00 8.560494e-02
6.888000e+01 -2.277258e+00 8.598089e-02
6.896000e+01 -2.348824e+00 8.634891e-02
6.904000e+01 -2.419555e+00 8.669350e-02
6.912000e+01 -2.491305e+00 8.701129e-02
6.920000e+01 -2.564095e+00 8.729330e-02
6.928000e+01 -2.637824e+00 8.753178e-02
6.936000e+01 -2.709797e+00 8.773808e-02
6.944000e+01 -2.782397e+00 8.789155e-02
6.952000e+01 -2.854293e+00 8.798942e-02
6.960000e+01 -2.925511e+00 8.803222e-02
6.968000e+01 -2.994019e+00 8.802304e-02
6.976000e+01 -3.063961e+00 8.795439e-02
6.984000e+01 -3.131226e+00 8.784710e-02
6.992000e+01 -3.199912e+00 8.768780e-02
7.000000e+01 -3.268673e+00 8.747932e-02
7.008000e+01 -3.333597e+00 8.720761e-02
7.016000e+01 -3.398686e+00 8.690461e-02
7.024000e+01 -3.459778e+00 8.653702e-02
7.032000e+01 -3.524560e+00 8.616056e-02
7.040000e+01 -3.589457e+00 8.578935e-02
7.048000e+01 -3.655090e+00 8.543173e-02
7.056000e+01 -3.720924e+00 8.509824e-02
7.064000e+01 -3.787868e+00 8.479689e-02
7.072000e+01 -3.856085e+00 8.453518e-02
7.080000e+01 -3.925741e+00 8.431973e-02
7.088000e+01 -3.993803e+00 8.413067e-02
7.096000e+01 -4.064066e+00 8.400897e-02
7.104000e+01 -4.135583e+00 8.395026e-02
7.112000e+01 -4.208455e+00 8.395052e-02
7.120000e+01 -4.283371e+00 8.400609e-02
7.128000e+01 -4.359864e+00 8.410995e-02
7.136000e+01 -4.437863e+00 8.425548e-02
7.144000e+01 -4.517231e+00 8.443522e-02
7.152000e+01 -4.597795e+00 8.464109e-02
7.160000e+01 -4.679111e+00 8.486392e-02
7.168000e+01 -4.761287e+00 8.509491e-02
7.176000e+01 -4.844173e+00 8.532498e-02
7.184000e+01 -4.928760e+00 8.554778e-02
7.192000e+01 -5.014029e+00 8.575288e-02
7.200000e+01 -5.100037e+00 8.593386e-02
7.208000e+01 -5.188837e+00 8.609190e-02
7.216000e+01 -5.281833e+00 8.623405e-02
7.224000e+01 -5.374031e+00 8.634121e-02
7.232000e+01 -5.464140e+00 8.640778e-02
7.240000e+01 -5.551469e+00 8.642674e-02
7.248000e+01 -5.632099e+00 8.640804e-02
7.256000e+01 -5.702726e+00 8.634273e-02
7.264000e+01 -5.763958e+00 8.624736e-02
7.272000e+01 -5.814436e+00 8.611480e-02
7.280000e+01 -5.855028e+00 8.594691e-02
7.288000e+01 -5.883751e+00 8.573998e-02
7.296000e+01 -5.906004e+00 8.551488e-02
7.304000e+01 -5.918512e+00 8.525969e-02
7.312000e+01 -5.926004e+00 8.499895e-02
7.320000e+01 -5.924054e+00 8.473737e-02
7.328000e+01 -5.912472e+00 8.447740e-02
7.336000e+01 -5.894718e+00 8.423274e-02
7.344000e+01 -5.870065e+00 8.401328e-02
7.352000e+01 -5.841390e+00 8.380751e-02
7.360000e+01 -5.805840e+00 8.365507e-02
7.368000e+01 -5.764447e+00 8.355578e-02
7.376000e+01 -5.717409e+00 8.350964e-02
7.384000e+01 -5.665840e+00 8.351598e-02
7.392000e+01 -5.609072e+00 8.357238e-02
7.400000e+01 -5.545639e+00 8.367493e-02
7.408000e+01 -5.477526e+00 8.382027e-02
7.416000e+01 -5.405722e+00 8.400202e-02
7.424000e+01 -5.328886e+00 8.421953e-02
7.432000e+01 -5.253011e+00 8.450457e-02
7.440000e+01 -5.173512e+00 8.479896e-02
7.448000e+01 -5.090848e+00 8.509778e-02
7.456000e+01 -5.005834e+00 8.538491e-02
7.464000e+01 -4.920291e+00 8.565770e-02
7.472000e+01 -4.834695e+00 8.590769e-02
7.480000e+01 -4.749668e+00 8.612729e-02
7.488000e+01 -4.665773e+00 8.631104e-02
7.496000e+01 -4.581142e+00 8.647200e-02
7.504000e+01 -4.498399e+00 8.659012e-02
7.512000e+01 -4.417842e+00 8.666243e-02
7.520000e+01 -4.339838e+00 8.668896e-02
7.528000e+01 -4.263974e+00 8.667171e-02
7.536000e+01 -4.195887e+00 8.658103e-02
7.544000e+01 -4.128858e+00 8.646502e-02
7.552000e+01 -4.061262e+00 8.633096e-02
7.560000e+01 -3.998160e+00 8.615076e-02
7.568000e+01 -3.934094e+00 8.591180e-02
7.576000e+01 -3.871552e+00 8.564626e-02
7.584000e+01 -3.805407e+00 8.532032e-02
7.592000e+01 -3.742501e+00 8.498873e-02
7.600000e+01 -3.678641e+00 8.466482e-02
7.608000e+01 -3.614072e+00 8.435588e-02
7.616000e+01 -3.548196e+00 8.407136e-02
7.624000e+01 -3.481967e+00 8.381877e-02
7.632000e+01 -3.415805e+00 8.360519e-02
7.640000e+01 -3.350250e+00 8.343682e-02
7.648000e+01 -3.286305e+00 8.331789e-02
7.656000e+01 -3.220884e+00 8.322676e-02
7.664000e+01 -3.157995e+00 8.320199e-02
7.672000e+01 -3.097727e+00 8.323725e-02
7.680000e+01 -3.040707e+00 8.332666e-02
7.688000e+01 -2.988459e+00 8.346619e-02
7.696000e+01 -2.940926e+00 8.364658e-02
7.704000e+01 -2.898688e+00 8.386013e-02
7.712000e+01 -2.862231e+00 8.409849e-02
7.720000e+01 -2.831639e+00 8.435231e-02
7.728000e+01 -2.807613e+00 8.461286e-02
7.736000e+01 -2.790376e+00 8.487107e-02
7.744000e+01 -2.781115e+00 8.512022e-02
7.752000e+01 -2.779030e+00 8.535015e-02
7.760000e+01 -2.784303e+00 8.555424e-02
7.768000e+01 -2.799176e+00 8.573309e-02
7.776000e+01 -2.825577e+00 8.589441e-02
7.784000e+01 -2.859610e+00 8.601833e-02
7.792000e+01 -2.901484e+00 8.609921e-02
7.800000e+01 -2.952403e+00 8.613061e-02
7.808000e+01 -3.010568e+00 8.612228e-02
7.816000e+01 -3.072273e+00 8.604915e-02
7.824000e+01 -3.143563e+00 8.596198e-02
7.832000e+01 -3.221274e+00 8.584159e-02
7.840000e+01 -3.305766e+00 8.568645e-02
7.848000e+01 -3.393916e+00 8.549255e-02
7.856000e+01 -3.489775e+00 8.528111e-02
7.864000e+01 -3.589917e+00 8.504656e-02
7.872000e+01 -3.695227e+00 8.479843e-02
7.880000e+01 -3.803864e+00 8.455131e-02
7.888000e+01 -3.913241e+00 8.430747e-02
7.896000e+01 -4.024599e+00 8.408013e-02
7.904000e+01 -4.136705e+00 8.387955e-02
7.912000e+01 -4.251664e+00 8.369510e-02
7.920000e+01 -4.365653e+00 8.356627e-02
7.928000e+01 -4.478466e+00 8.349326e-02
7.936000e+01 -4.589392e+00 8.347640e-02
7.944000e+01 -4.697727e+00 8.351498e-02
7.952000e+01 -4.802784e+00 8.360707e-02
7.960000e+01 -4.904315e+00 8.374969e-02
7.968000e+01 -5.001073e+00 8.393843e-02
7.976000e+01 -5.093018e+00 8.416665e-02
7.984000e+01 -5.177834e+00 8.443304e-02
7.992000e+01 -5.260454e+00 8.476908e-02
8.000000e+01 -5.335379e+00 8.511642e-02
8.008000e+01 -5.402157e+00 8.546940e-02
8.016000e+01 -5.462050e+00 8.581615e-02
8.024000e+01 -5.513598e+00 8.614156e-02
8.032000e+01 -5.558079e+00 8.644322e-02
8.040000e+01 -5.595409e+00 8.671366e-02
8.048000e+01 -5.625742e+00 8.694650e-02
8.056000e+01 -5.646880e+00 8.715388e-02
8.064000e+01 -5.661155e+00 8.731524e-02
8.072000e+01 -5.668608e+00 8.742717e-02
8.080000e+01 -5.669332e+00 8.748944e-02
8.088000e+01 -5.662595e+00 8.750410e-02
8.096000e+01 -5.650296e+00 8.746378e-02
8.104000e+01 -5.633037e+00 8.736300e-02
8.112000e+01 -5.603998e+00 8.724677e-02
8.120000e+01 -5.569271e+00 8.708179e-02
8.128000e+01 -5.523553e+00 8.685582e-02
8.136000e+01 -5.469616e+00 8.660008e-02
8.144000e+01 -5.402598e+00 8.628005e-02
8.152000e+01 -5.329482e+00 8.595027e-02
8.160000e+01 -5.245940e+00 8.562397e-02
8.168000e+01 -5.151903e+00 8.530817e-02
8.176000e+01 -5.046284e+00 8.501211e-02
8.184000e+01 -4.929681e+00 8.474283e-02
8.192000e+01 -4.802275e+00 8.450718e-02
8.200000e+01 -4.664641e+00 8.431151e-02
8.208000e+01 -4.514583e+00 8.413625e-02
8.216000e+01 -4.357048e+00 8.402253e-02
8.224000e+01 -4.192584e+00 8.396677e-02
8.232000e+01 -4.022975e+00 8.396596e-02
8.240000e+01 -3.850005e+00 8.401599e-02
8.248000e+01 -3.676350e+00 8.411433e-02
8.256000e+01 -3.503167e+00 8.425348e-02
8.264000e+01 -3.332176e+00 8.442698e-02
8.272000e+01 -3.164963e+00 8.462752e-02
8.280000e+01 -3.002729e+00 8.484664e-02
8.288000e+01 -2.847114e+00 8.507606e-02
8.296000e+01 -2.699321e+00 8.530698e-02
8.304000e+01 -2.561546e+00 8.553311e-02
8.312000e+01 -2.433851e+00 8.574399e-02
8.320000e+01 -2.317354e+00 8.593308e-02
8.328000e+01 -2.213721e+00 8.609628e-02
8.336000e+01 -2.126344e+00 8.623155e-02
8.344000e+01 -2.055662e+00 8.635529e-02
8.352000e+01 -2.000556e+00 8.644250e-02
8.360000e+01 -1.963315e+00 8.648350e-02
8.368000e+01 -1.942953e+00 8.648709e-02
8.376000e+01 -1.939854e+00 8.645195e-02
8.384000e+01 -1.952296e+00 8.637105e-02
8.392000e+01 -1.981491e+00 8.626101e-02
8.400000e+01 -2.025982e+00 8.611725e-02
8.408000e+01 -2.081092e+00 8.593384e-02
8.416000e+01 -2.149366e+00 8.573228e-02
8.424000e+01 -2.226290e+00 8.550502e-02
8.432000e+01 -2.310123e+00 8.526515e-02
8.440000e+01 -2.397081e+00 8.501988e-02
8.448000e+01 -2.487476e+00 8.477974e-02
8.456000e+01 -2.579633e+00 8.455522e-02
8.464000e+01 -2.672638e+00 8.435680e-02
8.472000e+01 -2.768606e+00 8.417471e-02
8.480000e+01 -2.863891e+00 8.404836e-02
8.488000e+01 -2.958492e+00 8.397821e-02
8.496000e+01 -3.051937e+00 8.396486e-02
8.504000e+01 -3.143774e+00 8.400773e-02
8.512000e+01 -3.233579e+00 8.410500e-02
8.520000e+01 -3.320937e+00 8.425357e-02
8.528000e+01 -3.405708e+00 8.444909e-02
8.536000e+01 -3.486433e+00 8.468873e-02
8.544000e+01 -3.563301e+00 8.496286e-02
8.552000e+01 -3.636003e+00 8.526353e-02
8.560000e+01 -3.708566e+00 8.562708e-02
8.568000e+01 -3.775330e+00 8.599264e-02
8.576000e+01 -3.836654e+00 8.635610e-02
8.584000e+01 -3.892364e+00 8.669887e-02
8.592000e+01 -3.943634e+00 8.701772e-02
8.600000e+01 -3.990278e+00 8.730425e-02
8.608000e+01 -4.032304e+00 8.755129e-02
8.616000e+01 -4.067375e+00 8.777031e-02
8.624000e+01 -4.097687e+00 8.794102e-02
8.632000e+01 -4.123214e+00 8.806042e-02
8.640000e+01 -4.144069e+00 8.812874e-02
8.648000e+01 -4.159618e+00 8.814841e-02
8.656000e+01 -4.171966e+00 8.811187e-02
8.664000e+01 -4.180028e+00 8.802912e-02
8.672000e+01 -4.181694e+00 8.791063e-02
8.680000e+01 -4.181188e+00 8.774375e-02
8.688000e+01 -4.174002e+00 8.751557e-02
8.696000e+01 -4.163858e+00 8.725660e-02
8.704000e+01 -4.146802e+00 8.693186e-02
8.712000e+01 -4.130823e+00 8.659639e-02
8.720000e+01 -4.112632e+00 8.626376e-02
8.728000e+01 -4.093134e+00 8.594187e-02
8.736000e+01 -4.072028e+00 8.564116e-02
8.744000e+01 -4.050523e+00 8.536947e-02
8.752000e+01 -4.029029e+00 8.513448e-02
8.760000e+01 -4.007958e+00 8.494321e-02
8.768000e+01 -3.987693e+00 8.480085e-02
8.776000e+01 -3.965844e+00 8.468621e-02
8.784000e+01 -3.945544e+00 8.463833e-02
8.792000e+01 -3.926666e+00 8.465169e-02
8.800000e+01 -3.909550e+00 8.472079e-02
8.808000e+01 -3.895399e+00 8.484173e-02
8.816000e+01 -3.883957e+00 8.500580e-02
8.824000e+01 -3.875582e+00 8.520558e-02
8.832000e+01 -3.870568e+00 8.543290e-02
8.840000e+01 -3.868929e+00 8.567869e-02
8.848000e+01 -3.871144e+00 8.593411e-02
8.856000e+01 -3.877353e+00 8.618991e-02
8.864000e+01 -3.888702e+00 8.643929e-02
8.872000e+01 -3.904315e+00 8.667167e-02
8.880000e+01 -3.924353e+00 8.688023e-02
8.888000e+01 -3.949489e+00 8.706050e-02
8.896000e+01 -3.982280e+00 8.720966e-02
8.904000e+01 -4.022061e+00 8.734461e-02
8.912000e+01 -4.066769e+00 8.744023e-02
8.920000e+01 -4.117830e+00 8.748638e-02
8.928000e+01 -4.173512e+00 8.749260e-02
8.936000e+01 -4.233830e+00 8.745797e-02
8.944000e+01 -4.297163e+00 8.737587e-02
8.952000e+01 -4.365376e+00 8.726359e-02
8.960000e+01 -4.438161e+00 8.711707e-02
8.968000e+01 -4.512452e+00 8.693090e-02
8.976000e+01 -4.592499e+00 8.672670e-02
8.984000e+01 -4.674827e+00 8.649705e-02
8.992000e+01 -4.760503e+00 8.625133e-02
9.000000e+01 -4.847504e+00 8.600386e-02
9.008000e+01 -4.933169e+00 8.575666e-02
9.016000e+01 -5.018720e+00 8.552338e-02
9.024000e+01 -5.102852e+00 8.531460e-02
9.032000e+01 -5.187627e+00 8.511983e-02
9.040000e+01 -5.269176e+00 8.497935e-02
9.048000e+01 -5.347273e+00 8.489362e-02
9.056000e+01 -5.421171e+00 8.486325e-02
9.064000e+01 -5.490093e+00 8.488779e-02
9.072000e+01 -5.553188e+00 8.496556e-02
9.080000e+01 -5.609510e+00 8.509357e-02
9.088000e+01 -5.658331e+00 8.526762e-02
9.096000e+01 -5.698445e+00 8.548152e-02
9.104000e+01 -5.727102e+00 8.573312e-02
9.112000e+01 -5.748498e+00 8.605380e-02
9.120000e+01 -5.757406e+00 8.638745e-02
9.128000e+01 -5.752226e+00 8.672089e-02
9.136000e+01 -5.732518e+00 8.704928e-02
9.144000e+01 -5.697671e+00 8.735429e-02
9.152000e+01 -5.648849e+00 8.763279e-02
9.160000e+01 -5.586096e+00 8.787684e-02
9.168000e+01 -5.509881e+00 8.807975e-02
9.176000e+01 -5.420860e+00 8.823705e-02
9.184000e+01 -5.317470e+00 8.836286e-02
9.192000e+01 -5.202805e+00 8.843796e-02
9.200000e+01 -5.077768e+00 8.846011e-02
9.208000e+01 -4.942697e+00 8.843166e-02
9.216000e+01 -4.800539e+00 8.834614e-02
9.224000e+01 -4.654742e+00 8.819230e-02
9.232000e+01 -4.497225e+00 8.802941e-02
9.240000e+01 -4.336885e+00 8.782008e-02
9.248000e+01 -4.172763e+00 8.756785e-02
9.256000e+01 -4.004197e+00 8.725995e-02
9.264000e+01 -3.835341e+00 8.693069e-02
9.272000e+01 -3.665937e+00 8.653658e-02
9.280000e+01 -3.499588e+00 8.616094e-02
9.288000e+01 -3.337356e+00 8.580191e-02
9.296000e+01 -3.180707e+00 8.546688e-02
9.304000e+01 -3.030451e+00 8.516538e-02
9.312000e+01 -2.888583e+00 8.490458e-02
9.320000e+01 -2.756263e+00 8.469057e-02
9.328000e+01 -2.634419e+00 8.452821e-02
9.336000e+01 -2.520834e+00 8.439563e-02
9.344000e+01 -2.418498e+00 8.433181e-02
9.352000e+01 -2.326707e+00 8.433083e-02
9.360000e+01 -2.244900e+00 8.438692e-02
9.368000e+01 -2.172306e+00 8.449378e-02
9.376000e+01 -2.109124e+00 8.464767e-02
9.384000e+01 -2.053843e+00 8.483870e-02
9.392000e+01 -2.005898e+00 8.505921e-02
9.400000e+01 -1.964916e+00 8.530099e-02
9.408000e+01 -1.930129e+00 8.555467e-02
9.416000e+01 -1.901796e+00 8.581199e-02
9.424000e+01 -1.880686e+00 8.606586e-02
9.432000e+01 -1.865898e+00 8.630605e-02
9.440000e+01 -1.857517e+00 8.652546e-02
9.448000e+01 -1.855564e+00 8.671801e-02
9.456000e+01 -1.863701e+00 8.688233e-02
9.464000e+01 -1.880771e+00 8.703419e-02
9.472000e+01 -1.904758e+00 8.714773e-02
9.480000e+01 -1.937100e+00 8.721258e-02
9.488000e+01 -1.976107e+00 8.723785e-02
9.496000e+01 -2.021822e+00 8.722262e-02
9.504000e+01 -2.072683e+00 8.716025e-02
9.512000e+01 -2.130555e+00 8.706754e-02
9.520000e+01 -2.194490e+00 8.693876e-02
9.528000e+01 -2.264892e+00 8.677673e-02
9.536000e+01 -2.338748e+00 8.657838e-02
9.544000e+01 -2.420193e+00 8.636464e-02
9.552000e+01 -2.507519e+00 8.613230e-02
9.560000e+01 -2.598689e+00 8.589073e-02
9.568000e+01 -2.693840e+00 8.565158e-02
9.576000e+01 -2.790391e+00 8.541823e-02
9.584000e+01 -2.889809e+00 8.520367e-02
9.592000e+01 -2.993910e+00 8.499817e-02
9.600000e+01 -3.099064e+00 8.484240e-02
9.608000e+01 -3.205243e+00 8.473786e-02
9.616000e+01 -3.311907e+00 8.468646e-02
9.624000e+01 -3.418526e+00 8.468890e-02
9.632000e+01 -3.524572e+00 8.474476e-02
9.640000e+01 -3.629523e+00 8.485225e-02
9.648000e+01 -3.733243e+00 8.500837e-02
9.656000e+01 -3.834650e+00 8.520867e-02
9.664000e+01 -3.932677e+00 8.544996e-02
9.672000e+01 -4.031522e+00 8.576612e-02
9.680000e+01 -4.126653e+00 8.610297e-02
9.688000e+01 -4.217305e+00 8.644845e-02
9.696000e+01 -4.302496e+00 8.679725e-02
9.704000e+01 -4.382063e+00 8.713230e-02
9.712000e+01 -4.456876e+00 8.745071e-02
9.720000e+01 -4.526530e+00 8.774403e-02
9.728000e+01 -4.590835e+00 8.800476e-02
9.736000e+01 -4.649634e+00 8.822727e-02
9.744000e+01 -4.700449e+00 8.842395e-02
9.752000e+01 -4.745336e+00 8.857476e-02
9.760000e+01 -4.784138e+00 8.867631e-02
9.768000e+01 -4.816832e+00 8.872823e-02
9.776000e+01 -4.841906e+00 8.873138e-02
9.784000e+01 -4.863002e+00 8.868201e-02
9.792000e+01 -4.877852e+00 8.858614e-02
9.800000e+01 -4.884403e+00 8.845519e-02
9.808000e+01 -4.886790e+00 8.827704e-02
9.816000e+01 -4.880550e+00 8.803942e-02
9.824000e+01 -4.869228e+00 8.777310e-02
9.832000e+01 -4.853183e+00 8.748191e-02
9.840000e+01 -4.831348e+00 8.712416e-02
9.848000e+01 -4.806169e+00 8.678351e-02
9.856000e+01 -4.777686e+00 8.645880e-02
9.864000e+01 -4.745635e+00 8.615898e-02
9.872000e+01 -4.711295e+00 8.589126e-02
9.880000e+01 -4.675200e+00 8.566271e-02
9.888000e+01 -4.637907e+00 8.547981e-02
9.896000e+01 -4.596827e+00 8.532302e-02
9.904000e+01 -4.556195e+00 8.523272e-02
9.912000e+01 -4.515502e+00 8.520467e-02
9.920000e+01 -4.475351e+00 8.523497e-02
9.928000e+01 -4.436251e+00 8.531856e-02
9.936000e+01 -4.399576e+00 8.545200e-02
9.944000e+01 -4.365201e+00 8.562685e-02
9.952000e+01 -4.333607e+00 8.583597e-02
9.960000e+01 -4.305196e+00 8.607143e-02
9.968000e+01 -4.280086e+00 8.632438e-02
9.976000e+01 -4.258803e+00 8.658609e-02
9.984000e+01 -4.241545e+00 8.684745e-02
9.992000e+01 -4.229517e+00 8.710194e-02
1.000000e+02 -4.221842e+00 8.733897e-02
1.000800e+02 -4.218697e+00 8.755176e-02
1.001600e+02 -4.220755e+00 8.773596e-02
1.002400e+02 -4.230590e+00 8.788897e-02
1.003200e+02 -4.247471e+00 8.802734e-02
1.004000e+02 -4.269233e+00 8.812626e-02
1.004800e+02 -4.297408e+00 8.817565e-02
1.005600e+02 -4.330202e+00 8.818504e-02
1.006400e+02 -4.367450e+00 8.815347e-02
1.007200e+02 -4.407402e+00 8.807417e-02
1.008000e+02 -4.451775e+00 8.796464e-02
1.008800e+02 -4.500221e+00 8.782081e-02
1.009600e+02 -4.549404e+00 8.763718e-02
1.010400e+02 -4.603615e+00 8.743551e-02
1.011200e+02 -4.658955e+00 8.720796e-02
1.012000e+02 -4.716607e+00 8.696395e-02
1.012800e+02 -4.774715e+00 8.671747e-02
1.013600e+02 -4.830602e+00 8.647025e-02
1.014400e+02 -4.885450e+00 8.623578e-02
1.015200e+02 -4.938256e+00 8.602449e-02
1.016000e+02 -4.991164e+00 8.582591e-02
1.016800e+02 -5.040466e+00 8.568002e-02
1.017600e+02 -5.085855e+00 8.558711e-02
1.018400e+02 -5.127373e+00 8.554807e-02
1.019200e+02 -5.163775e+00 8.556223e-02
1.020000e+02 -5.194621e+00 8.562808e-02
1.020800e+02 -5.219100e+00 8.574268e-02
1.021600e+02 -5.237459e+00 8.590227e-02
1.022400e+02 -5.248620e+00 8.610089e-02
1.023200e+02 -5.250782e+00 8.633679e-02
1.024000e+02 -5.249169e+00 8.664194e-02
1.024800e+02 -5.238682e+00 8.696107e-02
1.025600e+02 -5.218869e+00 8.728174e-02
1.026400e+02 -5.188697e+00 8.759950e-02
1.027200e+02 -5.149781e+00 8.789735e-02
1.028000e+02 -5.105523e+00 8.817365e-02
1.028800e+02 -5.053814e+00 8.842003e-02
1.029600e+02 -4.994972e+00 8.862990e-02
1.030400e+02 -4.929394e+00 8.879872e-02
1.031200e+02 -4.855154e+00 8.894011e-02
1.032000e+02 -4.774870e+00 8.903476e-02
1.032800e+02 -4.688925e+00 8.908007e-02
1.033600e+02 -4.597089e+00 8.907787e-02
1.034400e+02 -4.499797e+00 8.902670e-02
1.035200e+02 -4.400434e+00 8.892412e-02
1.036000e+02 -4.294688e+00 8.878792e-02
1.036800e+02 -4.187389e+00 8.860563e-02
1.037600e+02 -4.077035e+00 8.838118e-02
1.038400e+02 -3.962218e+00 8.810056e-02
1.039200e+02 -3.846311e+00 8.779659e-02
1.040000e+02 -3.725700e+00 8.743683e-02
1.040800e+02 -3.608552e+00 8.707609e-02
1.041600e+02 -3.491785e+00 8.672805e-02
1.042400e+02 -3.376507e+00 8.640000e-02
1.043200e+02 -3.262682e+00 8.610103e-02
1.044000e+02 -3.151591e+00 8.583812e-02
1.044800e+02 -3.043779e+00 8.561768e-02
1.045600e+02 -2.939766e+00 8.544518e-02
1.046400e+02 -2.837292e+00 8.529972e-02
1.047200e+02 -2.739550e+00 8.522127e-02
1.048000e+02 -2.646475e+00 8.520493e-02
1.048800e+02 -2.558438e+00 8.524579e-02
1.049600e+02 -2.475788e+00 8.533828e-02
1.050400e+02 -2.399839e+00 8.547895e-02
1.051200e+02 -2.330203e+00 8.565845e-02
1.052000e+02 -2.267227e+00 8.586935e-02
1.052800e+02 -2.211177e+00 8.610348e-02
1.053600e+02 -2.161971e+00 8.635166e-02
1.054400e+02 -2.120101e+00 8.660536e-02
1.055200e+02 -2.085653e+00 8.685567e-02
1.056000e+02 -2.059734e+00 8.709630e-02
1.056800e+02 -2.041396e+00 8.731710e-02
1.057600e+02 -2.030751e+00 8.751183e-02
1.058400e+02 -2.030486e+00 8.768128e-02
1.059200e+02 -2.041427e+00 8.783429e-02
1.060000e+02 -2.060278e+00 8.795014e-02
1.060800e+02 -2.087137e+00 8.802359e-02
1.061600e+02 -2.123195e+00 8.804857e-02
1.062400e+02 -2.166671e+00 8.803475e-02
1.063200e+02 -2.213856e+00 8.795690e-02
1.064000e+02 -2.270847e+00 8.786586e-02
1.064800e+02 -2.334509e+00 8.774246e-02
1.065600e+02 -2.405268e+00 8.758515e-02
1.066400e+02 -2.480008e+00 8.738954e-02
1.067200e+02 -2.562864e+00 8.717692e-02
1.068000e+02 -2.651091e+00 8.694094e-02
1.068800e+02 -2.744319e+00 8.669425e-02
1.069600e+02 -2.841669e+00 8.644787e-02
1.070400e+02 -2.940458e+00 8.620442e-02
1.071200e+02 -3.042045e+00 8.597713e-02
1.072000e+02 -3.145276e+00 8.577614e-02
1.072800e+02 -3.252299e+00 8.559117e-02
1.073600e+02 -3.359393e+00 8.546100e-02
1.074400e+02 -3.466411e+00 8.538578e-02
1.075200e+02 -3.572698e+00 8.536586e-02
1.076000e+02 -3.677607e+00 8.540056e-02
1.076800e+02 -3.780501e+00 8.548803e-02
1.077600e+02 -3.881182e+00 8.562535e-02
1.078400e+02 -3.978445e+00 8.580825e-02
1.079200e+02 -4.072259e+00 8.603033e-02
1.080000e+02 -4.164578e+00 8.633340e-02
1.080800e+02 -4.252037e+00 8.665928e-02
1.081600e+02 -4.333760e+00 8.699612e-02
1.082400e+02 -4.409322e+00 8.733800e-02
1.083200e+02 -4.478900e+00 8.767502e-02
1.084000e+02 -4.541378e+00 8.799135e-02
1.084800e+02 -4.597863e+00 8.828523e-02
1.085600e+02 -4.647431e+00 8.854997e-02
1.086400e+02 -4.690559e+00 8.877934e-02
1.087200e+02 -4.727677e+00 8.896873e-02
1.088000e+02 -4.756685e+00 8.913153e-02
1.088800e+02 -4.779334e+00 8.924823e-02
1.089600e+02 -4.795740e+00 8.931564e-02
1.090400e+02 -4.804843e+00 8.933544e-02
1.091200e+02 -4.809575e+00 8.929966e-02
1.092000e+02 -4.807898e+00 8.921862e-02
1.092800e+02 -4.797869e+00 8.910255e-02
1.093600e+02 -4.783926e+00 8.893891e-02
1.094400e+02 -4.760946e+00 8.871543e-02
1.095200e+02 -4.732660e+00 8.846163e-02
1.096000e+02 -4.699783e+00 8.818020e-02
1.096800e+02 -4.661010e+00 8.782801e-02
1.097600e+02 -4.618180e+00 8.748893e-02
1.098400e+02 -4.572230e+00 8.716112e-02
1.099200e+02 -4.522994e+00 8.685220e-02
1.100000e+02 -4.470627e+00 8.657218e-02
1.100800e+02 -4.415974e+00 8.632819e-02
1.101600e+02 -4.359946e+00 8.612665e-02
1.102400e+02 -4.302699e+00 8.597270e-02
1.103200e+02 -4.242504e+00 8.584570e-02
1.104000e+02 -4.182445e+00 8.578461e-02
1.104800e+02 -4.122602e+00 8.578429e-02
1.105600e+02 -4.063523e+00 8.583958e-02
1.106400e+02 -4.006521e+00 8.594654e-02
1.107200e+02 -3.951989e+00 8.609707e-02
1.108000e+02 -3.899747e+00 8.628457e-02
1.108800e+02 -3.850951e+00 8.650092e-02
1.109600e+02 -3.805317e+00 8.673819e-02
1.110400e+02 -3.763634e+00 8.698674e-02
1.111200e+02 -3.726122e+00 8.723809e-02
1.112000e+02 -3.692581e+00 8.748364e-02
1.112800e+02 -3.665247e+00 8.771725e-02
1.113600e+02 -3.642305e+00 8.792867e-02
1.114400e+02 -3.624146e+00 8.811212e-02
1.115200e+02 -3.613526e+00 8.826945e-02
1.116000e+02 -3.611389e+00 8.840868e-02
1.116800e+02 -3.614707e+00 8.851016e-02
1.117600e+02 -3.623023e+00 8.856858e-02
1.118400e+02 -3.638168e+00 8.857821e-02
1.119200e+02 -3.658135e+00 8.854845e-02
1.120000e+02 -3.678779e+00 8.845439e-02
1.120800e+02 -3.706949e+00 8.834726e-02
1.121600e+02 -3.739229e+00 8.820781e-02
1.122400e+02 -3.775691e+00 8.803439e-02
1.123200e+02 -3.816686e+00 8.783509e-02
1.124000e+02 -3.860208e+00 8.760657e-02
1.124800e+02 -3.906276e+00 8.734778e-02
1.125600e+02 -3.955673e+00 8.708887e-02
1.126400e+02 -4.006730e+00 8.683190e-02
1.127200e+02 -4.057244e+00 8.657928e-02
1.128000e+02 -4.107567e+00 8.634459e-02
1.128800e+02 -4.158144e+00 8.613799e-02
1.129600e+02 -4.210171e+00 8.594850e-02
1.130400e+02 -4.260878e+00 8.581508e-02
1.131200e+02 -4.309610e+00 8.573733e-02
1.132000e+02 -4.356132e+00 8.571448e-02
1.132800e+02 -4.400552e+00 8.574615e-02
1.133600e+02 -4.442078e+00 8.582982e-02
1.134400e+02 -4.480268e+00 8.596189e-02
1.135200e+02 -4.514735e+00 8.613856e-02
1.136000e+02 -4.544328e+00 8.635577e-02
1.136800e+02 -4.574015e+00 8.664789e-02
1.137600e+02 -4.598588e+00 8.696075e-02
1.138400e+02 -4.618335e+00 8.728289e-02
1.139200e+02 -4.631653e+00 8.760850e-02
1.140000e+02 -4.640716e+00 8.792650e-02
1.140800e+02 -4.643634e+00 8.822196e-02
1.141600e+02 -4.641652e+00 8.849347e-02
1.142400e+02 -4.634167e+00 8.873410e-02
1.143200e+02 -4.622163e+00 8.893869e-02
1.144000e+02 -4.604873e+00 8.910256e-02
1.144800e+02 -4.580937e+00 8.924013e-02
1.145600e+02 -4.551791e+00 8.933146e-02
1.146400e+02 -4.518075e+00 8.937432e-02
1.147200e+02 -4.478920e+00 8.936961e-02
1.148000e+02 -4.437025e+00 8.931068e-02
1.148800e+02 -4.390435e+00 8.920704e-02
1.149600e+02 -4.337910e+00 8.906979e-02
1.150400e+02 -4.282513e+00 8.888634e-02
1.151200e+02 -4.221192e+00 8.864429e-02
1.152000e+02 -4.156222e+00 8.837377e-02
1.152800e+02 -4.088952e+00 8.807797e-02
1.153600e+02 -4.018078e+00 8.771447e-02
1.154400e+02 -3.946194e+00 8.736695e-02
1.155200e+02 -3.873192e+00 8.703311e-02
1.156000e+02 -3.799363e+00 8.672080e-02
1.156800e+02 -3.724939e+00 8.643938e-02
1.157600e+02 -3.651493e+00 8.619566e-02
1.158400e+02 -3.579006e+00 8.599579e-02
1.159200e+02 -3.508893e+00 8.584395e-02
1.160000e+02 -3.437998e+00 8.571969e-02
1.160800e+02 -3.370281e+00 8.566168e-02
1.161600e+02 -3.305785e+00 8.566404e-02
1.162400e+02 -3.245081e+00 8.572136e-02
1.163200e+02 -3.189535e+00 8.582963e-02
1.164000e+02 -3.138519e+00 8.598066e-02
1.164800e+02 -3.093764e+00 8.616729e-02
1.165600e+02 -3.054537e+00 8.638178e-02
1.166400e+02 -3.022101e+00 8.661539e-02
1.167200e+02 -2.996143e+00 8.685974e-02
1.168000e+02 -2.976873e+00 8.710568e-02
1.168800e+02 -2.965699e+00 8.734656e-02
1.169600e+02 -2.962346e+00 8.757194e-02
1.170400e+02 -2.965840e+00 8.777509e-02
1.171200e+02 -2.977252e+00 8.795014e-02
1.172000e+02 -2.999189e+00 8.809631e-02
1.172800e+02 -3.030807e+00 8.822916e-02
1.173600e+02 -3.070025e+00 8.832351e-02
1.174400e+02 -3.118168e+00 8.836910e-02
1.175200e+02 -3.173396e+00 8.837538e-02
1.176000e+02 -3.235474e+00 8.834171e-02
1.176800e+02 -3.300655e+00 8.824348e-02
1.177600e+02 -3.374869e+00 8.813215e-02
1.178400e+02 -3.454908e+00 8.798916e-02
1.179200e+02 -3.541123e+00 8.781346e-02
1.180000e+02 -3.632684e+00 8.761288e-02
1.180800e+02 -3.728928e+00 8.738483e-02
1.181600e+02 -3.828165e+00 8.712851e-02
1.182400e+02 -3.932787e+00 8.687364e-02
1.183200e+02 -4.039824e+00 8.662228e-02
1.184000e+02 -4.146928e+00 8.637720e-02
1.184800e+02 -4.255399e+00 8.615160e-02
1.185600e+02 -4.366905e+00 8.593568e-02
1.186400e+02 -4.477898e+00 8.577013e-02
1.187200e+02 -4.587444e+00 8.565627e-02
1.188000e+02 -4.695817e+00 8.559549e-02
1.188800e+02 -4.802487e+00 8.558830e-02
1.189600e+02 -4.906429e+00 8.563463e-02
1.190400e+02 -5.007004e+00 8.573224e-02
1.191200e+02 -5.104604e+00 8.587827e-02
1.192000e+02 -5.197758e+00 8.606812e-02
1.192800e+02 -5.291599e+00 8.633744e-02
1.193600e+02 -5.378786e+00 8.664135e-02
1.194400e+02 -5.461488e+00 8.696482e-02
1.195200e+02 -5.538303e+00 8.729635e-02
1.196000e+02 -5.608604e+00 8.763058e-02
1.196800e+02 -5.671538e+00 8.795164e-02
1.197600e+02 -5.728514e+00 8.825731e-02
1.198400e+02 -5.779159e+00 8.853963e-02
1.199200e+02 -5.822949e+00 8.879195e-02
1.200000e+02 -5.860239e+00 8.900830e-02
1.200800e+02 -5.890345e+00 8.918502e-02
1.201600e+02 -5.911223e+00 8.933540e-02
1.202400e+02 -5.924905e+00 8.943994e-02
1.203200e+02 -5.930584e+00 8.949557e-02
1.204000e+02 -5.928239e+00 8.950353e-02
1.204800e+02 -5.919304e+00 8.945650e-02
1.205600e+02 -5.902397e+00 8.936424e-02
1.206400e+02 -5.874808e+00 8.923766e-02
1.207200e+02 -5.841136e+00 8.906399e-02
1.208000e+02 -5.796415e+00 8.883101e-02
1.208800e+02 -5.743936e+00 8.856862e-02
1.209600e+02 -5.684008e+00 8.827980e-02
1.210400e+02 -5.615030e+00 8.792217e-02
1.211200e+02 -5.539443e+00 8.757915e-02
1.212000e+02 -5.456905e+00 8.724903e-02
1.212800e+02 -5.368270e+00 8.693888e-02
1.213600e+02 -5.272959e+00 8.665852e-02
1.214400e+02 -5.172275e+00 8.641425e-02
1.215200e+02 -5.066355e+00 8.621230e-02
1.216000e+02 -4.953315e+00 8.603313e-02
1.216800e+02 -4.836889e+00 8.591734e-02
1.217600e+02 -4.717307e+00 8.586084e-02
1.218400e+02 -4.595056e+00 8.586034e-02
1.219200e+02 -4.470845e+00 8.591120e-02
1.220000e+02 -4.346601e+00 8.601039e-02
1.220800e+02 -4.221377e+00 8.614957e-02
1.221600e+02 -4.097407e+00 8.632300e-02
1.222400e+02 -3.973843e+00 8.652226e-02
1.223200e+02 -3.852723e+00 8.673985e-02
1.224000e+02 -3.733430e+00 8.696664e-02
1.224800e+02 -3.616982e+00 8.719406e-02
1.225600e+02 -3.505046e+00 8.741539e-02
1.226400e+02 -3.396724e+00 8.762021e-02
1.227200e+02 -3.292197e+00 8.780177e-02
1.228000e+02 -3.192239e+00 8.795420e-02
1.228800e+02 -3.100655e+00 8.807722e-02
1.229600e+02 -3.013687e+00 8.816557e-02
1.230400e+02 -2.934509e+00 8.823600e-02
1.231200e+02 -2.862342e+00 8.825991e-02
1.232000e+02 -2.795789e+00 8.824348e-02
1.232800e+02 -2.735087e+00 8.818536e-02
1.233600e+02 -2.676523e+00 8.806071e-02
1.234400e+02 -2.627129e+00 8.792236e-02
1.235200e+02 -2.583117e+00 8.775244e-02
1.236000e+02 -2.543777e+00 8.754249e-02
1.236800e+02 -2.512323e+00 8.731330e-02
1.237600e+02 -2.486011e+00 8.705594e-02
1.238400e+02 -2.465035e+00 8.677346e-02
1.239200e+02 -2.450081e+00 8.649052e-02
1.240000e+02 -2.437725e+00 8.620613e-02
1.240800e+02 -2.429686e+00 8.593203e-02
1.241600e+02 -2.425506e+00 8.567904e-02
1.242400e+02 -2.426645e+00 8.543711e-02
1.243200e+02 -2.430049e+00 8.524678e-02
1.244000e+02 -2.435917e+00 8.510950e-02
1.244800e+02 -2.444103e+00 8.502736e-02
1.245600e+02 -2.453372e+00 8.500042e-02
1.246400e+02 -2.463703e+00 8.502839e-02
1.247200e+02 -2.475129e+00 8.510976e-02
1.248000e+02 -2.486874e+00 8.524092e-02
1.248800e+02 -2.498577e+00 8.541799e-02
1.249600e+02 -2.508502e+00 8.563751e-02
1.250400e+02 -2.517720e+00 8.589001e-02
1.251200e+02 -2.529197e+00 8.621129e-02
1.252000e+02 -2.538520e+00 8.654358e-02
1.252800e+02 -2.544913e+00 8.688045e-02
1.253600e+02 -2.549532e+00 8.721207e-02
1.254400e+02 -2.550672e+00 8.752166e-02
1.255200e+02 -2.549792e+00 8.780729e-02
1.256000e+02 -2.546999e+00 8.806192e-02
1.256800e+02 -2.541559e+00 8.827911e-02
1.257600e+02 -2.533704e+00 8.845495e-02
1.258400e+02 -2.521183e+00 8.860331e-02
1.259200e+02 -2.506099e+00 8.870550e-02
1.260000e+02 -2.488265e+00 8.875895e-02
1.260800e+02 -2.466877e+00 8.876546e-02
1.261600e+02 -2.444235e+00 8.871776e-02
1.262400e+02 -2.419033e+00 8.862585e-02
1.263200e+02 -2.388862e+00 8.849998e-02
1.264000e+02 -2.358116e+00 8.832783e-02
1.264800e+02 -2.322244e+00 8.809662e-02
1.265600e+02 -2.284997e+00 8.783664e-02
1.266400e+02 -2.242227e+00 8.751296e-02
1.267200e+02 -2.202390e+00 8.718007e-02
1.268000e+02 -2.161890e+00 8.685090e-02
1.268800e+02 -2.122167e+00 8.653266e-02
1.269600e+02 -2.083506e+00 8.623402e-02
1.270400e+02 -2.046140e+00 8.596479e-02
1.271200e+02 -2.011722e+00 8.573174e-02
1.272000e+02 -1.980392e+00 8.554094e-02
1.272800e+02 -1.953964e+00 8.539630e-02
1.273600e+02 -1.929118e+00 8.527738e-02
1.274400e+02 -1.911064e+00 8.522272e-02
1.275200e+02 -1.896659e+00 8.522725e-02
1.276000e+02 -1.888375e+00 8.528501e-02
1.276800e+02 -1.887651e+00 8.539197e-02
1.277600e+02 -1.894471e+00 8.553980e-02
1.278400e+02 -1.909339e+00 8.572133e-02
1.279200e+02 -1.932640e+00 8.592877e-02
1.280000e+02 -1.964756e+00 8.615380e-02
1.280800e+02 -2.005393e+00 8.638703e-02
1.281600e+02 -2.055030e+00 8.662019e-02
1.282400e+02 -2.114518e+00 8.684651e-02
1.283200e+02 -2.182808e+00 8.705590e-02
1.284000e+02 -2.259765e+00 8.724171e-02
1.284800e+02 -2.345091e+00 8.739847e-02
1.285600e+02 -2.441131e+00 8.752769e-02
1.286400e+02 -2.548301e+00 8.763878e-02
1.287200e+02 -2.662922e+00 8.771191e-02
1.288000e+02 -2.786175e+00 8.773670e-02
1.288800e+02 -2.915901e+00 8.772255e-02
1.289600e+02 -3.051722e+00 8.766858e-02
1.290400e+02 -3.189405e+00 8.755088e-02
1.291200e+02 -3.334771e+00 8.742036e-02
1.292000e+02 -3.484479e+00 8.725855e-02
1.292800e+02 -3.638763e+00 8.706440e-02
1.293600e+02 -3.796734e+00 8.684567e-02
1.294400e+02 -3.957712e+00 8.659997e-02
1.295200e+02 -4.117269e+00 8.632729e-02
1.296000e+02 -4.281557e+00 8.605630e-02
1.296800e+02 -4.444921e+00 8.578991e-02
1.297600e+02 -4.610712e+00 8.552838e-02
1.298400e+02 -4.774371e+00 8.528754e-02
1.299200e+02 -4.938715e+00 8.507520e-02
1.300000e+02 -5.103285e+00 8.488168e-02
1.300800e+02 -5.265808e+00 8.474446e-02
1.301600e+02 -5.425355e+00 8.466357e-02
1.302400e+02 -5.581186e+00 8.463872e-02
1.303200e+02 -5.732878e+00 8.466863e-02
1.304000e+02 -5.880286e+00 8.475079e-02
1.304800e+02 -6.022305e+00 8.488230e-02
1.305600e+02 -6.158547e+00 8.505830e-02
1.306400e+02 -6.293016e+00 8.531437e-02
1.307200e+02 -6.418930e+00 8.560567e-02
1.308000e+02 -6.538336e+00 8.591719e-02
1.308800e+02 -6.649793e+00 8.623787e-02
1.309600e+02 -6.752429e+00 8.656251e-02
1.310400e+02 -6.846206e+00 8.687516e-02
1.311200e+02 -6.932236e+00 8.717370e-02
1.312000e+02 -7.010688e+00 8.745042e-02
1.312800e+02 -7.081161e+00 8.769842e-02
1.313600e+02 -7.144066e+00 8.791205e-02
1.314400e+02 -7.199346e+00 8.808734e-02
1.315200e+02 -7.245548e+00 8.823763e-02
1.316000e+02 -7.284487e+00 8.834333e-02
1.316800e+02 -7.316123e+00 8.840116e-02
1.317600e+02 -7.339029e+00 8.841158e-02
1.318400e+02 -7.358199e+00 8.835352e-02
1.319200e+02 -7.371626e+00 8.825265e-02
1.320000e+02 -7.372317e+00 8.813905e-02
1.320800e+02 -7.366942e+00 8.797890e-02
1.321600e+02 -7.350586e+00 8.775928e-02
1.322400e+02 -7.325855e+00 8.751004e-02
1.323200e+02 -7.292071e+00 8.723451e-02
1.324000e+02 -7.251039e+00 8.692616e-02
1.324800e+02 -7.194301e+00 8.657485e-02
1.325600e+02 -7.126097e+00 8.624628e-02
1.326400e+02 -7.044215e+00 8.593833e-02
1.327200e+02 -6.947120e+00 8.565843e-02
1.328000e+02 -6.835406e+00 8.541225e-02
1.328800e+02 -6.709235e+00 8.520486e-02
1.329600e+02 -6.569677e+00 8.504088e-02
1.330400e+02 -6.415296e+00 8.489977e-02
1.331200e+02 -6.250470e+00 8.481977e-02
1.332000e+02 -6.074706e+00 8.479546e-02
1.332800e+02 -5.890573e+00 8.482198e-02
1.333600e+02 -5.700874e+00 8.489601e-02
1.334400e+02 -5.505371e+00 8.500948e-02
1.335200e+02 -5.305755e+00 8.515604e-02
1.336000e+02 -5.103249e+00 8.532837e-02
1.336800e+02 -4.899160e+00 8.551871e-02
1.337600e+02 -4.694590e+00 8.571850e-02
1.338400e+02 -4.491358e+00 8.591962e-02
1.339200e+02 -4.293121e+00 8.611472e-02
1.340000e+02 -4.099152e+00 8.629830e-02
1.340800e+02 -3.904010e+00 8.645762e-02
1.341600e+02 -3.716142e+00 8.659027e-02
1.342400e+02 -3.537187e+00 8.669804e-02
1.343200e+02 -3.366059e+00 8.676934e-02
1.344000e+02 -3.205282e+00 8.682595e-02
1.344800e+02 -3.054818e+00 8.683925e-02
1.345600e+02 -2.913809e+00 8.681531e-02
1.346400e+02 -2.782991e+00 8.675265e-02
1.347200e+02 -2.662798e+00 8.665123e-02
1.348000e+02 -2.552261e+00 8.650549e-02
1.348800e+02 -2.454616e+00 8.633529e-02
1.349600e+02 -2.366670e+00 8.612824e-02
1.350400e+02 -2.293521e+00 8.590597e-02
1.351200e+02 -2.232153e+00 8.565790e-02
1.352000e+02 -2.185167e+00 8.539553e-02
1.352800e+02 -2.148833e+00 8.512416e-02
1.353600e+02 -2.122630e+00 8.485231e-02
1.354400e+02 -2.107907e+00 8.459239e-02
1.355200e+02 -2.103660e+00 8.435453e-02
1.356000e+02 -2.112129e+00 8.412939e-02
1.356800e+02 -2.129664e+00 8.395701e-02
1.357600e+02 -2.156163e+00 8.383883e-02
1.358400e+02 -2.191062e+00 8.377683e-02
1.359200e+02 -2.233909e+00 8.377178e-02
1.360000e+02 -2.284397e+00 8.382338e-02
1.360800e+02 -2.342326e+00 8.392996e-02
1.361600e+02 -2.407452e+00 8.408840e-02
1.362400e+02 -2.479465e+00 8.429410e-02
1.363200e+02 -2.556132e+00 8.454413e-02
1.364000e+02 -2.636217e+00 8.482796e-02
1.364800e+02 -2.721477e+00 8.518156e-02
1.365600e+02 -2.804972e+00 8.554864e-02
1.366400e+02 -2.882391e+00 8.591764e-02
1.367200e+02 -2.953335e+00 8.628105e-02
1.368000e+02 -3.015355e+00 8.662278e-02
1.368800e+02 -3.069135e+00 8.694017e-02
1.369600e+02 -3.114545e+00 8.722551e-02
1.370400e+02 -3.152047e+00 8.747234e-02
1.371200e+02 -3.182285e+00 8.767636e-02
1.372000e+02 -3.203583e+00 8.785123e-02
1.372800e+02 -3.218675e+00 8.797836e-02
1.373600e+02 -3.227944e+00 8.805533e-02
1.374400e+02 -3.230958e+00 8.808421e-02
1.375200e+02 -3.229949e+00 8.805729e-02
1.376000e+02 -3.223827e+00 8.798482e-02
1.376800e+02 -3.210409e+00 8.787729e-02
1.377600e+02 -3.193857e+00 8.772190e-02
1.378400e+02 -3.169528e+00 8.750619e-02
1.379200e+02 -3.141159e+00 8.725976e-02
1.380000e+02 -3.109149e+00 8.698560e-02
1.380800e+02 -3.072492e+00 8.664108e-02
1.381600e+02 -3.033905e+00 8.630973e-02
1.382400e+02 -2.993663e+00 8.599027e-02
1.383200e+02 -2.952552e+00 8.569037e-02
1.384000e+02 -2.910743e+00 8.542001e-02
1.384800e+02 -2.869904e+00 8.518602e-02
1.385600e+02 -2.831013e+00 8.499429e-02
1.386400e+02 -2.795090e+00 8.484967e-02
1.387200e+02 -2.760504e+00 8.473084e-02
1.388000e+02 -2.730943e+00 8.467661e-02
1.388800e+02 -2.706922e+00 8.468137e-02
1.389600e+02 -2.689361e+00 8.473954e-02
1.390400e+02 -2.679917e+00 8.484686e-02
1.391200e+02 -2.678808e+00 8.499496e-02
1.392000e+02 -2.686687e+00 8.517659e-02
1.392800e+02 -2.704031e+00 8.538382e-02
1.393600e+02 -2.731142e+00 8.560830e-02
1.394400e+02 -2.767883e+00 8.584088e-02
1.395200e+02 -2.814437e+00 8.607301e-02
1.396000e+02 -2.870515e+00 8.629625e-02
1.396800e+02 -2.936766e+00 8.650508e-02
1.397600e+02 -3.011598e+00 8.669001e-02
1.398400e+02 -3.094450e+00 8.684584e-02
1.399200e+02 -3.187336e+00 8.697448e-02
1.400000e+02 -3.290264e+00 8.708541e-02
1.400800e+02 -3.399148e+00 8.715950e-02
1.401600e+02 -3.513310e+00 8.719246e-02
1.402400e+02 -3.633224e+00 8.717866e-02
1.403200e+02 -3.756367e+00 8.712873e-02
1.404000e+02 -3.878403e+00 8.701804e-02
1.404800e+02 -4.004855e+00 8.689735e-02
1.405600e+02 -4.132168e+00 8.674784e-02
1.406400e+02 -4.260444e+00 8.656803e-02
1.407200e+02 -4.386395e+00 8.635358e-02
1.408000e+02 -4.514082e+00 8.612538e-02
1.408800e+02 -4.641217e+00 8.588023e-02
1.409600e+02 -4.767245e+00 8.562414e-02
1.410400e+02 -4.891550e+00 8.537161e-02
1.411200e+02 -5.011945e+00 8.512505e-02
1.412000e+02 -5.130183e+00 8.489717e-02
1.412800e+02 -5.245491e+00 8.469745e-02
1.413600e+02 -5.360407e+00 8.451466e-02
1.414400e+02 -5.471520e+00 8.438728e-02
1.415200e+02 -5.578992e+00 8.431488e-02
1.416000e+02 -5.682463e+00 8.429735e-02
1.416800e+02 -5.781587e+00 8.433365e-02
1.417600e+02 -5.876061e+00 8.442169e-02
1.418400e+02 -5.966092e+00 8.455849e-02
1.419200e+02 -6.050863e+00 8.473975e-02
1.420000e+02 -6.134914e+00 8.500102e-02
1.420800e+02 -6.212454e+00 8.529760e-02
1.421600e+02 -6.285014e+00 8.561539e-02
1.422400e+02 -6.351542e+00 8.594325e-02
1.423200e+02 -6.411222e+00 8.627596e-02
1.424000e+02 -6.463737e+00 8.659780e-02
1.424800e+02 -6.509833e+00 8.690670e-02
1.425600e+02 -6.548850e+00 8.719494e-02
1.426400e+02 -6.580240e+00 8.745517e-02
1.427200e+02 -6.603367e+00 8.768153e-02
1.428000e+02 -6.617532e+00 8.786959e-02
1.428800e+02 -6.619603e+00 8.803236e-02
1.429600e+02 -6.610922e+00 8.814985e-02
1.430400e+02 -6.590559e+00 8.821842e-02
1.431200e+02 -6.556972e+00 8.823901e-02
1.432000e+02 -6.509458e+00 8.820946e-02
1.432800e+02 -6.453732e+00 8.810362e-02
1.433600e+02 -6.377504e+00 8.798737e-02
1.434400e+02 -6.288736e+00 8.782126e-02
1.435200e+02 -6.183765e+00 8.758739e-02
1.436000e+02 -6.063787e+00 8.732207e-02
1.436800e+02 -5.930704e+00 8.702564e-02
1.437600e+02 -5.785569e+00 8.670286e-02
1.438400e+02 -5.628023e+00 8.631473e-02
1.439200e+02 -5.461151e+00 8.594455e-02
1.440000e+02 -5.285779e+00 8.559174e-02
1.440800e+02 -5.103171e+00 8.526379e-02
1.441600e+02 -4.914081e+00 8.496976e-02
1.442400e+02 -4.720455e+00 8.471629e-02
1.443200e+02 -4.524171e+00 8.450806e-02
1.444000e+02 -4.322870e+00 8.432596e-02
1.444800e+02 -4.121305e+00 8.420958e-02
1.445600e+02 -3.920359e+00 8.415419e-02
1.446400e+02 -3.721462e+00 8.415558e-02
1.447200e+02 -3.526775e+00 8.421040e-02
1.448000e+02 -3.337313e+00 8.431200e-02
1.448800e+02 -3.154554e+00 8.445429e-02
1.449600e+02 -2.979927e+00 8.463048e-02
1.450400e+02 -2.814844e+00 8.483305e-02
1.451200e+02 -2.660428e+00 8.505353e-02
1.452000e+02 -2.518278e+00 8.528386e-02
1.452800e+02 -2.389643e+00 8.551559e-02
1.453600e+02 -2.276823e+00 8.574296e-02
1.454400e+02 -2.179855e+00 8.595567e-02
1.455200e+02 -2.099731e+00 8.614743e-02
1.456000e+02 -2.039776e+00 8.631895e-02
1.456800e+02 -1.998284e+00 8.645764e-02
1.457600e+02 -1.976563e+00 8.658355e-02
1.458400e+02 -1.971445e+00 8.667224e-02
1.459200e+02 -1.982937e+00 8.671372e-02
1.460000e+02 -2.007708e+00 8.671654e-02
1.460800e+02 -2.044069e+00 8.667968e-02
1.461600e+02 -2.088825e+00 8.659683e-02
1.462400e+02 -2.142497e+00 8.648535e-02
1.463200e+02 -2.203778e+00 8.634154e-02
1.464000e+02 -2.268836e+00 8.616001e-02
1.464800e+02 -2.341481e+00 8.596227e-02
1.465600e+02 -2.418686e+00 8.574094e-02
1.466400e+02 -2.500117e+00 8.550841e-02
1.467200e+02 -2.584844e+00 8.527512e-02
1.468000e+02 -2.670247e+00 8.504330e-02
1.468800e+02 -2.757819e+00 8.482616e-02
1.469600e+02 -2.849346e+00 8.461454e-02
1.470400e+02 -2.941222e+00 8.444933e-02
1.471200e+02 -3.033428e+00 8.433256e-02
1.472000e+02 -3.125432e+00 8.426681e-02
1.472800e+02 -3.216722e+00 8.425360e-02
1.473600e+02 -3.306795e+00 8.429326e-02
1.474400e+02 -3.395159e+00 8.438483e-02
1.475200e+02 -3.481337e+00 8.452598e-02
1.476000e+02 -3.565160e+00 8.471305e-02
1.476800e+02 -3.646138e+00 8.494069e-02
1.477600e+02 -3.726476e+00 8.525025e-02
1.478400e+02 -3.802870e+00 8.558490e-02
1.479200e+02 -3.875414e+00 8.593510e-02
1.480000e+02 -3.941847e+00 8.628987e-02
1.480800e+02 -4.003509e+00 8.664232e-02
1.481600e+02 -4.059087e+00 8.697714e-02
1.482400e+02 -4.109681e+00 8.729232e-02
1.483200e+02 -4.155008e+00 8.758057e-02
1.484000e+02 -4.195014e+00 8.783540e-02
1.484800e+02 -4.229684e+00 8.805190e-02
1.485600e+02 -4.259039e+00 8.822676e-02
1.486400e+02 -4.280771e+00 8.837414e-02
1.487200e+02 -4.297124e+00 8.847513e-02
1.488000e+02 -4.308112e+00 8.852679e-02
1.488800e+02 -4.312350e+00 8.853003e-02
1.489600e+02 -4.313635e+00 8.848089e-02
1.490400e+02 -4.307239e+00 8.839671e-02
1.491200e+02 -4.297729e+00 8.826440e-02
1.492000e+02 -4.283289e+00 8.808750e-02
1.492800e+02 -4.262227e+00 8.785219e-02
1.493600e+02 -4.236801e+00 8.758992e-02
1.494400e+02 -4.207498e+00 8.730479e-02
1.495200e+02 -4.175013e+00 8.695579e-02
1.496000e+02 -4.141112e+00 8.662576e-02
1.496800e+02 -4.106078e+00 8.631332e-02
1.497600e+02 -4.070206e+00 8.602546e-02
1.498400e+02 -4.033624e+00 8.577109e-02
1.499200e+02 -3.997418e+00 8.555635e-02
1.500000e+02 -3.962398e+00 8.538614e-02
1.500800e+02 -3.926146e+00 8.524018e-02
1.501600e+02 -3.892359e+00 8.515831e-02
1.502400e+02 -3.860954e+00 8.513615e-02
1.503200e+02 -3.832482e+00 8.516918e-02
1.504000e+02 -3.807481e+00 8.525221e-02
1.504800e+02 -3.787379e+00 8.538193e-02
1.505600e+02 -3.771678e+00 8.554996e-02
1.506400e+02 -3.761859e+00 8.574885e-02
1.507200e+02 -3.757329e+00 8.597142e-02
1.508000e+02 -3.758889e+00 8.620886e-02
1.508800e+02 -3.766247e+00 8.645314e-02
1.509600e+02 -3.780283e+00 8.669520e-02
1.510400e+02 -3.801413e+00 8.692936e-02
1.511200e+02 -3.829347e+00 8.714498e-02
1.512000e+02 -3.863811e+00 8.733600e-02
1.512800e+02 -3.904867e+00 8.749872e-02
1.513600e+02 -3.955729e+00 8.763022e-02
1.514400e+02 -4.015029e+00 8.774729e-02
1.515200e+02 -4.080405e+00 8.782582e-02
1.516000e+02 -4.152932e+00 8.785591e-02
1.516800e+02 -4.230424e+00 8.784724e-02
1.517600e+02 -4.312400e+00 8.779899e-02
1.518400e+02 -4.396646e+00 8.770403e-02
1.519200e+02 -4.484371e+00 8.757998e-02
1.520000e+02 -4.574650e+00 8.742265e-02
1.520800e+02 -4.663709e+00 8.722612e-02
1.521600e+02 -4.755137e+00 8.701202e-02
1.522400e+02 -4.844990e+00 8.677172e-02
1.523200e+02 -4.931957e+00 8.650386e-02
1.524000e+02 -5.016970e+00 8.623917e-02
1.524800e+02 -5.095920e+00 8.597466e-02
1.525600e+02 -5.168672e+00 8.572031e-02
1.526400e+02 -5.235240e+00 8.548477e-02
1.527200e+02 -5.297054e+00 8.525748e-02
1.528000e+02 -5.349909e+00 8.507853e-02
1.528800e+02 -5.394284e+00 8.494781e-02
1.529600e+02 -5.429702e+00 8.486683e-02
1.530400e+02 -5.455250e+00 8.483544e-02
1.531200e+02 -5.471650e+00 8.485279e-02
1.532000e+02 -5.477840e+00 8.491732e-02
1.532800e+02 -5.474979e+00 8.502604e-02
1.533600e+02 -5.462255e+00 8.517412e-02
1.534400e+02 -5.443221e+00 8.540180e-02
1.535200e+02 -5.414885e+00 8.565512e-02
1.536000e+02 -5.377078e+00 8.592497e-02
1.536800e+02 -5.329036e+00 8.620161e-02
1.537600e+02 -5.272007e+00 8.647763e-02
1.538400e+02 -5.205307e+00 8.673889e-02
1.539200e+02 -5.131293e+00 8.698383e-02
1.540000e+02 -5.046134e+00 8.720424e-02
1.540800e+02 -4.953596e+00 8.739431e-02
1.541600e+02 -4.852814e+00 8.754860e-02
1.542400e+02 -4.745467e+00 8.766387e-02
1.543200e+02 -4.628684e+00 8.775354e-02
1.544000e+02 -4.505240e+00 8.779862e-02
1.544800e+02 -4.376247e+00 8.779681e-02
1.545600e+02 -4.241159e+00 8.774974e-02
1.546400e+02 -4.102089e+00 8.765021e-02
1.547200e+02 -3.958635e+00 8.750856e-02
1.548000e+02 -3.808542e+00 8.733506e-02
1.548800e+02 -3.655575e+00 8.711783e-02
1.549600e+02 -3.500780e+00 8.684565e-02
1.550400e+02 -3.344657e+00 8.654788e-02
1.551200e+02 -3.187866e+00 8.622764e-02
1.552000e+02 -3.029705e+00 8.584230e-02
1.552800e+02 -2.873029e+00 8.547432e-02
1.553600e+02 -2.718251e+00 8.512188e-02
1.554400e+02 -2.566223e+00 8.479210e-02
1.555200e+02 -2.417852e+00 8.449314e-02
1.556000e+02 -2.274056e+00 8.423281e-02
1.556800e+02 -2.135744e+00 8.401766e-02
1.557600e+02 -2.003812e+00 8.385249e-02
1.558400e+02 -1.875997e+00 8.371639e-02
1.559200e+02 -1.756426e+00 8.364771e-02
1.560000e+02 -1.645363e+00 8.364081e-02
1.560800e+02 -1.543550e+00 8.369054e-02
1.561600e+02 -1.451653e+00 8.379109e-02
1.562400e+02 -1.371279e+00 8.393906e-02
1.563200e+02 -1.302159e+00 8.412467e-02
1.564000e+02 -1.244716e+00 8.434028e-02
1.564800e+02 -1.199253e+00 8.457767e-02
1.565600e+02 -1.165340e+00 8.482751e-02
1.566400e+02 -1.143203e+00 8.508135e-02
1.567200e+02 -1.133300e+00 8.533212e-02
1.568000e+02 -1.134092e+00 8.556949e-02
1.568800e+02 -1.144828e+00 8.578644e-02
1.569600e+02 -1.164544e+00 8.597705e-02
1.570400e+02 -1.195890e+00 8.614015e-02
1.571200e+02 -1.234048e+00 8.627094e-02
1.572000e+02 -1.281105e+00 8.638598e-02
1.572800e+02 -1.335401e+00 8.645667e-02
1.573600e+02 -1.394869e+00 8.648904e-02
1.574400e+02 -1.459271e+00 8.648171e-02
1.575200e+02 -1.524669e+00 8.641071e-02
1.576000e+02 -1.597269e+00 8.632678e-02
1.576800e+02 -1.674224e+00 8.621146e-02
1.577600e+02 -1.756315e+00 8.606343e-02
1.578400e+02 -1.840888e+00 8.587840e-02
1.579200e+02 -1.932576e+00 8.567741e-02
1.580000e+02 -2.029244e+00 8.545404e-02
1.580800e+02 -2.131223e+00 8.522030e-02
1.581600e+02 -2.238411e+00 8.498679e-02
1.582400e+02 -2.348566e+00 8.475550e-02
1.583200e+02 -2.464087e+00 8.453910e-02
1.584000e+02 -2.585172e+00 8.434703e-02
1.584800e+02 -2.714750e+00 8.416877e-02
1.585600e+02 -2.850128e+00 8.404197e-02
1.586400e+02 -2.991925e+00 8.396638e-02
1.587200e+02 -3.139968e+00 8.394214e-02
1.588000e+02 -3.294056e+00 8.396836e-02
1.588800e+02 -3.453137e+00 8.404350e-02
1.589600e+02 -3.617262e+00 8.416487e-02
1.590400e+02 -3.784860e+00 8.432869e-02
1.591200e+02 -3.954540e+00 8.452961e-02
1.592000e+02 -4.128351e+00 8.480910e-02
1.592800e+02 -4.301505e+00 8.511120e-02
1.593600e+02 -4.473153e+00 8.542429e-02
1.594400e+02 -4.641557e+00 8.574339e-02
1.595200e+02 -4.807196e+00 8.605863e-02
1.596000e+02 -4.967874e+00 8.635492e-02
1.596800e+02 -5.123959e+00 8.663085e-02
1.597600e+02 -5.275471e+00 8.687909e-02
1.598400e+02 -5.421126e+00 8.709403e-02
1.599200e+02 -5.561349e+00 8.727061e-02
1.600000e+02 -5.694934e+00 8.740630e-02
1.600800e+02 -5.820021e+00 8.751508e-02
1.601600e+02 -5.938069e+00 8.757830e-02
1.602400e+02 -6.048227e+00 8.759348e-02
1.603200e+02 -6.149643e+00 8.756129e-02
1.604000e+02 -6.244816e+00 8.747821e-02
1.604800e+02 -6.329442e+00 8.736144e-02
1.605600e+02 -6.406849e+00 8.719860e-02
1.606400e+02 -6.475542e+00 8.699289e-02
1.607200e+02 -6.532456e+00 8.673154e-02
1.608000e+02 -6.580490e+00 8.644508e-02
1.608800e+02 -6.617949e+00 8.613830e-02
1.609600e+02 -6.642921e+00 8.576982e-02
1.610400e+02 -6.655406e+00 8.542270e-02
1.611200e+02 -6.652491e+00 8.509522e-02
1.612000e+02 -6.633676e+00 8.479479e-02
1.612800e+02 -6.600640e+00 8.452781e-02
1.613600e+02 -6.554998e+00 8.430073e-02
1.614400e+02 -6.498142e+00 8.411929e-02
1.615200e+02 -6.428940e+00 8.396445e-02
1.616000e+02 -6.351993e+00 8.387445e-02
1.616800e+02 -6.267287e+00 8.384455e-02
1.617600e+02 -6.176394e+00 8.387042e-02
1.618400e+02 -6.080143e+00 8.394801e-02
1.619200e+02 -5.979444e+00 8.407009e-02
1.620000e+02 -5.875402e+00 8.423034e-02
1.620800e+02 -5.768519e+00 8.442128e-02
1.621600e+02 -5.659718e+00 8.463499e-02
1.622400e+02 -5.549297e+00 8.486261e-02
1.623200e+02 -5.438372e+00 8.509590e-02
1.624000e+02 -5.327506e+00 8.532571e-02
1.624800e+02 -5.218053e+00 8.554612e-02
1.625600e+02 -5.110156e+00 8.574688e-02
1.626400e+02 -5.003590e+00 8.592104e-02
1.627200e+02 -4.899941e+00 8.606532e-02
1.628000e+02 -4.801942e+00 8.617756e-02
1.628800e+02 -4.708820e+00 8.627337e-02
1.629600e+02 -4.619981e+00 8.632950e-02
1.630400e+02 -4.536371e+00 8.633573e-02
1.631200e+02 -4.457052e+00 8.630187e-02
1.632000e+02 -4.381834e+00 8.622689e-02
1.632800e+02 -4.307550e+00 8.608600e-02
1.633600e+02 -4.240106e+00 8.593139e-02
1.634400e+02 -4.177445e+00 8.574665e-02
1.635200e+02 -4.117952e+00 8.552219e-02
1.636000e+02 -4.066047e+00 8.527947e-02
1.636800e+02 -4.018119e+00 8.501001e-02
1.637600e+02 -3.976083e+00 8.472422e-02
1.638400e+02 -3.938266e+00 8.443545e-02
1.639200e+02 -3.904383e+00 8.414616e-02
1.640000e+02 -3.869636e+00 8.386814e-02
1.640800e+02 -3.837265e+00 8.361384e-02
1.641600e+02 -3.809669e+00 8.337371e-02
1.642400e+02 -3.783449e+00 8.318751e-02
1.643200e+02 -3.758782e+00 8.305606e-02
1.644000e+02 -3.735347e+00 8.298063e-02
1.644800e+02 -3.712838e+00 8.296134e-02
1.645600e+02 -3.690973e+00 8.299720e-02
1.646400e+02 -3.669486e+00 8.308600e-02
1.647200e+02 -3.648498e+00 8.322433e-02
1.648000e+02 -3.627257e+00 8.340756e-02
1.648800e+02 -3.604888e+00 8.363290e-02
1.649600e+02 -3.586073e+00 8.393333e-02
1.650400e+02 -3.566622e+00 8.425484e-02
1.651200e+02 -3.546086e+00 8.458519e-02
1.652000e+02 -3.523815e+00 8.491939e-02
1.652800e+02 -3.501322e+00 8.524547e-02
1.653600e+02 -3.477193e+00 8.554874e-02
1.654400e+02 -3.452743e+00 8.582801e-02
1.655200e+02 -3.427792e+00 8.607684e-02
1.656000e+02 -3.402299e+00 8.628967e-02
1.656800e+02 -3.376180e+00 8.646259e-02
1.657600e+02 -3.346975e+00 8.660934e-02
1.658400e+02 -3.316718e+00 8.671103e-02
1.659200e+02 -3.285261e+00 8.676482e-02
1.660000e+02 -3.251844e+00 8.677248e-02
1.660800e+02 -3.218484e+00 8.672630e-02
1.661600e+02 -3.183904e+00 8.663638e-02
1.662400e+02 -3.145701e+00 8.651324e-02
1.663200e+02 -3.107645e+00 8.634425e-02
1.664000e+02 -3.064621e+00 8.611682e-02
1.664800e+02 -3.019573e+00 8.586130e-02
1.665600e+02 -2.972140e+00 8.558107e-02
1.666400e+02 -2.920600e+00 8.523430e-02
1.667200e+02 -2.866949e+00 8.490388e-02
1.668000e+02 -2.810892e+00 8.458838e-02
1.668800e+02 -2.752718e+00 8.429506e-02
1.669600e+02 -2.692210e+00 8.403327e-02
1.670400e+02 -2.630599e+00 8.380955e-02
1.671200e+02 -2.568478e+00 8.362937e-02
1.672000e+02 -2.507033e+00 8.349655e-02
1.672800e+02 -2.443104e+00 8.339051e-02
1.673600e+02 -2.380699e+00 8.334958e-02
1.674400e+02 -2.319916e+00 8.336763e-02
1.675200e+02 -2.261381e+00 8.343913e-02
1.676000e+02 -2.206565e+00 8.356011e-02
1.676800e+02 -2.155487e+00 8.372217e-02
1.677600e+02 -2.108752e+00 8.391819e-02
1.678400e+02 -2.066893e+00 8.414048e-02
1.679200e+02 -2.030142e+00 8.438049e-02
1.680000e+02 -1.999169e+00 8.462984e-02
1.680800e+02 -1.974315e+00 8.487979e-02
1.681600e+02 -1.956874e+00 8.512379e-02
1.682400e+02 -1.946208e+00 8.535174e-02
1.683200e+02 -1.942693e+00 8.555706e-02
1.684000e+02 -1.946626e+00 8.573427e-02
1.684800e+02 -1.962048e+00 8.588260e-02
1.685600e+02 -1.988069e+00 8.601771e-02
1.686400e+02 -2.023183e+00 8.611469e-02
1.687200e+02 -2.069438e+00 8.616340e-02
1.688000e+02 -2.125880e+00 8.617306e-02
1.688800e+02 -2.193453e+00 8.614260e-02
1.689600e+02 -2.269325e+00 8.604759e-02
1.690400e+02 -2.360778e+00 8.593853e-02
1.691200e+02 -2.465840e+00 8.579617e-02
1.692000e+02 -2.585948e+00 8.561859e-02
1.692800e+02 -2.721062e+00 8.541251e-02
1.693600e+02 -2.870994e+00 8.517488e-02
1.694400e+02 -3.034164e+00 8.490385e-02
1.695200e+02 -3.212329e+00 8.462948e-02
1.696000e+02 -3.401849e+00 8.435365e-02
1.696800e+02 -3.599351e+00 8.407945e-02
1.697600e+02 -3.804987e+00 8.382072e-02
1.698400e+02 -4.019218e+00 8.356850e-02
1.699200e+02 -4.237103e+00 8.336390e-02
1.700000e+02 -4.457390e+00 8.320903e-02
1.700800e+02 -4.678402e+00 8.310632e-02
1.701600e+02 -4.898563e+00 8.305708e-02
1.702400e+02 -5.116373e+00 8.306139e-02
1.703200e+02 -5.330404e+00 8.311803e-02
1.704000e+02 -5.539673e+00 8.322457e-02
1.704800e+02 -5.746383e+00 8.341826e-02
1.705600e+02 -5.945954e+00 8.365093e-02
1.706400e+02 -6.135919e+00 8.392020e-02
1.707200e+02 -6.316525e+00 8.421199e-02
1.708000e+02 -6.485854e+00 8.451522e-02
1.708800e+02 -6.642359e+00 8.482528e-02
1.709600e+02 -6.785407e+00 8.512674e-02
1.710400e+02 -6.915573e+00 8.541800e-02
1.711200e+02 -7.032298e+00 8.569166e-02
1.712000e+02 -7.135388e+00 8.594032e-02
1.712800e+02 -7.224826e+00 8.615783e-02
1.713600e+02 -7.300777e+00 8.633939e-02
1.714400e+02 -7.361194e+00 8.649776e-02
1.715200e+02 -7.408728e+00 8.661269e-02
1.716000e+02 -7.443870e+00 8.668033e-02
1.716800e+02 -7.465815e+00 8.670093e-02
1.717600e+02 -7.476848e+00 8.667588e-02
1.718400e+02 -7.479312e+00 8.659805e-02
1.719200e+02 -7.468596e+00 8.648662e-02
1.720000e+02 -7.448599e+00 8.632843e-02
1.720800e+02 -7.413280e+00 8.611130e-02
1.721600e+02 -7.363789e+00 8.586363e-02
1.722400e+02 -7.298064e+00 8.558722e-02
1.723200e+02 -7.215157e+00 8.528706e-02
1.724000e+02 -7.113776e+00 8.492380e-02
1.724800e+02 -6.997352e+00 8.458065e-02
1.725600e+02 -6.867717e+00 8.425698e-02
1.726400e+02 -6.726363e+00 8.396144e-02
1.727200e+02 -6.576179e+00 8.370086e-02
1.728000e+02 -6.418487e+00 8.348108e-02
1.728800e+02 -6.251803e+00 8.328346e-02
1.729600e+02 -6.081832e+00 8.314854e-02
1.730400e+02 -5.906958e+00 8.307219e-02
1.731200e+02 -5.729396e+00 8.305180e-02
1.732000e+02 -5.550097e+00 8.308283e-02
1.732800e+02 -5.371198e+00 8.316220e-02
1.733600e+02 -5.193196e+00 8.328274e-02
1.734400e+02 -5.017090e+00 8.343810e-02
1.735200e+02 -4.843756e+00 8.362112e-02
1.736000e+02 -4.674340e+00 8.382425e-02
1.736800e+02 -4.508392e+00 8.403804e-02
1.737600e+02 -4.347485e+00 8.425465e-02
1.738400e+02 -4.191154e+00 8.446485e-02
1.739200e+02 -4.041730e+00 8.466393e-02
1.740000e+02 -3.897912e+00 8.484115e-02
1.740800e+02 -3.760052e+00 8.499083e-02
1.741600e+02 -3.631665e+00 8.511556e-02
1.742400e+02 -3.510179e+00 8.520273e-02
1.743200e+02 -3.398774e+00 8.527466e-02
1.744000e+02 -3.295033e+00 8.530787e-02
1.744800e+02 -3.202876e+00 8.529429e-02
1.745600e+02 -3.112935e+00 8.524016e-02
1.746400e+02 -3.030560e+00 8.514716e-02
1.747200e+02 -2.954354e+00 8.500878e-02
1.748000e+02 -2.886565e+00 8.484317e-02
1.748800e+02 -2.827313e+00 8.464691e-02
1.749600e+02 -2.776310e+00 8.442750e-02
1.750400e+02 -2.733416e+00 8.418081e-02
1.751200e+02 -2.699802e+00 8.391465e-02
1.752000e+02 -2.673732e+00 8.364064e-02
1.752800e+02 -2.653967e+00 8.336626e-02
1.753600e+02 -2.642184e+00 8.310276e-02
1.754400e+02 -2.637732e+00 8.286023e-02
1.755200e+02 -2.643255e+00 8.262939e-02
1.756000e+02 -2.655514e+00 8.245079e-02
1.756800e+02 -2.674753e+00 8.232603e-02
1.757600e+02 -2.700594e+00 8.225716e-02
1.758400e+02 -2.732514e+00 8.224492e-02
1.759200e+02 -2.769849e+00 8.228890e-02
1.760000e+02 -2.811818e+00 8.238731e-02
1.760800e+02 -2.857613e+00 8.253694e-02
1.761600e+02 -2.906736e+00 8.273340e-02
1.762400e+02 -2.957428e+00 8.297409e-02
1.763200e+02 -3.009785e+00 8.324902e-02
1.764000e+02 -3.067520e+00 8.359453e-02
1.764800e+02 -3.125854e+00 8.395467e-02
1.765600e+02 -3.183509e+00 8.431671e-02
1.766400e+02 -3.238490e+00 8.467577e-02
1.767200e+02 -3.289839e+00 8.501386e-02
1.768000e+02 -3.337431e+00 8.532847e-02
1.768800e+02 -3.380046e+00 8.561186e-02
1.769600e+02 -3.416971e+00 8.585751e-02
1.770400e+02 -3.447812e+00 8.606098e-02
1.771200e+02 -3.470107e+00 8.623576e-02
1.772000e+02 -3.486041e+00 8.636317e-02
1.772800e+02 -3.495667e+00 8.644069e-02
1.773600e+02 -3.498382e+00 8.647030e-02
1.774400e+02 -3.496337e+00 8.644421e-02
1.775200e+02 -3.488454e+00 8.637270e-02
1.776000e+02 -3.472602e+00 8.626609e-02
1.776800e+02 -3.453012e+00 8.611146e-02
1.777600e+02 -3.423948e+00 8.589812e-02
1.778400e+02 -3.391693e+00 8.565214e-02
1.779200e+02 -3.354971e+00 8.537735e-02
1.780000e+02 -3.313019e+00 8.503084e-02
1.780800e+02 -3.268434e+00 8.469645e-02
1.781600e+02 -3.221318e+00 8.437290e-02
1.782400e+02 -3.172240e+00 8.406798e-02
1.783200e+02 -3.121104e+00 8.379186e-02
1.784000e+02 -3.069283e+00 8.355157e-02
1.784800e+02 -3.017422e+00 8.335328e-02
1.785600e+02 -2.966189e+00 8.320217e-02
1.786400e+02 -2.913598e+00 8.307725e-02
1.787200e+02 -2.862963e+00 8.301779e-02
1.788000e+02 -2.814461e+00 8.301854e-02
1.788800e+02 -2.768699e+00 8.307434e-02
1.789600e+02 -2.727048e+00 8.318119e-02
1.790400e+02 -2.689558e+00 8.333122e-02
1.791200e+02 -2.656772e+00 8.351753e-02
1.792000e+02 -2.629151e+00 8.373251e-02
1.792800e+02 -2.607094e+00 8.396800e-02
1.793600e+02 -2.590677e+00 8.421498e-02
1.794400e+02 -2.580395e+00 8.446490e-02
1.795200e+02 -2.576380e+00 8.470908e-02
1.796000e+02 -2.579803e+00 8.494175e-02
1.796800e+02 -2.589661e+00 8.515295e-02
1.797600e+02 -2.606052e+00 8.533696e-02
1.798400e+02 -2.631208e+00 8.549569e-02
1.799200e+02 -2.664287e+00 8.561622e-02
1.800000e+02 -2.706248e+00 8.572185e-02
1.800800e+02 -2.754836e+00 8.578882e-02
1.801600e+02 -2.811331e+00 8.580776e-02
1.802400e+02 -2.873890e+00 8.578810e-02
1.803200e+02 -2.938763e+00 8.570449e-02
1.804000e+02 -3.012022e+00 8.560798e-02
1.804800e+02 -3.090511e+00 8.547954e-02
1.805600e+02 -3.174633e+00 8.531766e-02
1.806400e+02 -3.261227e+00 8.511788e-02
1.807200e+02 -3.354432e+00 8.490162e-02
1.808000e+02 -3.450892e+00 8.466339e-02
1.808800e+02 -3.551614e+00 8.441311e-02
1.809600e+02 -3.654835e+00 8.416495e-02
1.810400e+02 -3.758035e+00 8.392071e-02
1.811200e+02 -3.862629e+00 8.369350e-02
1.812000e+02 -3.967504e+00 8.349325e-02
1.812800e+02 -4.074867e+00 8.330934e-02
1.813600e+02 -4.181048e+00 8.318042e-02
1.814400e+02 -4.285970e+00 8.310642e-02
1.815200e+02 -4.389047e+00 8.308762e-02
1.816000e+02 -4.489705e+00 8.312318e-02
1.816800e+02 -4.587378e+00 8.321128e-02
1.817600e+02 -4.681961e+00 8.334907e-02
1.818400e+02 -4.772284e+00 8.353233e-02
1.819200e+02 -4.858353e+00 8.375482e-02
1.820000e+02 -4.942178e+00 8.405811e-02
1.820800e+02 -5.020408e+00 8.438466e-02
1.821600e+02 -5.092169e+00 8.472277e-02
1.822400e+02 -5.157049e+00 8.506655e-02
1.823200e+02 -5.215181e+00 8.540641e-02
1.824000e+02 -5.265393e+00 8.572671e-02
1.824800e+02 -5.308747e+00 8.602568e-02
1.825600e+02 -5.344944e+00 8.629650e-02
1.826400e+02 -5.373942e+00 8.653304e-02
1.827200e+02 -5.395743e+00 8.673082e-02
1.828000e+02 -5.408050e+00 8.690305e-02
1.828800e+02 -5.413111e+00 8.703023e-02
1.829600e+02 -5.410966e+00 8.710924e-02
1.830400e+02 -5.401041e+00 8.714152e-02
1.831200e+02 -5.383545e+00 8.712536e-02
1.832000e+02 -5.361548e+00 8.705751e-02
1.832800e+02 -5.330414e+00 8.695590e-02
1.833600e+02 -5.294776e+00 8.680766e-02
1.834400e+02 -5.250279e+00 8.659794e-02
1.835200e+02 -5.200642e+00 8.636004e-02
1.836000e+02 -5.145847e+00 8.609493e-02
1.836800e+02 -5.082555e+00 8.577019e-02
1.837600e+02 -5.018738e+00 8.544086e-02
1.838400e+02 -4.951151e+00 8.512144e-02
1.839200e+02 -4.880800e+00 8.481974e-02
1.840000e+02 -4.807567e+00 8.454528e-02
1.840800e+02 -4.732753e+00 8.430518e-02
1.841600e+02 -4.656956e+00 8.410587e-02
1.842400e+02 -4.580803e+00 8.395295e-02
1.843200e+02 -4.502260e+00 8.382616e-02
1.844000e+02 -4.424621e+00 8.376482e-02
1.844800e+02 -4.348037e+00 8.376420e-02
1.845600e+02 -4.273102e+00 8.381959e-02
1.846400e+02 -4.201101e+00 8.392716e-02
1.847200e+02 -4.132178e+00 8.407972e-02
1.848000e+02 -4.066901e+00 8.427069e-02
1.848800e+02 -4.005769e+00 8.449273e-02
1.849600e+02 -3.949238e+00 8.473787e-02
1.850400e+02 -3.897469e+00 8.499722e-02
1.851200e+02 -3.851028e+00 8.526216e-02
1.852000e+02 -3.810147e+00 8.552393e-02
1.852800e+02 -3.776110e+00 8.577651e-02
1.853600e+02 -3.748019e+00 8.600953e-02
1.854400e+02 -3.726089e+00 8.621680e-02
1.855200e+02 -3.712694e+00 8.639992e-02
1.856000e+02 -3.707118e+00 8.654530e-02
1.856800e+02 -3.710414e+00 8.667555e-02
1.857600e+02 -3.720471e+00 8.676687e-02
1.858400e+02 -3.738692e+00 8.680969e-02
1.859200e+02 -3.763357e+00 8.681327e-02
1.860000e+02 -3.794481e+00 8.677676e-02
1.860800e+02 -3.830437e+00 8.669345e-02
1.861600e+02 -3.873105e+00 8.658097e-02
1.862400e+02 -3.922219e+00 8.643548e-02
1.863200e+02 -3.974696e+00 8.625144e-02
1.864000e+02 -4.034850e+00 8.605051e-02
1.864800e+02 -4.099323e+00 8.582564e-02
1.865600e+02 -4.169286e+00 8.558664e-02
1.866400e+02 -4.243438e+00 8.534719e-02
1.867200e+02 -4.318546e+00 8.510891e-02
1.868000e+02 -4.396271e+00 8.488516e-02
1.868800e+02 -4.475549e+00 8.468620e-02
1.869600e+02 -4.558386e+00 8.450173e-02
1.870400e+02 -4.641321e+00 8.437095e-02
1.871200e+02 -4.724518e+00 8.429428e-02
1.872000e+02 -4.806972e+00 8.427224e-02
1.872800e+02 -4.888394e+00 8.430447e-02
1.873600e+02 -4.968457e+00 8.438964e-02
1.874400e+02 -5.045937e+00 8.452477e-02
1.875200e+02 -5.121241e+00 8.470615e-02
1.876000e+02 -5.193498e+00 8.492817e-02
1.876800e+02 -5.264675e+00 8.523216e-02
1.877600e+02 -5.331564e+00 8.556110e-02
1.878400e+02 -5.394235e+00 8.590544e-02
1.879200e+02 -5.451008e+00 8.625300e-02
1.880000e+02 -5.501519e+00 8.659987e-02
1.880800e+02 -5.544897e+00 8.692875e-02
1.881600e+02 -5.581704e+00 8.723762e-02
1.882400e+02 -5.611338e+00 8.751922e-02
1.883200e+02 -5.633286e+00 8.776706e-02
1.884000e+02 -5.647310e+00 8.797625e-02
1.884800e+02 -5.651116e+00 8.815957e-02
1.885600e+02 -5.647280e+00 8.829740e-02
1.886400e+02 -5.636150e+00 8.838660e-02
1.887200e+02 -5.618437e+00 8.842690e-02
1.888000e+02 -5.593191e+00 8.841953e-02
1.888800e+02 -5.564596e+00 8.836027e-02
1.889600e+02 -5.527671e+00 8.826646e-02
1.890400e+02 -5.486731e+00 8.812468e-02
1.891200e+02 -5.439868e+00 8.793846e-02
1.892000e+02 -5.384562e+00 8.769361e-02
1.892800e+02 -5.323801e+00 8.742162e-02
1.893600e+02 -5.257446e+00 8.712648e-02
1.894400e+02 -5.184069e+00 8.676743e-02
1.895200e+02 -5.106304e+00 8.642724e-02
1.896000e+02 -5.023532e+00 8.610428e-02
1.896800e+02 -4.936569e+00 8.580540e-02
1.897600e+02 -4.845342e+00 8.553930e-02
1.898400e+02 -4.750525e+00 8.531220e-02
1.899200e+02 -4.652757e+00 8.512911e-02
1.900000e+02 -4.550539e+00 8.496951e-02
1.900800e+02 -4.447098e+00 8.487330e-02
1.901600e+02 -4.342632e+00 8.483591e-02
1.902400e+02 -4.238078e+00 8.485281e-02
1.903200e+02 -4.133797e+00 8.491880e-02
1.904000e+02 -4.031858e+00 8.503041e-02
1.904800e+02 -3.932055e+00 8.517893e-02
1.905600e+02 -3.834928e+00 8.535726e-02
1.906400e+02 -3.741263e+00 8.555756e-02
1.907200e+02 -3.651123e+00 8.577113e-02
1.908000e+02 -3.565287e+00 8.598943e-02
1.908800e+02 -3.483623e+00 8.620337e-02
1.909600e+02 -3.408409e+00 8.640748e-02
1.910400e+02 -3.338673e+00 8.659120e-02
1.911200e+02 -3.274643e+00 8.674789e-02
1.912000e+02 -3.216611e+00 8.687413e-02
1.912800e+02 -3.167177e+00 8.696746e-02
1.913600e+02 -3.126482e+00 8.704480e-02
1.914400e+02 -3.092370e+00 8.708172e-02
1.915200e+02 -3.065934e+00 8.706854e-02
1.916000e+02 -3.045909e+00 8.701415e-02
1.916800e+02 -3.032163e+00 8.691909e-02
1.917600e+02 -3.022898e+00 8.677590e-02
1.918400e+02 -3.020035e+00 8.660205e-02
1.919200e+02 -3.024299e+00 8.639397e-02
1.920000e+02 -3.031035e+00 8.614584e-02
1.920800e+02 -3.045930e+00 8.588014e-02
1.921600e+02 -3.066019e+00 8.558861e-02
1.922400e+02 -3.089778e+00 8.528081e-02
1.923200e+02 -3.118128e+00 8.497078e-02
1.924000e+02 -3.146651e+00 8.466002e-02
1.924800e+02 -3.178281e+00 8.436266e-02
1.925600e+02 -3.211412e+00 8.408804e-02
1.926400e+02 -3.247823e+00 8.382751e-02
1.927200e+02 -3.285354e+00 8.362025e-02
1.928000e+02 -3.322001e+00 8.346687e-02
1.928800e+02 -3.359118e+00 8.336865e-02
1.929600e+02 -3.394239e+00 8.332551e-02
1.930400e+02 -3.428218e+00 8.333611e-02
1.931200e+02 -3.460144e+00 8.339922e-02
1.932000e+02 -3.489753e+00 8.350992e-02
1.932800e+02 -3.515604e+00 8.366457e-02
1.933600e+02 -3.537985e+00 8.386003e-02
1.934400e+02 -3.559861e+00 8.412905e-02
1.935200e+02 -3.576759e+00 8.441798e-02
1.936000e+02 -3.588911e+00 8.471416e-02
1.936800e+02 -3.594527e+00 8.501337e-02
1.937600e+02 -3.594495e+00 8.529793e-02
1.938400e+02 -3.589436e+00 8.556636e-02
1.939200e+02 -3.579037e+00 8.580948e-02
1.940000e+02 -3.563289e+00 8.602088e-02
1.940800e+02 -3.541801e+00 8.619582e-02
1.941600e+02 -3.515016e+00 8.633030e-02
1.942400e+02 -3.480712e+00 8.643975e-02
1.943200e+02 -3.441489e+00 8.650481e-02
1.944000e+02 -3.396643e+00 8.652326e-02
1.944800e+02 -3.345143e+00 8.649525e-02
1.945600e+02 -3.290803e+00 8.641809e-02
1.946400e+02 -3.230407e+00 8.630117e-02
1.947200e+02 -3.165714e+00 8.614538e-02
1.948000e+02 -3.095967e+00 8.594931e-02
1.948800e+02 -3.019886e+00 8.569676e-02
1.949600e+02 -2.939958e+00 8.541907e-02
1.950400e+02 -2.852846e+00 8.508233e-02
1.951200e+02 -2.766441e+00 8.474125e-02
1.952000e+02 -2.677792e+00 8.440890e-02
1.952800e+02 -2.587719e+00 8.409256e-02
1.953600e+02 -2.496878e+00 8.380045e-02
1.954400e+02 -2.405724e+00 8.354177e-02
1.955200e+02 -2.315498e+00 8.332310e-02
1.956000e+02 -2.226981e+00 8.314981e-02
1.956800e+02 -2.138618e+00 8.300119e-02
1.957600e+02 -2.054395e+00 8.291803e-02
1.958400e+02 -1.974417e+00 8.289609e-02
1.959200e+02 -1.899790e+00 8.293088e-02
1.960000e+02 -1.831140e+00 8.301725e-02
1.960800e+02 -1.769878e+00 8.315179e-02
1.961600e+02 -1.715683e+00 8.332610e-02
1.962400e+02 -1.668468e+00 8.353324e-02
1.963200e+02 -1.628473e+00 8.376543e-02
1.964000e+02 -1.595089e+00 8.401414e-02
1.964800e+02 -1.568716e+00 8.427087e-02
1.965600e+02 -1.549359e+00 8.452681e-02
1.966400e+02 -1.538023e+00 8.477550e-02
1.967200e+02 -1.533797e+00 8.500669e-02
1.968000e+02 -1.536979e+00 8.521377e-02
1.968800e+02 -1.548470e+00 8.539250e-02
1.969600e+02 -1.570905e+00 8.554018e-02
1.970400e+02 -1.603806e+00 8.567320e-02
1.971200e+02 -1.645423e+00 8.576688e-02
1.972000e+02 -1.697452e+00 8.581129e-02
1.972800e+02 -1.758002e+00 8.581576e-02
1.973600e+02 -1.827552e+00 8.577917e-02
1.974400e+02 -1.904153e+00 8.569510e-02
1.975200e+02 -1.990281e+00 8.558033e-02
1.976000e+02 -2.085157e+00 8.543097e-02
1.976800e+02 -2.186373e+00 8.524089e-02
1.977600e+02 -2.298051e+00 8.503188e-02
1.978400e+02 -2.416458e+00 8.479616e-02
1.979200e+02 -2.543433e+00 8.454205e-02
1.980000e+02 -2.676466e+00 8.428362e-02
1.980800e+02 -2.813611e+00 8.402201e-02
1.981600e+02 -2.956179e+00 8.377087e-02
1.982400e+02 -3.102454e+00 8.354092e-02
1.983200e+02 -3.255327e+00 8.332180e-02
1.984000e+02 -3.410073e+00 8.315372e-02
1.984800e+02 -3.567430e+00 8.303717e-02
1.985600e+02 -3.725961e+00 8.297371e-02
1.986400e+02 -3.884108e+00 8.296389e-02
1.987200e+02 -4.041373e+00 8.300627e-02
1.988000e+02 -4.195733e+00 8.309929e-02
1.988800e+02 -4.346839e+00 8.323899e-02
1.989600e+02 -4.492387e+00 8.342097e-02
1.990400e+02 -4.634341e+00 8.368502e-02
1.991200e+02 -4.769424e+00 8.397592e-02
1.992000e+02 -4.897581e+00 8.428446e-02
1.992800e+02 -5.017728e+00 8.459955e-02
1.993600e+02 -5.130598e+00 8.491564e-02
1.994400e+02 -5.236468e+00 8.521679e-02
1.995200e+02 -5.336361e+00 8.550144e-02
1.996000e+02 -5.431124e+00 8.576143e-02
1.996800e+02 -5.520307e+00 8.599026e-02
1.997600e+02 -5.603163e+00 8.618298e-02
1.998400e+02 -5.680303e+00 8.633516e-02
1.999200e+02 -5.748610e+00 8.646109e-02
2.000000e+02 -5.809473e+00 8.654167e-02
2.000800e+02 -5.863418e+00 8.657310e-02
2.001600e+02 -5.908267e+00 8.655648e-02
2.002400e+02 -5.947368e+00 8.648773e-02
2.003200e+02 -5.976609e+00 8.637739e-02
2.004000e+02 -5.996571e+00 8.622948e-02
2.004800e+02 -6.009737e+00 8.603387e-02
2.005600e+02 -6.011412e+00 8.577984e-02
2.006400e+02 -6.004709e+00 8.549767e-02
2.007200e+02 -5.989824e+00 8.519094e-02
2.008000e+02 -5.965412e+00 8.481757e-02
2.008800e+02 -5.933487e+00 8.446137e-02
2.009600e+02 -5.893932e+00 8.412100e-02
2.010400e+02 -5.847146e+00 8.380343e-02
2.011200e+02 -5.792566e+00 8.351849e-02
2.012000e+02 -5.731598e+00 8.327235e-02
2.012800e+02 -5.664407e+00 8.307094e-02
2.013600e+02 -5.588411e+00 8.289452e-02
2.014400e+02 -5.508277e+00 8.278305e-02
2.015200e+02 -5.422836e+00 8.273197e-02
2.016000e+02 -5.333541e+00 8.273804e-02
2.016800e+02 -5.240198e+00 8.279569e-02
2.017600e+02 -5.145134e+00 8.290191e-02
2.018400e+02 -5.047935e+00 8.304829e-02
2.019200e+02 -4.949554e+00 8.322804e-02
2.020000e+02 -4.850584e+00 8.343327e-02
2.020800e+02 -4.751818e+00 8.365577e-02
2.021600e+02 -4.654036e+00 8.388659e-02
2.022400e+02 -4.557407e+00 8.411664e-02
2.023200e+02 -4.463116e+00 8.433787e-02
2.024000e+02 -4.372079e+00 8.454450e-02
2.024800e+02 -4.283936e+00 8.472663e-02
2.025600e+02 -4.199637e+00 8.487908e-02
2.026400e+02 -4.121871e+00 8.500411e-02
2.027200e+02 -4.051439e+00 8.511011e-02
2.028000e+02 -3.986471e+00 8.517813e-02
2.028800e+02 -3.927668e+00 8.519716e-02
2.029600e+02 -3.873608e+00 8.517652e-02
2.030400e+02 -3.825788e+00 8.511593e-02
2.031200e+02 -3.779285e+00 8.498935e-02
2.032000e+02 -3.741335e+00 8.484959e-02
2.032800e+02 -3.710328e+00 8.467989e-02
2.033600e+02 -3.680576e+00 8.446934e-02
2.034400e+02 -3.658807e+00 8.424054e-02
2.035200e+02 -3.641686e+00 8.398438e-02
2.036000e+02 -3.628381e+00 8.370399e-02
2.036800e+02 -3.622400e+00 8.342480e-02
2.037600e+02 -3.618552e+00 8.314552e-02
2.038400e+02 -3.618503e+00 8.287801e-02
2.039200e+02 -3.621291e+00 8.263274e-02
2.040000e+02 -3.629286e+00 8.240015e-02
2.040800e+02 -3.638974e+00 8.222056e-02
2.041600e+02 -3.650422e+00 8.209517e-02
2.042400e+02 -3.663178e+00 8.202557e-02
2.043200e+02 -3.676788e+00 8.201215e-02
2.044000e+02 -3.690801e+00 8.205418e-02
2.044800e+02 -3.704761e+00 8.214956e-02
2.045600e+02 -3.718585e+00 8.229501e-02
2.046400e+02 -3.731259e+00 8.248592e-02
2.047200e+02 -3.741674e+00 8.271929e-02
2.048000e+02 -3.754181e+00 8.302826e-02
2.048800e+02 -3.764278e+00 8.335876e-02
2.049600e+02 -3.771199e+00 8.369839e-02
2.050400e+02 -3.773974e+00 8.404190e-02
2.051200e+02 -3.773765e+00 8.437725e-02
2.052000e+02 -3.768871e+00 8.468956e-02
2.052800e+02 -3.760353e+00 8.497742e-02
2.053600e+02 -3.747847e+00 8.523424e-02
2.054400e+02 -3.731218e+00 8.545431e-02
2.055200e+02 -3.710367e+00 8.563364e-02
2.056000e+02 -3.682869e+00 8.578605e-02
2.056800e+02 -3.650847e+00 8.589247e-02
2.057600e+02 -3.614213e+00 8.595005e-02
2.058400e+02 -3.572263e+00 8.596057e-02
2.059200e+02 -3.527084e+00 8.591644e-02
2.060000e+02 -3.477572e+00 8.582779e-02
2.060800e+02 -3.421697e+00 8.570522e-02
2.061600e+02 -3.363813e+00 8.553638e-02
2.062400e+02 -3.299622e+00 8.530879e-02
2.063200e+02 -3.233000e+00 8.505296e-02
2.064000e+02 -3.164520e+00 8.477236e-02
2.064800e+02 -3.093261e+00 8.442505e-02
2.065600e+02 -3.021808e+00 8.409421e-02
2.066400e+02 -2.950221e+00 8.377843e-02
2.067200e+02 -2.878928e+00 8.348501e-02
2.068000e+02 -2.807714e+00 8.322337e-02
2.068800e+02 -2.737738e+00 8.300012e-02
2.069600e+02 -2.669575e+00 8.282081e-02
2.070400e+02 -2.604511e+00 8.268939e-02
2.071200e+02 -2.539709e+00 8.258520e-02
2.072000e+02 -2.479719e+00 8.254661e-02
2.072800e+02 -2.425351e+00 8.256735e-02
2.073600e+02 -2.378028e+00 8.264168e-02
2.074400e+02 -2.339911e+00 8.276527e-02
2.075200e+02 -2.311479e+00 8.292940e-02
2.076000e+02 -2.293425e+00 8.312662e-02
2.076800e+02 -2.285994e+00 8.334901e-02
2.077600e+02 -2.288589e+00 8.358794e-02
2.078400e+02 -2.301353e+00 8.383501e-02
2.079200e+02 -2.323854e+00 8.408152e-02
2.080000e+02 -2.356968e+00 8.432091e-02
2.080800e+02 -2.399285e+00 8.454307e-02
2.081600e+02 -2.451090e+00 8.474127e-02
2.082400e+02 -2.512465e+00 8.490987e-02
2.083200e+02 -2.586682e+00 8.504810e-02
2.084000e+02 -2.672598e+00 8.517164e-02
2.084800e+02 -2.768449e+00 8.525527e-02
2.085600e+02 -2.874985e+00 8.528911e-02
2.086400e+02 -2.990884e+00 8.528231e-02
2.087200e+02 -3.115337e+00 8.523443e-02
2.088000e+02 -3.246769e+00 8.513851e-02
2.088800e+02 -3.387160e+00 8.501155e-02
2.089600e+02 -3.534445e+00 8.484836e-02
2.090400e+02 -3.689376e+00 8.465139e-02
2.091200e+02 -3.850024e+00 8.442970e-02
2.092000e+02 -4.015700e+00 8.418078e-02
2.092800e+02 -4.184829e+00 8.390309e-02
2.093600e+02 -4.357854e+00 8.362732e-02
2.094400e+02 -4.531418e+00 8.335499e-02
2.095200e+02 -4.702535e+00 8.308841e-02
2.096000e+02 -4.870421e+00 8.284118e-02
2.096800e+02 -5.036126e+00 8.260288e-02
2.097600e+02 -5.195762e+00 8.241374e-02
2.098400e+02 -5.348370e+00 8.227568e-02
2.099200e+02 -5.495049e+00 8.218998e-02
2.100000e+02 -5.635369e+00 8.215822e-02
2.100800e+02 -5.770298e+00 8.217994e-02
2.101600e+02 -5.900385e+00 8.225324e-02
2.102400e+02 -6.025046e+00 8.237581e-02
2.103200e+02 -6.147750e+00 8.258401e-02
2.104000e+02 -6.263338e+00 8.282945e-02
2.104800e+02 -6.370316e+00 8.310876e-02
2.105600e+02 -6.468327e+00 8.340805e-02
2.106400e+02 -6.556433e+00 8.371542e-02
2.107200e+02 -6.631221e+00 8.402623e-02
2.108000e+02 -6.694903e+00 8.432465e-02
2.108800e+02 -6.747559e+00 8.460925e-02
2.109600e+02 -6.788042e+00 8.487273e-02
2.110400e+02 -6.816994e+00 8.510748e-02
2.111200e+02 -6.833997e+00 8.530771e-02
2.112000e+02 -6.838706e+00 8.546871e-02
2.112800e+02 -6.828720e+00 8.560352e-02
2.113600e+02 -6.806070e+00 8.569197e-02
2.114400e+02 -6.770838e+00 8.573053e-02
2.115200e+02 -6.721464e+00 8.571946e-02
2.116000e+02 -6.660489e+00 8.566070e-02
2.116800e+02 -6.588816e+00 8.554750e-02
2.117600e+02 -6.502503e+00 8.539869e-02
2.118400e+02 -6.406348e+00 8.520200e-02
2.119200e+02 -6.295241e+00 8.494492e-02
2.120000e+02 -6.173267e+00 8.465713e-02
2.120800e+02 -6.041358e+00 8.434204e-02
2.121600e+02 -5.898012e+00 8.395592e-02
2.122400e+02 -5.746542e+00 8.358326e-02
2.123200e+02 -5.587287e+00 8.322224e-02
2.124000e+02 -5.421252e+00 8.288022e-02
2.124800e+02 -5.248813e+00 8.256701e-02
2.125600e+02 -5.072129e+00 8.229007e-02
2.126400e+02 -4.891546e+00 8.205532e-02
2.127200e+02 -4.705866e+00 8.184463e-02
2.128000e+02 -4.519898e+00 8.169875e-02
2.128800e+02 -4.333299e+00 8.161410e-02
2.129600e+02 -4.149144e+00 8.158872e-02
2.130400e+02 -3.963636e+00 8.161654e-02
2.131200e+02 -3.781747e+00 8.169580e-02
2.132000e+02 -3.604009e+00 8.181945e-02
2.132800e+02 -3.431489e+00 8.198117e-02
2.133600e+02 -3.265153e+00 8.217387e-02
2.134400e+02 -3.105902e+00 8.238971e-02
2.135200e+02 -2.954302e+00 8.261976e-02
2.136000e+02 -2.811333e+00 8.285564e-02
2.136800e+02 -2.677587e+00 8.308870e-02
2.137600e+02 -2.554736e+00 8.331328e-02
2.138400e+02 -2.442131e+00 8.351906e-02
2.139200e+02 -2.340257e+00 8.370011e-02
2.140000e+02 -2.252213e+00 8.385826e-02
2.140800e+02 -2.176320e+00 8.398145e-02
2.141600e+02 -2.114441e+00 8.409080e-02
2.142400e+02 -2.065814e+00 8.415726e-02
2.143200e+02 -2.028824e+00 8.418630e-02
2.144000e+02 -2.003434e+00 8.417597e-02
2.144800e+02 -1.985609e+00 8.410074e-02
2.145600e+02 -1.981502e+00 8.401269e-02
2.146400e+02 -1.988029e+00 8.389306e-02
2.147200e+02 -2.005819e+00 8.374062e-02
2.148000e+02 -2.034432e+00 8.356350e-02
2.148800e+02 -2.073574e+00 8.335794e-02
2.149600e+02 -2.124145e+00 8.313156e-02
2.150400e+02 -2.183978e+00 8.289554e-02
2.151200e+02 -2.251097e+00 8.265717e-02
2.152000e+02 -2.326067e+00 8.242715e-02
2.152800e+02 -2.406932e+00 8.221521e-02
2.153600e+02 -2.494955e+00 8.201186e-02
2.154400e+02 -2.585599e+00 8.185739e-02
2.155200e+02 -2.678022e+00 8.175351e-02
2.156000e+02 -2.771058e+00 8.170241e-02
2.156800e+02 -2.863721e+00 8.170511e-02
2.157600e+02 -2.955185e+00 8.176146e-02
2.158400e+02 -3.044731e+00 8.186998e-02
2.159200e+02 -3.131728e+00 8.202777e-02
2.160000e+02 -3.215838e+00 8.223070e-02
2.160800e+02 -3.295426e+00 8.247627e-02
2.161600e+02 -3.374778e+00 8.279801e-02
2.162400e+02 -3.449396e+00 8.314283e-02
2.163200e+02 -3.519419e+00 8.350078e-02
2.164000e+02 -3.582507e+00 8.386080e-02
2.164800e+02 -3.640021e+00 8.421562e-02
2.165600e+02 -3.690656e+00 8.454982e-02
2.166400e+02 -3.735516e+00 8.486154e-02
2.167200e+02 -3.774326e+00 8.514373e-02
2.168000e+02 -3.807039e+00 8.539027e-02
2.168800e+02 -3.833649e+00 8.559671e-02
2.169600e+02 -3.851839e+00 8.577623e-02
2.170400e+02 -3.863788e+00 8.590973e-02
2.171200e+02 -3.869472e+00 8.599427e-02
2.172000e+02 -3.868201e+00 8.603151e-02
2.172800e+02 -3.862045e+00 8.601358e-02
2.173600e+02 -3.849842e+00 8.595056e-02
2.174400e+02 -3.829435e+00 8.585264e-02
2.175200e+02 -3.804996e+00 8.570705e-02
2.176000e+02 -3.770779e+00 8.550318e-02
2.176800e+02 -3.733036e+00 8.526674e-02
2.177600e+02 -3.690472e+00 8.500141e-02
2.178400e+02 -3.642322e+00 8.466398e-02
2.179200e+02 -3.591178e+00 8.433805e-02
2.180000e+02 -3.537173e+00 8.402215e-02
2.180800e+02 -3.480933e+00 8.372395e-02
2.181600e+02 -3.422472e+00 8.345361e-02
2.182400e+02 -3.363361e+00 8.321823e-02
2.183200e+02 -3.304550e+00 8.302406e-02
2.184000e+02 -3.247155e+00 8.287646e-02
2.184800e+02 -3.189838e+00 8.275467e-02
2.185600e+02 -3.136720e+00 8.269790e-02
2.186400e+02 -3.088986e+00 8.270094e-02
2.187200e+02 -3.048377e+00 8.275847e-02
2.188000e+02 -3.017391e+00 8.286610e-02
2.188800e+02 -2.997168e+00 8.301566e-02
2.189600e+02 -2.989055e+00 8.319970e-02
2.190400e+02 -2.991956e+00 8.341040e-02
2.191200e+02 -3.008818e+00 8.363905e-02
2.192000e+02 -3.038931e+00 8.387654e-02
2.192800e+02 -3.082177e+00 8.411430e-02
2.193600e+02 -3.137357e+00 8.434406e-02
2.194400e+02 -3.205894e+00 8.455999e-02
2.195200e+02 -3.284930e+00 8.475272e-02
2.196000e+02 -3.374111e+00 8.491671e-02
2.196800e+02 -3.475310e+00 8.505391e-02
2.197600e+02 -3.586536e+00 8.515169e-02
2.198400e+02 -3.708011e+00 8.523364e-02
2.199200e+02 -3.837521e+00 8.527610e-02
2.200000e+02 -3.975662e+00 8.526993e-02
2.200800e+02 -4.119811e+00 8.522504e-02
2.201600e+02 -4.265508e+00 8.511659e-02
2.202400e+02 -4.419204e+00 8.499511e-02
2.203200e+02 -4.576762e+00 8.484221e-02
2.204000e+02 -4.738250e+00 8.465660e-02
2.204800e+02 -4.899749e+00 8.443424e-02
2.205600e+02 -5.065246e+00 8.419627e-02
2.206400e+02 -5.230016e+00 8.393685e-02
2.207200e+02 -5.393292e+00 8.366578e-02
2.208000e+02 -5.551902e+00 8.339666e-02
2.208800e+02 -5.701322e+00 8.313125e-02
2.209600e+02 -5.841507e+00 8.288245e-02
2.210400e+02 -5.971993e+00 8.265971e-02
2.211200e+02 -6.095498e+00 8.245235e-02
2.212000e+02 -6.207308e+00 8.229940e-02
2.212800e+02 -6.311679e+00 8.220143e-02
2.213600e+02 -6.407951e+00 8.215848e-02
2.214400e+02 -6.495513e+00 8.216948e-02
2.215200e+02 -6.573096e+00 8.223246e-02
2.216000e+02 -6.640930e+00 8.234431e-02
2.216800e+02 -6.697912e+00 8.250078e-02
2.217600e+02 -6.748209e+00 8.273716e-02
2.218400e+02 -6.785894e+00 8.300864e-02
2.219200e+02 -6.812289e+00 8.330140e-02
2.220000e+02 -6.826769e+00 8.360432e-02
2.220800e+02 -6.828734e+00 8.391115e-02
2.221600e+02 -6.818909e+00 8.421289e-02
2.222400e+02 -6.796429e+00 8.449451e-02
2.223200e+02 -6.762918e+00 8.475483e-02
2.224000e+02 -6.718685e+00 8.498761e-02
2.224800e+02 -6.663246e+00 8.518617e-02
2.225600e+02 -6.597487e+00 8.534597e-02
2.226400e+02 -6.519940e+00 8.547998e-02
2.227200e+02 -6.432625e+00 8.556812e-02
2.228000e+02 -6.335474e+00 8.560681e-02
2.228800e+02 -6.229783e+00 8.559641e-02
2.229600e+02 -6.114185e+00 8.553795e-02
2.230400e+02 -5.996116e+00 8.540545e-02
2.231200e+02 -5.868146e+00 8.524428e-02
2.232000e+02 -5.729882e+00 8.506323e-02
2.232800e+02 -5.583834e+00 8.481593e-02
2.233600e+02 -5.431535e+00 8.453881e-02
2.234400e+02 -5.274089e+00 8.423314e-02
2.235200e+02 -5.112170e+00 8.390321e-02
2.236000e+02 -4.945069e+00 8.350912e-02
2.236800e+02 -4.775551e+00 8.313404e-02
2.237600e+02 -4.604685e+00 8.277750e-02
2.238400e+02 -4.433663e+00 8.244685e-02
2.239200e+02 -4.260475e+00 8.214943e-02
2.240000e+02 -4.086470e+00 8.189369e-02
2.240800e+02 -3.914445e+00 8.168481e-02
2.241600e+02 -3.741576e+00 8.150313e-02
2.242400e+02 -3.572131e+00 8.138875e-02
2.243200e+02 -3.406473e+00 8.133711e-02
2.244000e+02 -3.245477e+00 8.134399e-02
2.244800e+02 -3.089972e+00 8.140451e-02
2.245600e+02 -2.941625e+00 8.151543e-02
2.246400e+02 -2.800533e+00 8.166852e-02
2.247200e+02 -2.667365e+00 8.185681e-02
2.248000e+02 -2.542655e+00 8.207262e-02
2.248800e+02 -2.426552e+00 8.230727e-02
2.249600e+02 -2.319630e+00 8.255233e-02
2.250400e+02 -2.222024e+00 8.279890e-02
2.251200e+02 -2.134837e+00 8.304053e-02
2.252000e+02 -2.057083e+00 8.326677e-02
2.252800e+02 -1.988801e+00 8.347102e-02
2.253600e+02 -1.930555e+00 8.364886e-02
2.254400e+02 -1.884736e+00 8.379791e-02
2.255200e+02 -1.850793e+00 8.393391e-02
2.256000e+02 -1.826882e+00 8.403243e-02
2.256800e+02 -1.814802e+00 8.408393e-02
2.257600e+02 -1.813450e+00 8.409749e-02
2.258400e+02 -1.823538e+00 8.407233e-02
2.259200e+02 -1.844056e+00 8.400166e-02
2.260000e+02 -1.877186e+00 8.390270e-02
2.260800e+02 -1.922550e+00 8.377125e-02
2.261600e+02 -1.976518e+00 8.360118e-02
2.262400e+02 -2.042572e+00 8.341407e-02
2.263200e+02 -2.116240e+00 8.320144e-02
2.264000e+02 -2.197669e+00 8.297197e-02
2.264800e+02 -2.284228e+00 8.273876e-02
2.265600e+02 -2.372832e+00 8.250316e-02
2.266400e+02 -2.464587e+00 8.227843e-02
2.267200e+02 -2.558216e+00 8.207493e-02
2.268000e+02 -2.655855e+00 8.188307e-02
2.268800e+02 -2.753874e+00 8.174201e-02
2.269600e+02 -2.852213e+00 8.165274e-02
2.270400e+02 -2.950310e+00 8.161667e-02
2.271200e+02 -3.047616e+00 8.163409e-02
2.272000e+02 -3.143576e+00 8.170429e-02
2.272800e+02 -3.237626e+00 8.182526e-02
2.273600e+02 -3.329566e+00 8.199381e-02
2.274400e+02 -3.418336e+00 8.220554e-02
2.275200e+02 -3.506951e+00 8.249990e-02
2.276000e+02 -3.591457e+00 8.282297e-02
2.276800e+02 -3.671926e+00 8.316528e-02
2.277600e+02 -3.747180e+00 8.351520e-02
2.278400e+02 -3.816173e+00 8.386772e-02
2.279200e+02 -3.878790e+00 8.420625e-02
2.280000e+02 -3.935974e+00 8.452891e-02
2.280800e+02 -3.987405e+00 8.482800e-02
2.281600e+02 -4.033012e+00 8.509648e-02
2.282400e+02 -4.072765e+00 8.532888e-02
2.283200e+02 -4.106683e+00 8.552126e-02
2.284000e+02 -4.132481e+00 8.568702e-02
2.284800e+02 -4.152388e+00 8.580707e-02
2.285600e+02 -4.166427e+00 8.587834e-02
2.286400e+02 -4.173955e+00 8.590250e-02
2.287200e+02 -4.177162e+00 8.587185e-02
2.288000e+02 -4.174915e+00 8.579619e-02
2.288800e+02 -4.165130e+00 8.568613e-02
2.289600e+02 -4.152089e+00 8.552908e-02
2.290400e+02 -4.131382e+00 8.531284e-02
2.291200e+02 -4.106757e+00 8.506682e-02
2.292000e+02 -4.078717e+00 8.479405e-02
2.292800e+02 -4.046338e+00 8.445197e-02
2.293600e+02 -4.012308e+00 8.412372e-02
2.294400e+02 -3.976882e+00 8.380781e-02
2.295200e+02 -3.940787e+00 8.351155e-02
2.296000e+02 -3.904121e+00 8.324461e-02
2.296800e+02 -3.868445e+00 8.301361e-02
2.297600e+02 -3.834619e+00 8.282431e-02
2.298400e+02 -3.800420e+00 8.265751e-02
2.299200e+02 -3.770502e+00 8.255344e-02
2.300000e+02 -3.744591e+00 8.250834e-02
2.300800e+02 -3.723589e+00 8.251878e-02
2.301600e+02 -3.708227e+00 8.258005e-02
2.302400e+02 -3.699934e+00 8.268872e-02
2.303200e+02 -3.698706e+00 8.283723e-02
2.304000e+02 -3.704939e+00 8.301906e-02
2.304800e+02 -3.718831e+00 8.322695e-02
2.305600e+02 -3.740403e+00 8.345310e-02
2.306400e+02 -3.769269e+00 8.368893e-02
2.307200e+02 -3.805327e+00 8.392628e-02
2.308000e+02 -3.848079e+00 8.415704e-02
2.308800e+02 -3.898042e+00 8.437605e-02
2.309600e+02 -3.953508e+00 8.457377e-02
2.310400e+02 -4.013922e+00 8.474499e-02
2.311200e+02 -4.080923e+00 8.489219e-02
2.312000e+02 -4.153152e+00 8.500254e-02
2.312800e+02 -4.231073e+00 8.509944e-02
2.313600e+02 -4.312113e+00 8.515960e-02
2.314400e+02 -4.397342e+00 8.517356e-02
2.315200e+02 -4.484803e+00 8.515087e-02
2.316000e+02 -4.570762e+00 8.506599e-02
2.316800e+02 -4.661380e+00 8.496956e-02
2.317600e+02 -4.753738e+00 8.484257e-02
2.318400e+02 -4.848539e+00 8.468337e-02
2.319200e+02 -4.942985e+00 8.448724e-02
2.320000e+02 -5.041603e+00 8.427541e-02
2.320800e+02 -5.141422e+00 8.404186e-02
2.321600e+02 -5.243922e+00 8.379636e-02
2.322400e+02 -5.347615e+00 8.355268e-02
2.323200e+02 -5.450324e+00 8.331246e-02
2.324000e+02 -5.553732e+00 8.308866e-02
2.324800e+02 -5.656948e+00 8.289105e-02
2.325600e+02 -5.762374e+00 8.270882e-02
2.326400e+02 -5.866460e+00 8.258081e-02
2.327200e+02 -5.969230e+00 8.250692e-02
2.328000e+02 -6.070165e+00 8.248743e-02
2.328800e+02 -6.168739e+00 8.252156e-02
2.329600e+02 -6.264417e+00 8.260757e-02
2.330400e+02 -6.357143e+00 8.274275e-02
2.331200e+02 -6.445761e+00 8.292304e-02
2.332000e+02 -6.534428e+00 8.318412e-02
2.332800e+02 -6.617086e+00 8.348154e-02
2.333600e+02 -6.694957e+00 8.380145e-02
2.334400e+02 -6.766805e+00 8.413274e-02
2.335200e+02 -6.832223e+00 8.446956e-02
2.336000e+02 -6.891323e+00 8.480295e-02
2.336800e+02 -6.942945e+00 8.511798e-02
2.337600e+02 -6.988097e+00 8.541353e-02
2.338400e+02 -7.026281e+00 8.568309e-02
2.339200e+02 -7.056967e+00 8.592046e-02
2.340000e+02 -7.079190e+00 8.612083e-02
2.340800e+02 -7.088912e+00 8.629667e-02
2.341600e+02 -7.085815e+00 8.642761e-02
2.342400e+02 -7.066794e+00 8.650926e-02
2.343200e+02 -7.028390e+00 8.654128e-02
2.344000e+02 -6.968547e+00 8.652014e-02
2.344800e+02 -6.893214e+00 8.641834e-02
2.345600e+02 -6.791864e+00 8.630308e-02
2.346400e+02 -6.672359e+00 8.613926e-02
2.347200e+02 -6.537124e+00 8.590088e-02
2.348000e+02 -6.386175e+00 8.563029e-02
2.348800e+02 -6.223032e+00 8.532799e-02
2.349600e+02 -6.048924e+00 8.499824e-02
2.350400e+02 -5.866587e+00 8.460253e-02
2.351200e+02 -5.673403e+00 8.422286e-02
2.352000e+02 -5.472762e+00 8.385941e-02
2.352800e+02 -5.265468e+00 8.351942e-02
2.353600e+02 -5.053395e+00 8.321276e-02
2.354400e+02 -4.837994e+00 8.294597e-02
2.355200e+02 -4.621105e+00 8.272474e-02
2.356000e+02 -4.400813e+00 8.252895e-02
2.356800e+02 -4.181728e+00 8.239872e-02
2.357600e+02 -3.965832e+00 8.233041e-02
2.358400e+02 -3.748365e+00 8.231726e-02
2.359200e+02 -3.534178e+00 8.235603e-02
2.360000e+02 -3.325155e+00 8.244373e-02
2.360800e+02 -3.121601e+00 8.257191e-02
2.361600e+02 -2.924496e+00 8.273383e-02
2.362400e+02 -2.734750e+00 8.292198e-02
2.363200e+02 -2.552991e+00 8.312798e-02
2.364000e+02 -2.380292e+00 8.334369e-02
2.364800e+02 -2.217388e+00 8.356062e-02
2.365600e+02 -2.066074e+00 8.377295e-02
2.366400e+02 -1.925969e+00 8.397042e-02
2.367200e+02 -1.797774e+00 8.414688e-02
2.368000e+02 -1.682672e+00 8.429842e-02
2.368800e+02 -1.583516e+00 8.442330e-02
2.369600e+02 -1.500025e+00 8.453706e-02
2.370400e+02 -1.430344e+00 8.461530e-02
2.371200e+02 -1.375927e+00 8.464851e-02
2.372000e+02 -1.335055e+00 8.464533e-02
2.372800e+02 -1.307653e+00 8.460468e-02
2.373600e+02 -1.292037e+00 8.451949e-02
2.374400e+02 -1.290133e+00 8.440724e-02
2.375200e+02 -1.301872e+00 8.426388e-02
2.376000e+02 -1.324420e+00 8.408336e-02
2.376800e+02 -1.362382e+00 8.388744e-02
2.377600e+02 -1.412892e+00 8.366748e-02
2.378400e+02 -1.475355e+00 8.343522e-02
2.379200e+02 -1.547886e+00 8.320055e-02
2.380000e+02 -1.626499e+00 8.296526e-02
2.380800e+02 -1.711181e+00 8.274271e-02
2.381600e+02 -1.802214e+00 8.252416e-02
2.382400e+02 -1.894788e+00 8.235065e-02
2.383200e+02 -1.988006e+00 8.222472e-02
2.384000e+02 -2.080811e+00 8.214938e-02
2.384800e+02 -2.172447e+00 8.212660e-02
2.385600e+02 -2.262344e+00 8.215711e-02
2.386400e+02 -2.350045e+00 8.224033e-02
2.387200e+02 -2.435147e+00 8.237420e-02
2.388000e+02 -2.517557e+00 8.255538e-02
2.388800e+02 -2.596402e+00 8.277921e-02
2.389600e+02 -2.670603e+00 8.304291e-02
2.390400e+02 -2.744593e+00 8.337941e-02
2.391200e+02 -2.813928e+00 8.373443e-02
2.392000e+02 -2.877921e+00 8.409573e-02
2.392800e+02 -2.935585e+00 8.445850e-02
2.393600e+02 -2.986957e+00 8.480527e-02
2.394400e+02 -3.033003e+00 8.513355e-02
2.395200e+02 -3.073405e+00 8.543514e-02
2.396000e+02 -3.108063e+00 8.570292e-02
2.396800e+02 -3.136911e+00 8.593171e-02
2.397600e+02 -3.159917e+00 8.611819e-02
2.398400e+02 -3.174737e+00 8.627650e-02
2.399200e+02 -3.183551e+00 8.638816e-02
2.400000e+02 -3.186331e+00 8.645050e-02
2.400800e+02 -3.182372e+00 8.646556e-02
