# Time Total_Circulation Enstrophy_Proxy
8.000000e-02 -2.412362e-08 7.157264e-12
1.600000e-01 -5.029523e-08 1.897381e-05
2.400000e-01 -1.544059e-04 3.760368e-04
3.200000e-01 -2.749892e-04 2.266058e-03
4.000000e-01 8.296595e-06 7.898326e-03
4.800000e-01 4.718432e-03 1.989802e-02
5.600000e-01 8.187595e-04 4.030609e-02
6.400000e-01 -1.129726e-02 6.951183e-02
7.200000e-01 -2.888252e-02 1.055526e-01
8.000000e-01 -2.432159e-02 1.442581e-01
8.800000e-01 -3.541390e-02 1.805869e-01
9.600000e-01 -2.215380e-02 2.096367e-01
1.040000e+00 -1.887866e-02 2.277729e-01
1.120000e+00 1.741630e-03 2.348443e-01
1.200000e+00 8.271163e-03 2.358284e-01
1.280000e+00 1.034880e-02 2.342980e-01
1.360000e+00 2.900474e-02 2.319603e-01
1.440000e+00 2.359784e-02 2.293635e-01
1.520000e+00 2.767422e-02 2.268910e-01
1.600000e+00 2.825954e-02 2.244737e-01
1.680000e+00 2.376341e-02 2.218520e-01
1.760000e+00 1.621086e-02 2.190152e-01
1.840000e+00 1.147020e-02 2.156928e-01
1.920000e+00 9.008976e-03 2.119134e-01
2.000000e+00 3.747078e-03 2.078487e-01
2.080000e+00 -5.931914e-03 2.035722e-01
2.160000e+00 -1.677259e-02 1.991065e-01
2.240000e+00 -2.801809e-02 1.943712e-01
2.320000e+00 -3.812297e-02 1.895185e-01
2.400000e+00 -3.891972e-02 1.844783e-01
2.480000e+00 -3.603477e-02 1.794477e-01
2.560000e+00 -3.297295e-02 1.745537e-01
2.640000e+00 -3.028299e-02 1.697882e-01
2.720000e+00 -2.513261e-02 1.651563e-01
2.800000e+00 -2.623919e-02 1.606926e-01
2.880000e+00 -2.138171e-02 1.563978e-01
2.960000e+00 -1.752428e-02 1.523524e-01
3.040000e+00 -1.582663e-02 1.485939e-01
3.120000e+00 -1.108665e-02 1.450861e-01
3.200000e+00 -7.200768e-03 1.418912e-01
3.280000e+00 -3.767305e-03 1.390206e-01
3.360000e+00 -3.932066e-04 1.364772e-01
3.440000e+00 2.627905e-03 1.342572e-01
3.520000e+00 3.376302e-03 1.323336e-01
3.600000e+00 4.138498e-03 1.306917e-01
3.680000e+00 8.086594e-03 1.293160e-01
3.760000e+00 9.870007e-03 1.281738e-01
3.840000e+00 1.058961e-02 1.272391e-01
3.920000e+00 1.171638e-02 1.264998e-01
4.000000e+00 1.573205e-02 1.259366e-01
4.080000e+00 1.968539e-02 1.255225e-01
4.160000e+00 2.431926e-02 1.252457e-01
4.240000e+00 3.038709e-02 1.251011e-01
4.320000e+00 3.770321e-02 1.250747e-01
4.400000e+00 4.410589e-02 1.251654e-01
4.480000e+00 4.936678e-02 1.253554e-01
4.560000e+00 5.589530e-02 1.255829e-01
4.640000e+00 6.337671e-02 1.258410e-01
4.720000e+00 7.145775e-02 1.261703e-01
4.800000e+00 7.952480e-02 1.265659e-01
4.880000e+00 8.867893e-02 1.270194e-01
4.960000e+00 9.756910e-02 1.274739e-01
5.040000e+00 1.077926e-01 1.279794e-01
5.120000e+00 1.188313e-01 1.285480e-01
5.200000e+00 1.279131e-01 1.291525e-01
5.280000e+00 1.314365e-01 1.298157e-01
5.360000e+00 1.299049e-01 1.305098e-01
5.440000e+00 1.289872e-01 1.312714e-01
5.520000e+00 1.270959e-01 1.320684e-01
5.600000e+00 1.270608e-01 1.328669e-01
5.680000e+00 1.275586e-01 1.336861e-01
5.760000e+00 1.255619e-01 1.345187e-01
5.840000e+00 1.185215e-01 1.353268e-01
5.920000e+00 1.088070e-01 1.360926e-01
6.000000e+00 9.611407e-02 1.368620e-01
6.080000e+00 8.123028e-02 1.376472e-01
6.160000e+00 6.241735e-02 1.384368e-01
6.240000e+00 4.044080e-02 1.392233e-01
6.320000e+00 1.341540e-02 1.400127e-01
6.400000e+00 -1.963015e-02 1.407185e-01
6.480000e+00 -5.812494e-02 1.414537e-01
6.560000e+00 -9.984345e-02 1.421997e-01
6.640000e+00 -1.447848e-01 1.429540e-01
6.720000e+00 -1.923300e-01 1.437181e-01
6.800000e+00 -2.417524e-01 1.444949e-01
6.880000e+00 -2.940597e-01 1.452913e-01
6.960000e+00 -3.477140e-01 1.461060e-01
7.040000e+00 -4.015773e-01 1.469416e-01
7.120000e+00 -4.556862e-01 1.477989e-01
7.200000e+00 -5.172558e-01 1.486645e-01
7.280000e+00 -5.775857e-01 1.495708e-01
7.360000e+00 -6.358131e-01 1.505153e-01
7.440000e+00 -6.878530e-01 1.514806e-01
7.520000e+00 -7.389033e-01 1.524882e-01
7.600000e+00 -7.942590e-01 1.535377e-01
7.680000e+00 -8.483349e-01 1.546375e-01
7.760000e+00 -8.988469e-01 1.557809e-01
7.840000e+00 -9.443486e-01 1.569808e-01
7.920000e+00 -9.849270e-01 1.582231e-01
8.000000e+00 -1.021663e+00 1.594990e-01
8.080000e+00 -1.053666e+00 1.608036e-01
8.160000e+00 -1.077783e+00 1.621629e-01
8.240000e+00 -1.096166e+00 1.635511e-01
8.320000e+00 -1.110427e+00 1.649787e-01
8.400000e+00 -1.116077e+00 1.664304e-01
8.480000e+00 -1.111784e+00 1.678854e-01
8.560000e+00 -1.100215e+00 1.693866e-01
8.640000e+00 -1.079342e+00 1.709190e-01
8.720000e+00 -1.046694e+00 1.724860e-01
8.800000e+00 -1.006630e+00 1.741074e-01
8.880000e+00 -9.624748e-01 1.757301e-01
8.960000e+00 -9.103808e-01 1.773846e-01
9.040000e+00 -8.511636e-01 1.790791e-01
9.120000e+00 -7.881374e-01 1.808521e-01
9.200000e+00 -7.231890e-01 1.826559e-01
9.280000e+00 -6.549922e-01 1.845060e-01
9.360000e+00 -5.773831e-01 1.863890e-01
9.440000e+00 -4.814461e-01 1.883401e-01
9.520000e+00 -3.802020e-01 1.903809e-01
9.600000e+00 -2.716745e-01 1.924269e-01
9.680000e+00 -1.523043e-01 1.945424e-01
9.760000e+00 -2.244720e-02 1.967241e-01
9.840000e+00 1.232649e-01 1.990171e-01
9.920000e+00 2.781776e-01 2.014233e-01
1.000000e+01 4.443497e-01 2.039417e-01
1.008000e+01 6.236818e-01 2.065375e-01
1.016000e+01 8.095470e-01 2.092251e-01
1.024000e+01 1.002487e+00 2.120623e-01
1.032000e+01 1.197217e+00 2.149917e-01
1.040000e+01 1.393901e+00 2.180751e-01
1.048000e+01 1.599170e+00 2.214036e-01
1.056000e+01 1.809334e+00 2.248911e-01
1.064000e+01 2.022742e+00 2.287807e-01
1.072000e+01 2.230099e+00 2.329833e-01
1.080000e+01 2.434018e+00 2.376644e-01
1.088000e+01 2.641504e+00 2.428744e-01
1.096000e+01 2.829126e+00 2.484022e-01
1.104000e+01 3.021576e+00 2.544126e-01
1.112000e+01 3.221183e+00 2.606987e-01
1.120000e+01 3.418194e+00 2.673736e-01
1.128000e+01 3.622812e+00 2.746422e-01
1.136000e+01 3.841050e+00 2.823107e-01
1.144000e+01 4.066167e+00 2.906091e-01
1.152000e+01 4.298901e+00 2.995204e-01
1.160000e+01 4.557227e+00 3.090777e-01
1.168000e+01 4.839401e+00 3.190704e-01
1.176000e+01 5.138190e+00 3.297320e-01
1.184000e+01 5.440778e+00 3.403981e-01
1.192000e+01 5.801841e+00 3.506883e-01
1.200000e+01 6.192304e+00 3.606406e-01
1.208000e+01 6.575549e+00 3.703007e-01
1.216000e+01 6.933078e+00 3.797152e-01
1.224000e+01 7.285138e+00 3.889661e-01
1.232000e+01 7.614289e+00 3.983929e-01
1.240000e+01 7.952533e+00 4.076307e-01
1.248000e+01 8.282190e+00 4.173244e-01
1.256000e+01 8.615032e+00 4.269010e-01
1.264000e+01 8.979692e+00 4.366595e-01
1.272000e+01 9.363022e+00 4.467017e-01
1.280000e+01 9.729079e+00 4.574049e-01
1.288000e+01 1.010165e+01 4.687507e-01
1.296000e+01 1.036587e+01 4.815300e-01
1.304000e+01 1.059212e+01 4.928536e-01
1.312000e+01 1.076812e+01 5.033586e-01
1.320000e+01 1.092107e+01 5.124952e-01
1.328000e+01 1.110576e+01 5.202631e-01
1.336000e+01 1.130825e+01 5.274799e-01
1.344000e+01 1.154627e+01 5.337787e-01
1.352000e+01 1.182389e+01 5.385127e-01
1.360000e+01 1.208038e+01 5.417564e-01
1.368000e+01 1.228799e+01 5.432270e-01
1.376000e+01 1.245102e+01 5.435214e-01
1.384000e+01 1.259531e+01 5.428311e-01
1.392000e+01 1.271413e+01 5.413455e-01
1.400000e+01 1.287701e+01 5.394112e-01
1.408000e+01 1.306317e+01 5.377534e-01
1.416000e+01 1.331728e+01 5.372387e-01
1.424000e+01 1.362891e+01 5.376894e-01
1.432000e+01 1.397352e+01 5.390248e-01
1.440000e+01 1.435377e+01 5.413751e-01
1.448000e+01 1.471953e+01 5.442440e-01
1.456000e+01 1.501518e+01 5.473553e-01
1.464000e+01 1.523021e+01 5.506347e-01
1.472000e+01 1.540827e+01 5.539431e-01
1.480000e+01 1.557002e+01 5.568408e-01
1.488000e+01 1.573067e+01 5.595250e-01
1.496000e+01 1.587096e+01 5.619011e-01
1.504000e+01 1.605220e+01 5.646521e-01
1.512000e+01 1.621144e+01 5.666804e-01
1.520000e+01 1.636972e+01 5.681345e-01
1.528000e+01 1.652546e+01 5.693565e-01
1.536000e+01 1.665667e+01 5.700417e-01
1.544000e+01 1.674477e+01 5.704567e-01
1.552000e+01 1.680693e+01 5.706593e-01
1.560000e+01 1.682226e+01 5.703973e-01
1.568000e+01 1.677959e+01 5.695818e-01
1.576000e+01 1.674395e+01 5.675537e-01
1.584000e+01 1.669250e+01 5.647492e-01
1.592000e+01 1.662257e+01 5.610359e-01
1.600000e+01 1.653909e+01 5.563649e-01
1.608000e+01 1.644197e+01 5.511434e-01
1.616000e+01 1.633645e+01 5.455838e-01
1.624000e+01 1.619743e+01 5.395318e-01
1.632000e+01 1.602368e+01 5.333184e-01
1.640000e+01 1.582468e+01 5.273227e-01
1.648000e+01 1.558026e+01 5.218023e-01
1.656000e+01 1.530260e+01 5.168104e-01
1.664000e+01 1.498851e+01 5.124004e-01
1.672000e+01 1.463361e+01 5.085225e-01
1.680000e+01 1.421330e+01 5.047369e-01
1.688000e+01 1.374789e+01 5.012563e-01
1.696000e+01 1.323664e+01 4.980712e-01
1.704000e+01 1.267609e+01 4.951516e-01
1.712000e+01 1.207183e+01 4.925996e-01
1.720000e+01 1.140328e+01 4.905025e-01
1.728000e+01 1.069760e+01 4.887299e-01
1.736000e+01 9.937765e+00 4.871270e-01
1.744000e+01 9.141679e+00 4.861016e-01
1.752000e+01 8.279439e+00 4.852903e-01
1.760000e+01 7.374439e+00 4.850632e-01
1.768000e+01 6.434711e+00 4.854993e-01
1.776000e+01 5.476886e+00 4.865237e-01
1.784000e+01 4.479107e+00 4.877140e-01
1.792000e+01 3.489648e+00 4.890842e-01
1.800000e+01 2.492819e+00 4.903694e-01
1.808000e+01 1.490476e+00 4.915495e-01
1.816000e+01 5.006068e-01 4.923547e-01
1.824000e+01 -4.659932e-01 4.926642e-01
1.832000e+01 -1.438943e+00 4.920827e-01
1.840000e+01 -2.363928e+00 4.909105e-01
1.848000e+01 -3.284213e+00 4.892689e-01
1.856000e+01 -4.189667e+00 4.872650e-01
1.864000e+01 -5.076967e+00 4.849034e-01
1.872000e+01 -5.944187e+00 4.818361e-01
1.880000e+01 -6.849667e+00 4.788777e-01
1.888000e+01 -7.766253e+00 4.761684e-01
1.896000e+01 -8.699311e+00 4.737752e-01
1.904000e+01 -9.659750e+00 4.718118e-01
1.912000e+01 -1.063057e+01 4.704046e-01
1.920000e+01 -1.161884e+01 4.692604e-01
1.928000e+01 -1.258367e+01 4.681064e-01
1.936000e+01 -1.360300e+01 4.676563e-01
1.944000e+01 -1.460455e+01 4.671547e-01
1.952000e+01 -1.559910e+01 4.669192e-01
1.960000e+01 -1.656725e+01 4.679221e-01
1.968000e+01 -1.749555e+01 4.710379e-01
1.976000e+01 -1.842027e+01 4.759379e-01
1.984000e+01 -1.922700e+01 4.806882e-01
1.992000e+01 -1.993522e+01 4.844172e-01
2.000000e+01 -2.066446e+01 4.886884e-01
2.008000e+01 -2.142383e+01 4.942493e-01
2.016000e+01 -2.222997e+01 5.019463e-01
2.024000e+01 -2.305194e+01 5.120249e-01
2.032000e+01 -2.382555e+01 5.258911e-01
2.040000e+01 -2.452558e+01 5.420607e-01
2.048000e+01 -2.518076e+01 5.584065e-01
2.056000e+01 -2.579220e+01 5.749446e-01
2.064000e+01 -2.641208e+01 5.912115e-01
2.072000e+01 -2.705913e+01 6.060765e-01
2.080000e+01 -2.775523e+01 6.194304e-01
2.088000e+01 -2.848182e+01 6.319215e-01
2.096000e+01 -2.914894e+01 6.450160e-01
2.104000e+01 -2.959106e+01 6.563788e-01
2.112000e+01 -2.990558e+01 6.642498e-01
2.120000e+01 -3.031361e+01 6.743487e-01
2.128000e+01 -3.073085e+01 6.868295e-01
2.136000e+01 -3.115098e+01 7.008720e-01
2.144000e+01 -3.150102e+01 7.131044e-01
2.152000e+01 -3.170313e+01 7.204319e-01
2.160000e+01 -3.187001e+01 7.234848e-01
2.168000e+01 -3.205967e+01 7.273026e-01
2.176000e+01 -3.222225e+01 7.319622e-01
2.184000e+01 -3.242605e+01 7.375810e-01
2.192000e+01 -3.266870e+01 7.437648e-01
2.200000e+01 -3.296019e+01 7.507894e-01
2.208000e+01 -3.324697e+01 7.581614e-01
2.216000e+01 -3.351538e+01 7.650179e-01
2.224000e+01 -3.379470e+01 7.695104e-01
2.232000e+01 -3.404746e+01 7.739950e-01
2.240000e+01 -3.430109e+01 7.793513e-01
2.248000e+01 -3.455522e+01 7.865611e-01
2.256000e+01 -3.481749e+01 7.944774e-01
2.264000e+01 -3.508273e+01 8.016574e-01
2.272000e+01 -3.533238e+01 8.093338e-01
2.280000e+01 -3.553197e+01 8.164554e-01
2.288000e+01 -3.569996e+01 8.240924e-01
2.296000e+01 -3.587518e+01 8.319906e-01
2.304000e+01 -3.609349e+01 8.404670e-01
2.312000e+01 -3.637565e+01 8.482610e-01
2.320000e+01 -3.673597e+01 8.574464e-01
2.328000e+01 -3.711256e+01 8.672431e-01
2.336000e+01 -3.749150e+01 8.779338e-01
2.344000e+01 -3.783910e+01 8.893061e-01
2.352000e+01 -3.808376e+01 8.992547e-01
2.360000e+01 -3.820238e+01 9.071240e-01
2.368000e+01 -3.826540e+01 9.127622e-01
2.376000e+01 -3.825937e+01 9.157855e-01
2.384000e+01 -3.824716e+01 9.176135e-01
2.392000e+01 -3.826650e+01 9.190186e-01
2.400000e+01 -3.830708e+01 9.195763e-01
2.408000e+01 -3.838011e+01 9.188952e-01
2.416000e+01 -3.850068e+01 9.177686e-01
2.424000e+01 -3.866799e+01 9.164539e-01
2.432000e+01 -3.883824e+01 9.149755e-01
2.440000e+01 -3.905297e+01 9.131710e-01
2.448000e+01 -3.929519e+01 9.113565e-01
2.456000e+01 -3.954961e+01 9.097519e-01
2.464000e+01 -3.980679e+01 9.076794e-01
2.472000e+01 -4.003890e+01 9.047048e-01
2.480000e+01 -4.027134e+01 9.002255e-01
2.488000e+01 -4.049073e+01 8.959366e-01
2.496000e+01 -4.066835e+01 8.920280e-01
2.504000e+01 -4.084326e+01 8.885687e-01
2.512000e+01 -4.100325e+01 8.857489e-01
2.520000e+01 -4.113115e+01 8.827099e-01
2.528000e+01 -4.127569e+01 8.794835e-01
2.536000e+01 -4.141431e+01 8.765272e-01
2.544000e+01 -4.154497e+01 8.740048e-01
2.552000e+01 -4.167670e+01 8.719358e-01
2.560000e+01 -4.183151e+01 8.700037e-01
2.568000e+01 -4.202233e+01 8.679484e-01
2.576000e+01 -4.223025e+01 8.665704e-01
2.584000e+01 -4.246244e+01 8.655903e-01
2.592000e+01 -4.271214e+01 8.652211e-01
2.600000e+01 -4.299704e+01 8.656138e-01
2.608000e+01 -4.328576e+01 8.669495e-01
2.616000e+01 -4.354343e+01 8.686973e-01
2.624000e+01 -4.377063e+01 8.703004e-01
2.632000e+01 -4.397704e+01 8.716786e-01
2.640000e+01 -4.418051e+01 8.728904e-01
2.648000e+01 -4.436188e+01 8.738786e-01
2.656000e+01 -4.454795e+01 8.743614e-01
2.664000e+01 -4.472947e+01 8.748641e-01
2.672000e+01 -4.492961e+01 8.757813e-01
2.680000e+01 -4.516547e+01 8.769583e-01
2.688000e+01 -4.543150e+01 8.785438e-01
2.696000e+01 -4.573187e+01 8.802258e-01
2.704000e+01 -4.606359e+01 8.822651e-01
2.712000e+01 -4.642887e+01 8.843986e-01
2.720000e+01 -4.681017e+01 8.868596e-01
2.728000e+01 -4.721841e+01 8.903976e-01
2.736000e+01 -4.761691e+01 8.935606e-01
2.744000e+01 -4.800349e+01 8.966536e-01
2.752000e+01 -4.839391e+01 8.995776e-01
2.760000e+01 -4.876790e+01 9.025906e-01
2.768000e+01 -4.914322e+01 9.059892e-01
2.776000e+01 -4.951326e+01 9.092466e-01
2.784000e+01 -4.988133e+01 9.122673e-01
2.792000e+01 -5.023685e+01 9.148753e-01
2.800000e+01 -5.058424e+01 9.170483e-01
2.808000e+01 -5.092410e+01 9.183374e-01
2.816000e+01 -5.126729e+01 9.189573e-01
2.824000e+01 -5.158664e+01 9.193634e-01
2.832000e+01 -5.190971e+01 9.194449e-01
2.840000e+01 -5.222567e+01 9.187318e-01
2.848000e+01 -5.252044e+01 9.171737e-01
2.856000e+01 -5.280109e+01 9.146137e-01
2.864000e+01 -5.310205e+01 9.105037e-01
2.872000e+01 -5.339457e+01 9.056573e-01
2.880000e+01 -5.372241e+01 8.999112e-01
2.888000e+01 -5.403850e+01 8.937768e-01
2.896000e+01 -5.435235e+01 8.869121e-01
2.904000e+01 -5.466853e+01 8.791814e-01
2.912000e+01 -5.496345e+01 8.708543e-01
2.920000e+01 -5.530199e+01 8.629771e-01
2.928000e+01 -5.559922e+01 8.551279e-01
2.936000e+01 -5.590627e+01 8.476693e-01
2.944000e+01 -5.622095e+01 8.400596e-01
2.952000e+01 -5.652560e+01 8.322044e-01
2.960000e+01 -5.681024e+01 8.241553e-01
2.968000e+01 -5.712716e+01 8.167533e-01
2.976000e+01 -5.743225e+01 8.084791e-01
2.984000e+01 -5.774897e+01 7.997542e-01
2.992000e+01 -5.804405e+01 7.901099e-01
3.000000e+01 -5.833394e+01 7.798518e-01
3.008000e+01 -5.864175e+01 7.691160e-01
3.016000e+01 -5.892740e+01 7.579423e-01
3.024000e+01 -5.924185e+01 7.463191e-01
3.032000e+01 -5.954066e+01 7.347628e-01
3.040000e+01 -5.987303e+01 7.235773e-01
3.048000e+01 -6.015866e+01 7.128977e-01
3.056000e+01 -6.041923e+01 7.028302e-01
3.064000e+01 -6.065758e+01 6.934655e-01
3.072000e+01 -6.088408e+01 6.847713e-01
3.080000e+01 -6.108148e+01 6.771231e-01
3.088000e+01 -6.126742e+01 6.706070e-01
3.096000e+01 -6.142661e+01 6.648457e-01
3.104000e+01 -6.153848e+01 6.593501e-01
3.112000e+01 -6.165197e+01 6.546914e-01
3.120000e+01 -6.176820e+01 6.507748e-01
3.128000e+01 -6.187928e+01 6.472970e-01
3.136000e+01 -6.199625e+01 6.439282e-01
3.144000e+01 -6.211373e+01 6.403719e-01
3.152000e+01 -6.224184e+01 6.362199e-01
3.160000e+01 -6.237966e+01 6.313945e-01
3.168000e+01 -6.252940e+01 6.259456e-01
3.176000e+01 -6.269707e+01 6.198165e-01
3.184000e+01 -6.287756e+01 6.130934e-01
3.192000e+01 -6.307353e+01 6.060706e-01
3.200000e+01 -6.327152e+01 5.990646e-01
3.208000e+01 -6.346475e+01 5.921968e-01
3.216000e+01 -6.366504e+01 5.855506e-01
3.224000e+01 -6.387234e+01 5.790385e-01
3.232000e+01 -6.407810e+01 5.726837e-01
3.240000e+01 -6.429714e+01 5.666360e-01
3.248000e+01 -6.452746e+01 5.609071e-01
3.256000e+01 -6.476543e+01 5.553809e-01
3.264000e+01 -6.501192e+01 5.500107e-01
3.272000e+01 -6.527700e+01 5.447734e-01
3.280000e+01 -6.555620e+01 5.395841e-01
3.288000e+01 -6.585076e+01 5.345704e-01
3.296000e+01 -6.616056e+01 5.298050e-01
3.304000e+01 -6.648384e+01 5.253255e-01
3.312000e+01 -6.683684e+01 5.211846e-01
3.320000e+01 -6.719301e+01 5.173742e-01
3.328000e+01 -6.756130e+01 5.140295e-01
3.336000e+01 -6.795131e+01 5.110996e-01
3.344000e+01 -6.835942e+01 5.085872e-01
3.352000e+01 -6.876766e+01 5.063386e-01
3.360000e+01 -6.918495e+01 5.044413e-01
3.368000e+01 -6.959946e+01 5.028952e-01
3.376000e+01 -7.001665e+01 5.014767e-01
3.384000e+01 -7.043935e+01 5.001739e-01
3.392000e+01 -7.084304e+01 4.987562e-01
3.400000e+01 -7.123965e+01 4.971093e-01
3.408000e+01 -7.159734e+01 4.950865e-01
3.416000e+01 -7.194215e+01 4.926915e-01
3.424000e+01 -7.225936e+01 4.899892e-01
3.432000e+01 -7.256668e+01 4.874041e-01
3.440000e+01 -7.284907e+01 4.848926e-01
3.448000e+01 -7.310848e+01 4.823885e-01
3.456000e+01 -7.335538e+01 4.799774e-01
3.464000e+01 -7.359592e+01 4.781190e-01
3.472000e+01 -7.381066e+01 4.767693e-01
3.480000e+01 -7.401329e+01 4.761215e-01
3.488000e+01 -7.421899e+01 4.762614e-01
3.496000e+01 -7.446085e+01 4.772203e-01
3.504000e+01 -7.471991e+01 4.791381e-01
3.512000e+01 -7.499890e+01 4.818075e-01
3.520000e+01 -7.531002e+01 4.849932e-01
3.528000e+01 -7.564628e+01 4.886675e-01
3.536000e+01 -7.599279e+01 4.926706e-01
3.544000e+01 -7.636826e+01 4.969846e-01
3.552000e+01 -7.676808e+01 5.019542e-01
3.560000e+01 -7.716872e+01 5.070340e-01
3.568000e+01 -7.757347e+01 5.119469e-01
3.576000e+01 -7.798357e+01 5.166582e-01
3.584000e+01 -7.838800e+01 5.214634e-01
3.592000e+01 -7.879382e+01 5.261407e-01
3.600000e+01 -7.917326e+01 5.311136e-01
3.608000e+01 -7.952845e+01 5.358065e-01
3.616000e+01 -7.986560e+01 5.401781e-01
3.624000e+01 -8.021034e+01 5.445078e-01
3.632000e+01 -8.056659e+01 5.477648e-01
3.640000e+01 -8.091780e+01 5.505902e-01
3.648000e+01 -8.128456e+01 5.523514e-01
3.656000e+01 -8.169313e+01 5.537616e-01
3.664000e+01 -8.209868e+01 5.548393e-01
3.672000e+01 -8.248907e+01 5.558111e-01
3.680000e+01 -8.283911e+01 5.567325e-01
3.688000e+01 -8.314758e+01 5.574012e-01
3.696000e+01 -8.342911e+01 5.578145e-01
3.704000e+01 -8.366776e+01 5.576535e-01
3.712000e+01 -8.385707e+01 5.568023e-01
3.720000e+01 -8.404040e+01 5.556641e-01
3.728000e+01 -8.420361e+01 5.540291e-01
3.736000e+01 -8.434693e+01 5.514295e-01
3.744000e+01 -8.447886e+01 5.478908e-01
3.752000e+01 -8.461004e+01 5.435544e-01
3.760000e+01 -8.472772e+01 5.388249e-01
3.768000e+01 -8.485166e+01 5.341459e-01
3.776000e+01 -8.496273e+01 5.297894e-01
3.784000e+01 -8.504415e+01 5.257956e-01
3.792000e+01 -8.511153e+01 5.219696e-01
3.800000e+01 -8.516046e+01 5.183713e-01
3.808000e+01 -8.519916e+01 5.148584e-01
3.816000e+01 -8.521273e+01 5.113708e-01
3.824000e+01 -8.520632e+01 5.078353e-01
3.832000e+01 -8.518639e+01 5.041627e-01
3.840000e+01 -8.515032e+01 5.002491e-01
3.848000e+01 -8.508304e+01 4.963876e-01
3.856000e+01 -8.499080e+01 4.924605e-01
3.864000e+01 -8.487198e+01 4.885281e-01
3.872000e+01 -8.474544e+01 4.845165e-01
3.880000e+01 -8.460756e+01 4.806848e-01
3.888000e+01 -8.445238e+01 4.770078e-01
3.896000e+01 -8.427716e+01 4.735892e-01
3.904000e+01 -8.409574e+01 4.703069e-01
3.912000e+01 -8.391880e+01 4.671365e-01
3.920000e+01 -8.374272e+01 4.641018e-01
3.928000e+01 -8.356131e+01 4.612791e-01
3.936000e+01 -8.339016e+01 4.584946e-01
3.944000e+01 -8.322686e+01 4.558527e-01
3.952000e+01 -8.306814e+01 4.532222e-01
3.960000e+01 -8.291489e+01 4.506972e-01
3.968000e+01 -8.275987e+01 4.482690e-01
3.976000e+01 -8.261421e+01 4.459184e-01
3.984000e+01 -8.247995e+01 4.437210e-01
3.992000e+01 -8.234905e+01 4.417880e-01
4.000000e+01 -8.224121e+01 4.401099e-01
4.008000e+01 -8.213984e+01 4.387394e-01
4.016000e+01 -8.204660e+01 4.375859e-01
4.024000e+01 -8.195839e+01 4.364865e-01
4.032000e+01 -8.189243e+01 4.352587e-01
4.040000e+01 -8.184046e+01 4.341028e-01
4.048000e+01 -8.180372e+01 4.332782e-01
4.056000e+01 -8.177746e+01 4.327388e-01
4.064000e+01 -8.175451e+01 4.325872e-01
4.072000e+01 -8.173715e+01 4.327658e-01
4.080000e+01 -8.172703e+01 4.329781e-01
4.088000e+01 -8.170610e+01 4.332879e-01
4.096000e+01 -8.168689e+01 4.334748e-01
4.104000e+01 -8.166698e+01 4.335637e-01
4.112000e+01 -8.164382e+01 4.335264e-01
4.120000e+01 -8.161595e+01 4.333747e-01
4.128000e+01 -8.157222e+01 4.332113e-01
4.136000e+01 -8.150771e+01 4.329400e-01
4.144000e+01 -8.143269e+01 4.324805e-01
4.152000e+01 -8.135123e+01 4.317062e-01
4.160000e+01 -8.126895e+01 4.309621e-01
4.168000e+01 -8.118766e+01 4.303946e-01
4.176000e+01 -8.110535e+01 4.303158e-01
4.184000e+01 -8.103982e+01 4.302682e-01
4.192000e+01 -8.098033e+01 4.300899e-01
4.200000e+01 -8.094438e+01 4.294246e-01
4.208000e+01 -8.092350e+01 4.281847e-01
4.216000e+01 -8.090940e+01 4.263953e-01
4.224000e+01 -8.091425e+01 4.240668e-01
4.232000e+01 -8.093809e+01 4.211686e-01
4.240000e+01 -8.096807e+01 4.178552e-01
4.248000e+01 -8.099349e+01 4.139738e-01
4.256000e+01 -8.104074e+01 4.096525e-01
4.264000e+01 -8.108926e+01 4.050525e-01
4.272000e+01 -8.114795e+01 4.003299e-01
4.280000e+01 -8.121649e+01 3.956228e-01
4.288000e+01 -8.129660e+01 3.911585e-01
4.296000e+01 -8.139169e+01 3.870469e-01
4.304000e+01 -8.149217e+01 3.833540e-01
4.312000e+01 -8.161033e+01 3.800082e-01
4.320000e+01 -8.172465e+01 3.770621e-01
4.328000e+01 -8.184707e+01 3.746448e-01
4.336000e+01 -8.197528e+01 3.726858e-01
4.344000e+01 -8.211010e+01 3.711029e-01
4.352000e+01 -8.224561e+01 3.698283e-01
4.360000e+01 -8.237961e+01 3.689764e-01
4.368000e+01 -8.251517e+01 3.684335e-01
4.376000e+01 -8.265569e+01 3.681651e-01
4.384000e+01 -8.277390e+01 3.678073e-01
4.392000e+01 -8.287426e+01 3.675360e-01
4.400000e+01 -8.296963e+01 3.673827e-01
4.408000e+01 -8.306090e+01 3.673221e-01
4.416000e+01 -8.313308e+01 3.672385e-01
4.424000e+01 -8.319726e+01 3.672754e-01
4.432000e+01 -8.323834e+01 3.672896e-01
4.440000e+01 -8.324609e+01 3.671391e-01
4.448000e+01 -8.322614e+01 3.669143e-01
4.456000e+01 -8.319296e+01 3.668269e-01
4.464000e+01 -8.312819e+01 3.667323e-01
4.472000e+01 -8.304050e+01 3.667207e-01
4.480000e+01 -8.292138e+01 3.668171e-01
4.488000e+01 -8.276710e+01 3.670488e-01
4.496000e+01 -8.259766e+01 3.676414e-01
4.504000e+01 -8.240904e+01 3.687068e-01
4.512000e+01 -8.219797e+01 3.703343e-01
4.520000e+01 -8.195795e+01 3.725460e-01
4.528000e+01 -8.170678e+01 3.755862e-01
4.536000e+01 -8.144137e+01 3.794163e-01
4.544000e+01 -8.116356e+01 3.840900e-01
4.552000e+01 -8.088060e+01 3.894020e-01
4.560000e+01 -8.059929e+01 3.953584e-01
4.568000e+01 -8.030230e+01 4.015680e-01
4.576000e+01 -8.001303e+01 4.079599e-01
4.584000e+01 -7.969381e+01 4.144844e-01
4.592000e+01 -7.935016e+01 4.207010e-01
4.600000e+01 -7.896284e+01 4.267847e-01
4.608000e+01 -7.855276e+01 4.329215e-01
4.616000e+01 -7.809693e+01 4.388575e-01
4.624000e+01 -7.762742e+01 4.451006e-01
4.632000e+01 -7.712968e+01 4.513539e-01
4.640000e+01 -7.661255e+01 4.573644e-01
4.648000e+01 -7.609411e+01 4.627516e-01
4.656000e+01 -7.557162e+01 4.671588e-01
4.664000e+01 -7.505369e+01 4.705295e-01
4.672000e+01 -7.454000e+01 4.725682e-01
4.680000e+01 -7.404466e+01 4.733561e-01
4.688000e+01 -7.353821e+01 4.728735e-01
4.696000e+01 -7.303538e+01 4.714122e-01
4.704000e+01 -7.253576e+01 4.688696e-01
4.712000e+01 -7.202852e+01 4.653418e-01
4.720000e+01 -7.151589e+01 4.611417e-01
4.728000e+01 -7.101420e+01 4.564917e-01
4.736000e+01 -7.052982e+01 4.512699e-01
4.744000e+01 -7.007394e+01 4.455461e-01
4.752000e+01 -6.963900e+01 4.397291e-01
4.760000e+01 -6.920838e+01 4.342394e-01
4.768000e+01 -6.877235e+01 4.295004e-01
4.776000e+01 -6.833406e+01 4.257716e-01
4.784000e+01 -6.788330e+01 4.231501e-01
4.792000e+01 -6.742597e+01 4.216309e-01
4.800000e+01 -6.696373e+01 4.212924e-01
4.808000e+01 -6.648005e+01 4.223341e-01
4.816000e+01 -6.600290e+01 4.243449e-01
4.824000e+01 -6.551838e+01 4.273656e-01
4.832000e+01 -6.504028e+01 4.311789e-01
4.840000e+01 -6.452356e+01 4.360969e-01
4.848000e+01 -6.399386e+01 4.417989e-01
4.856000e+01 -6.345199e+01 4.480307e-01
4.864000e+01 -6.290309e+01 4.546751e-01
4.872000e+01 -6.232147e+01 4.618857e-01
4.880000e+01 -6.170082e+01 4.697689e-01
4.888000e+01 -6.106348e+01 4.777724e-01
4.896000e+01 -6.039976e+01 4.855356e-01
4.904000e+01 -5.968976e+01 4.921522e-01
4.912000e+01 -5.893993e+01 4.985352e-01
4.920000e+01 -5.817917e+01 5.048580e-01
4.928000e+01 -5.741811e+01 5.113656e-01
4.936000e+01 -5.665795e+01 5.180935e-01
4.944000e+01 -5.587061e+01 5.249704e-01
4.952000e+01 -5.507047e+01 5.316728e-01
4.960000e+01 -5.420869e+01 5.376699e-01
4.968000e+01 -5.326103e+01 5.431521e-01
4.976000e+01 -5.225596e+01 5.487189e-01
4.984000e+01 -5.124001e+01 5.550048e-01
4.992000e+01 -5.017231e+01 5.621884e-01
5.000000e+01 -4.915247e+01 5.704443e-01
5.008000e+01 -4.815927e+01 5.800479e-01
5.016000e+01 -4.723721e+01 5.904629e-01
5.024000e+01 -4.639129e+01 5.992047e-01
5.032000e+01 -4.561454e+01 6.066540e-01
5.040000e+01 -4.490080e+01 6.125972e-01
5.048000e+01 -4.424494e+01 6.181717e-01
5.056000e+01 -4.364014e+01 6.243157e-01
5.064000e+01 -4.314738e+01 6.308615e-01
5.072000e+01 -4.270966e+01 6.376008e-01
5.080000e+01 -4.231505e+01 6.453330e-01
5.088000e+01 -4.195834e+01 6.545212e-01
5.096000e+01 -4.158868e+01 6.648262e-01
5.104000e+01 -4.108016e+01 6.750108e-01
5.112000e+01 -4.046512e+01 6.836817e-01
5.120000e+01 -3.974512e+01 6.927652e-01
5.128000e+01 -3.897302e+01 7.018145e-01
5.136000e+01 -3.812423e+01 7.108627e-01
5.144000e+01 -3.716299e+01 7.203880e-01
5.152000e+01 -3.615866e+01 7.295521e-01
5.160000e+01 -3.512432e+01 7.386370e-01
5.168000e+01 -3.406195e+01 7.496314e-01
5.176000e+01 -3.271999e+01 7.620560e-01
5.184000e+01 -3.124524e+01 7.771267e-01
5.192000e+01 -2.983712e+01 7.979824e-01
5.200000e+01 -2.862488e+01 8.170652e-01
5.208000e+01 -2.752260e+01 8.310155e-01
5.216000e+01 -2.644155e+01 8.418776e-01
5.224000e+01 -2.540024e+01 8.512325e-01
5.232000e+01 -2.436772e+01 8.608103e-01
5.240000e+01 -2.338472e+01 8.703579e-01
5.248000e+01 -2.243428e+01 8.806183e-01
5.256000e+01 -2.156915e+01 8.933253e-01
5.264000e+01 -2.076621e+01 9.080654e-01
5.272000e+01 -2.003122e+01 9.235797e-01
5.280000e+01 -1.934269e+01 9.384253e-01
5.288000e+01 -1.863803e+01 9.491039e-01
5.296000e+01 -1.798610e+01 9.551618e-01
5.304000e+01 -1.742869e+01 9.606840e-01
5.312000e+01 -1.700874e+01 9.687176e-01
5.320000e+01 -1.665513e+01 9.781523e-01
5.328000e+01 -1.635040e+01 9.879866e-01
5.336000e+01 -1.609842e+01 9.964772e-01
5.344000e+01 -1.588480e+01 1.001852e+00
5.352000e+01 -1.565578e+01 1.004686e+00
5.360000e+01 -1.541978e+01 1.006511e+00
5.368000e+01 -1.522703e+01 1.008498e+00
5.376000e+01 -1.504662e+01 1.010827e+00
5.384000e+01 -1.480892e+01 1.012706e+00
5.392000e+01 -1.457910e+01 1.014831e+00
5.400000e+01 -1.435094e+01 1.017185e+00
5.408000e+01 -1.404250e+01 1.019197e+00
5.416000e+01 -1.370074e+01 1.020687e+00
5.424000e+01 -1.330199e+01 1.021364e+00
5.432000e+01 -1.291104e+01 1.020561e+00
5.440000e+01 -1.250230e+01 1.018200e+00
5.448000e+01 -1.205335e+01 1.015118e+00
5.456000e+01 -1.161910e+01 1.010871e+00
5.464000e+01 -1.119012e+01 1.006215e+00
5.472000e+01 -1.074148e+01 1.001618e+00
5.480000e+01 -1.026351e+01 9.974440e-01
5.488000e+01 -9.797940e+00 9.940307e-01
5.496000e+01 -9.330084e+00 9.910442e-01
5.504000e+01 -8.854711e+00 9.887120e-01
5.512000e+01 -8.381323e+00 9.870929e-01
5.520000e+01 -7.929123e+00 9.864251e-01
5.528000e+01 -7.478891e+00 9.864526e-01
5.536000e+01 -7.047296e+00 9.862932e-01
5.544000e+01 -6.618432e+00 9.863081e-01
5.552000e+01 -6.200355e+00 9.867886e-01
5.560000e+01 -5.846797e+00 9.870140e-01
5.568000e+01 -5.547894e+00 9.867931e-01
5.576000e+01 -5.309910e+00 9.860283e-01
5.584000e+01 -5.128573e+00 9.847719e-01
5.592000e+01 -5.004947e+00 9.820389e-01
5.600000e+01 -4.903381e+00 9.776460e-01
5.608000e+01 -4.804909e+00 9.721345e-01
5.616000e+01 -4.715404e+00 9.651862e-01
5.624000e+01 -4.629476e+00 9.567700e-01
5.632000e+01 -4.523760e+00 9.468587e-01
5.640000e+01 -4.416992e+00 9.353633e-01
5.648000e+01 -4.293305e+00 9.224557e-01
5.656000e+01 -4.177731e+00 9.083855e-01
5.664000e+01 -4.043424e+00 8.939231e-01
5.672000e+01 -3.879211e+00 8.791477e-01
5.680000e+01 -3.673000e+00 8.648685e-01
5.688000e+01 -3.438982e+00 8.513162e-01
5.696000e+01 -3.178284e+00 8.387219e-01
5.704000e+01 -2.859685e+00 8.272985e-01
5.712000e+01 -2.501188e+00 8.171542e-01
5.720000e+01 -2.105671e+00 8.087638e-01
5.728000e+01 -1.677267e+00 8.017514e-01
5.736000e+01 -1.215436e+00 7.956480e-01
5.744000e+01 -7.382179e-01 7.902630e-01
5.752000e+01 -2.417560e-01 7.851258e-01
5.760000e+01 2.607750e-01 7.811085e-01
5.768000e+01 7.704862e-01 7.775845e-01
5.776000e+01 1.288589e+00 7.748830e-01
5.784000e+01 1.772957e+00 7.728194e-01
5.792000e+01 2.233737e+00 7.710740e-01
5.800000e+01 2.693369e+00 7.695185e-01
5.808000e+01 3.171126e+00 7.683371e-01
5.816000e+01 3.628029e+00 7.674397e-01
5.824000e+01 4.077590e+00 7.667209e-01
5.832000e+01 4.505062e+00 7.664240e-01
5.840000e+01 4.912467e+00 7.668839e-01
5.848000e+01 5.280717e+00 7.678737e-01
5.856000e+01 5.620672e+00 7.695579e-01
5.864000e+01 5.933848e+00 7.719230e-01
5.872000e+01 6.174085e+00 7.742556e-01
5.880000e+01 6.397329e+00 7.762465e-01
5.888000e+01 6.590573e+00 7.778999e-01
5.896000e+01 6.721909e+00 7.783721e-01
5.904000e+01 6.823910e+00 7.776555e-01
5.912000e+01 6.868081e+00 7.757943e-01
5.920000e+01 6.840036e+00 7.729823e-01
5.928000e+01 6.778090e+00 7.693919e-01
5.936000e+01 6.659159e+00 7.655293e-01
5.944000e+01 6.503238e+00 7.619612e-01
5.952000e+01 6.328019e+00 7.588893e-01
5.960000e+01 6.149943e+00 7.566650e-01
5.968000e+01 6.018637e+00 7.549754e-01
5.976000e+01 5.922813e+00 7.536912e-01
5.984000e+01 5.856608e+00 7.520907e-01
5.992000e+01 5.802597e+00 7.502404e-01
6.000000e+01 5.786115e+00 7.471299e-01
6.008000e+01 5.789944e+00 7.429373e-01
6.016000e+01 5.797485e+00 7.378663e-01
6.024000e+01 5.808420e+00 7.321890e-01
6.032000e+01 5.861148e+00 7.256864e-01
6.040000e+01 5.931985e+00 7.182606e-01
6.048000e+01 5.991009e+00 7.101537e-01
6.056000e+01 6.059884e+00 7.017839e-01
6.064000e+01 6.135324e+00 6.936543e-01
6.072000e+01 6.202278e+00 6.855684e-01
6.080000e+01 6.277579e+00 6.776020e-01
6.088000e+01 6.340868e+00 6.700484e-01
6.096000e+01 6.373611e+00 6.630370e-01
6.104000e+01 6.402314e+00 6.561680e-01
6.112000e+01 6.417726e+00 6.498009e-01
6.120000e+01 6.428863e+00 6.437913e-01
6.128000e+01 6.415284e+00 6.376575e-01
6.136000e+01 6.378711e+00 6.318912e-01
6.144000e+01 6.333771e+00 6.263110e-01
6.152000e+01 6.287732e+00 6.208578e-01
6.160000e+01 6.242109e+00 6.155638e-01
6.168000e+01 6.194983e+00 6.103076e-01
6.176000e+01 6.144278e+00 6.051623e-01
6.184000e+01 6.091096e+00 6.000315e-01
6.192000e+01 6.043668e+00 5.951432e-01
6.200000e+01 6.004418e+00 5.904630e-01
6.208000e+01 5.975534e+00 5.859485e-01
6.216000e+01 5.960981e+00 5.816761e-01
6.224000e+01 5.951483e+00 5.774357e-01
6.232000e+01 5.950786e+00 5.732707e-01
6.240000e+01 5.964310e+00 5.692328e-01
6.248000e+01 5.981313e+00 5.652144e-01
6.256000e+01 6.010810e+00 5.612311e-01
6.264000e+01 6.048232e+00 5.574604e-01
6.272000e+01 6.098170e+00 5.537877e-01
6.280000e+01 6.149492e+00 5.502013e-01
6.288000e+01 6.205390e+00 5.466584e-01
6.296000e+01 6.268085e+00 5.431860e-01
6.304000e+01 6.331514e+00 5.397473e-01
6.312000e+01 6.394050e+00 5.363189e-01
6.320000e+01 6.462448e+00 5.329943e-01
6.328000e+01 6.520869e+00 5.295843e-01
6.336000e+01 6.578927e+00 5.260987e-01
6.344000e+01 6.631770e+00 5.225348e-01
6.352000e+01 6.680204e+00 5.189140e-01
6.360000e+01 6.728032e+00 5.152204e-01
6.368000e+01 6.771576e+00 5.114982e-01
6.376000e+01 6.818586e+00 5.078405e-01
6.384000e+01 6.850440e+00 5.042695e-01
6.392000e+01 6.887648e+00 5.007640e-01
6.400000e+01 6.919509e+00 4.972676e-01
6.408000e+01 6.948610e+00 4.938491e-01
6.416000e+01 6.964040e+00 4.904609e-01
6.424000e+01 6.970484e+00 4.871692e-01
6.432000e+01 6.968351e+00 4.839389e-01
6.440000e+01 6.973172e+00 4.809222e-01
6.448000e+01 6.970309e+00 4.780277e-01
6.456000e+01 6.958412e+00 4.751848e-01
6.464000e+01 6.941169e+00 4.724300e-01
6.472000e+01 6.913544e+00 4.698190e-01
6.480000e+01 6.868690e+00 4.673397e-01
6.488000e+01 6.816900e+00 4.649754e-01
6.496000e+01 6.764248e+00 4.626923e-01
6.504000e+01 6.707151e+00 4.605117e-01
6.512000e+01 6.648627e+00 4.584363e-01
6.520000e+01 6.596798e+00 4.564520e-01
6.528000e+01 6.549445e+00 4.545275e-01
6.536000e+01 6.515779e+00 4.527071e-01
6.544000e+01 6.499031e+00 4.510183e-01
6.552000e+01 6.495704e+00 4.494188e-01
6.560000e+01 6.503270e+00 4.479057e-01
6.568000e+01 6.517870e+00 4.464588e-01
6.576000e+01 6.529032e+00 4.450772e-01
6.584000e+01 6.536780e+00 4.437492e-01
6.592000e+01 6.531937e+00 4.424430e-01
6.600000e+01 6.515255e+00 4.411891e-01
6.608000e+01 6.489434e+00 4.399978e-01
6.616000e+01 6.462979e+00 4.388160e-01
6.624000e+01 6.428066e+00 4.377061e-01
6.632000e+01 6.385189e+00 4.366050e-01
6.640000e+01 6.342109e+00 4.355795e-01
6.648000e+01 6.295560e+00 4.346495e-01
6.656000e+01 6.246517e+00 4.338250e-01
6.664000e+01 6.197100e+00 4.330752e-01
6.672000e+01 6.151502e+00 4.324153e-01
6.680000e+01 6.106965e+00 4.318712e-01
6.688000e+01 6.058476e+00 4.314432e-01
6.696000e+01 6.007006e+00 4.312622e-01
6.704000e+01 5.956255e+00 4.311705e-01
6.712000e+01 5.906843e+00 4.311656e-01
6.720000e+01 5.867036e+00 4.312089e-01
6.728000e+01 5.831287e+00 4.313175e-01
6.736000e+01 5.799915e+00 4.314899e-01
6.744000e+01 5.768384e+00 4.317457e-01
6.752000e+01 5.746639e+00 4.321017e-01
6.760000e+01 5.731206e+00 4.324923e-01
6.768000e+01 5.727205e+00 4.329232e-01
6.776000e+01 5.738784e+00 4.333992e-01
6.784000e+01 5.767813e+00 4.339078e-01
6.792000e+01 5.806908e+00 4.345064e-01
6.800000e+01 5.861629e+00 4.351359e-01
6.808000e+01 5.932903e+00 4.358271e-01
6.816000e+01 6.026780e+00 4.366049e-01
6.824000e+01 6.134355e+00 4.374986e-01
6.832000e+01 6.251738e+00 4.385283e-01
6.840000e+01 6.386197e+00 4.396987e-01
6.848000e+01 6.531541e+00 4.410730e-01
6.856000e+01 6.686752e+00 4.426384e-01
6.864000e+01 6.829636e+00 4.441632e-01
6.872000e+01 6.983311e+00 4.457887e-01
6.880000e+01 7.147459e+00 4.475166e-01
6.888000e+01 7.320554e+00 4.493830e-01
6.896000e+01 7.491208e+00 4.513724e-01
6.904000e+01 7.680575e+00 4.533622e-01
6.912000e+01 7.888809e+00 4.553073e-01
6.920000e+01 8.126903e+00 4.572319e-01
6.928000e+01 8.383232e+00 4.591903e-01
6.936000e+01 8.663967e+00 4.611609e-01
6.944000e+01 8.986220e+00 4.631308e-01
6.952000e+01 9.333508e+00 4.651255e-01
6.960000e+01 9.706215e+00 4.672067e-01
6.968000e+01 1.010865e+01 4.693488e-01
6.976000e+01 1.055100e+01 4.716389e-01
6.984000e+01 1.102804e+01 4.741326e-01
6.992000e+01 1.154728e+01 4.769728e-01
7.000000e+01 1.211612e+01 4.801311e-01
7.008000e+01 1.274169e+01 4.834685e-01
7.016000e+01 1.341457e+01 4.870846e-01
7.024000e+01 1.415206e+01 4.909447e-01
7.032000e+01 1.492188e+01 4.948756e-01
7.040000e+01 1.574540e+01 4.988941e-01
7.048000e+01 1.661086e+01 5.031589e-01
7.056000e+01 1.749338e+01 5.075549e-01
7.064000e+01 1.841458e+01 5.120630e-01
7.072000e+01 1.935134e+01 5.167250e-01
7.080000e+01 2.030499e+01 5.215299e-01
7.088000e+01 2.127662e+01 5.265318e-01
7.096000e+01 2.224803e+01 5.318301e-01
7.104000e+01 2.323173e+01 5.376007e-01
7.112000e+01 2.419864e+01 5.442636e-01
7.120000e+01 2.514233e+01 5.520304e-01
7.128000e+01 2.612310e+01 5.611899e-01
7.136000e+01 2.712139e+01 5.710639e-01
7.144000e+01 2.817402e+01 5.815407e-01
7.152000e+01 2.925259e+01 5.922138e-01
7.160000e+01 3.035944e+01 6.028600e-01
7.168000e+01 3.143660e+01 6.137044e-01
7.176000e+01 3.249754e+01 6.243492e-01
7.184000e+01 3.354057e+01 6.326164e-01
7.192000e+01 3.456653e+01 6.385923e-01
7.200000e+01 3.558500e+01 6.447450e-01
7.208000e+01 3.663811e+01 6.520817e-01
7.216000e+01 3.773768e+01 6.606926e-01
7.224000e+01 3.881957e+01 6.701201e-01
7.232000e+01 3.997397e+01 6.818942e-01
7.240000e+01 4.112555e+01 6.970015e-01
7.248000e+01 4.223012e+01 7.142001e-01
7.256000e+01 4.330332e+01 7.305862e-01
7.264000e+01 4.438151e+01 7.452517e-01
7.272000e+01 4.540361e+01 7.596835e-01
7.280000e+01 4.640343e+01 7.752124e-01
7.288000e+01 4.736675e+01 7.915650e-01
7.296000e+01 4.830557e+01 8.069792e-01
7.304000e+01 4.923386e+01 8.203026e-01
7.312000e+01 5.011075e+01 8.322127e-01
7.320000e+01 5.090639e+01 8.436224e-01
7.328000e+01 5.170563e+01 8.541751e-01
7.336000e+01 5.252406e+01 8.660079e-01
7.344000e+01 5.324757e+01 8.781938e-01
7.352000e+01 5.393463e+01 8.878597e-01
7.360000e+01 5.461603e+01 8.923971e-01
7.368000e+01 5.546723e+01 8.919223e-01
7.376000e+01 5.650591e+01 8.891735e-01
7.384000e+01 5.769524e+01 8.872209e-01
7.392000e+01 5.893683e+01 8.864737e-01
7.400000e+01 6.022859e+01 8.875142e-01
7.408000e+01 6.146714e+01 8.914337e-01
7.416000e+01 6.256436e+01 8.987100e-01
7.424000e+01 6.349428e+01 9.053765e-01
7.432000e+01 6.437070e+01 9.082412e-01
7.440000e+01 6.525620e+01 9.073393e-01
7.448000e+01 6.617496e+01 9.041791e-01
7.456000e+01 6.709304e+01 9.003975e-01
7.464000e+01 6.799237e+01 8.981014e-01
7.472000e+01 6.887014e+01 8.979865e-01
7.480000e+01 6.974498e+01 8.999075e-01
7.488000e+01 7.063017e+01 9.027003e-01
7.496000e+01 7.152995e+01 9.055827e-01
7.504000e+01 7.244147e+01 9.083082e-01
7.512000e+01 7.336271e+01 9.109602e-01
7.520000e+01 7.427747e+01 9.133165e-01
7.528000e+01 7.517089e+01 9.148427e-01
7.536000e+01 7.606141e+01 9.152808e-01
7.544000e+01 7.695671e+01 9.147443e-01
7.552000e+01 7.785800e+01 9.136514e-01
7.560000e+01 7.880322e+01 9.121686e-01
7.568000e+01 7.979189e+01 9.107236e-01
7.576000e+01 8.082007e+01 9.092065e-01
7.584000e+01 8.189251e+01 9.077759e-01
7.592000e+01 8.294737e+01 9.068298e-01
7.600000e+01 8.403379e+01 9.060916e-01
7.608000e+01 8.512594e+01 9.059192e-01
7.616000e+01 8.619520e+01 9.060928e-01
7.624000e+01 8.728741e+01 9.059170e-01
7.632000e+01 8.841607e+01 9.060086e-01
7.640000e+01 8.951066e+01 9.062706e-01
7.648000e+01 9.061326e+01 9.065001e-01
7.656000e+01 9.173818e+01 9.073383e-01
7.664000e+01 9.287029e+01 9.084283e-01
7.672000e+01 9.400232e+01 9.095126e-01
7.680000e+01 9.513540e+01 9.107764e-01
7.688000e+01 9.629096e+01 9.116475e-01
7.696000e+01 9.745945e+01 9.126224e-01
7.704000e+01 9.861760e+01 9.133303e-01
7.712000e+01 9.978212e+01 9.128017e-01
7.720000e+01 1.009231e+02 9.112124e-01
7.728000e+01 1.020655e+02 9.092087e-01
7.736000e+01 1.031748e+02 9.062074e-01
7.744000e+01 1.042546e+02 9.025556e-01
7.752000e+01 1.053329e+02 8.982699e-01
7.760000e+01 1.063528e+02 8.929869e-01
7.768000e+01 1.073506e+02 8.871366e-01
7.776000e+01 1.083208e+02 8.799411e-01
7.784000e+01 1.092736e+02 8.716766e-01
7.792000e+01 1.102116e+02 8.625099e-01
7.800000e+01 1.111389e+02 8.528553e-01
7.808000e+01 1.120477e+02 8.427061e-01
7.816000e+01 1.129331e+02 8.324558e-01
7.824000e+01 1.138050e+02 8.222947e-01
7.832000e+01 1.146426e+02 8.121793e-01
7.840000e+01 1.154882e+02 8.026196e-01
7.848000e+01 1.163090e+02 7.935541e-01
7.856000e+01 1.171149e+02 7.849249e-01
7.864000e+01 1.179237e+02 7.768125e-01
7.872000e+01 1.187162e+02 7.693329e-01
7.880000e+01 1.194883e+02 7.621974e-01
7.888000e+01 1.202639e+02 7.553977e-01
7.896000e+01 1.210494e+02 7.489224e-01
7.904000e+01 1.218286e+02 7.421779e-01
7.912000e+01 1.226095e+02 7.353460e-01
7.920000e+01 1.233884e+02 7.282624e-01
7.928000e+01 1.241836e+02 7.208646e-01
7.936000e+01 1.249833e+02 7.130776e-01
7.944000e+01 1.257912e+02 7.048893e-01
7.952000e+01 1.266054e+02 6.967159e-01
7.960000e+01 1.274291e+02 6.887388e-01
7.968000e+01 1.282828e+02 6.810257e-01
7.976000e+01 1.291479e+02 6.737101e-01
7.984000e+01 1.300088e+02 6.667859e-01
7.992000e+01 1.308637e+02 6.604524e-01
8.000000e+01 1.317351e+02 6.552078e-01
8.008000e+01 1.326093e+02 6.510280e-01
8.016000e+01 1.334854e+02 6.475608e-01
8.024000e+01 1.343815e+02 6.450050e-01
8.032000e+01 1.352574e+02 6.431623e-01
8.040000e+01 1.361600e+02 6.419910e-01
8.048000e+01 1.370627e+02 6.415450e-01
8.056000e+01 1.379682e+02 6.417203e-01
8.064000e+01 1.388980e+02 6.430029e-01
8.072000e+01 1.398606e+02 6.455248e-01
8.080000e+01 1.408488e+02 6.489583e-01
8.088000e+01 1.419142e+02 6.526817e-01
8.096000e+01 1.430203e+02 6.572761e-01
8.104000e+01 1.441410e+02 6.630300e-01
8.112000e+01 1.452611e+02 6.695544e-01
8.120000e+01 1.464189e+02 6.762659e-01
8.128000e+01 1.475715e+02 6.832437e-01
8.136000e+01 1.487232e+02 6.901325e-01
8.144000e+01 1.498631e+02 6.973011e-01
8.152000e+01 1.509624e+02 7.048605e-01
8.160000e+01 1.520649e+02 7.120522e-01
8.168000e+01 1.531510e+02 7.191523e-01
8.176000e+01 1.542419e+02 7.259257e-01
8.184000e+01 1.552924e+02 7.316756e-01
8.192000e+01 1.563199e+02 7.360543e-01
8.200000e+01 1.573091e+02 7.385862e-01
8.208000e+01 1.582284e+02 7.396702e-01
8.216000e+01 1.591348e+02 7.398034e-01
8.224000e+01 1.599710e+02 7.387296e-01
8.232000e+01 1.607998e+02 7.369453e-01
8.240000e+01 1.615993e+02 7.352056e-01
8.248000e+01 1.623766e+02 7.332777e-01
8.256000e+01 1.631828e+02 7.317442e-01
8.264000e+01 1.639677e+02 7.303866e-01
8.272000e+01 1.648011e+02 7.297334e-01
8.280000e+01 1.656473e+02 7.302817e-01
8.288000e+01 1.665172e+02 7.320253e-01
8.296000e+01 1.673593e+02 7.346118e-01
8.304000e+01 1.682062e+02 7.379669e-01
8.312000e+01 1.690160e+02 7.416548e-01
8.320000e+01 1.697929e+02 7.458040e-01
8.328000e+01 1.705342e+02 7.497469e-01
8.336000e+01 1.712436e+02 7.534525e-01
8.344000e+01 1.719382e+02 7.570028e-01
8.352000e+01 1.725973e+02 7.603107e-01
8.360000e+01 1.732520e+02 7.636869e-01
8.368000e+01 1.738785e+02 7.668263e-01
8.376000e+01 1.744852e+02 7.699111e-01
8.384000e+01 1.750712e+02 7.730088e-01
8.392000e+01 1.756521e+02 7.760069e-01
8.400000e+01 1.762139e+02 7.791139e-01
8.408000e+01 1.767848e+02 7.823400e-01
8.416000e+01 1.773418e+02 7.856955e-01
8.424000e+01 1.779184e+02 7.888597e-01
8.432000e+01 1.784725e+02 7.917837e-01
8.440000e+01 1.790364e+02 7.942073e-01
8.448000e+01 1.796266e+02 7.957904e-01
8.456000e+01 1.802442e+02 7.969897e-01
8.464000e+01 1.808772e+02 7.979313e-01
8.472000e+01 1.815132e+02 7.986579e-01
8.480000e+01 1.821611e+02 7.994909e-01
8.488000e+01 1.828223e+02 8.006597e-01
8.496000e+01 1.835076e+02 8.026234e-01
8.504000e+01 1.841602e+02 8.056183e-01
8.512000e+01 1.848020e+02 8.089774e-01
8.520000e+01 1.854290e+02 8.127273e-01
8.528000e+01 1.860182e+02 8.165710e-01
8.536000e+01 1.865459e+02 8.201798e-01
8.544000e+01 1.870267e+02 8.227091e-01
8.552000e+01 1.874172e+02 8.244192e-01
8.560000e+01 1.877648e+02 8.252442e-01
8.568000e+01 1.880748e+02 8.249403e-01
8.576000e+01 1.883738e+02 8.237592e-01
8.584000e+01 1.886254e+02 8.209886e-01
8.592000e+01 1.888571e+02 8.173447e-01
8.600000e+01 1.890908e+02 8.136607e-01
8.608000e+01 1.893025e+02 8.099278e-01
8.616000e+01 1.895045e+02 8.066348e-01
8.624000e+01 1.897029e+02 8.035977e-01
8.632000e+01 1.899166e+02 8.004046e-01
8.640000e+01 1.901320e+02 7.961797e-01
8.648000e+01 1.903450e+02 7.910038e-01
8.656000e+01 1.905435e+02 7.843494e-01
8.664000e+01 1.907526e+02 7.766071e-01
8.672000e+01 1.909418e+02 7.680303e-01
8.680000e+01 1.911542e+02 7.586712e-01
8.688000e+01 1.913550e+02 7.487583e-01
8.696000e+01 1.915537e+02 7.381536e-01
8.704000e+01 1.917271e+02 7.272486e-01
8.712000e+01 1.918920e+02 7.166316e-01
8.720000e+01 1.920574e+02 7.064476e-01
8.728000e+01 1.921952e+02 6.971724e-01
8.736000e+01 1.923245e+02 6.885163e-01
8.744000e+01 1.924247e+02 6.803366e-01
8.752000e+01 1.924928e+02 6.723971e-01
8.760000e+01 1.925569e+02 6.646765e-01
8.768000e+01 1.926025e+02 6.572434e-01
8.776000e+01 1.926436e+02 6.499545e-01
8.784000e+01 1.926945e+02 6.428025e-01
8.792000e+01 1.927483e+02 6.356914e-01
8.800000e+01 1.928066e+02 6.287491e-01
8.808000e+01 1.928785e+02 6.216830e-01
8.816000e+01 1.929477e+02 6.145412e-01
8.824000e+01 1.930281e+02 6.074901e-01
8.832000e+01 1.931048e+02 6.005253e-01
8.840000e+01 1.931772e+02 5.935913e-01
8.848000e+01 1.932576e+02 5.867435e-01
8.856000e+01 1.933536e+02 5.800316e-01
8.864000e+01 1.934485e+02 5.735181e-01
8.872000e+01 1.935518e+02 5.671813e-01
8.880000e+01 1.936658e+02 5.610039e-01
8.888000e+01 1.937838e+02 5.551101e-01
8.896000e+01 1.939040e+02 5.495082e-01
8.904000e+01 1.940350e+02 5.441711e-01
8.912000e+01 1.941851e+02 5.390538e-01
8.920000e+01 1.943476e+02 5.342309e-01
8.928000e+01 1.945122e+02 5.296987e-01
8.936000e+01 1.946693e+02 5.255227e-01
8.944000e+01 1.948359e+02 5.215312e-01
8.952000e+01 1.950054e+02 5.177992e-01
8.960000e+01 1.951831e+02 5.142957e-01
8.968000e+01 1.953526e+02 5.110624e-01
8.976000e+01 1.955244e+02 5.080690e-01
8.984000e+01 1.956842e+02 5.053083e-01
8.992000e+01 1.958402e+02 5.027010e-01
9.000000e+01 1.959962e+02 5.001557e-01
9.008000e+01 1.961444e+02 4.977799e-01
9.016000e+01 1.962835e+02 4.955569e-01
9.024000e+01 1.964109e+02 4.934667e-01
9.032000e+01 1.965200e+02 4.914986e-01
9.040000e+01 1.966259e+02 4.896671e-01
9.048000e+01 1.967232e+02 4.879737e-01
9.056000e+01 1.968144e+02 4.864252e-01
9.064000e+01 1.968921e+02 4.851104e-01
9.072000e+01 1.969621e+02 4.838721e-01
9.080000e+01 1.970210e+02 4.827908e-01
9.088000e+01 1.970720e+02 4.818721e-01
9.096000e+01 1.971146e+02 4.811225e-01
9.104000e+01 1.971528e+02 4.805177e-01
9.112000e+01 1.971880e+02 4.800509e-01
9.120000e+01 1.972201e+02 4.797096e-01
9.128000e+01 1.972513e+02 4.794935e-01
9.136000e+01 1.972807e+02 4.793875e-01
9.144000e+01 1.973093e+02 4.793731e-01
9.152000e+01 1.973319e+02 4.793553e-01
9.160000e+01 1.973569e+02 4.794407e-01
9.168000e+01 1.973819e+02 4.795778e-01
9.176000e+01 1.974077e+02 4.797554e-01
9.184000e+01 1.974349e+02 4.799637e-01
9.192000e+01 1.974622e+02 4.801842e-01
9.200000e+01 1.974886e+02 4.804197e-01
9.208000e+01 1.975145e+02 4.806382e-01
9.216000e+01 1.975396e+02 4.808242e-01
9.224000e+01 1.975638e+02 4.809716e-01
9.232000e+01 1.975755e+02 4.811023e-01
9.240000e+01 1.975832e+02 4.812745e-01
9.248000e+01 1.975878e+02 4.814897e-01
9.256000e+01 1.975848e+02 4.817113e-01
9.264000e+01 1.975846e+02 4.819729e-01
9.272000e+01 1.975842e+02 4.822760e-01
9.280000e+01 1.975822e+02 4.826363e-01
9.288000e+01 1.975731e+02 4.831395e-01
9.296000e+01 1.975634e+02 4.837728e-01
9.304000e+01 1.975516e+02 4.845218e-01
9.312000e+01 1.975370e+02 4.854327e-01
9.320000e+01 1.975187e+02 4.865026e-01
9.328000e+01 1.974964e+02 4.877558e-01
9.336000e+01 1.974676e+02 4.891361e-01
9.344000e+01 1.974381e+02 4.906734e-01
9.352000e+01 1.974063e+02 4.923510e-01
9.360000e+01 1.973737e+02 4.940680e-01
9.368000e+01 1.973344e+02 4.957998e-01
9.376000e+01 1.972773e+02 4.973420e-01
9.384000e+01 1.972162e+02 4.988173e-01
9.392000e+01 1.971450e+02 5.002344e-01
9.400000e+01 1.970582e+02 5.014810e-01
9.408000e+01 1.969517e+02 5.028068e-01
9.416000e+01 1.968346e+02 5.040297e-01
9.424000e+01 1.967088e+02 5.051554e-01
9.432000e+01 1.965752e+02 5.059552e-01
9.440000e+01 1.964243e+02 5.064358e-01
9.448000e+01 1.962592e+02 5.065400e-01
9.456000e+01 1.960815e+02 5.062349e-01
9.464000e+01 1.958953e+02 5.055504e-01
9.472000e+01 1.956987e+02 5.044698e-01
9.480000e+01 1.954961e+02 5.030708e-01
9.488000e+01 1.952841e+02 5.012556e-01
9.496000e+01 1.950631e+02 4.991038e-01
9.504000e+01 1.948349e+02 4.966718e-01
9.512000e+01 1.946139e+02 4.940986e-01
9.520000e+01 1.944124e+02 4.911357e-01
9.528000e+01 1.942175e+02 4.879369e-01
9.536000e+01 1.940247e+02 4.845714e-01
9.544000e+01 1.938390e+02 4.810446e-01
9.552000e+01 1.936579e+02 4.774296e-01
9.560000e+01 1.934869e+02 4.737463e-01
9.568000e+01 1.933167e+02 4.699896e-01
9.576000e+01 1.931679e+02 4.662671e-01
9.584000e+01 1.930252e+02 4.626508e-01
9.592000e+01 1.929027e+02 4.590659e-01
9.600000e+01 1.927909e+02 4.555744e-01
9.608000e+01 1.926985e+02 4.522385e-01
9.616000e+01 1.926133e+02 4.490787e-01
9.624000e+01 1.925425e+02 4.460730e-01
9.632000e+01 1.924818e+02 4.432724e-01
9.640000e+01 1.924381e+02 4.406210e-01
9.648000e+01 1.924024e+02 4.381650e-01
9.656000e+01 1.923822e+02 4.358813e-01
9.664000e+01 1.923710e+02 4.338875e-01
9.672000e+01 1.923641e+02 4.321253e-01
9.680000e+01 1.923605e+02 4.305582e-01
9.688000e+01 1.923620e+02 4.291761e-01
9.696000e+01 1.923665e+02 4.280619e-01
9.704000e+01 1.923687e+02 4.271500e-01
9.712000e+01 1.923667e+02 4.264463e-01
9.720000e+01 1.923744e+02 4.260144e-01
9.728000e+01 1.923772e+02 4.258495e-01
9.736000e+01 1.923790e+02 4.259020e-01
9.744000e+01 1.923750e+02 4.261563e-01
9.752000e+01 1.923691e+02 4.266775e-01
9.760000e+01 1.923567e+02 4.274792e-01
9.768000e+01 1.923341e+02 4.286067e-01
9.776000e+01 1.923013e+02 4.300627e-01
9.784000e+01 1.922680e+02 4.318421e-01
9.792000e+01 1.922253e+02 4.338473e-01
9.800000e+01 1.921722e+02 4.360740e-01
9.808000e+01 1.921042e+02 4.384540e-01
9.816000e+01 1.920262e+02 4.409793e-01
9.824000e+01 1.919429e+02 4.436357e-01
9.832000e+01 1.918536e+02 4.463801e-01
9.840000e+01 1.917510e+02 4.491783e-01
9.848000e+01 1.916343e+02 4.519966e-01
9.856000e+01 1.915140e+02 4.547498e-01
9.864000e+01 1.913775e+02 4.574522e-01
9.872000e+01 1.912303e+02 4.601306e-01
9.880000e+01 1.910667e+02 4.627257e-01
9.888000e+01 1.908801e+02 4.652487e-01
9.896000e+01 1.906797e+02 4.676945e-01
9.904000e+01 1.904705e+02 4.702363e-01
9.912000e+01 1.902312e+02 4.727132e-01
9.920000e+01 1.899698e+02 4.750812e-01
9.928000e+01 1.896757e+02 4.772118e-01
9.936000e+01 1.893443e+02 4.789806e-01
9.944000e+01 1.889927e+02 4.806632e-01
9.952000e+01 1.886139e+02 4.820551e-01
9.960000e+01 1.882198e+02 4.832328e-01
9.968000e+01 1.878058e+02 4.843534e-01
9.976000e+01 1.873652e+02 4.856113e-01
9.984000e+01 1.869164e+02 4.869767e-01
9.992000e+01 1.864487e+02 4.883723e-01
1.000000e+02 1.859722e+02 4.899086e-01
1.000800e+02 1.854841e+02 4.915665e-01
1.001600e+02 1.849939e+02 4.934240e-01
1.002400e+02 1.844857e+02 4.952404e-01
1.003200e+02 1.839803e+02 4.972179e-01
1.004000e+02 1.834724e+02 4.992972e-01
1.004800e+02 1.829729e+02 5.013936e-01
1.005600e+02 1.824726e+02 5.036582e-01
1.006400e+02 1.819844e+02 5.061728e-01
1.007200e+02 1.814994e+02 5.090642e-01
1.008000e+02 1.810249e+02 5.123985e-01
1.008800e+02 1.805609e+02 5.159664e-01
1.009600e+02 1.801073e+02 5.199094e-01
1.010400e+02 1.796522e+02 5.245740e-01
1.011200e+02 1.791981e+02 5.299275e-01
1.012000e+02 1.787580e+02 5.358434e-01
1.012800e+02 1.783292e+02 5.420458e-01
1.013600e+02 1.779115e+02 5.483549e-01
1.014400e+02 1.775257e+02 5.545400e-01
1.015200e+02 1.771577e+02 5.607941e-01
1.016000e+02 1.768292e+02 5.667789e-01
1.016800e+02 1.765531e+02 5.723109e-01
1.017600e+02 1.763275e+02 5.780222e-01
1.018400e+02 1.761353e+02 5.837195e-01
1.019200e+02 1.759747e+02 5.894096e-01
1.020000e+02 1.758269e+02 5.947512e-01
1.020800e+02 1.757184e+02 5.999276e-01
1.021600e+02 1.756393e+02 6.057698e-01
1.022400e+02 1.755895e+02 6.124466e-01
1.023200e+02 1.755355e+02 6.200768e-01
1.024000e+02 1.754970e+02 6.285036e-01
1.024800e+02 1.754557e+02 6.373555e-01
1.025600e+02 1.753941e+02 6.462748e-01
1.026400e+02 1.753261e+02 6.545091e-01
1.027200e+02 1.752179e+02 6.610378e-01
1.028000e+02 1.751002e+02 6.660482e-01
1.028800e+02 1.749957e+02 6.701014e-01
1.029600e+02 1.749415e+02 6.736347e-01
1.030400e+02 1.749561e+02 6.770016e-01
1.031200e+02 1.750239e+02 6.797578e-01
1.032000e+02 1.751651e+02 6.815210e-01
1.032800e+02 1.753661e+02 6.826198e-01
1.033600e+02 1.756372e+02 6.830177e-01
1.034400e+02 1.759196e+02 6.829931e-01
1.035200e+02 1.762161e+02 6.824411e-01
1.036000e+02 1.764993e+02 6.817829e-01
1.036800e+02 1.767640e+02 6.804082e-01
1.037600e+02 1.770116e+02 6.783163e-01
1.038400e+02 1.771972e+02 6.755861e-01
1.039200e+02 1.773308e+02 6.716980e-01
1.040000e+02 1.774461e+02 6.670882e-01
1.040800e+02 1.775765e+02 6.621572e-01
1.041600e+02 1.777019e+02 6.567576e-01
1.042400e+02 1.778588e+02 6.515119e-01
1.043200e+02 1.780760e+02 6.465262e-01
1.044000e+02 1.782855e+02 6.413472e-01
1.044800e+02 1.785140e+02 6.360960e-01
1.045600e+02 1.787394e+02 6.307030e-01
1.046400e+02 1.789713e+02 6.250705e-01
1.047200e+02 1.791889e+02 6.194417e-01
1.048000e+02 1.794085e+02 6.138248e-01
1.048800e+02 1.796152e+02 6.081254e-01
1.049600e+02 1.798055e+02 6.023422e-01
1.050400e+02 1.799716e+02 5.963737e-01
1.051200e+02 1.800948e+02 5.904664e-01
1.052000e+02 1.800338e+02 5.845701e-01
1.052800e+02 1.796083e+02 5.784650e-01
1.053600e+02 1.788656e+02 5.719066e-01
1.054400e+02 1.780666e+02 5.651830e-01
1.055200e+02 1.774217e+02 5.585337e-01
1.056000e+02 1.769568e+02 5.516962e-01
1.056800e+02 1.765987e+02 5.446990e-01
1.057600e+02 1.763326e+02 5.376786e-01
1.058400e+02 1.761050e+02 5.306390e-01
1.059200e+02 1.759032e+02 5.235799e-01
1.060000e+02 1.756826e+02 5.163924e-01
1.060800e+02 1.754445e+02 5.093612e-01
1.061600e+02 1.751594e+02 5.024563e-01
1.062400e+02 1.748047e+02 4.957046e-01
1.063200e+02 1.743733e+02 4.891325e-01
1.064000e+02 1.738750e+02 4.828213e-01
1.064800e+02 1.733183e+02 4.767752e-01
1.065600e+02 1.727279e+02 4.709493e-01
1.066400e+02 1.721095e+02 4.650804e-01
1.067200e+02 1.714652e+02 4.593375e-01
1.068000e+02 1.707730e+02 4.537479e-01
1.068800e+02 1.700286e+02 4.481799e-01
1.069600e+02 1.692145e+02 4.425535e-01
1.070400e+02 1.683308e+02 4.369792e-01
1.071200e+02 1.673910e+02 4.314751e-01
1.072000e+02 1.664065e+02 4.259936e-01
1.072800e+02 1.653826e+02 4.205220e-01
1.073600e+02 1.643236e+02 4.150593e-01
1.074400e+02 1.632093e+02 4.094912e-01
1.075200e+02 1.620621e+02 4.039578e-01
1.076000e+02 1.608826e+02 3.984595e-01
1.076800e+02 1.596598e+02 3.930578e-01
1.077600e+02 1.584129e+02 3.876760e-01
1.078400e+02 1.571451e+02 3.823332e-01
1.079200e+02 1.558598e+02 3.770425e-01
1.080000e+02 1.545630e+02 3.718247e-01
1.080800e+02 1.532578e+02 3.666796e-01
1.081600e+02 1.519507e+02 3.616209e-01
1.082400e+02 1.506395e+02 3.566642e-01
1.083200e+02 1.493213e+02 3.519648e-01
1.084000e+02 1.480059e+02 3.473662e-01
1.084800e+02 1.466890e+02 3.429351e-01
1.085600e+02 1.453816e+02 3.387592e-01
1.086400e+02 1.440782e+02 3.348409e-01
1.087200e+02 1.427813e+02 3.312258e-01
1.088000e+02 1.414873e+02 3.278342e-01
1.088800e+02 1.402046e+02 3.247160e-01
1.089600e+02 1.389257e+02 3.219695e-01
1.090400e+02 1.376577e+02 3.196306e-01
1.091200e+02 1.363941e+02 3.177169e-01
1.092000e+02 1.351387e+02 3.162862e-01
1.092800e+02 1.339012e+02 3.153930e-01
1.093600e+02 1.326771e+02 3.150256e-01
1.094400e+02 1.314635e+02 3.152101e-01
1.095200e+02 1.302525e+02 3.159476e-01
1.096000e+02 1.290473e+02 3.172501e-01
1.096800e+02 1.278374e+02 3.191412e-01
1.097600e+02 1.266147e+02 3.216499e-01
1.098400e+02 1.253682e+02 3.248153e-01
1.099200e+02 1.241131e+02 3.286335e-01
1.100000e+02 1.228373e+02 3.329321e-01
1.100800e+02 1.215485e+02 3.378209e-01
1.101600e+02 1.202483e+02 3.432606e-01
1.102400e+02 1.189525e+02 3.492696e-01
1.103200e+02 1.176432e+02 3.557498e-01
1.104000e+02 1.163366e+02 3.627503e-01
1.104800e+02 1.150294e+02 3.701392e-01
1.105600e+02 1.137062e+02 3.778399e-01
1.106400e+02 1.123679e+02 3.857405e-01
1.107200e+02 1.109878e+02 3.934347e-01
1.108000e+02 1.095715e+02 4.012446e-01
1.108800e+02 1.081305e+02 4.091134e-01
1.109600e+02 1.066640e+02 4.169739e-01
1.110400e+02 1.051721e+02 4.247570e-01
1.111200e+02 1.036416e+02 4.325604e-01
1.112000e+02 1.021062e+02 4.403160e-01
1.112800e+02 1.005820e+02 4.478939e-01
1.113600e+02 9.906892e+01 4.550207e-01
1.114400e+02 9.757714e+01 4.615233e-01
1.115200e+02 9.610629e+01 4.675982e-01
1.116000e+02 9.466117e+01 4.733122e-01
1.116800e+02 9.323215e+01 4.784893e-01
1.117600e+02 9.184880e+01 4.833489e-01
1.118400e+02 9.048646e+01 4.877665e-01
1.119200e+02 8.916359e+01 4.916875e-01
1.120000e+02 8.788356e+01 4.950846e-01
1.120800e+02 8.664527e+01 4.980513e-01
1.121600e+02 8.549867e+01 5.008785e-01
1.122400e+02 8.445990e+01 5.035606e-01
1.123200e+02 8.358329e+01 5.062035e-01
1.124000e+02 8.291765e+01 5.085711e-01
1.124800e+02 8.249345e+01 5.103791e-01
1.125600e+02 8.223957e+01 5.116074e-01
1.126400e+02 8.207143e+01 5.119072e-01
1.127200e+02 8.194533e+01 5.112834e-01
1.128000e+02 8.181295e+01 5.097382e-01
1.128800e+02 8.169755e+01 5.072132e-01
1.129600e+02 8.159078e+01 5.042327e-01
1.130400e+02 8.142734e+01 5.012391e-01
1.131200e+02 8.127987e+01 4.984711e-01
1.132000e+02 8.110182e+01 4.969098e-01
1.132800e+02 8.091140e+01 4.966773e-01
1.133600e+02 8.070322e+01 4.971873e-01
1.134400e+02 8.041931e+01 4.984223e-01
1.135200e+02 8.006513e+01 4.995703e-01
1.136000e+02 7.961125e+01 5.006485e-01
1.136800e+02 7.902641e+01 5.013742e-01
1.137600e+02 7.830293e+01 5.017028e-01
1.138400e+02 7.746379e+01 5.020454e-01
1.139200e+02 7.653567e+01 5.022637e-01
1.140000e+02 7.553198e+01 5.027979e-01
1.140800e+02 7.449767e+01 5.036306e-01
1.141600e+02 7.345526e+01 5.045576e-01
1.142400e+02 7.244174e+01 5.056534e-01
1.143200e+02 7.145462e+01 5.067406e-01
1.144000e+02 7.051652e+01 5.078080e-01
1.144800e+02 6.959471e+01 5.085772e-01
1.145600e+02 6.867193e+01 5.091153e-01
1.146400e+02 6.775317e+01 5.094098e-01
1.147200e+02 6.682834e+01 5.093283e-01
1.148000e+02 6.591053e+01 5.089405e-01
1.148800e+02 6.499056e+01 5.084028e-01
1.149600e+02 6.408515e+01 5.077219e-01
1.150400e+02 6.316932e+01 5.071850e-01
1.151200e+02 6.227083e+01 5.068111e-01
1.152000e+02 6.136611e+01 5.067113e-01
1.152800e+02 6.044893e+01 5.071137e-01
1.153600e+02 5.949967e+01 5.081900e-01
1.154400e+02 5.855412e+01 5.094668e-01
1.155200e+02 5.758904e+01 5.109343e-01
1.156000e+02 5.660483e+01 5.125599e-01
1.156800e+02 5.560260e+01 5.144229e-01
1.157600e+02 5.458790e+01 5.166938e-01
1.158400e+02 5.354684e+01 5.192688e-01
1.159200e+02 5.249215e+01 5.218160e-01
1.160000e+02 5.140868e+01 5.241505e-01
1.160800e+02 5.031094e+01 5.263770e-01
1.161600e+02 4.917224e+01 5.282287e-01
1.162400e+02 4.801068e+01 5.299425e-01
1.163200e+02 4.682265e+01 5.319533e-01
1.164000e+02 4.559813e+01 5.344460e-01
1.164800e+02 4.433276e+01 5.373400e-01
1.165600e+02 4.304701e+01 5.407261e-01
1.166400e+02 4.173428e+01 5.444858e-01
1.167200e+02 4.041817e+01 5.481883e-01
1.168000e+02 3.909502e+01 5.516508e-01
1.168800e+02 3.775240e+01 5.546037e-01
1.169600e+02 3.636575e+01 5.569075e-01
1.170400e+02 3.495691e+01 5.587675e-01
1.171200e+02 3.352709e+01 5.605676e-01
1.172000e+02 3.210523e+01 5.624236e-01
1.172800e+02 3.066360e+01 5.643616e-01
1.173600e+02 2.920067e+01 5.662755e-01
1.174400e+02 2.773669e+01 5.682308e-01
1.175200e+02 2.628176e+01 5.702006e-01
1.176000e+02 2.483831e+01 5.720296e-01
1.176800e+02 2.342872e+01 5.737125e-01
1.177600e+02 2.202907e+01 5.753737e-01
1.178400e+02 2.068814e+01 5.766996e-01
1.179200e+02 1.940811e+01 5.777556e-01
1.180000e+02 1.819527e+01 5.788155e-01
1.180800e+02 1.702127e+01 5.799640e-01
1.181600e+02 1.593544e+01 5.802511e-01
1.182400e+02 1.486160e+01 5.808797e-01
1.183200e+02 1.382183e+01 5.811157e-01
1.184000e+02 1.275825e+01 5.820801e-01
1.184800e+02 1.170977e+01 5.829078e-01
1.185600e+02 1.065134e+01 5.845771e-01
1.186400e+02 9.508702e+00 5.877034e-01
1.187200e+02 8.345827e+00 5.912810e-01
1.188000e+02 7.126547e+00 5.951699e-01
1.188800e+02 5.898299e+00 5.992583e-01
1.189600e+02 4.646001e+00 6.038024e-01
1.190400e+02 3.431874e+00 6.086390e-01
1.191200e+02 2.272083e+00 6.137608e-01
1.192000e+02 1.112118e+00 6.179864e-01
1.192800e+02 -7.086604e-02 6.210235e-01
1.193600e+02 -1.237625e+00 6.225666e-01
1.194400e+02 -2.418402e+00 6.236669e-01
1.195200e+02 -3.662143e+00 6.265767e-01
1.196000e+02 -4.921341e+00 6.312055e-01
1.196800e+02 -6.174852e+00 6.374861e-01
1.197600e+02 -7.477070e+00 6.454165e-01
1.198400e+02 -8.817223e+00 6.538571e-01
1.199200e+02 -1.018987e+01 6.621508e-01
1.200000e+02 -1.155968e+01 6.697442e-01
1.200800e+02 -1.296949e+01 6.773220e-01
1.201600e+02 -1.436616e+01 6.847640e-01
1.202400e+02 -1.572697e+01 6.929970e-01
1.203200e+02 -1.695888e+01 7.024161e-01
1.204000e+02 -1.807361e+01 7.108667e-01
1.204800e+02 -1.913280e+01 7.183567e-01
1.205600e+02 -2.027533e+01 7.254744e-01
1.206400e+02 -2.141196e+01 7.340888e-01
1.207200e+02 -2.262593e+01 7.441796e-01
1.208000e+02 -2.385714e+01 7.541562e-01
1.208800e+02 -2.510535e+01 7.632800e-01
1.209600e+02 -2.634699e+01 7.718867e-01
1.210400e+02 -2.758869e+01 7.800587e-01
1.211200e+02 -2.877222e+01 7.874659e-01
1.212000e+02 -2.988255e+01 7.946789e-01
1.212800e+02 -3.093646e+01 8.002303e-01
1.213600e+02 -3.193631e+01 8.048398e-01
1.214400e+02 -3.290655e+01 8.089119e-01
1.215200e+02 -3.383959e+01 8.136334e-01
1.216000e+02 -3.482184e+01 8.196763e-01
1.216800e+02 -3.587400e+01 8.256219e-01
1.217600e+02 -3.705773e+01 8.313548e-01
1.218400e+02 -3.833797e+01 8.359920e-01
1.219200e+02 -3.963586e+01 8.402286e-01
1.220000e+02 -4.094976e+01 8.436025e-01
1.220800e+02 -4.215908e+01 8.495147e-01
1.221600e+02 -4.328196e+01 8.558114e-01
1.222400e+02 -4.430340e+01 8.616177e-01
1.223200e+02 -4.526952e+01 8.657256e-01
1.224000e+02 -4.622467e+01 8.680195e-01
1.224800e+02 -4.718748e+01 8.694402e-01
1.225600e+02 -4.823044e+01 8.705410e-01
1.226400e+02 -4.931128e+01 8.725139e-01
1.227200e+02 -5.039142e+01 8.745229e-01
1.228000e+02 -5.139697e+01 8.757505e-01
1.228800e+02 -5.236719e+01 8.768945e-01
1.229600e+02 -5.328317e+01 8.778598e-01
1.230400e+02 -5.419204e+01 8.792729e-01
1.231200e+02 -5.510644e+01 8.817371e-01
1.232000e+02 -5.600534e+01 8.854305e-01
1.232800e+02 -5.688219e+01 8.887335e-01
1.233600e+02 -5.770104e+01 8.919997e-01
1.234400e+02 -5.849569e+01 8.948288e-01
1.235200e+02 -5.927407e+01 8.979904e-01
1.236000e+02 -6.009543e+01 9.011372e-01
1.236800e+02 -6.088505e+01 9.038430e-01
1.237600e+02 -6.163083e+01 9.051114e-01
1.238400e+02 -6.240617e+01 9.068882e-01
1.239200e+02 -6.316360e+01 9.079630e-01
1.240000e+02 -6.390898e+01 9.088358e-01
1.240800e+02 -6.462581e+01 9.088430e-01
1.241600e+02 -6.530547e+01 9.085040e-01
1.242400e+02 -6.596531e+01 9.086124e-01
1.243200e+02 -6.662104e+01 9.089967e-01
1.244000e+02 -6.725539e+01 9.093049e-01
1.244800e+02 -6.786526e+01 9.090542e-01
1.245600e+02 -6.851727e+01 9.083919e-01
1.246400e+02 -6.917308e+01 9.068636e-01
1.247200e+02 -6.986755e+01 9.041093e-01
1.248000e+02 -7.062316e+01 9.001384e-01
1.248800e+02 -7.141684e+01 8.945454e-01
1.249600e+02 -7.226792e+01 8.877691e-01
1.250400e+02 -7.317302e+01 8.795901e-01
1.251200e+02 -7.411557e+01 8.700141e-01
1.252000e+02 -7.511406e+01 8.595260e-01
1.252800e+02 -7.616440e+01 8.479842e-01
1.253600e+02 -7.721889e+01 8.357828e-01
1.254400e+02 -7.825244e+01 8.230592e-01
1.255200e+02 -7.931847e+01 8.100397e-01
1.256000e+02 -8.036553e+01 7.968035e-01
1.256800e+02 -8.139223e+01 7.830786e-01
1.257600e+02 -8.238886e+01 7.692711e-01
1.258400e+02 -8.338124e+01 7.553512e-01
1.259200e+02 -8.434642e+01 7.413294e-01
1.260000e+02 -8.528689e+01 7.281184e-01
1.260800e+02 -8.621029e+01 7.144561e-01
1.261600e+02 -8.711653e+01 7.005901e-01
1.262400e+02 -8.801163e+01 6.871921e-01
1.263200e+02 -8.889112e+01 6.745431e-01
1.264000e+02 -8.974658e+01 6.627401e-01
1.264800e+02 -9.057994e+01 6.518975e-01
1.265600e+02 -9.137778e+01 6.423520e-01
1.266400e+02 -9.215226e+01 6.341065e-01
1.267200e+02 -9.287157e+01 6.272465e-01
1.268000e+02 -9.352828e+01 6.214063e-01
1.268800e+02 -9.412409e+01 6.164231e-01
1.269600e+02 -9.466951e+01 6.122824e-01
1.270400e+02 -9.515558e+01 6.088944e-01
1.271200e+02 -9.560579e+01 6.059199e-01
1.272000e+02 -9.603657e+01 6.033643e-01
1.272800e+02 -9.645291e+01 6.006647e-01
1.273600e+02 -9.686846e+01 5.979982e-01
1.274400e+02 -9.728962e+01 5.950585e-01
1.275200e+02 -9.768534e+01 5.919349e-01
1.276000e+02 -9.809105e+01 5.884493e-01
1.276800e+02 -9.847925e+01 5.847218e-01
1.277600e+02 -9.885733e+01 5.809753e-01
1.278400e+02 -9.921430e+01 5.770541e-01
1.279200e+02 -9.954733e+01 5.729808e-01
1.280000e+02 -9.986558e+01 5.686432e-01
1.280800e+02 -1.001505e+02 5.640690e-01
1.281600e+02 -1.004202e+02 5.593607e-01
1.282400e+02 -1.006692e+02 5.544386e-01
1.283200e+02 -1.009121e+02 5.494518e-01
1.284000e+02 -1.011450e+02 5.442986e-01
1.284800e+02 -1.013698e+02 5.389093e-01
1.285600e+02 -1.015802e+02 5.334464e-01
1.286400e+02 -1.017930e+02 5.278642e-01
1.287200e+02 -1.020061e+02 5.222227e-01
1.288000e+02 -1.022198e+02 5.165415e-01
1.288800e+02 -1.024347e+02 5.108462e-01
1.289600e+02 -1.026371e+02 5.050711e-01
1.290400e+02 -1.028381e+02 4.994012e-01
1.291200e+02 -1.030323e+02 4.939648e-01
1.292000e+02 -1.032286e+02 4.887129e-01
1.292800e+02 -1.034259e+02 4.836774e-01
1.293600e+02 -1.036237e+02 4.789254e-01
1.294400e+02 -1.038293e+02 4.744167e-01
1.295200e+02 -1.040451e+02 4.702127e-01
1.296000e+02 -1.042742e+02 4.662617e-01
1.296800e+02 -1.045205e+02 4.626211e-01
1.297600e+02 -1.047670e+02 4.592874e-01
1.298400e+02 -1.050275e+02 4.562207e-01
1.299200e+02 -1.052956e+02 4.534470e-01
1.300000e+02 -1.055774e+02 4.509251e-01
1.300800e+02 -1.058770e+02 4.486038e-01
1.301600e+02 -1.061865e+02 4.464895e-01
1.302400e+02 -1.065022e+02 4.444376e-01
1.303200e+02 -1.068275e+02 4.425478e-01
1.304000e+02 -1.071571e+02 4.408573e-01
1.304800e+02 -1.075005e+02 4.391578e-01
1.305600e+02 -1.078409e+02 4.376090e-01
1.306400e+02 -1.081746e+02 4.361367e-01
1.307200e+02 -1.085035e+02 4.346792e-01
1.308000e+02 -1.088119e+02 4.333475e-01
1.308800e+02 -1.091084e+02 4.320126e-01
1.309600e+02 -1.093949e+02 4.307265e-01
1.310400e+02 -1.096597e+02 4.295041e-01
1.311200e+02 -1.099088e+02 4.282861e-01
1.312000e+02 -1.101413e+02 4.270345e-01
1.312800e+02 -1.103599e+02 4.257465e-01
1.313600e+02 -1.105688e+02 4.244071e-01
1.314400e+02 -1.107703e+02 4.229994e-01
1.315200e+02 -1.109660e+02 4.214628e-01
1.316000e+02 -1.111473e+02 4.198930e-01
1.316800e+02 -1.113201e+02 4.181753e-01
1.317600e+02 -1.114770e+02 4.163724e-01
1.318400e+02 -1.116231e+02 4.145579e-01
1.319200e+02 -1.117565e+02 4.127188e-01
1.320000e+02 -1.118758e+02 4.108833e-01
1.320800e+02 -1.119761e+02 4.089759e-01
1.321600e+02 -1.120704e+02 4.072235e-01
1.322400e+02 -1.121335e+02 4.054813e-01
1.323200e+02 -1.121863e+02 4.038469e-01
1.324000e+02 -1.122172e+02 4.022362e-01
1.324800e+02 -1.122355e+02 4.007390e-01
1.325600e+02 -1.122305e+02 3.992283e-01
1.326400e+02 -1.122127e+02 3.978402e-01
1.327200e+02 -1.121979e+02 3.966515e-01
1.328000e+02 -1.121750e+02 3.955730e-01
1.328800e+02 -1.121431e+02 3.945788e-01
1.329600e+02 -1.121116e+02 3.937137e-01
1.330400e+02 -1.120642e+02 3.928844e-01
1.331200e+02 -1.120105e+02 3.920713e-01
1.332000e+02 -1.119525e+02 3.913880e-01
1.332800e+02 -1.118834e+02 3.907618e-01
1.333600e+02 -1.118119e+02 3.901428e-01
1.334400e+02 -1.117268e+02 3.895013e-01
1.335200e+02 -1.116326e+02 3.888584e-01
1.336000e+02 -1.115331e+02 3.882325e-01
1.336800e+02 -1.114215e+02 3.876492e-01
1.337600e+02 -1.113029e+02 3.871079e-01
1.338400e+02 -1.111735e+02 3.865965e-01
1.339200e+02 -1.110266e+02 3.861846e-01
1.340000e+02 -1.108767e+02 3.858799e-01
1.340800e+02 -1.107135e+02 3.857473e-01
1.341600e+02 -1.105366e+02 3.857292e-01
1.342400e+02 -1.103514e+02 3.859693e-01
1.343200e+02 -1.101569e+02 3.864687e-01
1.344000e+02 -1.099527e+02 3.872296e-01
1.344800e+02 -1.097404e+02 3.882645e-01
1.345600e+02 -1.095133e+02 3.896388e-01
1.346400e+02 -1.092679e+02 3.914710e-01
1.347200e+02 -1.090122e+02 3.935848e-01
1.348000e+02 -1.087541e+02 3.959542e-01
1.348800e+02 -1.084965e+02 3.984978e-01
1.349600e+02 -1.082461e+02 4.010366e-01
1.350400e+02 -1.079857e+02 4.036512e-01
1.351200e+02 -1.077532e+02 4.062853e-01
1.352000e+02 -1.075322e+02 4.089530e-01
1.352800e+02 -1.073240e+02 4.116479e-01
1.353600e+02 -1.071390e+02 4.145217e-01
1.354400e+02 -1.069700e+02 4.176883e-01
1.355200e+02 -1.068147e+02 4.211231e-01
1.356000e+02 -1.066844e+02 4.247661e-01
1.356800e+02 -1.065662e+02 4.288849e-01
1.357600e+02 -1.064573e+02 4.334615e-01
1.358400e+02 -1.063515e+02 4.381739e-01
1.359200e+02 -1.062538e+02 4.427571e-01
1.360000e+02 -1.061583e+02 4.471958e-01
1.360800e+02 -1.060652e+02 4.514966e-01
1.361600e+02 -1.059684e+02 4.557904e-01
1.362400e+02 -1.058839e+02 4.604020e-01
1.363200e+02 -1.058699e+02 4.658207e-01
1.364000e+02 -1.058778e+02 4.714382e-01
1.364800e+02 -1.059404e+02 4.769852e-01
1.365600e+02 -1.060838e+02 4.823182e-01
1.366400e+02 -1.062773e+02 4.868490e-01
1.367200e+02 -1.065220e+02 4.913278e-01
1.368000e+02 -1.068197e+02 4.955942e-01
1.368800e+02 -1.071622e+02 4.997265e-01
1.369600e+02 -1.075389e+02 5.037945e-01
1.370400e+02 -1.078767e+02 5.075548e-01
1.371200e+02 -1.082200e+02 5.106388e-01
1.372000e+02 -1.085121e+02 5.131129e-01
1.372800e+02 -1.087471e+02 5.149210e-01
1.373600e+02 -1.089616e+02 5.158262e-01
1.374400e+02 -1.091459e+02 5.161320e-01
1.375200e+02 -1.093090e+02 5.160455e-01
1.376000e+02 -1.094726e+02 5.160342e-01
1.376800e+02 -1.096634e+02 5.171008e-01
1.377600e+02 -1.098940e+02 5.187961e-01
1.378400e+02 -1.101932e+02 5.217547e-01
1.379200e+02 -1.105370e+02 5.249806e-01
1.380000e+02 -1.109531e+02 5.280706e-01
1.380800e+02 -1.113821e+02 5.310173e-01
1.381600e+02 -1.118229e+02 5.340897e-01
1.382400e+02 -1.122415e+02 5.369667e-01
1.383200e+02 -1.126604e+02 5.396021e-01
1.384000e+02 -1.130978e+02 5.423180e-01
1.384800e+02 -1.135459e+02 5.449897e-01
1.385600e+02 -1.140095e+02 5.477189e-01
1.386400e+02 -1.144878e+02 5.504304e-01
1.387200e+02 -1.149745e+02 5.528746e-01
1.388000e+02 -1.154815e+02 5.548337e-01
1.388800e+02 -1.160064e+02 5.562952e-01
1.389600e+02 -1.165413e+02 5.569866e-01
1.390400e+02 -1.170882e+02 5.570841e-01
1.391200e+02 -1.176542e+02 5.567223e-01
1.392000e+02 -1.182273e+02 5.558024e-01
1.392800e+02 -1.188035e+02 5.546684e-01
1.393600e+02 -1.193847e+02 5.534194e-01
1.394400e+02 -1.199804e+02 5.517369e-01
1.395200e+02 -1.205740e+02 5.501137e-01
1.396000e+02 -1.211812e+02 5.483484e-01
1.396800e+02 -1.217740e+02 5.465215e-01
1.397600e+02 -1.223970e+02 5.449177e-01
1.398400e+02 -1.230067e+02 5.431207e-01
1.399200e+02 -1.236230e+02 5.415813e-01
1.400000e+02 -1.242725e+02 5.405982e-01
1.400800e+02 -1.249385e+02 5.398391e-01
1.401600e+02 -1.256504e+02 5.397385e-01
1.402400e+02 -1.263811e+02 5.403383e-01
1.403200e+02 -1.271076e+02 5.414667e-01
1.404000e+02 -1.278765e+02 5.436304e-01
1.404800e+02 -1.286580e+02 5.466592e-01
1.405600e+02 -1.294717e+02 5.504466e-01
1.406400e+02 -1.302996e+02 5.552401e-01
1.407200e+02 -1.311578e+02 5.609636e-01
1.408000e+02 -1.320297e+02 5.677353e-01
1.408800e+02 -1.329208e+02 5.754758e-01
1.409600e+02 -1.338437e+02 5.844590e-01
1.410400e+02 -1.348047e+02 5.944049e-01
1.411200e+02 -1.357907e+02 6.047815e-01
1.412000e+02 -1.368083e+02 6.155232e-01
1.412800e+02 -1.378324e+02 6.267847e-01
1.413600e+02 -1.388733e+02 6.383174e-01
1.414400e+02 -1.399499e+02 6.499715e-01
1.415200e+02 -1.410308e+02 6.613164e-01
1.416000e+02 -1.420575e+02 6.719163e-01
1.416800e+02 -1.430338e+02 6.824302e-01
1.417600e+02 -1.439863e+02 6.925867e-01
1.418400e+02 -1.449308e+02 7.008783e-01
1.419200e+02 -1.458666e+02 7.065629e-01
1.420000e+02 -1.467154e+02 7.108548e-01
1.420800e+02 -1.476316e+02 7.156383e-01
1.421600e+02 -1.485832e+02 7.208546e-01
1.422400e+02 -1.494214e+02 7.266189e-01
1.423200e+02 -1.501662e+02 7.300596e-01
1.424000e+02 -1.508664e+02 7.317400e-01
1.424800e+02 -1.515380e+02 7.326891e-01
1.425600e+02 -1.523161e+02 7.355375e-01
1.426400e+02 -1.531576e+02 7.425219e-01
1.427200e+02 -1.540695e+02 7.525732e-01
1.428000e+02 -1.550333e+02 7.632994e-01
1.428800e+02 -1.559532e+02 7.739248e-01
1.429600e+02 -1.568213e+02 7.839972e-01
1.430400e+02 -1.576778e+02 7.938719e-01
1.431200e+02 -1.585785e+02 8.039455e-01
1.432000e+02 -1.594833e+02 8.151029e-01
1.432800e+02 -1.603906e+02 8.286341e-01
1.433600e+02 -1.612703e+02 8.452401e-01
1.434400e+02 -1.621216e+02 8.646619e-01
1.435200e+02 -1.629392e+02 8.845285e-01
1.436000e+02 -1.637098e+02 9.044264e-01
1.436800e+02 -1.644703e+02 9.240408e-01
1.437600e+02 -1.652751e+02 9.433755e-01
1.438400e+02 -1.660669e+02 9.626329e-01
1.439200e+02 -1.667972e+02 9.787619e-01
1.440000e+02 -1.674569e+02 9.895488e-01
1.440800e+02 -1.680055e+02 9.964638e-01
1.441600e+02 -1.684943e+02 1.005959e+00
1.442400e+02 -1.690025e+02 1.018066e+00
1.443200e+02 -1.695371e+02 1.029015e+00
1.444000e+02 -1.701581e+02 1.038580e+00
1.444800e+02 -1.707740e+02 1.047657e+00
1.445600e+02 -1.714322e+02 1.057415e+00
1.446400e+02 -1.720567e+02 1.066920e+00
1.447200e+02 -1.726131e+02 1.074044e+00
1.448000e+02 -1.730387e+02 1.077974e+00
1.448800e+02 -1.734177e+02 1.078965e+00
1.449600e+02 -1.737509e+02 1.078406e+00
1.450400e+02 -1.740735e+02 1.076836e+00
1.451200e+02 -1.743657e+02 1.073919e+00
1.452000e+02 -1.746657e+02 1.069533e+00
1.452800e+02 -1.749487e+02 1.064192e+00
1.453600e+02 -1.752276e+02 1.058574e+00
1.454400e+02 -1.755059e+02 1.053289e+00
1.455200e+02 -1.758006e+02 1.048474e+00
1.456000e+02 -1.761213e+02 1.044097e+00
1.456800e+02 -1.764223e+02 1.039931e+00
1.457600e+02 -1.767659e+02 1.036015e+00
1.458400e+02 -1.771055e+02 1.031948e+00
1.459200e+02 -1.774362e+02 1.028743e+00
1.460000e+02 -1.777773e+02 1.026182e+00
1.460800e+02 -1.780639e+02 1.024456e+00
1.461600e+02 -1.783642e+02 1.020937e+00
1.462400e+02 -1.786839e+02 1.015659e+00
1.463200e+02 -1.790424e+02 1.008922e+00
1.464000e+02 -1.794807e+02 1.002633e+00
1.464800e+02 -1.800173e+02 9.979009e-01
1.465600e+02 -1.805653e+02 9.951967e-01
1.466400e+02 -1.810959e+02 9.938136e-01
1.467200e+02 -1.816145e+02 9.931105e-01
1.468000e+02 -1.821513e+02 9.921286e-01
1.468800e+02 -1.826655e+02 9.909882e-01
1.469600e+02 -1.832001e+02 9.890351e-01
1.470400e+02 -1.836881e+02 9.866977e-01
1.471200e+02 -1.841747e+02 9.837195e-01
1.472000e+02 -1.847104e+02 9.799863e-01
1.472800e+02 -1.852270e+02 9.770604e-01
1.473600e+02 -1.857404e+02 9.742681e-01
1.474400e+02 -1.862455e+02 9.718732e-01
1.475200e+02 -1.867612e+02 9.699110e-01
1.476000e+02 -1.872502e+02 9.683215e-01
1.476800e+02 -1.877633e+02 9.668927e-01
1.477600e+02 -1.881921e+02 9.648904e-01
1.478400e+02 -1.885665e+02 9.629833e-01
1.479200e+02 -1.888864e+02 9.609222e-01
1.480000e+02 -1.891380e+02 9.591292e-01
1.480800e+02 -1.893216e+02 9.573516e-01
1.481600e+02 -1.894379e+02 9.552893e-01
1.482400e+02 -1.894861e+02 9.521305e-01
1.483200e+02 -1.894864e+02 9.478094e-01
1.484000e+02 -1.894314e+02 9.421980e-01
1.484800e+02 -1.893216e+02 9.349215e-01
1.485600e+02 -1.892067e+02 9.265146e-01
1.486400e+02 -1.890940e+02 9.164083e-01
1.487200e+02 -1.889749e+02 9.049611e-01
1.488000e+02 -1.888746e+02 8.926614e-01
1.488800e+02 -1.887908e+02 8.793106e-01
1.489600e+02 -1.887432e+02 8.657075e-01
1.490400e+02 -1.887360e+02 8.514598e-01
1.491200e+02 -1.887916e+02 8.369283e-01
1.492000e+02 -1.889143e+02 8.226884e-01
1.492800e+02 -1.891067e+02 8.084011e-01
1.493600e+02 -1.893532e+02 7.944544e-01
1.494400e+02 -1.896683e+02 7.813048e-01
1.495200e+02 -1.900473e+02 7.692432e-01
1.496000e+02 -1.904763e+02 7.584875e-01
1.496800e+02 -1.909469e+02 7.487584e-01
1.497600e+02 -1.914635e+02 7.402500e-01
1.498400e+02 -1.920002e+02 7.325213e-01
1.499200e+02 -1.925680e+02 7.256279e-01
1.500000e+02 -1.931532e+02 7.192880e-01
1.500800e+02 -1.937165e+02 7.133718e-01
1.501600e+02 -1.942992e+02 7.077526e-01
1.502400e+02 -1.948536e+02 7.028140e-01
1.503200e+02 -1.953935e+02 6.987080e-01
1.504000e+02 -1.959177e+02 6.951615e-01
1.504800e+02 -1.964049e+02 6.924041e-01
1.505600e+02 -1.968709e+02 6.901737e-01
1.506400e+02 -1.973280e+02 6.887901e-01
1.507200e+02 -1.977834e+02 6.882294e-01
1.508000e+02 -1.982247e+02 6.887282e-01
1.508800e+02 -1.986702e+02 6.905349e-01
1.509600e+02 -1.991105e+02 6.936901e-01
1.510400e+02 -1.995537e+02 6.980611e-01
1.511200e+02 -2.000083e+02 7.031986e-01
1.512000e+02 -2.004568e+02 7.088337e-01
1.512800e+02 -2.009032e+02 7.153360e-01
1.513600e+02 -2.013495e+02 7.220298e-01
1.514400e+02 -2.017955e+02 7.287652e-01
1.515200e+02 -2.022717e+02 7.350470e-01
1.516000e+02 -2.027484e+02 7.402775e-01
1.516800e+02 -2.032313e+02 7.442400e-01
1.517600e+02 -2.037081e+02 7.473879e-01
1.518400e+02 -2.041320e+02 7.505066e-01
1.519200e+02 -2.045440e+02 7.536266e-01
1.520000e+02 -2.049359e+02 7.566207e-01
1.520800e+02 -2.052639e+02 7.584846e-01
1.521600e+02 -2.055601e+02 7.590675e-01
1.522400e+02 -2.057923e+02 7.580423e-01
1.523200e+02 -2.059931e+02 7.556038e-01
1.524000e+02 -2.061908e+02 7.518317e-01
1.524800e+02 -2.063779e+02 7.475064e-01
1.525600e+02 -2.065617e+02 7.428627e-01
1.526400e+02 -2.067446e+02 7.376513e-01
1.527200e+02 -2.068847e+02 7.319788e-01
1.528000e+02 -2.070196e+02 7.262165e-01
1.528800e+02 -2.071340e+02 7.206203e-01
1.529600e+02 -2.072228e+02 7.152569e-01
1.530400e+02 -2.072559e+02 7.099840e-01
1.531200e+02 -2.072544e+02 7.051505e-01
1.532000e+02 -2.072590e+02 7.008393e-01
1.532800e+02 -2.072874e+02 6.969684e-01
1.533600e+02 -2.073239e+02 6.929113e-01
1.534400e+02 -2.073814e+02 6.889079e-01
1.535200e+02 -2.074528e+02 6.849460e-01
1.536000e+02 -2.075300e+02 6.810510e-01
1.536800e+02 -2.076080e+02 6.770573e-01
1.537600e+02 -2.076907e+02 6.730672e-01
1.538400e+02 -2.077664e+02 6.693286e-01
1.539200e+02 -2.078377e+02 6.657256e-01
1.540000e+02 -2.079021e+02 6.622624e-01
1.540800e+02 -2.079635e+02 6.587753e-01
1.541600e+02 -2.080146e+02 6.549877e-01
1.542400e+02 -2.080584e+02 6.510342e-01
1.543200e+02 -2.080964e+02 6.468882e-01
1.544000e+02 -2.081383e+02 6.426403e-01
1.544800e+02 -2.081733e+02 6.379424e-01
1.545600e+02 -2.081999e+02 6.328915e-01
1.546400e+02 -2.082265e+02 6.276286e-01
1.547200e+02 -2.082318e+02 6.222155e-01
1.548000e+02 -2.082328e+02 6.165931e-01
1.548800e+02 -2.082508e+02 6.107394e-01
1.549600e+02 -2.083067e+02 6.047682e-01
1.550400e+02 -2.084403e+02 5.988902e-01
1.551200e+02 -2.086782e+02 5.931195e-01
1.552000e+02 -2.089906e+02 5.873752e-01
1.552800e+02 -2.093438e+02 5.817184e-01
1.553600e+02 -2.097144e+02 5.761579e-01
1.554400e+02 -2.101095e+02 5.708849e-01
1.555200e+02 -2.105189e+02 5.659887e-01
1.556000e+02 -2.109355e+02 5.612715e-01
1.556800e+02 -2.113591e+02 5.567097e-01
1.557600e+02 -2.117779e+02 5.522991e-01
1.558400e+02 -2.121893e+02 5.480860e-01
1.559200e+02 -2.125787e+02 5.440129e-01
1.560000e+02 -2.129451e+02 5.400836e-01
1.560800e+02 -2.132789e+02 5.362717e-01
1.561600e+02 -2.135892e+02 5.327013e-01
1.562400e+02 -2.138739e+02 5.292877e-01
1.563200e+02 -2.141224e+02 5.260331e-01
1.564000e+02 -2.143295e+02 5.228985e-01
1.564800e+02 -2.144955e+02 5.199153e-01
1.565600e+02 -2.146197e+02 5.169410e-01
1.566400e+02 -2.147171e+02 5.140680e-01
1.567200e+02 -2.147983e+02 5.113002e-01
1.568000e+02 -2.148695e+02 5.086477e-01
1.568800e+02 -2.149220e+02 5.061170e-01
1.569600e+02 -2.149398e+02 5.036575e-01
1.570400e+02 -2.149155e+02 5.012342e-01
1.571200e+02 -2.148659e+02 4.988514e-01
1.572000e+02 -2.148163e+02 4.965040e-01
1.572800e+02 -2.147705e+02 4.942236e-01
1.573600e+02 -2.147315e+02 4.919753e-01
1.574400e+02 -2.146949e+02 4.897588e-01
1.575200e+02 -2.146553e+02 4.875841e-01
1.576000e+02 -2.146118e+02 4.854615e-01
1.576800e+02 -2.145616e+02 4.834413e-01
1.577600e+02 -2.145072e+02 4.814530e-01
1.578400e+02 -2.144416e+02 4.795599e-01
1.579200e+02 -2.143729e+02 4.776731e-01
1.580000e+02 -2.142977e+02 4.757722e-01
1.580800e+02 -2.142210e+02 4.738029e-01
1.581600e+02 -2.141454e+02 4.718289e-01
1.582400e+02 -2.140648e+02 4.699131e-01
1.583200e+02 -2.139810e+02 4.680411e-01
1.584000e+02 -2.138919e+02 4.662044e-01
1.584800e+02 -2.137899e+02 4.643283e-01
1.585600e+02 -2.136785e+02 4.625739e-01
1.586400e+02 -2.135568e+02 4.608492e-01
1.587200e+02 -2.134261e+02 4.592995e-01
1.588000e+02 -2.132879e+02 4.577836e-01
1.588800e+02 -2.131297e+02 4.563113e-01
1.589600e+02 -2.129584e+02 4.549286e-01
1.590400e+02 -2.127634e+02 4.536112e-01
1.591200e+02 -2.125549e+02 4.523263e-01
1.592000e+02 -2.123194e+02 4.511926e-01
1.592800e+02 -2.120592e+02 4.501955e-01
1.593600e+02 -2.117819e+02 4.493611e-01
1.594400e+02 -2.114911e+02 4.486609e-01
1.595200e+02 -2.111875e+02 4.481446e-01
1.596000e+02 -2.108817e+02 4.479058e-01
1.596800e+02 -2.105582e+02 4.479696e-01
1.597600e+02 -2.102282e+02 4.483218e-01
1.598400e+02 -2.098656e+02 4.489813e-01
1.599200e+02 -2.094848e+02 4.499432e-01
1.600000e+02 -2.090576e+02 4.512203e-01
1.600800e+02 -2.085479e+02 4.527190e-01
1.601600e+02 -2.079087e+02 4.545272e-01
1.602400e+02 -2.071067e+02 4.565711e-01
1.603200e+02 -2.061798e+02 4.587068e-01
1.604000e+02 -2.051644e+02 4.610236e-01
1.604800e+02 -2.041239e+02 4.635439e-01
1.605600e+02 -2.031208e+02 4.663611e-01
1.606400e+02 -2.022150e+02 4.693915e-01
1.607200e+02 -2.014333e+02 4.726814e-01
1.608000e+02 -2.008021e+02 4.760773e-01
1.608800e+02 -2.002927e+02 4.795757e-01
1.609600e+02 -1.998825e+02 4.830349e-01
1.610400e+02 -1.995047e+02 4.864848e-01
1.611200e+02 -1.991597e+02 4.899433e-01
1.612000e+02 -1.988257e+02 4.932871e-01
1.612800e+02 -1.984928e+02 4.966511e-01
1.613600e+02 -1.981673e+02 4.998123e-01
1.614400e+02 -1.978507e+02 5.026971e-01
1.615200e+02 -1.975440e+02 5.051069e-01
1.616000e+02 -1.972506e+02 5.070418e-01
1.616800e+02 -1.969743e+02 5.086912e-01
1.617600e+02 -1.966889e+02 5.100736e-01
1.618400e+02 -1.964111e+02 5.111653e-01
1.619200e+02 -1.961358e+02 5.119263e-01
1.620000e+02 -1.958616e+02 5.125252e-01
1.620800e+02 -1.955978e+02 5.130157e-01
1.621600e+02 -1.953161e+02 5.137222e-01
1.622400e+02 -1.950443e+02 5.145086e-01
1.623200e+02 -1.947724e+02 5.153844e-01
1.624000e+02 -1.945009e+02 5.165323e-01
1.624800e+02 -1.942179e+02 5.181644e-01
1.625600e+02 -1.939545e+02 5.200361e-01
1.626400e+02 -1.937177e+02 5.220988e-01
1.627200e+02 -1.935137e+02 5.242170e-01
1.628000e+02 -1.933697e+02 5.260745e-01
1.628800e+02 -1.932912e+02 5.276933e-01
1.629600e+02 -1.932880e+02 5.288484e-01
1.630400e+02 -1.933397e+02 5.300265e-01
1.631200e+02 -1.934431e+02 5.312944e-01
1.632000e+02 -1.936032e+02 5.324777e-01
1.632800e+02 -1.938364e+02 5.332847e-01
1.633600e+02 -1.940952e+02 5.344396e-01
1.634400e+02 -1.943922e+02 5.359718e-01
1.635200e+02 -1.946888e+02 5.379424e-01
1.636000e+02 -1.949900e+02 5.402391e-01
1.636800e+02 -1.953017e+02 5.430360e-01
1.637600e+02 -1.956227e+02 5.464129e-01
1.638400e+02 -1.959751e+02 5.503283e-01
1.639200e+02 -1.963695e+02 5.550320e-01
1.640000e+02 -1.967950e+02 5.601534e-01
1.640800e+02 -1.973012e+02 5.661791e-01
1.641600e+02 -1.978579e+02 5.729083e-01
1.642400e+02 -1.984722e+02 5.805029e-01
1.643200e+02 -1.991352e+02 5.891092e-01
1.644000e+02 -1.998225e+02 5.982372e-01
1.644800e+02 -2.005440e+02 6.080284e-01
1.645600e+02 -2.012783e+02 6.180852e-01
1.646400e+02 -2.020322e+02 6.289100e-01
1.647200e+02 -2.028122e+02 6.399472e-01
1.648000e+02 -2.035983e+02 6.514577e-01
1.648800e+02 -2.044018e+02 6.633237e-01
1.649600e+02 -2.052306e+02 6.755644e-01
1.650400e+02 -2.060878e+02 6.883268e-01
1.651200e+02 -2.069883e+02 7.018259e-01
1.652000e+02 -2.078841e+02 7.163048e-01
1.652800e+02 -2.087479e+02 7.304296e-01
1.653600e+02 -2.096175e+02 7.447648e-01
1.654400e+02 -2.105996e+02 7.591216e-01
1.655200e+02 -2.116377e+02 7.742351e-01
1.656000e+02 -2.126615e+02 7.891305e-01
1.656800e+02 -2.136878e+02 8.036424e-01
1.657600e+02 -2.146400e+02 8.183179e-01
1.658400e+02 -2.154328e+02 8.321688e-01
1.659200e+02 -2.161387e+02 8.433339e-01
1.660000e+02 -2.167714e+02 8.483402e-01
1.660800e+02 -2.172600e+02 8.521978e-01
1.661600e+02 -2.176005e+02 8.557946e-01
1.662400e+02 -2.178883e+02 8.581609e-01
1.663200e+02 -2.181897e+02 8.589803e-01
1.664000e+02 -2.184129e+02 8.581875e-01
1.664800e+02 -2.186206e+02 8.575230e-01
1.665600e+02 -2.188029e+02 8.576576e-01
1.666400e+02 -2.188941e+02 8.588138e-01
1.667200e+02 -2.188439e+02 8.601643e-01
1.668000e+02 -2.186614e+02 8.592898e-01
1.668800e+02 -2.184173e+02 8.566675e-01
1.669600e+02 -2.181323e+02 8.519417e-01
1.670400e+02 -2.178605e+02 8.461766e-01
1.671200e+02 -2.176270e+02 8.410687e-01
1.672000e+02 -2.174087e+02 8.360754e-01
1.672800e+02 -2.172190e+02 8.307972e-01
1.673600e+02 -2.170719e+02 8.253732e-01
1.674400e+02 -2.169579e+02 8.204147e-01
1.675200e+02 -2.168571e+02 8.159339e-01
1.676000e+02 -2.168192e+02 8.127699e-01
1.676800e+02 -2.167935e+02 8.102301e-01
1.677600e+02 -2.168313e+02 8.085693e-01
1.678400e+02 -2.169388e+02 8.080277e-01
1.679200e+02 -2.171146e+02 8.083163e-01
1.680000e+02 -2.173199e+02 8.094717e-01
1.680800e+02 -2.175677e+02 8.114445e-01
1.681600e+02 -2.178145e+02 8.142974e-01
1.682400e+02 -2.181435e+02 8.174285e-01
1.683200e+02 -2.185055e+02 8.205741e-01
1.684000e+02 -2.189661e+02 8.234834e-01
1.684800e+02 -2.194914e+02 8.266969e-01
1.685600e+02 -2.201115e+02 8.302136e-01
1.686400e+02 -2.207901e+02 8.346255e-01
1.687200e+02 -2.214726e+02 8.404966e-01
1.688000e+02 -2.221606e+02 8.474525e-01
1.688800e+02 -2.228218e+02 8.561078e-01
1.689600e+02 -2.234287e+02 8.657720e-01
1.690400e+02 -2.239670e+02 8.763010e-01
1.691200e+02 -2.244145e+02 8.864845e-01
1.692000e+02 -2.247917e+02 8.962452e-01
1.692800e+02 -2.250748e+02 9.047959e-01
1.693600e+02 -2.253236e+02 9.113346e-01
1.694400e+02 -2.255191e+02 9.159692e-01
1.695200e+02 -2.256223e+02 9.195984e-01
1.696000e+02 -2.257374e+02 9.232635e-01
1.696800e+02 -2.257591e+02 9.264321e-01
1.697600e+02 -2.257404e+02 9.298671e-01
1.698400e+02 -2.257270e+02 9.346358e-01
1.699200e+02 -2.257055e+02 9.411774e-01
1.700000e+02 -2.257200e+02 9.477169e-01
1.700800e+02 -2.257998e+02 9.508636e-01
1.701600e+02 -2.259768e+02 9.504401e-01
1.702400e+02 -2.261535e+02 9.487029e-01
1.703200e+02 -2.262909e+02 9.458800e-01
1.704000e+02 -2.264456e+02 9.413297e-01
1.704800e+02 -2.266624e+02 9.350405e-01
1.705600e+02 -2.269703e+02 9.285633e-01
1.706400e+02 -2.273875e+02 9.234398e-01
1.707200e+02 -2.278156e+02 9.205132e-01
1.708000e+02 -2.282441e+02 9.194868e-01
1.708800e+02 -2.286232e+02 9.191388e-01
1.709600e+02 -2.289806e+02 9.179894e-01
1.710400e+02 -2.293782e+02 9.165083e-01
1.711200e+02 -2.297903e+02 9.140409e-01
1.712000e+02 -2.302226e+02 9.111996e-01
1.712800e+02 -2.306854e+02 9.079172e-01
1.713600e+02 -2.311852e+02 9.041392e-01
1.714400e+02 -2.317276e+02 9.008273e-01
1.715200e+02 -2.322960e+02 8.975854e-01
1.716000e+02 -2.328558e+02 8.940891e-01
1.716800e+02 -2.334663e+02 8.896362e-01
1.717600e+02 -2.340890e+02 8.851657e-01
1.718400e+02 -2.347466e+02 8.806019e-01
1.719200e+02 -2.354351e+02 8.760219e-01
1.720000e+02 -2.361464e+02 8.720621e-01
1.720800e+02 -2.368835e+02 8.690313e-01
1.721600e+02 -2.376398e+02 8.670194e-01
1.722400e+02 -2.384146e+02 8.662577e-01
1.723200e+02 -2.392012e+02 8.665733e-01
1.724000e+02 -2.399816e+02 8.681035e-01
1.724800e+02 -2.407382e+02 8.705269e-01
1.725600e+02 -2.415011e+02 8.737922e-01
1.726400e+02 -2.422330e+02 8.778108e-01
1.727200e+02 -2.429596e+02 8.825513e-01
1.728000e+02 -2.436592e+02 8.877189e-01
1.728800e+02 -2.443118e+02 8.929522e-01
1.729600e+02 -2.449076e+02 8.982016e-01
1.730400e+02 -2.454900e+02 9.031024e-01
1.731200e+02 -2.460137e+02 9.076991e-01
1.732000e+02 -2.465353e+02 9.124822e-01
1.732800e+02 -2.469884e+02 9.167375e-01
1.733600e+02 -2.474575e+02 9.206827e-01
1.734400e+02 -2.479217e+02 9.259301e-01
1.735200e+02 -2.483835e+02 9.322768e-01
1.736000e+02 -2.488747e+02 9.395082e-01
1.736800e+02 -2.493968e+02 9.473707e-01
1.737600e+02 -2.499294e+02 9.560425e-01
1.738400e+02 -2.503802e+02 9.648288e-01
1.739200e+02 -2.507366e+02 9.735314e-01
1.740000e+02 -2.510782e+02 9.814658e-01
1.740800e+02 -2.514322e+02 9.884315e-01
1.741600e+02 -2.518397e+02 9.946925e-01
1.742400e+02 -2.522613e+02 9.996112e-01
1.743200e+02 -2.526612e+02 1.003192e+00
1.744000e+02 -2.530426e+02 1.005731e+00
1.744800e+02 -2.534164e+02 1.007995e+00
1.745600e+02 -2.537304e+02 1.009531e+00
1.746400e+02 -2.540328e+02 1.010299e+00
1.747200e+02 -2.542758e+02 1.010394e+00
1.748000e+02 -2.544793e+02 1.010558e+00
1.748800e+02 -2.545970e+02 1.010706e+00
1.749600e+02 -2.546214e+02 1.010538e+00
1.750400e+02 -2.545814e+02 1.011280e+00
1.751200e+02 -2.544922e+02 1.013060e+00
1.752000e+02 -2.543516e+02 1.014854e+00
1.752800e+02 -2.541643e+02 1.016820e+00
1.753600e+02 -2.539252e+02 1.018026e+00
1.754400e+02 -2.536680e+02 1.018406e+00
1.755200e+02 -2.533674e+02 1.016944e+00
1.756000e+02 -2.530385e+02 1.013646e+00
1.756800e+02 -2.527012e+02 1.008535e+00
1.757600e+02 -2.523422e+02 1.001629e+00
1.758400e+02 -2.519730e+02 9.934870e-01
1.759200e+02 -2.515761e+02 9.842885e-01
1.760000e+02 -2.511313e+02 9.748008e-01
1.760800e+02 -2.506985e+02 9.646396e-01
1.761600e+02 -2.502256e+02 9.548699e-01
1.762400e+02 -2.497548e+02 9.455624e-01
1.763200e+02 -2.492726e+02 9.361509e-01
1.764000e+02 -2.488147e+02 9.269812e-01
1.764800e+02 -2.483577e+02 9.181858e-01
1.765600e+02 -2.479409e+02 9.098526e-01
1.766400e+02 -2.475216e+02 9.011997e-01
1.767200e+02 -2.470722e+02 8.924672e-01
1.768000e+02 -2.466054e+02 8.833615e-01
1.768800e+02 -2.461613e+02 8.742884e-01
1.769600e+02 -2.457212e+02 8.647593e-01
1.770400e+02 -2.452709e+02 8.549977e-01
1.771200e+02 -2.448173e+02 8.450455e-01
1.772000e+02 -2.443652e+02 8.349256e-01
1.772800e+02 -2.439120e+02 8.246748e-01
1.773600e+02 -2.434654e+02 8.144302e-01
1.774400e+02 -2.430151e+02 8.042676e-01
1.775200e+02 -2.425866e+02 7.945474e-01
1.776000e+02 -2.421407e+02 7.850994e-01
1.776800e+02 -2.416885e+02 7.759913e-01
1.777600e+02 -2.412304e+02 7.675047e-01
1.778400e+02 -2.407839e+02 7.594111e-01
1.779200e+02 -2.403244e+02 7.518019e-01
1.780000e+02 -2.398510e+02 7.444838e-01
1.780800e+02 -2.393678e+02 7.374063e-01
1.781600e+02 -2.388842e+02 7.305688e-01
1.782400e+02 -2.384144e+02 7.240453e-01
1.783200e+02 -2.379363e+02 7.177348e-01
1.784000e+02 -2.374686e+02 7.115932e-01
1.784800e+02 -2.370122e+02 7.058949e-01
1.785600e+02 -2.365538e+02 7.002436e-01
1.786400e+02 -2.361201e+02 6.949440e-01
1.787200e+02 -2.356939e+02 6.896928e-01
1.788000e+02 -2.352939e+02 6.846859e-01
1.788800e+02 -2.349069e+02 6.799326e-01
1.789600e+02 -2.345213e+02 6.754032e-01
1.790400e+02 -2.341442e+02 6.709980e-01
1.791200e+02 -2.337583e+02 6.665985e-01
1.792000e+02 -2.333603e+02 6.622509e-01
1.792800e+02 -2.329538e+02 6.579527e-01
1.793600e+02 -2.325320e+02 6.537532e-01
1.794400e+02 -2.320966e+02 6.496046e-01
1.795200e+02 -2.316531e+02 6.454493e-01
1.796000e+02 -2.312071e+02 6.415117e-01
1.796800e+02 -2.307441e+02 6.375472e-01
1.797600e+02 -2.302760e+02 6.336044e-01
1.798400e+02 -2.298159e+02 6.297509e-01
1.799200e+02 -2.293687e+02 6.258479e-01
1.800000e+02 -2.289372e+02 6.221267e-01
1.800800e+02 -2.285091e+02 6.183043e-01
1.801600e+02 -2.280970e+02 6.143639e-01
1.802400e+02 -2.276900e+02 6.103015e-01
1.803200e+02 -2.272911e+02 6.060673e-01
1.804000e+02 -2.268884e+02 6.017203e-01
1.804800e+02 -2.264894e+02 5.972931e-01
1.805600e+02 -2.261010e+02 5.928641e-01
1.806400e+02 -2.257173e+02 5.882986e-01
1.807200e+02 -2.253294e+02 5.836097e-01
1.808000e+02 -2.249379e+02 5.787129e-01
1.808800e+02 -2.245657e+02 5.738120e-01
1.809600e+02 -2.241921e+02 5.685982e-01
1.810400e+02 -2.238087e+02 5.631207e-01
1.811200e+02 -2.234295e+02 5.574309e-01
1.812000e+02 -2.230535e+02 5.515348e-01
1.812800e+02 -2.226771e+02 5.454656e-01
1.813600e+02 -2.223000e+02 5.392165e-01
1.814400e+02 -2.219238e+02 5.328068e-01
1.815200e+02 -2.215441e+02 5.262967e-01
1.816000e+02 -2.211647e+02 5.197304e-01
1.816800e+02 -2.207805e+02 5.131116e-01
1.817600e+02 -2.203893e+02 5.064475e-01
1.818400e+02 -2.199911e+02 4.997679e-01
1.819200e+02 -2.195880e+02 4.931763e-01
1.820000e+02 -2.191836e+02 4.866352e-01
1.820800e+02 -2.187761e+02 4.801832e-01
1.821600e+02 -2.183667e+02 4.738611e-01
1.822400e+02 -2.179551e+02 4.677351e-01
1.823200e+02 -2.175493e+02 4.619068e-01
1.824000e+02 -2.171402e+02 4.563233e-01
1.824800e+02 -2.167326e+02 4.509901e-01
1.825600e+02 -2.163282e+02 4.459021e-01
1.826400e+02 -2.159258e+02 4.410650e-01
1.827200e+02 -2.155187e+02 4.364833e-01
1.828000e+02 -2.151117e+02 4.321441e-01
1.828800e+02 -2.146967e+02 4.280677e-01
1.829600e+02 -2.142714e+02 4.242041e-01
1.830400e+02 -2.138243e+02 4.205470e-01
1.831200e+02 -2.133465e+02 4.171041e-01
1.832000e+02 -2.128421e+02 4.138586e-01
1.832800e+02 -2.123082e+02 4.108082e-01
1.833600e+02 -2.117414e+02 4.079434e-01
1.834400e+02 -2.111338e+02 4.052626e-01
1.835200e+02 -2.104814e+02 4.027278e-01
1.836000e+02 -2.097803e+02 4.003665e-01
1.836800e+02 -2.090347e+02 3.981868e-01
1.837600e+02 -2.082503e+02 3.961951e-01
1.838400e+02 -2.074319e+02 3.944001e-01
1.839200e+02 -2.065909e+02 3.928077e-01
1.840000e+02 -2.057381e+02 3.914610e-01
1.840800e+02 -2.048792e+02 3.903439e-01
1.841600e+02 -2.040065e+02 3.894768e-01
1.842400e+02 -2.031363e+02 3.888960e-01
1.843200e+02 -2.022721e+02 3.886818e-01
1.844000e+02 -2.014177e+02 3.888519e-01
1.844800e+02 -2.005797e+02 3.893575e-01
1.845600e+02 -1.997659e+02 3.903249e-01
1.846400e+02 -1.989721e+02 3.917298e-01
1.847200e+02 -1.982099e+02 3.935875e-01
1.848000e+02 -1.974776e+02 3.959283e-01
1.848800e+02 -1.967746e+02 3.986975e-01
1.849600e+02 -1.961113e+02 4.018718e-01
1.850400e+02 -1.954818e+02 4.054181e-01
1.851200e+02 -1.948771e+02 4.093269e-01
1.852000e+02 -1.942931e+02 4.137123e-01
1.852800e+02 -1.937277e+02 4.185292e-01
1.853600e+02 -1.931846e+02 4.237391e-01
1.854400e+02 -1.926533e+02 4.292707e-01
1.855200e+02 -1.921195e+02 4.351780e-01
1.856000e+02 -1.915974e+02 4.412876e-01
1.856800e+02 -1.910990e+02 4.473207e-01
1.857600e+02 -1.906146e+02 4.530462e-01
1.858400e+02 -1.901616e+02 4.580319e-01
1.859200e+02 -1.897247e+02 4.622562e-01
1.860000e+02 -1.893575e+02 4.650425e-01
1.860800e+02 -1.890215e+02 4.667884e-01
1.861600e+02 -1.887357e+02 4.680804e-01
1.862400e+02 -1.884930e+02 4.693726e-01
1.863200e+02 -1.882910e+02 4.709482e-01
1.864000e+02 -1.881359e+02 4.725841e-01
1.864800e+02 -1.880309e+02 4.743824e-01
1.865600e+02 -1.880075e+02 4.759955e-01
1.866400e+02 -1.880759e+02 4.776108e-01
1.867200e+02 -1.882115e+02 4.796201e-01
1.868000e+02 -1.884112e+02 4.820535e-01
1.868800e+02 -1.886458e+02 4.852160e-01
1.869600e+02 -1.889141e+02 4.890243e-01
1.870400e+02 -1.892436e+02 4.933468e-01
1.871200e+02 -1.895934e+02 4.982674e-01
1.872000e+02 -1.899525e+02 5.035541e-01
1.872800e+02 -1.903436e+02 5.087391e-01
1.873600e+02 -1.907610e+02 5.135636e-01
1.874400e+02 -1.912201e+02 5.180187e-01
1.875200e+02 -1.917234e+02 5.226216e-01
1.876000e+02 -1.922553e+02 5.274625e-01
1.876800e+02 -1.928069e+02 5.320513e-01
1.877600e+02 -1.934026e+02 5.367413e-01
1.878400e+02 -1.940335e+02 5.413566e-01
1.879200e+02 -1.947115e+02 5.461956e-01
1.880000e+02 -1.953816e+02 5.510310e-01
1.880800e+02 -1.960585e+02 5.559340e-01
1.881600e+02 -1.967129e+02 5.604600e-01
1.882400e+02 -1.973527e+02 5.646478e-01
1.883200e+02 -1.979646e+02 5.688484e-01
1.884000e+02 -1.985322e+02 5.738647e-01
1.884800e+02 -1.991046e+02 5.809734e-01
1.885600e+02 -1.996224e+02 5.892572e-01
1.886400e+02 -2.001090e+02 5.976398e-01
1.887200e+02 -2.005794e+02 6.072766e-01
1.888000e+02 -2.010321e+02 6.189516e-01
1.888800e+02 -2.014758e+02 6.313354e-01
1.889600e+02 -2.019151e+02 6.453149e-01
1.890400e+02 -2.023921e+02 6.607332e-01
1.891200e+02 -2.028430e+02 6.767106e-01
1.892000e+02 -2.033247e+02 6.936771e-01
1.892800e+02 -2.038003e+02 7.116632e-01
1.893600e+02 -2.043096e+02 7.313355e-01
1.894400e+02 -2.048436e+02 7.511152e-01
1.895200e+02 -2.053729e+02 7.696722e-01
1.896000e+02 -2.058942e+02 7.856071e-01
1.896800e+02 -2.063960e+02 7.985114e-01
1.897600e+02 -2.069082e+02 8.094049e-01
1.898400e+02 -2.073958e+02 8.211522e-01
1.899200e+02 -2.076867e+02 8.337288e-01
1.900000e+02 -2.076087e+02 8.441539e-01
1.900800e+02 -2.072720e+02 8.478732e-01
1.901600e+02 -2.071608e+02 8.536055e-01
1.902400e+02 -2.071523e+02 8.584725e-01
1.903200e+02 -2.072948e+02 8.609364e-01
1.904000e+02 -2.074970e+02 8.615619e-01
1.904800e+02 -2.077826e+02 8.614834e-01
1.905600e+02 -2.080390e+02 8.619477e-01
1.906400e+02 -2.082666e+02 8.639709e-01
1.907200e+02 -2.083819e+02 8.652646e-01
1.908000e+02 -2.084396e+02 8.642257e-01
1.908800e+02 -2.084441e+02 8.611157e-01
1.909600e+02 -2.084182e+02 8.565001e-01
1.910400e+02 -2.084412e+02 8.511617e-01
1.911200e+02 -2.084945e+02 8.460872e-01
1.912000e+02 -2.085947e+02 8.418487e-01
1.912800e+02 -2.087157e+02 8.389330e-01
1.913600e+02 -2.088921e+02 8.373093e-01
1.914400e+02 -2.090782e+02 8.370973e-01
1.915200e+02 -2.093000e+02 8.383806e-01
1.916000e+02 -2.095412e+02 8.407647e-01
1.916800e+02 -2.098008e+02 8.448378e-01
1.917600e+02 -2.101124e+02 8.505880e-01
1.918400e+02 -2.104647e+02 8.569212e-01
1.919200e+02 -2.108461e+02 8.630985e-01
1.920000e+02 -2.111764e+02 8.662415e-01
1.920800e+02 -2.114869e+02 8.652951e-01
1.921600e+02 -2.117650e+02 8.621791e-01
1.922400e+02 -2.119758e+02 8.568603e-01
1.923200e+02 -2.121940e+02 8.513961e-01
1.924000e+02 -2.124339e+02 8.468989e-01
1.924800e+02 -2.127494e+02 8.435207e-01
1.925600e+02 -2.130999e+02 8.405903e-01
1.926400e+02 -2.135166e+02 8.378058e-01
1.927200e+02 -2.139647e+02 8.341953e-01
1.928000e+02 -2.144245e+02 8.301831e-01
1.928800e+02 -2.148739e+02 8.281749e-01
1.929600e+02 -2.153072e+02 8.290064e-01
1.930400e+02 -2.157065e+02 8.306811e-01
1.931200e+02 -2.160216e+02 8.307612e-01
1.932000e+02 -2.162258e+02 8.284374e-01
1.932800e+02 -2.164293e+02 8.245419e-01
1.933600e+02 -2.166310e+02 8.201263e-01
1.934400e+02 -2.168468e+02 8.156442e-01
1.935200e+02 -2.170986e+02 8.110371e-01
1.936000e+02 -2.173959e+02 8.068956e-01
1.936800e+02 -2.177356e+02 8.036123e-01
1.937600e+02 -2.181191e+02 8.020382e-01
1.938400e+02 -2.185328e+02 8.025123e-01
1.939200e+02 -2.189628e+02 8.045445e-01
1.940000e+02 -2.193977e+02 8.080450e-01
1.940800e+02 -2.198230e+02 8.122115e-01
1.941600e+02 -2.202571e+02 8.169024e-01
1.942400e+02 -2.207127e+02 8.219453e-01
1.943200e+02 -2.211571e+02 8.271446e-01
1.944000e+02 -2.215980e+02 8.320671e-01
1.944800e+02 -2.220096e+02 8.366557e-01
1.945600e+02 -2.224341e+02 8.408183e-01
1.946400e+02 -2.228449e+02 8.446236e-01
1.947200e+02 -2.232594e+02 8.482466e-01
1.948000e+02 -2.236564e+02 8.516782e-01
1.948800e+02 -2.240614e+02 8.548247e-01
1.949600e+02 -2.244101e+02 8.578549e-01
1.950400e+02 -2.247332e+02 8.603075e-01
1.951200e+02 -2.250626e+02 8.625318e-01
1.952000e+02 -2.253591e+02 8.652471e-01
1.952800e+02 -2.256016e+02 8.670732e-01
1.953600e+02 -2.258466e+02 8.682296e-01
1.954400e+02 -2.261021e+02 8.693859e-01
1.955200e+02 -2.263579e+02 8.712398e-01
1.956000e+02 -2.266627e+02 8.734696e-01
1.956800e+02 -2.269678e+02 8.761208e-01
1.957600e+02 -2.273047e+02 8.793331e-01
1.958400e+02 -2.276520e+02 8.831008e-01
1.959200e+02 -2.280001e+02 8.868291e-01
1.960000e+02 -2.283614e+02 8.903889e-01
1.960800e+02 -2.287038e+02 8.939653e-01
1.961600e+02 -2.290522e+02 8.977337e-01
1.962400e+02 -2.293767e+02 9.011573e-01
1.963200e+02 -2.296961e+02 9.043204e-01
1.964000e+02 -2.300053e+02 9.064347e-01
1.964800e+02 -2.303041e+02 9.073844e-01
1.965600e+02 -2.305915e+02 9.077503e-01
1.966400e+02 -2.308649e+02 9.071283e-01
1.967200e+02 -2.311255e+02 9.058740e-01
1.968000e+02 -2.313816e+02 9.040376e-01
1.968800e+02 -2.316414e+02 9.014947e-01
1.969600e+02 -2.319239e+02 8.985466e-01
1.970400e+02 -2.321975e+02 8.951760e-01
1.971200e+02 -2.324511e+02 8.915604e-01
1.972000e+02 -2.327326e+02 8.881406e-01
1.972800e+02 -2.330051e+02 8.847178e-01
1.973600e+02 -2.332731e+02 8.813502e-01
1.974400e+02 -2.335478e+02 8.784743e-01
1.975200e+02 -2.338403e+02 8.758513e-01
1.976000e+02 -2.341270e+02 8.735537e-01
1.976800e+02 -2.344113e+02 8.716282e-01
1.977600e+02 -2.346968e+02 8.700136e-01
1.978400e+02 -2.349823e+02 8.686426e-01
1.979200e+02 -2.352633e+02 8.674563e-01
1.980000e+02 -2.355406e+02 8.665219e-01
1.980800e+02 -2.358155e+02 8.655133e-01
1.981600e+02 -2.360697e+02 8.644194e-01
1.982400e+02 -2.363401e+02 8.633535e-01
1.983200e+02 -2.366074e+02 8.620927e-01
1.984000e+02 -2.368722e+02 8.606589e-01
1.984800e+02 -2.371251e+02 8.590433e-01
1.985600e+02 -2.373847e+02 8.570979e-01
1.986400e+02 -2.376379e+02 8.550247e-01
1.987200e+02 -2.378905e+02 8.527977e-01
1.988000e+02 -2.381344e+02 8.505515e-01
1.988800e+02 -2.383598e+02 8.481834e-01
1.989600e+02 -2.385563e+02 8.458987e-01
1.990400e+02 -2.387235e+02 8.436226e-01
1.991200e+02 -2.388385e+02 8.411453e-01
1.992000e+02 -2.389306e+02 8.383493e-01
1.992800e+02 -2.389806e+02 8.352410e-01
1.993600e+02 -2.390153e+02 8.317738e-01
1.994400e+02 -2.390397e+02 8.281298e-01
1.995200e+02 -2.390735e+02 8.243757e-01
1.996000e+02 -2.391272e+02 8.205557e-01
1.996800e+02 -2.392084e+02 8.167123e-01
1.997600e+02 -2.393076e+02 8.127927e-01
1.998400e+02 -2.394368e+02 8.088123e-01
1.999200e+02 -2.395742e+02 8.047928e-01
2.000000e+02 -2.397234e+02 8.007933e-01
2.000800e+02 -2.398793e+02 7.967500e-01
2.001600e+02 -2.400353e+02 7.928123e-01
2.002400e+02 -2.402003e+02 7.888702e-01
2.003200e+02 -2.403640e+02 7.848874e-01
2.004000e+02 -2.405260e+02 7.808872e-01
2.004800e+02 -2.406803e+02 7.769067e-01
2.005600e+02 -2.408328e+02 7.728887e-01
2.006400e+02 -2.409842e+02 7.688903e-01
2.007200e+02 -2.411326e+02 7.649967e-01
2.008000e+02 -2.412687e+02 7.610154e-01
2.008800e+02 -2.414006e+02 7.569315e-01
2.009600e+02 -2.415262e+02 7.527168e-01
2.010400e+02 -2.416533e+02 7.485027e-01
2.011200e+02 -2.417705e+02 7.440561e-01
2.012000e+02 -2.418783e+02 7.394035e-01
2.012800e+02 -2.419672e+02 7.346426e-01
2.013600e+02 -2.420418e+02 7.296387e-01
2.014400e+02 -2.420974e+02 7.243290e-01
2.015200e+02 -2.421349e+02 7.188007e-01
2.016000e+02 -2.421589e+02 7.130520e-01
2.016800e+02 -2.421834e+02 7.071129e-01
2.017600e+02 -2.422041e+02 7.011733e-01
2.018400e+02 -2.422425e+02 6.955127e-01
2.019200e+02 -2.422844e+02 6.899387e-01
2.020000e+02 -2.423458e+02 6.845343e-01
2.020800e+02 -2.424296e+02 6.792778e-01
2.021600e+02 -2.425279e+02 6.743432e-01
2.022400e+02 -2.426027e+02 6.696321e-01
2.023200e+02 -2.425684e+02 6.651195e-01
2.024000e+02 -2.423919e+02 6.607363e-01
2.024800e+02 -2.420727e+02 6.564308e-01
2.025600e+02 -2.416429e+02 6.522517e-01
2.026400e+02 -2.411289e+02 6.480634e-01
2.027200e+02 -2.405759e+02 6.440004e-01
2.028000e+02 -2.400113e+02 6.401347e-01
2.028800e+02 -2.394825e+02 6.364154e-01
2.029600e+02 -2.390230e+02 6.329350e-01
2.030400e+02 -2.386652e+02 6.298172e-01
2.031200e+02 -2.384437e+02 6.270519e-01
2.032000e+02 -2.383956e+02 6.246046e-01
2.032800e+02 -2.384833e+02 6.224191e-01
2.033600e+02 -2.386341e+02 6.205206e-01
2.034400e+02 -2.387962e+02 6.188127e-01
2.035200e+02 -2.389562e+02 6.172128e-01
2.036000e+02 -2.391097e+02 6.156560e-01
2.036800e+02 -2.392518e+02 6.140805e-01
2.037600e+02 -2.393752e+02 6.124619e-01
2.038400e+02 -2.394828e+02 6.107093e-01
2.039200e+02 -2.395788e+02 6.089149e-01
2.040000e+02 -2.396648e+02 6.070841e-01
2.040800e+02 -2.397410e+02 6.051551e-01
2.041600e+02 -2.398080e+02 6.029708e-01
2.042400e+02 -2.398592e+02 6.005472e-01
2.043200e+02 -2.398966e+02 5.979092e-01
2.044000e+02 -2.399247e+02 5.951368e-01
2.044800e+02 -2.399438e+02 5.920514e-01
2.045600e+02 -2.399556e+02 5.887288e-01
2.046400e+02 -2.399605e+02 5.851467e-01
2.047200e+02 -2.399543e+02 5.813600e-01
2.048000e+02 -2.399239e+02 5.774323e-01
2.048800e+02 -2.398666e+02 5.732714e-01
2.049600e+02 -2.397844e+02 5.689567e-01
2.050400e+02 -2.396882e+02 5.646682e-01
2.051200e+02 -2.395819e+02 5.603272e-01
2.052000e+02 -2.394585e+02 5.558173e-01
2.052800e+02 -2.393331e+02 5.512188e-01
2.053600e+02 -2.392099e+02 5.465375e-01
2.054400e+02 -2.390807e+02 5.417590e-01
2.055200e+02 -2.389530e+02 5.369106e-01
2.056000e+02 -2.388311e+02 5.320347e-01
2.056800e+02 -2.387098e+02 5.271779e-01
2.057600e+02 -2.385925e+02 5.223283e-01
2.058400e+02 -2.384695e+02 5.173558e-01
2.059200e+02 -2.383332e+02 5.123740e-01
2.060000e+02 -2.381628e+02 5.074529e-01
2.060800e+02 -2.379434e+02 5.025140e-01
2.061600e+02 -2.376459e+02 4.975213e-01
2.062400e+02 -2.372521e+02 4.924431e-01
2.063200e+02 -2.367473e+02 4.873464e-01
2.064000e+02 -2.361521e+02 4.821391e-01
2.064800e+02 -2.354849e+02 4.768025e-01
2.065600e+02 -2.347638e+02 4.713985e-01
2.066400e+02 -2.340092e+02 4.659568e-01
2.067200e+02 -2.332440e+02 4.604961e-01
2.068000e+02 -2.324632e+02 4.550678e-01
2.068800e+02 -2.316972e+02 4.497273e-01
2.069600e+02 -2.309615e+02 4.445315e-01
2.070400e+02 -2.302834e+02 4.395653e-01
2.071200e+02 -2.296976e+02 4.349070e-01
2.072000e+02 -2.292027e+02 4.304926e-01
2.072800e+02 -2.288323e+02 4.263433e-01
2.073600e+02 -2.285556e+02 4.224575e-01
2.074400e+02 -2.283347e+02 4.187796e-01
2.075200e+02 -2.281414e+02 4.153164e-01
2.076000e+02 -2.279540e+02 4.119969e-01
2.076800e+02 -2.277619e+02 4.088576e-01
2.077600e+02 -2.275629e+02 4.058807e-01
2.078400e+02 -2.273623e+02 4.030868e-01
2.079200e+02 -2.271566e+02 4.004394e-01
2.080000e+02 -2.269517e+02 3.979137e-01
2.080800e+02 -2.267513e+02 3.955793e-01
2.081600e+02 -2.265549e+02 3.933855e-01
2.082400e+02 -2.263648e+02 3.913782e-01
2.083200e+02 -2.261790e+02 3.895562e-01
2.084000e+02 -2.259944e+02 3.879203e-01
2.084800e+02 -2.258141e+02 3.864571e-01
2.085600e+02 -2.256352e+02 3.851638e-01
2.086400e+02 -2.254563e+02 3.840725e-01
2.087200e+02 -2.252750e+02 3.831826e-01
2.088000e+02 -2.250906e+02 3.825015e-01
2.088800e+02 -2.249012e+02 3.820434e-01
2.089600e+02 -2.247070e+02 3.818079e-01
2.090400e+02 -2.245086e+02 3.817887e-01
2.091200e+02 -2.243066e+02 3.819801e-01
2.092000e+02 -2.240961e+02 3.824315e-01
2.092800e+02 -2.238804e+02 3.831372e-01
2.093600e+02 -2.236585e+02 3.841270e-01
2.094400e+02 -2.234271e+02 3.854406e-01
2.095200e+02 -2.231896e+02 3.870609e-01
2.096000e+02 -2.229428e+02 3.890271e-01
2.096800e+02 -2.226873e+02 3.913476e-01
2.097600e+02 -2.224203e+02 3.940276e-01
2.098400e+02 -2.221377e+02 3.970359e-01
2.099200e+02 -2.218422e+02 4.003841e-01
2.100000e+02 -2.215418e+02 4.041061e-01
2.100800e+02 -2.212341e+02 4.082362e-01
2.101600e+02 -2.209186e+02 4.128296e-01
2.102400e+02 -2.205889e+02 4.178153e-01
2.103200e+02 -2.202585e+02 4.232542e-01
2.104000e+02 -2.199211e+02 4.292105e-01
2.104800e+02 -2.195785e+02 4.354250e-01
2.105600e+02 -2.192440e+02 4.418072e-01
2.106400e+02 -2.189095e+02 4.481822e-01
2.107200e+02 -2.185784e+02 4.544243e-01
2.108000e+02 -2.182662e+02 4.604493e-01
2.108800e+02 -2.179573e+02 4.659474e-01
2.109600e+02 -2.176713e+02 4.705808e-01
2.110400e+02 -2.174269e+02 4.736969e-01
2.111200e+02 -2.172326e+02 4.755983e-01
2.112000e+02 -2.171024e+02 4.770084e-01
2.112800e+02 -2.169859e+02 4.790480e-01
2.113600e+02 -2.168794e+02 4.817921e-01
2.114400e+02 -2.168679e+02 4.841699e-01
2.115200e+02 -2.168838e+02 4.867646e-01
2.116000e+02 -2.169293e+02 4.899126e-01
2.116800e+02 -2.170349e+02 4.938633e-01
2.117600e+02 -2.171423e+02 4.986109e-01
2.118400e+02 -2.172628e+02 5.034066e-01
2.119200e+02 -2.174001e+02 5.083267e-01
2.120000e+02 -2.175364e+02 5.130047e-01
2.120800e+02 -2.177153e+02 5.170465e-01
2.121600e+02 -2.179035e+02 5.212851e-01
2.122400e+02 -2.181361e+02 5.255791e-01
2.123200e+02 -2.183966e+02 5.299374e-01
2.124000e+02 -2.186813e+02 5.345191e-01
2.124800e+02 -2.190038e+02 5.392164e-01
2.125600e+02 -2.193767e+02 5.439561e-01
2.126400e+02 -2.198245e+02 5.483866e-01
2.127200e+02 -2.203077e+02 5.526075e-01
2.128000e+02 -2.208200e+02 5.565941e-01
2.128800e+02 -2.213681e+02 5.605533e-01
2.129600e+02 -2.219772e+02 5.648293e-01
2.130400e+02 -2.226243e+02 5.696328e-01
2.131200e+02 -2.232892e+02 5.745806e-01
2.132000e+02 -2.240280e+02 5.800419e-01
2.132800e+02 -2.248365e+02 5.869665e-01
2.133600e+02 -2.256749e+02 5.950210e-01
2.134400e+02 -2.265543e+02 6.044744e-01
2.135200e+02 -2.274257e+02 6.148792e-01
2.136000e+02 -2.283472e+02 6.267174e-01
2.136800e+02 -2.292386e+02 6.390632e-01
2.137600e+02 -2.301085e+02 6.515475e-01
2.138400e+02 -2.310032e+02 6.656826e-01
2.139200e+02 -2.318843e+02 6.809765e-01
2.140000e+02 -2.327546e+02 6.972755e-01
2.140800e+02 -2.335552e+02 7.129930e-01
2.141600e+02 -2.342710e+02 7.284375e-01
2.142400e+02 -2.349825e+02 7.423227e-01
2.143200e+02 -2.356861e+02 7.558910e-01
2.144000e+02 -2.364953e+02 7.706190e-01
2.144800e+02 -2.373359e+02 7.861068e-01
2.145600e+02 -2.381226e+02 8.006790e-01
2.146400e+02 -2.389895e+02 8.160008e-01
2.147200e+02 -2.398585e+02 8.317252e-01
2.148000e+02 -2.407320e+02 8.469884e-01
2.148800e+02 -2.416604e+02 8.608050e-01
2.149600e+02 -2.426146e+02 8.729360e-01
2.150400e+02 -2.434824e+02 8.852739e-01
2.151200e+02 -2.441388e+02 8.987285e-01
2.152000e+02 -2.444408e+02 9.104068e-01
2.152800e+02 -2.444488e+02 9.188149e-01
2.153600e+02 -2.444338e+02 9.273902e-01
2.154400e+02 -2.443961e+02 9.384277e-01
2.155200e+02 -2.443734e+02 9.498538e-01
2.156000e+02 -2.443217e+02 9.602684e-01
2.156800e+02 -2.440770e+02 9.681034e-01
2.157600e+02 -2.437395e+02 9.744131e-01
2.158400e+02 -2.434117e+02 9.813514e-01
2.159200e+02 -2.431046e+02 9.881223e-01
2.160000e+02 -2.428817e+02 9.945113e-01
2.160800e+02 -2.427280e+02 9.989099e-01
2.161600e+02 -2.426185e+02 1.001612e+00
2.162400e+02 -2.426043e+02 1.002110e+00
2.163200e+02 -2.426241e+02 9.994896e-01
2.164000e+02 -2.427472e+02 9.931539e-01
2.164800e+02 -2.429898e+02 9.834319e-01
2.165600e+02 -2.433486e+02 9.715989e-01
2.166400e+02 -2.438213e+02 9.599057e-01
2.167200e+02 -2.443055e+02 9.514511e-01
2.168000e+02 -2.448023e+02 9.455178e-01
2.168800e+02 -2.453119e+02 9.385491e-01
2.169600e+02 -2.457824e+02 9.280927e-01
2.170400e+02 -2.462570e+02 9.166636e-01
2.171200e+02 -2.467485e+02 9.091228e-01
2.172000e+02 -2.471810e+02 9.054409e-01
2.172800e+02 -2.475576e+02 9.033151e-01
2.173600e+02 -2.479337e+02 9.005623e-01
2.174400e+02 -2.482800e+02 8.963855e-01
2.175200e+02 -2.486255e+02 8.916679e-01
2.176000e+02 -2.489739e+02 8.876591e-01
2.176800e+02 -2.492979e+02 8.840583e-01
2.177600e+02 -2.495873e+02 8.811341e-01
2.178400e+02 -2.498508e+02 8.793817e-01
2.179200e+02 -2.500559e+02 8.784943e-01
2.180000e+02 -2.502159e+02 8.785590e-01
2.180800e+02 -2.502826e+02 8.786642e-01
2.181600e+02 -2.503361e+02 8.791110e-01
2.182400e+02 -2.504137e+02 8.801166e-01
2.183200e+02 -2.504504e+02 8.819600e-01
2.184000e+02 -2.505106e+02 8.846785e-01
2.184800e+02 -2.505910e+02 8.875498e-01
2.185600e+02 -2.507022e+02 8.905455e-01
2.186400e+02 -2.508245e+02 8.928743e-01
2.187200e+02 -2.509577e+02 8.942850e-01
2.188000e+02 -2.511286e+02 8.950692e-01
2.188800e+02 -2.513104e+02 8.950786e-01
2.189600e+02 -2.515122e+02 8.955048e-01
2.190400e+02 -2.517545e+02 8.954947e-01
2.191200e+02 -2.520141e+02 8.939867e-01
2.192000e+02 -2.522926e+02 8.910562e-01
2.192800e+02 -2.525716e+02 8.874610e-01
2.193600e+02 -2.528420e+02 8.836484e-01
2.194400e+02 -2.531124e+02 8.799571e-01
2.195200e+02 -2.533877e+02 8.761688e-01
2.196000e+02 -2.536400e+02 8.726066e-01
2.196800e+02 -2.539004e+02 8.688685e-01
2.197600e+02 -2.541563e+02 8.649700e-01
2.198400e+02 -2.543776e+02 8.612572e-01
2.199200e+02 -2.545858e+02 8.575642e-01
2.200000e+02 -2.547865e+02 8.538714e-01
2.200800e+02 -2.549771e+02 8.503469e-01
2.201600e+02 -2.551617e+02 8.470493e-01
2.202400e+02 -2.553389e+02 8.440788e-01
2.203200e+02 -2.554906e+02 8.413881e-01
2.204000e+02 -2.556064e+02 8.389171e-01
2.204800e+02 -2.556968e+02 8.367965e-01
2.205600e+02 -2.557434e+02 8.350690e-01
2.206400e+02 -2.557449e+02 8.338706e-01
2.207200e+02 -2.557228e+02 8.329298e-01
2.208000e+02 -2.556851e+02 8.322368e-01
2.208800e+02 -2.556470e+02 8.314659e-01
2.209600e+02 -2.556118e+02 8.308851e-01
2.210400e+02 -2.555875e+02 8.304109e-01
2.211200e+02 -2.555757e+02 8.302353e-01
2.212000e+02 -2.555884e+02 8.297029e-01
2.212800e+02 -2.556274e+02 8.290595e-01
2.213600e+02 -2.556913e+02 8.281739e-01
2.214400e+02 -2.557883e+02 8.268354e-01
2.215200e+02 -2.559065e+02 8.251430e-01
2.216000e+02 -2.560352e+02 8.230857e-01
2.216800e+02 -2.561804e+02 8.206147e-01
2.217600e+02 -2.563398e+02 8.176688e-01
2.218400e+02 -2.565149e+02 8.144512e-01
2.219200e+02 -2.566931e+02 8.108752e-01
2.220000e+02 -2.568950e+02 8.068378e-01
2.220800e+02 -2.570897e+02 8.026479e-01
2.221600e+02 -2.572893e+02 7.983337e-01
2.222400e+02 -2.574815e+02 7.938175e-01
2.223200e+02 -2.576887e+02 7.890505e-01
2.224000e+02 -2.578796e+02 7.843736e-01
2.224800e+02 -2.580788e+02 7.796804e-01
2.225600e+02 -2.582912e+02 7.749381e-01
2.226400e+02 -2.584979e+02 7.704434e-01
2.227200e+02 -2.587023e+02 7.661541e-01
2.228000e+02 -2.589123e+02 7.621634e-01
2.228800e+02 -2.591244e+02 7.584704e-01
2.229600e+02 -2.593269e+02 7.550294e-01
2.230400e+02 -2.595186e+02 7.518427e-01
2.231200e+02 -2.597057e+02 7.489648e-01
2.232000e+02 -2.598686e+02 7.463371e-01
2.232800e+02 -2.599833e+02 7.439880e-01
2.233600e+02 -2.599635e+02 7.416841e-01
2.234400e+02 -2.596060e+02 7.392203e-01
2.235200e+02 -2.587776e+02 7.362511e-01
2.236000e+02 -2.575760e+02 7.324552e-01
2.236800e+02 -2.562316e+02 7.282376e-01
2.237600e+02 -2.549559e+02 7.237830e-01
2.238400e+02 -2.540001e+02 7.197486e-01
2.239200e+02 -2.534092e+02 7.160970e-01
2.240000e+02 -2.530380e+02 7.127313e-01
2.240800e+02 -2.527552e+02 7.095954e-01
2.241600e+02 -2.525018e+02 7.066733e-01
2.242400e+02 -2.522644e+02 7.038796e-01
2.243200e+02 -2.520439e+02 7.010455e-01
2.244000e+02 -2.518448e+02 6.983505e-01
2.244800e+02 -2.516525e+02 6.958106e-01
2.245600e+02 -2.514681e+02 6.935038e-01
2.246400e+02 -2.512590e+02 6.913490e-01
2.247200e+02 -2.510144e+02 6.893070e-01
2.248000e+02 -2.507209e+02 6.871812e-01
2.248800e+02 -2.503949e+02 6.851476e-01
2.249600e+02 -2.500330e+02 6.832751e-01
2.250400e+02 -2.496296e+02 6.812629e-01
2.251200e+02 -2.492076e+02 6.794451e-01
2.252000e+02 -2.487608e+02 6.776217e-01
2.252800e+02 -2.483079e+02 6.758542e-01
2.253600e+02 -2.478473e+02 6.741175e-01
2.254400e+02 -2.473796e+02 6.723900e-01
2.255200e+02 -2.468927e+02 6.708167e-01
2.256000e+02 -2.464055e+02 6.692131e-01
2.256800e+02 -2.459097e+02 6.676385e-01
2.257600e+02 -2.454109e+02 6.660459e-01
2.258400e+02 -2.449163e+02 6.644551e-01
2.259200e+02 -2.444235e+02 6.628679e-01
2.260000e+02 -2.439295e+02 6.611858e-01
2.260800e+02 -2.434363e+02 6.596234e-01
2.261600e+02 -2.429468e+02 6.581542e-01
2.262400e+02 -2.424565e+02 6.567636e-01
2.263200e+02 -2.419617e+02 6.554700e-01
2.264000e+02 -2.414786e+02 6.542583e-01
2.264800e+02 -2.409902e+02 6.530107e-01
2.265600e+02 -2.405016e+02 6.517736e-01
2.266400e+02 -2.400127e+02 6.505451e-01
2.267200e+02 -2.395334e+02 6.492798e-01
2.268000e+02 -2.390582e+02 6.480173e-01
2.268800e+02 -2.385856e+02 6.467521e-01
2.269600e+02 -2.381147e+02 6.454783e-01
2.270400e+02 -2.376486e+02 6.441793e-01
2.271200e+02 -2.371914e+02 6.429888e-01
2.272000e+02 -2.367372e+02 6.417865e-01
2.272800e+02 -2.362810e+02 6.405277e-01
2.273600e+02 -2.358311e+02 6.392174e-01
2.274400e+02 -2.353827e+02 6.378679e-01
2.275200e+02 -2.349391e+02 6.364988e-01
2.276000e+02 -2.345008e+02 6.351476e-01
2.276800e+02 -2.340777e+02 6.337662e-01
2.277600e+02 -2.336601e+02 6.323856e-01
2.278400e+02 -2.332522e+02 6.311598e-01
2.279200e+02 -2.328473e+02 6.299900e-01
2.280000e+02 -2.324535e+02 6.287766e-01
2.280800e+02 -2.320635e+02 6.277139e-01
2.281600e+02 -2.316758e+02 6.267195e-01
2.282400e+02 -2.312943e+02 6.258138e-01
2.283200e+02 -2.309167e+02 6.250371e-01
2.284000e+02 -2.305452e+02 6.244274e-01
2.284800e+02 -2.301767e+02 6.240018e-01
2.285600e+02 -2.298159e+02 6.237885e-01
2.286400e+02 -2.294606e+02 6.237873e-01
2.287200e+02 -2.291059e+02 6.239778e-01
2.288000e+02 -2.287598e+02 6.243908e-01
2.288800e+02 -2.284187e+02 6.250223e-01
2.289600e+02 -2.280800e+02 6.258658e-01
2.290400e+02 -2.277483e+02 6.269158e-01
2.291200e+02 -2.274129e+02 6.281548e-01
2.292000e+02 -2.270699e+02 6.295735e-01
2.292800e+02 -2.267076e+02 6.311396e-01
2.293600e+02 -2.263175e+02 6.328203e-01
2.294400e+02 -2.259027e+02 6.346103e-01
2.295200e+02 -2.254611e+02 6.363668e-01
2.296000e+02 -2.250018e+02 6.381914e-01
2.296800e+02 -2.244999e+02 6.400805e-01
2.297600e+02 -2.239417e+02 6.419622e-01
2.298400e+02 -2.233172e+02 6.436183e-01
2.299200e+02 -2.226430e+02 6.452624e-01
2.300000e+02 -2.219068e+02 6.468159e-01
2.300800e+02 -2.211108e+02 6.483402e-01
2.301600e+02 -2.202849e+02 6.498175e-01
2.302400e+02 -2.194153e+02 6.513154e-01
2.303200e+02 -2.185379e+02 6.527594e-01
2.304000e+02 -2.176388e+02 6.542481e-01
2.304800e+02 -2.167114e+02 6.555955e-01
2.305600e+02 -2.157701e+02 6.568596e-01
2.306400e+02 -2.148282e+02 6.582010e-01
2.307200e+02 -2.138826e+02 6.596536e-01
2.308000e+02 -2.129422e+02 6.611792e-01
2.308800e+02 -2.120094e+02 6.627683e-01
2.309600e+02 -2.110929e+02 6.644475e-01
2.310400e+02 -2.101941e+02 6.661318e-01
2.311200e+02 -2.093132e+02 6.678315e-01
2.312000e+02 -2.084600e+02 6.696438e-01
2.312800e+02 -2.076331e+02 6.717528e-01
2.313600e+02 -2.068518e+02 6.739878e-01
2.314400e+02 -2.061108e+02 6.765271e-01
2.315200e+02 -2.054155e+02 6.795844e-01
2.316000e+02 -2.047715e+02 6.830065e-01
2.316800e+02 -2.041876e+02 6.868749e-01
2.317600e+02 -2.036635e+02 6.912043e-01
2.318400e+02 -2.032022e+02 6.960195e-01
2.319200e+02 -2.027997e+02 7.011466e-01
2.320000e+02 -2.024495e+02 7.065513e-01
2.320800e+02 -2.021283e+02 7.120631e-01
2.321600e+02 -2.018611e+02 7.176675e-01
2.322400e+02 -2.016302e+02 7.235938e-01
2.323200e+02 -2.014087e+02 7.294672e-01
2.324000e+02 -2.012066e+02 7.355013e-01
2.324800e+02 -2.010221e+02 7.417174e-01
2.325600e+02 -2.008447e+02 7.477370e-01
2.326400e+02 -2.007004e+02 7.539977e-01
2.327200e+02 -2.005651e+02 7.605287e-01
2.328000e+02 -2.004473e+02 7.670579e-01
2.328800e+02 -2.003494e+02 7.736909e-01
2.329600e+02 -2.002677e+02 7.803710e-01
2.330400e+02 -2.002031e+02 7.870935e-01
2.331200e+02 -2.001757e+02 7.938558e-01
2.332000e+02 -2.001746e+02 8.006391e-01
2.332800e+02 -2.001848e+02 8.073693e-01
2.333600e+02 -2.002029e+02 8.139599e-01
2.334400e+02 -2.002426e+02 8.203136e-01
2.335200e+02 -2.002963e+02 8.264018e-01
2.336000e+02 -2.003644e+02 8.321023e-01
2.336800e+02 -2.004329e+02 8.373459e-01
2.337600e+02 -2.005290e+02 8.421039e-01
2.338400e+02 -2.006336e+02 8.464381e-01
2.339200e+02 -2.007481e+02 8.502436e-01
2.340000e+02 -2.008816e+02 8.536595e-01
2.340800e+02 -2.010268e+02 8.566475e-01
2.341600e+02 -2.011952e+02 8.591888e-01
2.342400e+02 -2.013710e+02 8.614370e-01
2.343200e+02 -2.015542e+02 8.634335e-01
2.344000e+02 -2.017439e+02 8.650221e-01
2.344800e+02 -2.019331e+02 8.664748e-01
2.345600e+02 -2.021269e+02 8.676723e-01
2.346400e+02 -2.023168e+02 8.687425e-01
2.347200e+02 -2.024976e+02 8.695869e-01
2.348000e+02 -2.026651e+02 8.701084e-01
2.348800e+02 -2.028174e+02 8.702887e-01
2.349600e+02 -2.029448e+02 8.700324e-01
2.350400e+02 -2.030418e+02 8.693215e-01
2.351200e+02 -2.031122e+02 8.683665e-01
2.352000e+02 -2.031559e+02 8.671400e-01
2.352800e+02 -2.031680e+02 8.656757e-01
2.353600e+02 -2.031425e+02 8.639764e-01
2.354400e+02 -2.030976e+02 8.620581e-01
2.355200e+02 -2.030240e+02 8.600898e-01
2.356000e+02 -2.029286e+02 8.579921e-01
2.356800e+02 -2.028168e+02 8.558176e-01
2.357600e+02 -2.026947e+02 8.535080e-01
2.358400e+02 -2.025684e+02 8.512604e-01
2.359200e+02 -2.024424e+02 8.490093e-01
2.360000e+02 -2.023023e+02 8.467798e-01
2.360800e+02 -2.021682e+02 8.446839e-01
2.361600e+02 -2.020476e+02 8.425810e-01
2.362400e+02 -2.019390e+02 8.406072e-01
2.363200e+02 -2.018351e+02 8.388030e-01
2.364000e+02 -2.017430e+02 8.371400e-01
2.364800e+02 -2.016521e+02 8.355505e-01
2.365600e+02 -2.015822e+02 8.340788e-01
2.366400e+02 -2.015267e+02 8.326925e-01
2.367200e+02 -2.014799e+02 8.315389e-01
2.368000e+02 -2.014479e+02 8.305362e-01
2.368800e+02 -2.014362e+02 8.297203e-01
2.369600e+02 -2.014505e+02 8.291101e-01
2.370400e+02 -2.014706e+02 8.286834e-01
2.371200e+02 -2.014999e+02 8.285154e-01
2.372000e+02 -2.015461e+02 8.284436e-01
2.372800e+02 -2.015980e+02 8.286219e-01
2.373600e+02 -2.016652e+02 8.287708e-01
2.374400e+02 -2.017322e+02 8.290615e-01
2.375200e+02 -2.017941e+02 8.292942e-01
2.376000e+02 -2.018696e+02 8.295430e-01
2.376800e+02 -2.019460e+02 8.298544e-01
2.377600e+02 -2.020215e+02 8.303090e-01
2.378400e+02 -2.021084e+02 8.308976e-01
2.379200e+02 -2.021901e+02 8.315101e-01
2.380000e+02 -2.022654e+02 8.322244e-01
2.380800e+02 -2.023353e+02 8.327411e-01
2.381600e+02 -2.024082e+02 8.329587e-01
2.382400e+02 -2.024754e+02 8.331919e-01
2.383200e+02 -2.025371e+02 8.331095e-01
2.384000e+02 -2.025932e+02 8.327820e-01
2.384800e+02 -2.026508e+02 8.321127e-01
2.385600e+02 -2.027046e+02 8.312260e-01
2.386400e+02 -2.027320e+02 8.298867e-01
2.387200e+02 -2.027512e+02 8.283428e-01
2.388000e+02 -2.027789e+02 8.264187e-01
2.388800e+02 -2.028077e+02 8.241125e-01
2.389600e+02 -2.028419e+02 8.212991e-01
2.390400e+02 -2.028833e+02 8.181387e-01
2.391200e+02 -2.029498e+02 8.147835e-01
2.392000e+02 -2.030406e+02 8.113251e-01
2.392800e+02 -2.031474e+02 8.076427e-01
2.393600e+02 -2.032749e+02 8.040554e-01
2.394400e+02 -2.034396e+02 8.008515e-01
2.395200e+02 -2.036159e+02 7.977939e-01
2.396000e+02 -2.038065e+02 7.949144e-01
2.396800e+02 -2.040146e+02 7.921963e-01
2.397600e+02 -2.042338e+02 7.895352e-01
2.398400e+02 -2.044588e+02 7.870225e-01
2.399200e+02 -2.046992e+02 7.845237e-01
2.400000e+02 -2.049345e+02 7.820495e-01
2.400800e+02 -2.051724e+02 7.796140e-01
