# Time C0_Drag C0_Lift C1_Drag C1_Lift C2_Drag C2_Lift C3_Drag C3_Lift C4_Drag C4_Lift C5_Drag C5_Lift
8.000000e-02 9.818871e-05 -1.200444e-20 9.818871e-05 -5.446356e-21 9.818871e-05 -4.971091e-21 9.818871e-05 -1.198247e-20 9.818871e-05 8.369678e-21 9.818871e-05 -5.286743e-21
1.600000e-01 1.542151e-01 1.317159e-07 1.542138e-01 7.254111e-07 1.542140e-01 -6.381616e-07 1.542149e-01 2.705994e-07 1.542138e-01 4.370882e-07 1.542138e-01 -1.101049e-06
2.400000e-01 5.642485e-01 2.803929e-05 5.617443e-01 1.196870e-03 5.619958e-01 -1.242953e-03 5.639911e-01 2.803364e-05 5.620601e-01 1.236734e-03 5.618087e-01 -1.205385e-03
3.200000e-01 1.134365e+00 1.472580e-04 1.123561e+00 5.281609e-03 1.124639e+00 -4.974105e-03 1.133142e+00 1.120207e-04 1.124864e+00 5.100408e-03 1.123750e+00 -4.934103e-03
4.000000e-01 1.783660e+00 9.054758e-04 1.758182e+00 1.296342e-02 1.760821e+00 -1.087467e-02 1.780488e+00 5.708553e-04 1.761170e+00 1.162518e-02 1.758291e+00 -1.149662e-02
4.800000e-01 2.439747e+00 1.287700e-03 2.394972e+00 2.569594e-02 2.399731e+00 -1.616300e-02 2.433925e+00 4.073917e-04 2.400442e+00 1.933455e-02 2.394602e+00 -2.290794e-02
5.600000e-01 3.038542e+00 7.559588e-03 2.972569e+00 3.968792e-02 2.979526e+00 -1.774855e-02 3.029212e+00 1.573777e-03 2.981034e+00 2.207146e-02 2.970724e+00 -4.127051e-02
6.400000e-01 3.525082e+00 1.261371e-02 3.439185e+00 5.622941e-02 3.449740e+00 -1.400938e-02 3.512770e+00 1.653488e-02 3.445261e+00 2.143404e-02 3.433329e+00 -5.825981e-02
7.200000e-01 3.852526e+00 2.020073e-02 3.747824e+00 7.487441e-02 3.759730e+00 -1.396267e-02 3.839665e+00 2.131846e-02 3.753350e+00 1.832461e-02 3.739773e+00 -6.366453e-02
8.000000e-01 3.978153e+00 2.768689e-02 3.865826e+00 1.021920e-01 3.872817e+00 3.755273e-03 3.974104e+00 2.070495e-02 3.863460e+00 2.819713e-02 3.850653e+00 -7.542384e-02
8.800000e-01 3.884526e+00 8.228828e-03 3.767211e+00 1.055263e-01 3.765605e+00 2.249800e-02 3.890299e+00 1.504256e-02 3.758863e+00 5.943108e-03 3.761397e+00 -8.919035e-02
9.600000e-01 3.569719e+00 4.102130e-02 3.478848e+00 1.087048e-01 3.451209e+00 5.147675e-02 3.597227e+00 2.695517e-02 3.440171e+00 1.144026e-03 3.454893e+00 -1.058009e-01
1.040000e+00 3.064042e+00 4.965371e-02 2.998626e+00 1.073871e-01 2.943136e+00 4.852846e-02 3.118797e+00 9.015698e-03 2.942008e+00 -3.789752e-02 2.975722e+00 -7.114185e-02
1.120000e+00 2.448884e+00 5.469628e-02 2.413234e+00 6.390859e-02 2.323657e+00 5.643102e-02 2.538822e+00 5.452866e-03 2.323325e+00 -2.857354e-02 2.394822e+00 -3.851920e-02
1.200000e+00 1.973956e+00 6.345499e-02 1.975785e+00 4.805110e-02 1.846844e+00 3.079358e-02 2.110463e+00 1.038560e-02 1.852554e+00 -2.435161e-02 1.962452e+00 -2.865441e-02
1.280000e+00 1.651517e+00 5.741192e-02 1.685584e+00 2.920829e-02 1.525810e+00 5.714959e-03 1.829191e+00 1.485882e-02 1.531117e+00 -3.727851e-03 1.677437e+00 -1.640773e-02
1.360000e+00 1.436824e+00 4.003048e-02 1.492163e+00 2.554456e-02 1.314779e+00 6.349950e-03 1.642571e+00 9.502172e-03 1.320411e+00 1.388889e-02 1.496414e+00 -1.246875e-02
1.440000e+00 1.300243e+00 1.530580e-02 1.363275e+00 2.424538e-02 1.177533e+00 2.238580e-03 1.519989e+00 -3.846339e-03 1.189718e+00 1.948947e-02 1.384300e+00 -3.769498e-03
1.520000e+00 1.219886e+00 -4.159603e-03 1.281736e+00 1.435587e-02 1.092936e+00 9.102393e-03 1.440571e+00 -2.103657e-02 1.112105e+00 2.718448e-02 1.314305e+00 4.370055e-03
1.600000e+00 1.173512e+00 -2.676443e-02 1.229354e+00 2.631670e-02 1.044280e+00 1.040276e-02 1.389755e+00 -4.284367e-02 1.069395e+00 2.669982e-02 1.270653e+00 1.321726e-02
1.680000e+00 1.153127e+00 -3.924848e-02 1.199231e+00 2.705705e-02 1.019919e+00 8.116832e-03 1.363041e+00 -6.213457e-02 1.053038e+00 3.499997e-02 1.242701e+00 1.864640e-02
1.760000e+00 1.147612e+00 -6.366822e-02 1.180922e+00 4.664032e-02 1.011358e+00 4.998867e-03 1.349073e+00 -7.878542e-02 1.050835e+00 4.527064e-02 1.224600e+00 2.638378e-02
1.840000e+00 1.152268e+00 -8.755651e-02 1.170008e+00 5.610190e-02 1.011708e+00 2.912155e-03 1.342843e+00 -1.006248e-01 1.059200e+00 5.555599e-02 1.215374e+00 2.884003e-02
1.920000e+00 1.164847e+00 -1.094711e-01 1.160159e+00 6.159266e-02 1.019375e+00 2.159263e-03 1.339141e+00 -1.237331e-01 1.072592e+00 5.999462e-02 1.211801e+00 3.111221e-02
2.000000e+00 1.179667e+00 -1.297561e-01 1.148930e+00 7.152553e-02 1.029946e+00 -5.558122e-03 1.335110e+00 -1.483618e-01 1.090577e+00 5.127396e-02 1.210757e+00 4.031993e-02
2.080000e+00 1.197418e+00 -1.508368e-01 1.138232e+00 6.131512e-02 1.041453e+00 -1.007845e-02 1.333539e+00 -1.711994e-01 1.112987e+00 5.594221e-02 1.210798e+00 4.395178e-02
2.160000e+00 1.213100e+00 -1.665848e-01 1.126466e+00 6.081478e-02 1.050276e+00 -1.866098e-02 1.331828e+00 -1.992335e-01 1.135987e+00 5.254540e-02 1.209719e+00 5.127136e-02
2.240000e+00 1.226769e+00 -1.889636e-01 1.112700e+00 6.089985e-02 1.057619e+00 -3.045564e-02 1.331582e+00 -2.266581e-01 1.157846e+00 5.035500e-02 1.207596e+00 5.595083e-02
2.320000e+00 1.234318e+00 -2.085692e-01 1.095709e+00 6.514185e-02 1.064452e+00 -3.868565e-02 1.330101e+00 -2.514332e-01 1.176630e+00 4.659011e-02 1.203321e+00 4.865107e-02
2.400000e+00 1.238767e+00 -2.247734e-01 1.077145e+00 5.194671e-02 1.068027e+00 -5.525732e-02 1.328474e+00 -2.780710e-01 1.194661e+00 3.938462e-02 1.201382e+00 3.344584e-02
2.480000e+00 1.240602e+00 -2.383385e-01 1.061354e+00 4.686350e-02 1.070385e+00 -6.774161e-02 1.325616e+00 -2.970489e-01 1.207608e+00 3.480259e-02 1.196839e+00 2.564224e-02
2.560000e+00 1.242452e+00 -2.556099e-01 1.045851e+00 3.991362e-02 1.071291e+00 -7.960698e-02 1.323099e+00 -3.154561e-01 1.218317e+00 3.303365e-02 1.190523e+00 3.429000e-02
2.640000e+00 1.241978e+00 -2.712341e-01 1.028441e+00 3.280547e-02 1.069432e+00 -9.758448e-02 1.320487e+00 -3.339877e-01 1.226697e+00 2.810401e-02 1.182307e+00 3.614194e-02
2.720000e+00 1.240287e+00 -2.887301e-01 1.010275e+00 2.128306e-02 1.066334e+00 -1.029199e-01 1.316476e+00 -3.490272e-01 1.231895e+00 2.513192e-02 1.171496e+00 4.699168e-02
2.800000e+00 1.236671e+00 -3.043408e-01 9.905693e-01 1.046067e-02 1.059675e+00 -1.142500e-01 1.312028e+00 -3.641053e-01 1.235127e+00 1.950591e-02 1.159037e+00 5.394287e-02
2.880000e+00 1.230038e+00 -3.203899e-01 9.699738e-01 5.914992e-03 1.052216e+00 -1.242765e-01 1.306962e+00 -3.769362e-01 1.236126e+00 1.385615e-02 1.143695e+00 6.092034e-02
2.960000e+00 1.219958e+00 -3.379289e-01 9.473551e-01 -5.543817e-03 1.042374e+00 -1.276964e-01 1.299494e+00 -3.898876e-01 1.235797e+00 4.701941e-03 1.127238e+00 5.606783e-02
3.040000e+00 1.208998e+00 -3.550718e-01 9.249967e-01 -1.461648e-02 1.033281e+00 -1.313239e-01 1.292640e+00 -3.997160e-01 1.234179e+00 -2.543812e-03 1.110144e+00 5.871177e-02
3.120000e+00 1.195581e+00 -3.713330e-01 9.023318e-01 -1.517953e-02 1.023468e+00 -1.329014e-01 1.284756e+00 -4.073346e-01 1.230926e+00 -1.385793e-02 1.089433e+00 6.233058e-02
3.200000e+00 1.183669e+00 -3.846887e-01 8.776715e-01 -2.675221e-02 1.013142e+00 -1.373721e-01 1.277758e+00 -4.146256e-01 1.227884e+00 -2.341806e-02 1.067781e+00 6.508217e-02
3.280000e+00 1.175598e+00 -3.992299e-01 8.519997e-01 -4.066581e-02 1.005104e+00 -1.414596e-01 1.272973e+00 -4.181971e-01 1.226446e+00 -2.801642e-02 1.044943e+00 8.828398e-02
3.360000e+00 1.166945e+00 -4.119694e-01 8.240267e-01 -5.229396e-02 9.967346e-01 -1.456413e-01 1.268083e+00 -4.213671e-01 1.224948e+00 -3.587489e-02 1.020690e+00 1.007401e-01
3.440000e+00 1.157891e+00 -4.149501e-01 7.953588e-01 -6.051975e-02 9.893303e-01 -1.530102e-01 1.264527e+00 -4.221226e-01 1.223690e+00 -4.277359e-02 9.913048e-01 1.135558e-01
3.520000e+00 1.147953e+00 -4.193929e-01 7.635048e-01 -7.017214e-02 9.828112e-01 -1.539562e-01 1.259896e+00 -4.198506e-01 1.222024e+00 -5.037018e-02 9.578160e-01 1.250212e-01
3.600000e+00 1.139183e+00 -4.222575e-01 7.296216e-01 -8.694547e-02 9.764399e-01 -1.590862e-01 1.255888e+00 -4.178936e-01 1.221846e+00 -5.859543e-02 9.217714e-01 1.356639e-01
3.680000e+00 1.129057e+00 -4.234019e-01 6.923902e-01 -9.701959e-02 9.684134e-01 -1.619639e-01 1.248299e+00 -4.156504e-01 1.222557e+00 -8.088361e-02 8.818289e-01 1.473989e-01
3.760000e+00 1.118196e+00 -4.276320e-01 6.548420e-01 -9.542618e-02 9.629873e-01 -1.612179e-01 1.242025e+00 -4.080988e-01 1.224001e+00 -9.488959e-02 8.366997e-01 1.677683e-01
3.840000e+00 1.107211e+00 -4.289638e-01 6.151238e-01 -9.851319e-02 9.576199e-01 -1.617875e-01 1.235951e+00 -4.010309e-01 1.226272e+00 -1.110162e-01 7.886825e-01 1.814145e-01
3.920000e+00 1.095188e+00 -4.416820e-01 5.702962e-01 -1.014270e-01 9.518751e-01 -1.606746e-01 1.229609e+00 -3.939510e-01 1.229575e+00 -1.287077e-01 7.399088e-01 1.913456e-01
4.000000e+00 1.081617e+00 -4.493376e-01 5.232386e-01 -1.021686e-01 9.463240e-01 -1.587491e-01 1.223405e+00 -3.890669e-01 1.233732e+00 -1.452031e-01 6.879161e-01 2.000360e-01
4.080000e+00 1.067932e+00 -4.489461e-01 4.758712e-01 -1.012499e-01 9.422300e-01 -1.558396e-01 1.217688e+00 -3.819838e-01 1.237604e+00 -1.604028e-01 6.320133e-01 2.097866e-01
4.160000e+00 1.054340e+00 -4.507017e-01 4.257087e-01 -1.000548e-01 9.378729e-01 -1.535622e-01 1.211688e+00 -3.754979e-01 1.241952e+00 -1.777089e-01 5.756371e-01 2.077031e-01
4.240000e+00 1.041611e+00 -4.529938e-01 3.757011e-01 -9.859163e-02 9.345078e-01 -1.501097e-01 1.206211e+00 -3.683371e-01 1.246145e+00 -1.925828e-01 5.178978e-01 2.107505e-01
4.320000e+00 1.027768e+00 -4.551678e-01 3.253777e-01 -9.446372e-02 9.321379e-01 -1.405512e-01 1.200122e+00 -3.590550e-01 1.249060e+00 -2.068776e-01 4.588999e-01 2.128258e-01
4.400000e+00 1.012739e+00 -4.537529e-01 2.762451e-01 -8.374668e-02 9.304112e-01 -1.329456e-01 1.194203e+00 -3.486147e-01 1.251024e+00 -2.199627e-01 3.994680e-01 2.154513e-01
4.480000e+00 9.982700e-01 -4.500124e-01 2.282165e-01 -8.137156e-02 9.281088e-01 -1.264066e-01 1.186523e+00 -3.405800e-01 1.253723e+00 -2.428753e-01 3.427026e-01 2.178866e-01
4.560000e+00 9.847444e-01 -4.467412e-01 1.819566e-01 -7.801421e-02 9.265544e-01 -1.186165e-01 1.177396e+00 -3.245646e-01 1.257479e+00 -2.698669e-01 2.877230e-01 2.318976e-01
4.640000e+00 9.701876e-01 -4.406774e-01 1.352171e-01 -7.740990e-02 9.231620e-01 -1.113210e-01 1.167270e+00 -3.149092e-01 1.262830e+00 -3.054859e-01 2.347998e-01 2.422811e-01
4.720000e+00 9.566043e-01 -4.338681e-01 9.132985e-02 -7.998304e-02 9.209053e-01 -1.038534e-01 1.158421e+00 -3.034253e-01 1.267821e+00 -3.352021e-01 1.835440e-01 2.540932e-01
4.800000e+00 9.434840e-01 -4.276842e-01 4.983487e-02 -8.171788e-02 9.194753e-01 -9.578037e-02 1.150738e+00 -2.918086e-01 1.269532e+00 -3.646106e-01 1.348130e-01 2.654462e-01
4.880000e+00 9.317635e-01 -4.217765e-01 1.146064e-02 -8.753304e-02 9.202069e-01 -8.834249e-02 1.144252e+00 -2.721276e-01 1.268709e+00 -3.925639e-01 8.885093e-02 2.788166e-01
4.960000e+00 9.208637e-01 -4.150107e-01 -2.449699e-02 -9.255017e-02 9.212414e-01 -7.976637e-02 1.140001e+00 -2.586552e-01 1.267564e+00 -4.164936e-01 4.570187e-02 2.945613e-01
5.040000e+00 9.103822e-01 -4.064574e-01 -5.840143e-02 -9.998114e-02 9.222655e-01 -7.152618e-02 1.135618e+00 -2.465734e-01 1.266503e+00 -4.391173e-01 5.735725e-03 3.071659e-01
5.120000e+00 9.005263e-01 -3.973575e-01 -8.965340e-02 -1.095139e-01 9.240910e-01 -6.347327e-02 1.130948e+00 -2.319908e-01 1.264848e+00 -4.596713e-01 -3.136491e-02 3.179450e-01
5.200000e+00 8.899164e-01 -3.860344e-01 -1.198121e-01 -1.184217e-01 9.242518e-01 -5.465830e-02 1.123007e+00 -2.203129e-01 1.262412e+00 -4.902333e-01 -6.613887e-02 3.263845e-01
5.280000e+00 8.785739e-01 -3.745314e-01 -1.474867e-01 -1.304466e-01 9.254808e-01 -4.647254e-02 1.115781e+00 -2.003650e-01 1.257390e+00 -5.158086e-01 -9.781487e-02 3.233771e-01
5.360000e+00 8.681363e-01 -3.624679e-01 -1.725216e-01 -1.422152e-01 9.268062e-01 -3.707184e-02 1.110778e+00 -1.867278e-01 1.252167e+00 -5.365350e-01 -1.259944e-01 3.217055e-01
5.440000e+00 8.579199e-01 -3.484208e-01 -1.962696e-01 -1.547307e-01 9.267866e-01 -2.733275e-02 1.103884e+00 -1.752634e-01 1.247254e+00 -5.637754e-01 -1.512808e-01 3.190250e-01
5.520000e+00 8.479329e-01 -3.254071e-01 -2.155325e-01 -1.673641e-01 9.276072e-01 -1.602582e-02 1.097438e+00 -1.623578e-01 1.243420e+00 -5.825854e-01 -1.761019e-01 3.133731e-01
5.600000e+00 8.387986e-01 -3.053977e-01 -2.332250e-01 -1.809914e-01 9.286780e-01 -4.703586e-03 1.091343e+00 -1.501538e-01 1.239571e+00 -5.986004e-01 -1.979091e-01 3.091709e-01
5.680000e+00 8.297544e-01 -2.811057e-01 -2.487927e-01 -1.950189e-01 9.297719e-01 7.129719e-03 1.085259e+00 -1.387482e-01 1.235352e+00 -6.128010e-01 -2.181300e-01 2.980442e-01
5.760000e+00 8.206047e-01 -2.620352e-01 -2.645480e-01 -2.100916e-01 9.300508e-01 1.832117e-02 1.079178e+00 -1.293837e-01 1.231522e+00 -6.261552e-01 -2.341333e-01 2.802210e-01
5.840000e+00 8.124750e-01 -2.299554e-01 -2.756973e-01 -2.249604e-01 9.313929e-01 3.159854e-02 1.073429e+00 -1.188449e-01 1.226477e+00 -6.350281e-01 -2.513323e-01 2.601070e-01
5.920000e+00 8.057823e-01 -1.964690e-01 -2.847581e-01 -2.398707e-01 9.329087e-01 4.526455e-02 1.067843e+00 -1.092902e-01 1.220961e+00 -6.415246e-01 -2.665677e-01 2.355201e-01
6.000000e+00 8.003028e-01 -1.645392e-01 -2.928891e-01 -2.572527e-01 9.343242e-01 5.804257e-02 1.062844e+00 -1.012948e-01 1.215761e+00 -6.455072e-01 -2.783962e-01 2.092319e-01
6.080000e+00 7.946159e-01 -1.220747e-01 -2.982317e-01 -2.731751e-01 9.366758e-01 7.170928e-02 1.057784e+00 -8.941522e-02 1.209108e+00 -6.471819e-01 -2.914561e-01 1.735280e-01
6.160000e+00 7.902717e-01 -8.505130e-02 -3.031942e-01 -2.896362e-01 9.385446e-01 8.541674e-02 1.053048e+00 -7.959719e-02 1.202832e+00 -6.464532e-01 -3.018011e-01 1.339276e-01
6.240000e+00 7.861774e-01 -3.591325e-02 -3.044812e-01 -3.043922e-01 9.413078e-01 1.010175e-01 1.048684e+00 -6.918068e-02 1.195684e+00 -6.412788e-01 -3.135360e-01 9.128750e-02
6.320000e+00 7.823150e-01 6.819248e-03 -3.062254e-01 -3.204329e-01 9.433292e-01 1.154318e-01 1.044551e+00 -6.125070e-02 1.189156e+00 -6.347504e-01 -3.215034e-01 4.301738e-02
6.400000e+00 7.778942e-01 4.882941e-02 -3.073646e-01 -3.373418e-01 9.450602e-01 1.296291e-01 1.040750e+00 -5.448273e-02 1.182948e+00 -6.257010e-01 -3.277768e-01 -1.029722e-02
6.480000e+00 7.727994e-01 8.985318e-02 -3.079449e-01 -3.551482e-01 9.465722e-01 1.435636e-01 1.037304e+00 -4.875069e-02 1.177064e+00 -6.141394e-01 -3.327453e-01 -6.866662e-02
6.560000e+00 7.673995e-01 1.393770e-01 -3.068235e-01 -3.777173e-01 9.480955e-01 1.568973e-01 1.034283e+00 -4.383983e-02 1.171263e+00 -6.002769e-01 -3.382732e-01 -1.347381e-01
6.640000e+00 7.600691e-01 1.838694e-01 -3.070841e-01 -3.984987e-01 9.490088e-01 1.696118e-01 1.031466e+00 -4.043459e-02 1.166121e+00 -5.847219e-01 -3.418064e-01 -2.068294e-01
6.720000e+00 7.512534e-01 2.385296e-01 -3.037923e-01 -4.186922e-01 9.506896e-01 1.837010e-01 1.028936e+00 -3.605060e-02 1.160394e+00 -5.652227e-01 -3.471371e-01 -2.822989e-01
6.800000e+00 7.405418e-01 2.846886e-01 -3.007543e-01 -4.403512e-01 9.525544e-01 1.966859e-01 1.027036e+00 -3.223138e-02 1.155054e+00 -5.431677e-01 -3.516243e-01 -3.590748e-01
6.880000e+00 7.284248e-01 3.271518e-01 -2.982937e-01 -4.633108e-01 9.541152e-01 2.086906e-01 1.025526e+00 -2.964177e-02 1.150418e+00 -5.196586e-01 -3.559575e-01 -4.424059e-01
6.960000e+00 7.154758e-01 3.629679e-01 -2.969205e-01 -4.871214e-01 9.543355e-01 2.183506e-01 1.024865e+00 -3.234155e-02 1.147476e+00 -4.945028e-01 -3.590301e-01 -5.304017e-01
7.040000e+00 7.017761e-01 3.968578e-01 -2.955485e-01 -5.122152e-01 9.550147e-01 2.274543e-01 1.025396e+00 -3.289873e-02 1.144969e+00 -4.675188e-01 -3.623925e-01 -6.222560e-01
7.120000e+00 6.867584e-01 4.271376e-01 -2.947853e-01 -5.348407e-01 9.554720e-01 2.365620e-01 1.025857e+00 -3.362460e-02 1.142740e+00 -4.389182e-01 -3.663240e-01 -7.188145e-01
7.200000e+00 6.711671e-01 4.531062e-01 -2.947560e-01 -5.598528e-01 9.559060e-01 2.441182e-01 1.026588e+00 -3.515539e-02 1.141298e+00 -4.091171e-01 -3.703220e-01 -8.198857e-01
7.280000e+00 6.553703e-01 4.762110e-01 -2.950312e-01 -5.870897e-01 9.562495e-01 2.504428e-01 1.027606e+00 -3.726556e-02 1.140682e+00 -3.781576e-01 -3.746323e-01 -9.252596e-01
7.360000e+00 6.389087e-01 4.918688e-01 -2.966342e-01 -6.151618e-01 9.561306e-01 2.553678e-01 1.028831e+00 -4.023807e-02 1.141150e+00 -3.466093e-01 -3.785074e-01 -1.035174e+00
7.440000e+00 6.219591e-01 5.041349e-01 -2.984626e-01 -6.438881e-01 9.559855e-01 2.595567e-01 1.030308e+00 -4.320665e-02 1.142376e+00 -3.138186e-01 -3.834599e-01 -1.149107e+00
7.520000e+00 6.045030e-01 5.148309e-01 -3.006266e-01 -6.730370e-01 9.558262e-01 2.629349e-01 1.032027e+00 -4.621933e-02 1.144438e+00 -2.799617e-01 -3.894360e-01 -1.266541e+00
7.600000e+00 5.869818e-01 5.231994e-01 -3.032141e-01 -7.024639e-01 9.556560e-01 2.654485e-01 1.033995e+00 -4.927772e-02 1.147466e+00 -2.451811e-01 -3.962104e-01 -1.386544e+00
7.680000e+00 5.696467e-01 5.258367e-01 -3.064738e-01 -7.324184e-01 9.556428e-01 2.668172e-01 1.036676e+00 -5.225085e-02 1.151545e+00 -2.072046e-01 -4.033453e-01 -1.510535e+00
7.760000e+00 5.513875e-01 5.283015e-01 -3.103256e-01 -7.620995e-01 9.554421e-01 2.674207e-01 1.039394e+00 -5.543578e-02 1.156104e+00 -1.699624e-01 -4.113863e-01 -1.638267e+00
7.840000e+00 5.341439e-01 5.212153e-01 -3.147373e-01 -7.922267e-01 9.556341e-01 2.668688e-01 1.043155e+00 -5.845840e-02 1.162500e+00 -1.281231e-01 -4.191667e-01 -1.765659e+00
7.920000e+00 5.177217e-01 5.148793e-01 -3.186022e-01 -8.213858e-01 9.564109e-01 2.662892e-01 1.047238e+00 -6.045714e-02 1.171536e+00 -8.758717e-02 -4.283117e-01 -1.888517e+00
8.000000e+00 4.998011e-01 4.988857e-01 -3.262806e-01 -8.431486e-01 9.555343e-01 2.653166e-01 1.050399e+00 -6.364043e-02 1.182501e+00 -4.959885e-02 -4.369524e-01 -2.019275e+00
8.080000e+00 4.839151e-01 4.772496e-01 -3.356967e-01 -8.670389e-01 9.544596e-01 2.624272e-01 1.053792e+00 -6.697866e-02 1.195806e+00 -1.140194e-02 -4.433738e-01 -2.147044e+00
8.160000e+00 4.688420e-01 4.550692e-01 -3.450821e-01 -8.883934e-01 9.527484e-01 2.593967e-01 1.056324e+00 -7.054241e-02 1.211033e+00 2.120534e-02 -4.491300e-01 -2.272099e+00
8.240000e+00 4.529969e-01 4.288898e-01 -3.537930e-01 -8.989371e-01 9.511829e-01 2.583730e-01 1.058311e+00 -7.169640e-02 1.226459e+00 5.713591e-02 -4.554013e-01 -2.395110e+00
8.320000e+00 4.376639e-01 4.046491e-01 -3.615772e-01 -9.079190e-01 9.503206e-01 2.564799e-01 1.060362e+00 -7.193314e-02 1.243625e+00 9.319086e-02 -4.607984e-01 -2.513335e+00
8.400000e+00 4.232267e-01 3.773330e-01 -3.684538e-01 -9.145746e-01 9.498846e-01 2.540871e-01 1.062428e+00 -7.145860e-02 1.262812e+00 1.284897e-01 -4.640511e-01 -2.625715e+00
8.480000e+00 4.101259e-01 3.477782e-01 -3.741859e-01 -9.177073e-01 9.498793e-01 2.516338e-01 1.064440e+00 -6.999065e-02 1.283986e+00 1.627180e-01 -4.644070e-01 -2.730686e+00
8.560000e+00 3.993735e-01 3.163910e-01 -3.782776e-01 -9.217996e-01 9.507353e-01 2.479757e-01 1.067106e+00 -6.765930e-02 1.307567e+00 1.978467e-01 -4.601977e-01 -2.826894e+00
8.640000e+00 3.902537e-01 2.829706e-01 -3.806024e-01 -9.187662e-01 9.520667e-01 2.450432e-01 1.069569e+00 -6.409317e-02 1.332803e+00 2.299822e-01 -4.507630e-01 -2.911507e+00
8.720000e+00 3.846736e-01 2.455262e-01 -3.796154e-01 -9.115606e-01 9.559306e-01 2.426171e-01 1.072430e+00 -5.423135e-02 1.358300e+00 2.635364e-01 -4.351807e-01 -2.974890e+00
8.800000e+00 3.829460e-01 2.019519e-01 -3.761395e-01 -9.001678e-01 9.612224e-01 2.408725e-01 1.075184e+00 -4.414772e-02 1.384932e+00 2.951891e-01 -4.103164e-01 -3.004770e+00
8.880000e+00 3.863675e-01 1.510929e-01 -3.695801e-01 -8.851653e-01 9.688168e-01 2.395745e-01 1.079474e+00 -3.189905e-02 1.412331e+00 3.293492e-01 -3.748792e-01 -3.000422e+00
8.960000e+00 3.951026e-01 9.872247e-02 -3.599631e-01 -8.651214e-01 9.776408e-01 2.388787e-01 1.083949e+00 -1.869681e-02 1.438741e+00 3.575415e-01 -3.261393e-01 -2.965249e+00
9.040000e+00 4.050472e-01 4.689997e-02 -3.480757e-01 -8.338058e-01 9.870507e-01 2.375190e-01 1.088416e+00 -4.448827e-03 1.464106e+00 3.816926e-01 -2.632585e-01 -2.903264e+00
9.120000e+00 4.156438e-01 -1.175728e-02 -3.379914e-01 -7.992328e-01 9.940741e-01 2.323663e-01 1.092006e+00 1.882109e-03 1.489773e+00 3.942091e-01 -1.853798e-01 -2.836291e+00
9.200000e+00 4.268894e-01 -6.263285e-02 -3.241946e-01 -7.588745e-01 1.001355e+00 2.281999e-01 1.094319e+00 1.105467e-02 1.512585e+00 3.997726e-01 -9.999889e-02 -2.762890e+00
9.280000e+00 4.449841e-01 -1.228182e-01 -3.025471e-01 -7.060393e-01 1.013246e+00 2.283287e-01 1.098478e+00 2.757171e-02 1.530124e+00 4.115657e-01 -1.111381e-02 -2.633984e+00
9.360000e+00 4.603238e-01 -1.815768e-01 -2.842520e-01 -6.517332e-01 1.021767e+00 2.236743e-01 1.099854e+00 3.765842e-02 1.544285e+00 4.040484e-01 8.011278e-02 -2.527286e+00
9.440000e+00 4.751583e-01 -2.387893e-01 -2.639623e-01 -5.869842e-01 1.029649e+00 2.194606e-01 1.099809e+00 4.863925e-02 1.553323e+00 3.900410e-01 1.717432e-01 -2.414972e+00
9.520000e+00 4.932573e-01 -2.985369e-01 -2.399776e-01 -5.191523e-01 1.040074e+00 2.140696e-01 1.099904e+00 6.638491e-02 1.556059e+00 3.738938e-01 2.618002e-01 -2.276468e+00
9.600000e+00 5.110973e-01 -3.552043e-01 -2.159083e-01 -4.484362e-01 1.048905e+00 2.063153e-01 1.097888e+00 7.934747e-02 1.553610e+00 3.494654e-01 3.502955e-01 -2.138264e+00
9.680000e+00 5.269185e-01 -4.094187e-01 -1.921183e-01 -3.722177e-01 1.056244e+00 1.995941e-01 1.094241e+00 9.038525e-02 1.545524e+00 3.172056e-01 4.379864e-01 -2.002818e+00
9.760000e+00 5.434101e-01 -4.643001e-01 -1.660085e-01 -2.915542e-01 1.063941e+00 1.895285e-01 1.090900e+00 1.052662e-01 1.531278e+00 2.837116e-01 5.257528e-01 -1.851007e+00
9.840000e+00 5.571352e-01 -5.142106e-01 -1.418236e-01 -2.086885e-01 1.068513e+00 1.757683e-01 1.086265e+00 1.152318e-01 1.512896e+00 2.397841e-01 6.164025e-01 -1.699720e+00
9.920000e+00 5.703337e-01 -5.633973e-01 -1.171909e-01 -1.190521e-01 1.072333e+00 1.603018e-01 1.081685e+00 1.244737e-01 1.490209e+00 1.954140e-01 7.086061e-01 -1.540390e+00
1.000000e+01 5.820685e-01 -6.121642e-01 -9.229336e-02 -1.486205e-02 1.074891e+00 1.448565e-01 1.076071e+00 1.330535e-01 1.462445e+00 1.473731e-01 8.013036e-01 -1.374993e+00
1.008000e+01 5.906617e-01 -6.569506e-01 -6.994918e-02 8.890817e-02 1.075227e+00 1.245268e-01 1.069320e+00 1.373845e-01 1.432005e+00 9.133093e-02 8.950686e-01 -1.214653e+00
1.016000e+01 6.015850e-01 -7.024968e-01 -4.496589e-02 1.973125e-01 1.076358e+00 1.021645e-01 1.063403e+00 1.425534e-01 1.398864e+00 3.844566e-02 9.901857e-01 -1.034078e+00
1.024000e+01 6.108481e-01 -7.416451e-01 -1.979259e-02 3.095871e-01 1.076806e+00 8.141912e-02 1.056954e+00 1.457874e-01 1.363126e+00 -1.620860e-02 1.085116e+00 -8.550050e-01
1.032000e+01 6.152765e-01 -7.765184e-01 2.239461e-03 4.274053e-01 1.074237e+00 5.384754e-02 1.049076e+00 1.434374e-01 1.327024e+00 -7.848877e-02 1.183683e+00 -6.882890e-01
1.040000e+01 6.183027e-01 -8.086500e-01 2.315138e-02 5.509235e-01 1.069988e+00 2.322364e-02 1.039584e+00 1.391444e-01 1.290518e+00 -1.478165e-01 1.281935e+00 -5.221447e-01
1.048000e+01 6.207038e-01 -8.385876e-01 4.334722e-02 6.875199e-01 1.065153e+00 -8.973163e-03 1.029718e+00 1.341995e-01 1.253132e+00 -2.202454e-01 1.377557e+00 -3.465065e-01
1.056000e+01 6.191597e-01 -8.564417e-01 6.125612e-02 8.263113e-01 1.059609e+00 -3.995973e-02 1.019782e+00 1.270664e-01 1.213951e+00 -2.878068e-01 1.467413e+00 -1.906972e-01
1.064000e+01 6.135641e-01 -8.615435e-01 7.680366e-02 9.709681e-01 1.053296e+00 -7.675765e-02 1.008882e+00 1.165523e-01 1.176147e+00 -3.574507e-01 1.548845e+00 -4.840061e-02
1.072000e+01 6.029515e-01 -8.642298e-01 8.625902e-02 1.121303e+00 1.043557e+00 -1.178165e-01 9.974283e-01 9.627480e-02 1.141327e+00 -4.284920e-01 1.623200e+00 6.794226e-02
1.080000e+01 5.884944e-01 -8.592002e-01 9.212293e-02 1.287321e+00 1.033042e+00 -1.629176e-01 9.864514e-01 7.825677e-02 1.108159e+00 -5.015788e-01 1.686165e+00 1.775021e-01
1.088000e+01 5.738180e-01 -8.551813e-01 9.583979e-02 1.456078e+00 1.023891e+00 -2.122918e-01 9.769488e-01 6.001706e-02 1.077714e+00 -5.676369e-01 1.738168e+00 2.838107e-01
1.096000e+01 5.599720e-01 -8.489494e-01 9.633607e-02 1.631237e+00 1.015633e+00 -2.636647e-01 9.668895e-01 4.010238e-02 1.049685e+00 -6.403821e-01 1.778504e+00 3.909248e-01
1.104000e+01 5.415883e-01 -8.378592e-01 8.948737e-02 1.819419e+00 1.005529e+00 -3.222485e-01 9.565619e-01 1.320216e-02 1.027105e+00 -7.148375e-01 1.805952e+00 4.736008e-01
1.112000e+01 5.196751e-01 -8.185581e-01 7.765235e-02 2.017286e+00 9.966707e-01 -3.840772e-01 9.461555e-01 -1.255873e-02 1.006867e+00 -7.949299e-01 1.820011e+00 5.477061e-01
1.120000e+01 4.935157e-01 -7.933530e-01 5.994334e-02 2.222648e+00 9.889087e-01 -4.472679e-01 9.351373e-01 -3.863950e-02 9.891758e-01 -8.736613e-01 1.820983e+00 6.108063e-01
1.128000e+01 4.635419e-01 -7.722122e-01 3.324444e-02 2.434092e+00 9.817285e-01 -5.142986e-01 9.231913e-01 -6.699727e-02 9.746115e-01 -9.586308e-01 1.811786e+00 6.692830e-01
1.136000e+01 4.301772e-01 -7.510013e-01 -1.854363e-03 2.656811e+00 9.762120e-01 -5.833518e-01 9.108937e-01 -9.545485e-02 9.622057e-01 -1.041905e+00 1.791725e+00 7.187299e-01
1.144000e+01 3.968255e-01 -7.318108e-01 -4.515538e-02 2.881015e+00 9.742887e-01 -6.568787e-01 8.996044e-01 -1.179894e-01 9.514411e-01 -1.119209e+00 1.761938e+00 7.596501e-01
1.152000e+01 3.616507e-01 -7.155012e-01 -9.634601e-02 3.105440e+00 9.755445e-01 -7.222492e-01 8.880855e-01 -1.419535e-01 9.416404e-01 -1.191202e+00 1.722675e+00 7.917974e-01
1.160000e+01 3.222720e-01 -6.990961e-01 -1.569356e-01 3.341365e+00 9.786643e-01 -7.955357e-01 8.747921e-01 -1.681759e-01 9.351199e-01 -1.276081e+00 1.674881e+00 8.171939e-01
1.168000e+01 2.817132e-01 -6.853549e-01 -2.263888e-01 3.584339e+00 9.856600e-01 -8.764979e-01 8.627655e-01 -1.937982e-01 9.332840e-01 -1.358244e+00 1.618664e+00 8.446798e-01
1.176000e+01 2.374793e-01 -6.702461e-01 -3.053366e-01 3.830701e+00 9.967593e-01 -9.582881e-01 8.515782e-01 -2.181407e-01 9.330380e-01 -1.431998e+00 1.553346e+00 8.516113e-01
1.184000e+01 1.927817e-01 -6.636103e-01 -3.954741e-01 4.073174e+00 1.012712e+00 -1.032839e+00 8.394827e-01 -2.407892e-01 9.324032e-01 -1.506355e+00 1.481435e+00 8.621901e-01
1.192000e+01 1.453159e-01 -6.624274e-01 -4.898948e-01 4.319937e+00 1.037272e+00 -1.110563e+00 8.282044e-01 -2.558037e-01 9.300212e-01 -1.575423e+00 1.400987e+00 8.846543e-01
1.200000e+01 9.444105e-02 -6.613516e-01 -5.963956e-01 4.556527e+00 1.067707e+00 -1.192614e+00 8.170955e-01 -2.776771e-01 9.298132e-01 -1.645741e+00 1.317610e+00 9.014200e-01
1.208000e+01 4.348681e-02 -6.599364e-01 -7.172437e-01 4.771930e+00 1.107299e+00 -1.289105e+00 8.084683e-01 -2.968687e-01 9.322905e-01 -1.717782e+00 1.232696e+00 9.089267e-01
1.216000e+01 -1.654209e-02 -6.694184e-01 -8.566714e-01 5.001691e+00 1.156024e+00 -1.376578e+00 7.977738e-01 -3.161187e-01 9.350948e-01 -1.788956e+00 1.144891e+00 8.990251e-01
1.224000e+01 -7.712338e-02 -6.779751e-01 -1.007727e+00 5.197286e+00 1.216837e+00 -1.457081e+00 7.857959e-01 -3.337942e-01 9.380594e-01 -1.857081e+00 1.059403e+00 8.875360e-01
1.232000e+01 -1.382706e-01 -6.833545e-01 -1.174161e+00 5.390114e+00 1.289074e+00 -1.548650e+00 7.739181e-01 -3.533430e-01 9.436722e-01 -1.934025e+00 9.774200e-01 8.777441e-01
1.240000e+01 -1.991335e-01 -6.863813e-01 -1.352815e+00 5.575763e+00 1.371990e+00 -1.645547e+00 7.644049e-01 -3.735898e-01 9.510326e-01 -2.003217e+00 9.000981e-01 8.589447e-01
1.248000e+01 -2.551735e-01 -6.828467e-01 -1.539851e+00 5.754384e+00 1.464341e+00 -1.737307e+00 7.551569e-01 -3.956746e-01 9.608008e-01 -2.076766e+00 8.280465e-01 8.498487e-01
1.256000e+01 -3.043157e-01 -6.852615e-01 -1.732579e+00 5.914094e+00 1.564378e+00 -1.823712e+00 7.472733e-01 -4.207611e-01 9.734772e-01 -2.146405e+00 7.662576e-01 8.258765e-01
1.264000e+01 -3.407141e-01 -6.795086e-01 -1.918446e+00 6.035080e+00 1.671271e+00 -1.904378e+00 7.425199e-01 -4.465080e-01 9.901383e-01 -2.211343e+00 7.142484e-01 8.076727e-01
1.272000e+01 -3.764888e-01 -6.813411e-01 -2.084928e+00 6.158860e+00 1.784300e+00 -1.946568e+00 7.341682e-01 -4.655643e-01 1.004411e+00 -2.270695e+00 6.625053e-01 7.910277e-01
1.280000e+01 -4.001907e-01 -6.770445e-01 -2.226445e+00 6.237308e+00 1.898986e+00 -1.963667e+00 7.224184e-01 -4.853440e-01 1.020215e+00 -2.329147e+00 6.169863e-01 7.758439e-01
1.288000e+01 -4.236235e-01 -6.794636e-01 -2.334365e+00 6.311444e+00 2.005681e+00 -1.972300e+00 7.136412e-01 -5.051483e-01 1.038295e+00 -2.377981e+00 5.741467e-01 7.428322e-01
1.296000e+01 -4.372026e-01 -6.749254e-01 -2.409025e+00 6.356270e+00 2.101673e+00 -1.949862e+00 7.016363e-01 -5.224183e-01 1.056437e+00 -2.425544e+00 5.331678e-01 7.222820e-01
1.304000e+01 -4.442606e-01 -6.675049e-01 -2.448179e+00 6.371857e+00 2.181057e+00 -1.920725e+00 6.915755e-01 -5.400101e-01 1.077168e+00 -2.466076e+00 4.966534e-01 6.974746e-01
1.312000e+01 -4.452705e-01 -6.604306e-01 -2.458955e+00 6.389247e+00 2.242169e+00 -1.870175e+00 6.806571e-01 -5.530357e-01 1.098067e+00 -2.498511e+00 4.624829e-01 6.728347e-01
1.320000e+01 -4.368693e-01 -6.470169e-01 -2.434851e+00 6.369625e+00 2.283679e+00 -1.817463e+00 6.694290e-01 -5.666097e-01 1.122017e+00 -2.531706e+00 4.363006e-01 6.416132e-01
1.328000e+01 -4.251690e-01 -6.320525e-01 -2.375338e+00 6.334657e+00 2.305975e+00 -1.750920e+00 6.582103e-01 -5.752654e-01 1.146009e+00 -2.554837e+00 4.141744e-01 5.996027e-01
1.336000e+01 -4.101193e-01 -6.172207e-01 -2.282189e+00 6.287441e+00 2.310076e+00 -1.664487e+00 6.452963e-01 -5.782841e-01 1.168260e+00 -2.568016e+00 3.978785e-01 5.505277e-01
1.344000e+01 -3.944025e-01 -5.975904e-01 -2.155194e+00 6.232526e+00 2.295966e+00 -1.574124e+00 6.319672e-01 -5.769421e-01 1.189196e+00 -2.571749e+00 3.858739e-01 4.920262e-01
1.352000e+01 -3.695290e-01 -5.767405e-01 -1.996078e+00 6.135331e+00 2.266269e+00 -1.487488e+00 6.213936e-01 -5.772956e-01 1.212742e+00 -2.566110e+00 3.834290e-01 4.383431e-01
1.360000e+01 -3.422264e-01 -5.583320e-01 -1.811800e+00 6.041925e+00 2.224038e+00 -1.390341e+00 6.110252e-01 -5.719098e-01 1.234631e+00 -2.550503e+00 3.829245e-01 3.841645e-01
1.368000e+01 -3.156724e-01 -5.341124e-01 -1.595220e+00 5.961837e+00 2.169982e+00 -1.285121e+00 6.000670e-01 -5.606221e-01 1.253499e+00 -2.523353e+00 3.807000e-01 3.295202e-01
1.376000e+01 -2.767327e-01 -5.058313e-01 -1.357568e+00 5.811199e+00 2.103228e+00 -1.199442e+00 5.957747e-01 -5.538068e-01 1.279033e+00 -2.488348e+00 3.884139e-01 2.816358e-01
1.384000e+01 -2.426924e-01 -4.908577e-01 -1.113752e+00 5.701306e+00 2.026426e+00 -1.093024e+00 5.909050e-01 -5.352613e-01 1.299058e+00 -2.439585e+00 3.906725e-01 2.369190e-01
1.392000e+01 -2.134363e-01 -4.867656e-01 -8.602576e-01 5.612554e+00 1.942072e+00 -9.861647e-01 5.857267e-01 -5.085518e-01 1.315008e+00 -2.372946e+00 3.904670e-01 1.917434e-01
1.400000e+01 -1.837872e-01 -4.809640e-01 -6.128552e-01 5.497615e+00 1.852438e+00 -9.008057e-01 5.861055e-01 -4.816987e-01 1.331620e+00 -2.294604e+00 3.934648e-01 1.485472e-01
1.408000e+01 -1.603711e-01 -4.838554e-01 -3.855185e-01 5.399762e+00 1.757422e+00 -8.097344e-01 5.861559e-01 -4.460422e-01 1.343202e+00 -2.202945e+00 3.916541e-01 1.077473e-01
1.416000e+01 -1.374583e-01 -4.905888e-01 -1.797709e-01 5.284998e+00 1.659148e+00 -7.407548e-01 5.925313e-01 -4.080830e-01 1.355002e+00 -2.096440e+00 3.904776e-01 6.519515e-02
1.424000e+01 -1.213398e-01 -5.023743e-01 -3.051940e-03 5.173205e+00 1.560460e+00 -6.839616e-01 6.012431e-01 -3.650975e-01 1.363947e+00 -1.979976e+00 3.852689e-01 2.296132e-02
1.432000e+01 -1.076213e-01 -5.208049e-01 1.378654e-01 5.027940e+00 1.462790e+00 -6.296798e-01 6.116224e-01 -3.201429e-01 1.372515e+00 -1.860726e+00 3.783686e-01 -1.884945e-02
1.440000e+01 -9.792310e-02 -5.502054e-01 2.425517e-01 4.898058e+00 1.369327e+00 -5.774511e-01 6.234992e-01 -2.682127e-01 1.377170e+00 -1.725772e+00 3.654598e-01 -6.542483e-02
1.448000e+01 -8.799890e-02 -5.797303e-01 3.116942e-01 4.735084e+00 1.281331e+00 -5.551192e-01 6.412322e-01 -2.155409e-01 1.384684e+00 -1.587298e+00 3.533095e-01 -1.099126e-01
1.456000e+01 -7.726642e-02 -6.019311e-01 3.369604e-01 4.551832e+00 1.199329e+00 -5.501274e-01 6.643819e-01 -1.642538e-01 1.394908e+00 -1.444905e+00 3.395329e-01 -1.580318e-01
1.464000e+01 -6.842301e-02 -6.328166e-01 3.212655e-01 4.391609e+00 1.123366e+00 -5.617610e-01 6.913671e-01 -1.119871e-01 1.405757e+00 -1.304261e+00 3.210776e-01 -2.097987e-01
1.472000e+01 -6.564245e-02 -6.721473e-01 2.792972e-01 4.256875e+00 1.057686e+00 -5.820789e-01 7.202619e-01 -4.958083e-02 1.413624e+00 -1.161770e+00 2.953232e-01 -2.691358e-01
1.480000e+01 -7.118778e-02 -7.113676e-01 2.251975e-01 4.171749e+00 1.005207e+00 -5.995386e-01 7.512771e-01 1.568374e-02 1.416782e+00 -1.000078e+00 2.586177e-01 -3.353999e-01
1.488000e+01 -8.145539e-02 -7.655087e-01 1.617910e-01 4.112039e+00 9.640193e-01 -6.355179e-01 7.848936e-01 7.969049e-02 1.419390e+00 -8.403020e-01 2.185780e-01 -3.988700e-01
1.496000e+01 -9.493219e-02 -8.205631e-01 9.168770e-02 4.053852e+00 9.343588e-01 -6.778428e-01 8.216078e-01 1.443294e-01 1.422330e+00 -6.714143e-01 1.745106e-01 -4.711116e-01
1.504000e+01 -1.113970e-01 -8.826231e-01 1.274749e-02 3.996293e+00 9.150615e-01 -7.279922e-01 8.589583e-01 2.116121e-01 1.426244e+00 -5.136201e-01 1.273807e-01 -5.517235e-01
1.512000e+01 -1.305099e-01 -9.444794e-01 -6.948952e-02 3.951798e+00 9.054379e-01 -7.869519e-01 8.980661e-01 2.769521e-01 1.431633e+00 -3.578447e-01 7.669505e-02 -6.309624e-01
1.520000e+01 -1.495215e-01 -1.014849e+00 -1.530388e-01 3.893936e+00 9.067949e-01 -8.499410e-01 9.423078e-01 3.463225e-01 1.436272e+00 -1.852919e-01 2.341576e-02 -7.334799e-01
1.528000e+01 -1.676984e-01 -1.082091e+00 -2.361163e-01 3.825610e+00 9.137042e-01 -9.165517e-01 9.851460e-01 4.083410e-01 1.441449e+00 -2.814677e-02 -3.053474e-02 -8.463431e-01
1.536000e+01 -1.852143e-01 -1.136783e+00 -3.156682e-01 3.762363e+00 9.256698e-01 -9.859392e-01 1.028596e+00 4.683263e-01 1.449660e+00 1.221421e-01 -8.685069e-02 -9.611893e-01
1.544000e+01 -2.029284e-01 -1.197070e+00 -3.954828e-01 3.695990e+00 9.401405e-01 -1.053187e+00 1.072571e+00 5.245795e-01 1.460902e+00 2.704260e-01 -1.425249e-01 -1.098302e+00
1.552000e+01 -2.224239e-01 -1.258435e+00 -4.744326e-01 3.642660e+00 9.569954e-01 -1.127296e+00 1.118038e+00 5.782475e-01 1.477758e+00 4.106743e-01 -1.999850e-01 -1.246645e+00
1.560000e+01 -2.391820e-01 -1.323029e+00 -5.528906e-01 3.593249e+00 9.774185e-01 -1.190982e+00 1.161270e+00 6.294692e-01 1.498502e+00 5.382142e-01 -2.583076e-01 -1.381209e+00
1.568000e+01 -2.596440e-01 -1.389384e+00 -6.320941e-01 3.562694e+00 9.980334e-01 -1.253338e+00 1.202662e+00 6.789596e-01 1.519219e+00 6.587247e-01 -3.180709e-01 -1.529838e+00
1.576000e+01 -2.794684e-01 -1.455108e+00 -7.106772e-01 3.524828e+00 1.016732e+00 -1.311624e+00 1.241966e+00 7.241700e-01 1.540309e+00 7.679598e-01 -3.749899e-01 -1.681580e+00
1.584000e+01 -2.955957e-01 -1.519616e+00 -7.885226e-01 3.488165e+00 1.034281e+00 -1.364910e+00 1.279053e+00 7.647907e-01 1.561815e+00 8.676361e-01 -4.311612e-01 -1.826041e+00
1.592000e+01 -3.104754e-01 -1.591782e+00 -8.677227e-01 3.453763e+00 1.049217e+00 -1.414340e+00 1.313647e+00 7.986031e-01 1.584753e+00 9.571532e-01 -4.832633e-01 -1.969130e+00
1.600000e+01 -3.226834e-01 -1.658051e+00 -9.460105e-01 3.409155e+00 1.060901e+00 -1.458578e+00 1.347013e+00 8.218399e-01 1.611087e+00 1.043280e+00 -5.298933e-01 -2.119232e+00
1.608000e+01 -3.339096e-01 -1.723111e+00 -1.022029e+00 3.371921e+00 1.069812e+00 -1.500893e+00 1.377051e+00 8.394508e-01 1.641208e+00 1.114387e+00 -5.722318e-01 -2.262104e+00
1.616000e+01 -3.450832e-01 -1.794836e+00 -1.095640e+00 3.335526e+00 1.074765e+00 -1.535544e+00 1.403992e+00 8.474727e-01 1.675031e+00 1.181339e+00 -6.074173e-01 -2.408420e+00
1.624000e+01 -3.553544e-01 -1.859825e+00 -1.162551e+00 3.298973e+00 1.076352e+00 -1.561077e+00 1.426853e+00 8.499580e-01 1.714268e+00 1.229745e+00 -6.385762e-01 -2.533041e+00
1.632000e+01 -3.631074e-01 -1.925005e+00 -1.220248e+00 3.258331e+00 1.077751e+00 -1.578047e+00 1.449645e+00 8.497370e-01 1.756533e+00 1.289109e+00 -6.657366e-01 -2.647669e+00
1.640000e+01 -3.719563e-01 -1.988726e+00 -1.270028e+00 3.225508e+00 1.076246e+00 -1.583409e+00 1.467366e+00 8.418311e-01 1.803938e+00 1.330201e+00 -6.908892e-01 -2.748049e+00
1.648000e+01 -3.798823e-01 -2.050770e+00 -1.311352e+00 3.188534e+00 1.071613e+00 -1.579133e+00 1.481447e+00 8.223517e-01 1.856884e+00 1.362819e+00 -7.111198e-01 -2.835336e+00
1.656000e+01 -3.892083e-01 -2.114236e+00 -1.344181e+00 3.156381e+00 1.066145e+00 -1.562584e+00 1.492462e+00 7.984542e-01 1.912592e+00 1.388381e+00 -7.268644e-01 -2.911199e+00
1.664000e+01 -4.020437e-01 -2.175658e+00 -1.370212e+00 3.124707e+00 1.057082e+00 -1.535092e+00 1.496399e+00 7.633400e-01 1.971703e+00 1.393974e+00 -7.351106e-01 -2.980848e+00
1.672000e+01 -4.146776e-01 -2.221811e+00 -1.386552e+00 3.082293e+00 1.046923e+00 -1.496575e+00 1.494885e+00 7.227235e-01 2.031343e+00 1.384310e+00 -7.354179e-01 -3.031046e+00
1.680000e+01 -4.262209e-01 -2.264562e+00 -1.396184e+00 3.027527e+00 1.036069e+00 -1.445033e+00 1.487724e+00 6.755246e-01 2.088734e+00 1.357688e+00 -7.232681e-01 -3.065473e+00
1.688000e+01 -4.334795e-01 -2.319060e+00 -1.404157e+00 2.940488e+00 1.023633e+00 -1.394607e+00 1.477620e+00 6.164049e-01 2.145383e+00 1.311274e+00 -6.869829e-01 -3.084055e+00
1.696000e+01 -4.457986e-01 -2.363183e+00 -1.407891e+00 2.887224e+00 1.009784e+00 -1.324130e+00 1.459413e+00 5.558690e-01 2.191131e+00 1.244012e+00 -6.373925e-01 -3.091651e+00
1.704000e+01 -4.552874e-01 -2.414053e+00 -1.408636e+00 2.818924e+00 9.924535e-01 -1.246557e+00 1.432700e+00 4.842824e-01 2.229726e+00 1.142292e+00 -5.638084e-01 -3.059508e+00
1.712000e+01 -4.655845e-01 -2.461800e+00 -1.406130e+00 2.745678e+00 9.763766e-01 -1.160462e+00 1.401257e+00 4.204415e-01 2.252536e+00 1.037302e+00 -4.704366e-01 -3.024451e+00
1.720000e+01 -4.731253e-01 -2.513354e+00 -1.402145e+00 2.661602e+00 9.601584e-01 -1.067972e+00 1.365751e+00 3.483749e-01 2.259966e+00 9.183554e-01 -3.516607e-01 -2.958647e+00
1.728000e+01 -4.778210e-01 -2.550103e+00 -1.392262e+00 2.574001e+00 9.452979e-01 -9.593712e-01 1.325867e+00 2.720719e-01 2.247838e+00 7.927150e-01 -2.105534e-01 -2.860530e+00
1.736000e+01 -4.776752e-01 -2.588031e+00 -1.375455e+00 2.496331e+00 9.382376e-01 -8.435977e-01 1.284091e+00 2.102919e-01 2.210756e+00 6.743640e-01 -5.015184e-02 -2.716746e+00
1.744000e+01 -4.796144e-01 -2.628789e+00 -1.362007e+00 2.408814e+00 9.270288e-01 -7.233344e-01 1.236998e+00 1.379435e-01 2.155234e+00 5.349314e-01 1.366200e-01 -2.550942e+00
1.752000e+01 -4.865798e-01 -2.673210e+00 -1.348533e+00 2.332225e+00 9.140645e-01 -5.962665e-01 1.189113e+00 5.924901e-02 2.081518e+00 4.141890e-01 3.490052e-01 -2.363635e+00
1.760000e+01 -4.956951e-01 -2.718742e+00 -1.333656e+00 2.249088e+00 8.991433e-01 -4.579576e-01 1.140399e+00 -2.523685e-02 1.992718e+00 3.016869e-01 5.838805e-01 -2.152049e+00
1.768000e+01 -5.107689e-01 -2.756089e+00 -1.320249e+00 2.161486e+00 8.821110e-01 -3.267938e-01 1.091907e+00 -1.061808e-01 1.891992e+00 1.824986e-01 8.391206e-01 -1.925084e+00
1.776000e+01 -5.251448e-01 -2.784142e+00 -1.293106e+00 2.095772e+00 8.724401e-01 -1.894356e-01 1.047858e+00 -1.771523e-01 1.780686e+00 9.505823e-02 1.103888e+00 -1.632620e+00
1.784000e+01 -5.512639e-01 -2.794069e+00 -1.262444e+00 2.045536e+00 8.644479e-01 -5.791065e-02 1.004347e+00 -2.400398e-01 1.657811e+00 1.397445e-02 1.374317e+00 -1.344871e+00
1.792000e+01 -5.784057e-01 -2.789253e+00 -1.223423e+00 1.994382e+00 8.602355e-01 7.202152e-02 9.645881e-01 -2.996217e-01 1.527774e+00 -3.751272e-02 1.647192e+00 -1.020456e+00
1.800000e+01 -6.224451e-01 -2.785160e+00 -1.190176e+00 1.938963e+00 8.524090e-01 2.225592e-01 9.171845e-01 -3.622733e-01 1.396268e+00 -9.141859e-02 1.916198e+00 -7.506744e-01
1.808000e+01 -6.834494e-01 -2.754761e+00 -1.154800e+00 1.901121e+00 8.498246e-01 3.521493e-01 8.714535e-01 -4.283890e-01 1.272245e+00 -1.263658e-01 2.168480e+00 -5.218846e-01
1.816000e+01 -7.612155e-01 -2.723008e+00 -1.125853e+00 1.862900e+00 8.404848e-01 4.729816e-01 8.230985e-01 -5.018975e-01 1.160077e+00 -1.566015e-01 2.405508e+00 -3.807821e-01
1.824000e+01 -8.555818e-01 -2.680109e+00 -1.099291e+00 1.823563e+00 8.275674e-01 5.935992e-01 7.737089e-01 -5.695508e-01 1.058027e+00 -1.720545e-01 2.616410e+00 -3.259020e-01
1.832000e+01 -9.646615e-01 -2.621320e+00 -1.070448e+00 1.790027e+00 8.124909e-01 7.068216e-01 7.248036e-01 -6.314576e-01 9.667820e-01 -1.768991e-01 2.795243e+00 -3.343503e-01
1.840000e+01 -1.083748e+00 -2.569304e+00 -1.040024e+00 1.765623e+00 7.952705e-01 8.130238e-01 6.776188e-01 -6.895828e-01 8.886508e-01 -1.662076e-01 2.947530e+00 -3.848560e-01
1.848000e+01 -1.217455e+00 -2.501902e+00 -1.010316e+00 1.740761e+00 7.750939e-01 9.122955e-01 6.308224e-01 -7.447305e-01 8.236540e-01 -1.560389e-01 3.068719e+00 -4.864279e-01
1.856000e+01 -1.370066e+00 -2.428141e+00 -9.895693e-01 1.715459e+00 7.474999e-01 1.000446e+00 5.814753e-01 -8.030876e-01 7.731266e-01 -1.575063e-01 3.163557e+00 -6.667680e-01
1.864000e+01 -1.529458e+00 -2.336568e+00 -9.677559e-01 1.687146e+00 7.204959e-01 1.084158e+00 5.335666e-01 -8.544504e-01 7.343026e-01 -1.476273e-01 3.222090e+00 -8.657778e-01
1.872000e+01 -1.697634e+00 -2.251076e+00 -9.552901e-01 1.652995e+00 6.897081e-01 1.160810e+00 4.856425e-01 -9.062967e-01 7.086555e-01 -1.381142e-01 3.253114e+00 -1.120933e+00
1.880000e+01 -1.864737e+00 -2.183743e+00 -9.494642e-01 1.607996e+00 6.572019e-01 1.224791e+00 4.409092e-01 -9.567830e-01 6.950082e-01 -1.219877e-01 3.258797e+00 -1.387181e+00
1.888000e+01 -2.037192e+00 -2.100420e+00 -9.533677e-01 1.560302e+00 6.217503e-01 1.280799e+00 3.959007e-01 -1.006518e+00 6.909524e-01 -1.085361e-01 3.235983e+00 -1.708269e+00
1.896000e+01 -2.208445e+00 -2.011462e+00 -9.601140e-01 1.519486e+00 5.877238e-01 1.335020e+00 3.522944e-01 -1.049515e+00 6.940152e-01 -8.922793e-02 3.186420e+00 -2.020823e+00
1.904000e+01 -2.378817e+00 -1.927382e+00 -9.762012e-01 1.477116e+00 5.522377e-01 1.382691e+00 3.073675e-01 -1.091562e+00 7.055572e-01 -8.009615e-02 3.130713e+00 -2.319368e+00
1.912000e+01 -2.543394e+00 -1.837323e+00 -9.963444e-01 1.427161e+00 5.190846e-01 1.437212e+00 2.614200e-01 -1.129078e+00 7.232108e-01 -6.335015e-02 3.069983e+00 -2.595500e+00
1.920000e+01 -2.701514e+00 -1.727482e+00 -1.017248e+00 1.372746e+00 4.879714e-01 1.480620e+00 2.197234e-01 -1.165691e+00 7.497717e-01 -4.317870e-02 3.010731e+00 -2.842874e+00
1.928000e+01 -2.841406e+00 -1.613084e+00 -1.038659e+00 1.293350e+00 4.593580e-01 1.510851e+00 1.846781e-01 -1.206042e+00 7.889787e-01 -1.555229e-02 2.945392e+00 -3.071115e+00
1.936000e+01 -2.965810e+00 -1.464028e+00 -1.050008e+00 1.225672e+00 4.398639e-01 1.548922e+00 1.533047e-01 -1.231932e+00 8.340413e-01 2.098213e-02 2.853622e+00 -3.284609e+00
1.944000e+01 -3.082282e+00 -1.288110e+00 -1.055736e+00 1.162085e+00 4.266020e-01 1.586270e+00 1.287295e-01 -1.254378e+00 8.822235e-01 6.574533e-02 2.743068e+00 -3.484324e+00
1.952000e+01 -3.180540e+00 -1.094754e+00 -1.056258e+00 1.094605e+00 4.195468e-01 1.619253e+00 1.114446e-01 -1.272516e+00 9.329526e-01 1.213699e-01 2.617850e+00 -3.671133e+00
1.960000e+01 -3.255570e+00 -9.214497e-01 -1.052863e+00 1.026280e+00 4.188129e-01 1.647359e+00 1.040678e-01 -1.292324e+00 9.905789e-01 1.897007e-01 2.485797e+00 -3.812628e+00
1.968000e+01 -3.327262e+00 -6.740070e-01 -1.042743e+00 9.628555e-01 4.184567e-01 1.675393e+00 9.958590e-02 -1.323037e+00 1.052298e+00 2.576175e-01 2.341908e+00 -4.007247e+00
1.976000e+01 -3.389312e+00 -4.624551e-01 -1.032805e+00 9.260376e-01 4.207082e-01 1.702745e+00 9.747453e-02 -1.343090e+00 1.114087e+00 3.173056e-01 2.183272e+00 -4.211547e+00
1.984000e+01 -3.434925e+00 -2.935097e-01 -1.023405e+00 8.646767e-01 4.254348e-01 1.721122e+00 1.011104e-01 -1.372399e+00 1.180209e+00 3.829792e-01 2.030910e+00 -4.411680e+00
1.992000e+01 -3.459783e+00 -1.169092e-01 -9.958773e-01 8.356320e-01 4.395248e-01 1.746498e+00 1.095619e-01 -1.391496e+00 1.243722e+00 4.691685e-01 1.877144e+00 -4.571052e+00
2.000000e+01 -3.464777e+00 3.021170e-02 -9.636697e-01 8.207526e-01 4.566895e-01 1.771122e+00 1.208439e-01 -1.412947e+00 1.305627e+00 5.537576e-01 1.740911e+00 -4.691183e+00
2.008000e+01 -3.459435e+00 1.536897e-01 -9.313870e-01 8.173887e-01 4.728381e-01 1.790162e+00 1.325282e-01 -1.441190e+00 1.368967e+00 6.266104e-01 1.627177e+00 -4.792207e+00
2.016000e+01 -3.436948e+00 3.044029e-01 -8.840046e-01 8.290569e-01 4.959900e-01 1.810428e+00 1.471728e-01 -1.464239e+00 1.428189e+00 7.106364e-01 1.522756e+00 -4.833679e+00
2.024000e+01 -3.404862e+00 4.095480e-01 -8.363635e-01 8.598455e-01 5.195137e-01 1.827308e+00 1.630894e-01 -1.491690e+00 1.484082e+00 7.906585e-01 1.433107e+00 -4.839029e+00
2.032000e+01 -3.367727e+00 4.978759e-01 -7.883612e-01 9.065270e-01 5.420723e-01 1.839894e+00 1.792360e-01 -1.528560e+00 1.537364e+00 8.658327e-01 1.355796e+00 -4.832259e+00
2.040000e+01 -3.319323e+00 5.448735e-01 -7.397023e-01 9.611089e-01 5.679641e-01 1.844896e+00 1.967369e-01 -1.562808e+00 1.589128e+00 9.327218e-01 1.292255e+00 -4.785782e+00
2.048000e+01 -3.260931e+00 5.983899e-01 -6.823896e-01 1.025162e+00 5.984227e-01 1.846422e+00 2.161063e-01 -1.591525e+00 1.635422e+00 1.002441e+00 1.238908e+00 -4.714572e+00
2.056000e+01 -3.196874e+00 6.313281e-01 -6.238657e-01 1.095935e+00 6.312430e-01 1.843399e+00 2.381881e-01 -1.630224e+00 1.680507e+00 1.070644e+00 1.202978e+00 -4.624184e+00
2.064000e+01 -3.126243e+00 6.553498e-01 -5.656853e-01 1.171658e+00 6.646542e-01 1.833763e+00 2.595277e-01 -1.674482e+00 1.723372e+00 1.123873e+00 1.186446e+00 -4.518595e+00
2.072000e+01 -3.046429e+00 6.520942e-01 -5.101356e-01 1.244868e+00 7.007968e-01 1.812396e+00 2.831648e-01 -1.723516e+00 1.763410e+00 1.176534e+00 1.191553e+00 -4.384185e+00
2.080000e+01 -2.966263e+00 6.425919e-01 -4.604382e-01 1.324223e+00 7.379152e-01 1.786850e+00 3.046722e-01 -1.771409e+00 1.798102e+00 1.217334e+00 1.211274e+00 -4.251087e+00
2.088000e+01 -2.881705e+00 6.296414e-01 -4.140968e-01 1.405613e+00 7.777163e-01 1.767337e+00 3.228443e-01 -1.824167e+00 1.826501e+00 1.247997e+00 1.244162e+00 -4.082790e+00
2.096000e+01 -2.792702e+00 6.116305e-01 -3.733961e-01 1.490141e+00 8.175307e-01 1.740259e+00 3.377472e-01 -1.882879e+00 1.849922e+00 1.256330e+00 1.288002e+00 -3.885565e+00
2.104000e+01 -2.709501e+00 5.979290e-01 -3.396392e-01 1.587363e+00 8.575461e-01 1.713568e+00 3.507377e-01 -1.948345e+00 1.867602e+00 1.256849e+00 1.332869e+00 -3.695949e+00
2.112000e+01 -2.626765e+00 5.863692e-01 -3.148609e-01 1.674040e+00 8.983294e-01 1.678884e+00 3.627885e-01 -2.019071e+00 1.881227e+00 1.240638e+00 1.384987e+00 -3.496415e+00
2.120000e+01 -2.538309e+00 5.894012e-01 -2.927636e-01 1.753263e+00 9.427108e-01 1.632820e+00 3.770450e-01 -2.092889e+00 1.890336e+00 1.222426e+00 1.438237e+00 -3.263356e+00
2.128000e+01 -2.459159e+00 5.986699e-01 -2.839476e-01 1.829545e+00 9.848261e-01 1.576401e+00 3.917205e-01 -2.170971e+00 1.896638e+00 1.191388e+00 1.491337e+00 -3.067658e+00
2.136000e+01 -2.382911e+00 6.117310e-01 -2.858629e-01 1.893131e+00 1.026718e+00 1.516781e+00 4.046158e-01 -2.258450e+00 1.900420e+00 1.150118e+00 1.540275e+00 -2.875224e+00
2.144000e+01 -2.313815e+00 6.573409e-01 -2.977693e-01 1.958241e+00 1.064888e+00 1.459016e+00 4.122019e-01 -2.360421e+00 1.901948e+00 1.092975e+00 1.580164e+00 -2.705203e+00
2.152000e+01 -2.252152e+00 7.138607e-01 -3.210823e-01 2.007551e+00 1.104537e+00 1.404578e+00 4.157958e-01 -2.460748e+00 1.900656e+00 1.026414e+00 1.607596e+00 -2.556270e+00
2.160000e+01 -2.196352e+00 7.747886e-01 -3.564239e-01 2.042445e+00 1.143234e+00 1.364273e+00 4.142006e-01 -2.570043e+00 1.898724e+00 9.487617e-01 1.629945e+00 -2.427206e+00
2.168000e+01 -2.141913e+00 8.080587e-01 -4.044147e-01 2.061559e+00 1.181207e+00 1.335644e+00 4.065179e-01 -2.683190e+00 1.895547e+00 8.616424e-01 1.649817e+00 -2.317442e+00
2.176000e+01 -2.088124e+00 8.485530e-01 -4.625309e-01 2.073655e+00 1.213996e+00 1.310594e+00 3.948678e-01 -2.815488e+00 1.895360e+00 7.672146e-01 1.660578e+00 -2.219629e+00
2.184000e+01 -2.036860e+00 9.069165e-01 -5.302219e-01 2.075920e+00 1.243383e+00 1.294418e+00 3.758106e-01 -2.943641e+00 1.895124e+00 6.610370e-01 1.658340e+00 -2.145902e+00
2.192000e+01 -1.977827e+00 9.767065e-01 -6.033190e-01 2.050812e+00 1.271637e+00 1.291245e+00 3.528337e-01 -3.065913e+00 1.893572e+00 5.477910e-01 1.642037e+00 -2.061124e+00
2.200000e+01 -1.911863e+00 1.053276e+00 -6.829703e-01 2.005693e+00 1.294400e+00 1.291815e+00 3.282283e-01 -3.190889e+00 1.893890e+00 4.301601e-01 1.613456e+00 -1.975255e+00
2.208000e+01 -1.849872e+00 1.097324e+00 -7.763867e-01 1.975066e+00 1.306229e+00 1.317636e+00 2.951485e-01 -3.321491e+00 1.893075e+00 2.897681e-01 1.571414e+00 -1.912383e+00
2.216000e+01 -1.776439e+00 1.146364e+00 -8.712492e-01 1.924153e+00 1.310540e+00 1.352053e+00 2.620414e-01 -3.450644e+00 1.891058e+00 1.636868e-01 1.515838e+00 -1.848505e+00
2.224000e+01 -1.701169e+00 1.183780e+00 -9.741909e-01 1.871433e+00 1.297797e+00 1.404803e+00 2.237716e-01 -3.577154e+00 1.888142e+00 2.329629e-02 1.449703e+00 -1.804938e+00
2.232000e+01 -1.619089e+00 1.207968e+00 -1.082216e+00 1.820190e+00 1.268829e+00 1.498571e+00 1.772588e-01 -3.695559e+00 1.881593e+00 -1.157314e-01 1.376054e+00 -1.759297e+00
2.240000e+01 -1.521821e+00 1.226325e+00 -1.192166e+00 1.754991e+00 1.222803e+00 1.605588e+00 1.300916e-01 -3.810703e+00 1.878168e+00 -2.507265e-01 1.296357e+00 -1.687097e+00
2.248000e+01 -1.414334e+00 1.233496e+00 -1.303042e+00 1.684370e+00 1.154975e+00 1.764026e+00 7.382654e-02 -3.916204e+00 1.871224e+00 -3.919866e-01 1.212055e+00 -1.584896e+00
2.256000e+01 -1.298652e+00 1.235372e+00 -1.422378e+00 1.595673e+00 1.059584e+00 1.912651e+00 2.150748e-02 -4.023231e+00 1.870356e+00 -5.330448e-01 1.140480e+00 -1.512868e+00
2.264000e+01 -1.174451e+00 1.227040e+00 -1.537259e+00 1.493295e+00 9.391878e-01 2.111972e+00 -3.799624e-02 -4.116066e+00 1.865740e+00 -6.549658e-01 1.079278e+00 -1.430822e+00
2.272000e+01 -1.048456e+00 1.210810e+00 -1.658435e+00 1.392917e+00 7.820137e-01 2.316679e+00 -9.971806e-02 -4.206192e+00 1.862695e+00 -7.834534e-01 1.026453e+00 -1.385454e+00
2.280000e+01 -9.124732e-01 1.192189e+00 -1.779737e+00 1.283253e+00 5.993756e-01 2.503160e+00 -1.601298e-01 -4.291183e+00 1.863917e+00 -9.111079e-01 9.843570e-01 -1.337179e+00
2.288000e+01 -7.687431e-01 1.173872e+00 -1.902150e+00 1.169920e+00 3.989115e-01 2.656194e+00 -2.238835e-01 -4.372498e+00 1.869552e+00 -1.042897e+00 9.448353e-01 -1.307409e+00
2.296000e+01 -6.116278e-01 1.117339e+00 -2.027964e+00 1.040747e+00 1.795971e-01 2.764683e+00 -2.813723e-01 -4.459217e+00 1.883392e+00 -1.162577e+00 9.148962e-01 -1.281892e+00
2.304000e+01 -4.336081e-01 1.005327e+00 -2.148223e+00 8.930016e-01 -5.295557e-02 2.859200e+00 -3.409420e-01 -4.524782e+00 1.897009e+00 -1.266421e+00 8.894075e-01 -1.237444e+00
2.312000e+01 -2.349840e-01 8.853169e-01 -2.263329e+00 7.399714e-01 -3.142178e-01 2.894778e+00 -3.960421e-01 -4.589294e+00 1.918567e+00 -1.369970e+00 8.671530e-01 -1.201003e+00
2.320000e+01 -1.833041e-02 7.467149e-01 -2.371707e+00 5.778033e-01 -5.979301e-01 2.894775e+00 -4.525609e-01 -4.635192e+00 1.941450e+00 -1.476911e+00 8.485587e-01 -1.176356e+00
2.328000e+01 2.195090e-01 5.954154e-01 -2.469268e+00 3.902133e-01 -8.911270e-01 2.872238e+00 -5.161513e-01 -4.644850e+00 1.959049e+00 -1.576845e+00 8.281875e-01 -1.163214e+00
2.336000e+01 4.775208e-01 4.450356e-01 -2.557387e+00 1.990498e-01 -1.208643e+00 2.813363e+00 -5.794336e-01 -4.663419e+00 1.979659e+00 -1.672173e+00 8.104939e-01 -1.165091e+00
2.344000e+01 7.508772e-01 3.023344e-01 -2.635130e+00 2.619707e-03 -1.545878e+00 2.739001e+00 -6.478023e-01 -4.681634e+00 1.999722e+00 -1.784526e+00 7.920797e-01 -1.177801e+00
2.352000e+01 1.050072e+00 1.978711e-01 -2.692173e+00 -2.089608e-01 -1.903449e+00 2.634089e+00 -7.033075e-01 -4.689988e+00 2.019714e+00 -1.863995e+00 7.729741e-01 -1.177037e+00
2.360000e+01 1.351157e+00 1.063906e-01 -2.731492e+00 -4.156632e-01 -2.289450e+00 2.534579e+00 -7.477067e-01 -4.696700e+00 2.041109e+00 -1.916960e+00 7.592160e-01 -1.185298e+00
2.368000e+01 1.647826e+00 5.839816e-02 -2.751785e+00 -6.124726e-01 -2.687449e+00 2.401534e+00 -7.802957e-01 -4.663303e+00 2.059346e+00 -1.972077e+00 7.455718e-01 -1.197071e+00
2.376000e+01 1.942526e+00 1.045399e-01 -2.748695e+00 -7.789721e-01 -3.092992e+00 2.213285e+00 -7.958264e-01 -4.660489e+00 2.083986e+00 -2.017893e+00 7.304422e-01 -1.194880e+00
2.384000e+01 2.225335e+00 1.622022e-01 -2.725048e+00 -9.321312e-01 -3.458645e+00 1.958649e+00 -7.803253e-01 -4.609190e+00 2.109156e+00 -2.054359e+00 7.245549e-01 -1.185301e+00
2.392000e+01 2.489388e+00 2.795124e-01 -2.682273e+00 -1.067033e+00 -3.779472e+00 1.630048e+00 -7.327115e-01 -4.594710e+00 2.152036e+00 -2.074052e+00 7.318935e-01 -1.171406e+00
2.400000e+01 2.721271e+00 4.502273e-01 -2.618135e+00 -1.177254e+00 -4.042963e+00 1.332372e+00 -6.676007e-01 -4.603057e+00 2.200952e+00 -2.093133e+00 7.405472e-01 -1.156419e+00
2.408000e+01 2.916769e+00 6.717457e-01 -2.536087e+00 -1.272762e+00 -4.256445e+00 1.049344e+00 -5.709169e-01 -4.627925e+00 2.262466e+00 -2.094004e+00 7.518126e-01 -1.139666e+00
2.416000e+01 3.068371e+00 9.100788e-01 -2.438473e+00 -1.338519e+00 -4.408325e+00 7.429524e-01 -4.448944e-01 -4.604277e+00 2.328118e+00 -2.074299e+00 7.634769e-01 -1.113446e+00
2.424000e+01 3.167002e+00 1.178901e+00 -2.321323e+00 -1.391908e+00 -4.500126e+00 4.917114e-01 -3.168803e-01 -4.598336e+00 2.398186e+00 -2.027509e+00 7.634516e-01 -1.044857e+00
2.432000e+01 3.213641e+00 1.453290e+00 -2.195650e+00 -1.441071e+00 -4.551178e+00 2.598807e-01 -1.850446e-01 -4.594334e+00 2.477042e+00 -1.981026e+00 7.588313e-01 -9.580019e-01
2.440000e+01 3.210008e+00 1.718744e+00 -2.058136e+00 -1.478214e+00 -4.556355e+00 6.543237e-02 -6.609520e-02 -4.579463e+00 2.556775e+00 -1.916756e+00 7.432970e-01 -8.236026e-01
2.448000e+01 3.152037e+00 1.953993e+00 -1.923968e+00 -1.484152e+00 -4.531849e+00 -1.601497e-01 4.029374e-02 -4.584872e+00 2.647812e+00 -1.848895e+00 7.279356e-01 -6.716059e-01
2.456000e+01 3.050255e+00 2.200104e+00 -1.773169e+00 -1.482249e+00 -4.463944e+00 -3.148630e-01 1.190022e-01 -4.587066e+00 2.732363e+00 -1.719268e+00 6.929110e-01 -5.171491e-01
2.464000e+01 2.900009e+00 2.359705e+00 -1.624556e+00 -1.457576e+00 -4.378573e+00 -4.258121e-01 1.652260e-01 -4.587074e+00 2.808143e+00 -1.596486e+00 6.575758e-01 -3.788817e-01
2.472000e+01 2.719520e+00 2.533729e+00 -1.464878e+00 -1.423862e+00 -4.277538e+00 -5.149454e-01 1.806650e-01 -4.613026e+00 2.881132e+00 -1.461499e+00 6.126468e-01 -2.552357e-01
2.480000e+01 2.516113e+00 2.680254e+00 -1.288005e+00 -1.376333e+00 -4.154223e+00 -5.992764e-01 1.767685e-01 -4.614716e+00 2.947117e+00 -1.334064e+00 5.605018e-01 -1.567193e-01
2.488000e+01 2.282980e+00 2.730363e+00 -1.109519e+00 -1.326277e+00 -4.024194e+00 -6.319672e-01 1.430880e-01 -4.633528e+00 3.009410e+00 -1.218022e+00 5.107748e-01 -7.695828e-02
2.496000e+01 2.047769e+00 2.762633e+00 -9.236395e-01 -1.286691e+00 -3.894456e+00 -6.936482e-01 1.091779e-01 -4.691116e+00 3.078900e+00 -1.091245e+00 4.602343e-01 6.375581e-03
2.504000e+01 1.804287e+00 2.781154e+00 -7.340590e-01 -1.262620e+00 -3.773986e+00 -7.342035e-01 5.696547e-02 -4.793303e+00 3.144662e+00 -9.808754e-01 4.077019e-01 5.253360e-02
2.512000e+01 1.561449e+00 2.843457e+00 -5.298956e-01 -1.221965e+00 -3.653374e+00 -7.815630e-01 -1.618677e-03 -4.910152e+00 3.209506e+00 -8.562089e-01 3.461777e-01 9.135977e-02
2.520000e+01 1.332566e+00 2.860431e+00 -3.293363e-01 -1.176116e+00 -3.544650e+00 -8.353875e-01 -7.917572e-02 -5.069588e+00 3.279302e+00 -7.519437e-01 2.938759e-01 1.085664e-01
2.528000e+01 1.107679e+00 2.853692e+00 -1.331496e-01 -1.126585e+00 -3.447314e+00 -8.613572e-01 -1.771331e-01 -5.253163e+00 3.351005e+00 -6.546488e-01 2.457100e-01 1.054840e-01
2.536000e+01 9.012159e-01 2.827841e+00 6.113198e-02 -1.088646e+00 -3.362237e+00 -9.307057e-01 -2.800284e-01 -5.427134e+00 3.431661e+00 -5.649119e-01 2.083889e-01 6.943454e-02
2.544000e+01 7.153460e-01 2.820829e+00 2.610278e-01 -1.045322e+00 -3.286157e+00 -1.014464e+00 -4.006541e-01 -5.616119e+00 3.518540e+00 -4.829428e-01 1.703051e-01 -3.652165e-04
2.552000e+01 5.681004e-01 2.777515e+00 4.618875e-01 -1.014156e+00 -3.219286e+00 -1.104489e+00 -5.360209e-01 -5.797802e+00 3.615082e+00 -4.156193e-01 1.452338e-01 -7.715068e-02
2.560000e+01 4.494379e-01 2.728200e+00 6.587159e-01 -9.461139e-01 -3.169306e+00 -1.195065e+00 -6.866109e-01 -5.990131e+00 3.712652e+00 -3.500739e-01 1.201964e-01 -1.979808e-01
2.568000e+01 3.672261e-01 2.633882e+00 8.548169e-01 -9.143049e-01 -3.117930e+00 -1.261857e+00 -8.631798e-01 -6.131876e+00 3.804278e+00 -2.808344e-01 9.847054e-02 -3.550304e-01
2.576000e+01 3.264100e-01 2.562644e+00 1.047477e+00 -8.845756e-01 -3.086687e+00 -1.333998e+00 -1.052037e+00 -6.312372e+00 3.914409e+00 -2.308605e-01 8.147440e-02 -4.980225e-01
2.584000e+01 3.286804e-01 2.439666e+00 1.233054e+00 -8.461024e-01 -3.057712e+00 -1.440541e+00 -1.259177e+00 -6.451794e+00 4.034721e+00 -2.142388e-01 7.264108e-02 -6.150717e-01
2.592000e+01 3.611031e-01 2.287162e+00 1.412773e+00 -8.233076e-01 -3.028624e+00 -1.517214e+00 -1.499860e+00 -6.560701e+00 4.157228e+00 -2.139334e-01 6.193140e-02 -7.343795e-01
2.600000e+01 4.155020e-01 2.124686e+00 1.590084e+00 -8.263431e-01 -2.973875e+00 -1.628872e+00 -1.769530e+00 -6.500780e+00 4.255946e+00 -2.423456e-01 4.018724e-02 -8.942952e-01
2.608000e+01 4.790608e-01 1.928543e+00 1.745256e+00 -8.275206e-01 -2.925169e+00 -1.753901e+00 -2.065139e+00 -6.449164e+00 4.349061e+00 -2.820619e-01 1.825264e-02 -1.095417e+00
2.616000e+01 5.489202e-01 1.705671e+00 1.884290e+00 -8.484336e-01 -2.879327e+00 -1.833823e+00 -2.392582e+00 -6.396162e+00 4.424500e+00 -3.593078e-01 -5.470646e-03 -1.265540e+00
2.624000e+01 6.001195e-01 1.495926e+00 2.004276e+00 -8.536736e-01 -2.834653e+00 -1.918764e+00 -2.730957e+00 -6.370757e+00 4.481213e+00 -4.959151e-01 -4.041469e-02 -1.456899e+00
2.632000e+01 6.339667e-01 1.252949e+00 2.114581e+00 -8.602574e-01 -2.792115e+00 -2.036066e+00 -3.031909e+00 -6.368857e+00 4.523850e+00 -6.004971e-01 -7.509768e-02 -1.655478e+00
2.640000e+01 6.369577e-01 9.892033e-01 2.208733e+00 -8.710723e-01 -2.757825e+00 -2.140004e+00 -3.315624e+00 -6.394535e+00 4.549695e+00 -6.967134e-01 -1.122468e-01 -1.859308e+00
2.648000e+01 6.077570e-01 7.037282e-01 2.294010e+00 -8.994289e-01 -2.711306e+00 -2.229507e+00 -3.538797e+00 -6.305539e+00 4.540524e+00 -7.796826e-01 -1.521665e-01 -2.066647e+00
2.656000e+01 5.560718e-01 4.358087e-01 2.371868e+00 -9.328859e-01 -2.674577e+00 -2.358427e+00 -3.672170e+00 -6.193222e+00 4.515468e+00 -8.504649e-01 -1.842272e-01 -2.253798e+00
2.664000e+01 4.697665e-01 1.441757e-01 2.430058e+00 -9.487102e-01 -2.636506e+00 -2.504937e+00 -3.729316e+00 -6.101205e+00 4.471227e+00 -8.956466e-01 -2.065102e-01 -2.430311e+00
2.672000e+01 3.551612e-01 -1.375282e-01 2.477812e+00 -9.469248e-01 -2.605760e+00 -2.653969e+00 -3.690724e+00 -6.075960e+00 4.418146e+00 -9.039577e-01 -2.177394e-01 -2.599396e+00
2.680000e+01 2.217468e-01 -4.152534e-01 2.522279e+00 -9.554804e-01 -2.538699e+00 -2.836289e+00 -3.548019e+00 -5.945210e+00 4.328974e+00 -8.959569e-01 -2.300196e-01 -2.767114e+00
2.688000e+01 8.165337e-02 -6.677207e-01 2.544508e+00 -9.753168e-01 -2.483543e+00 -2.976145e+00 -3.264742e+00 -5.874518e+00 4.230549e+00 -8.577768e-01 -2.361178e-01 -2.921624e+00
2.696000e+01 -5.651184e-02 -9.333576e-01 2.545361e+00 -9.817693e-01 -2.432254e+00 -3.152413e+00 -2.786394e+00 -5.813042e+00 4.123245e+00 -7.904694e-01 -2.367965e-01 -3.066460e+00
2.704000e+01 -1.808517e-01 -1.147267e+00 2.527672e+00 -9.669620e-01 -2.385143e+00 -3.341996e+00 -2.103793e+00 -5.820184e+00 4.015724e+00 -6.652654e-01 -2.407144e-01 -3.196604e+00
2.712000e+01 -2.973777e-01 -1.319834e+00 2.503037e+00 -9.665491e-01 -2.305607e+00 -3.534761e+00 -1.401072e+00 -5.874343e+00 3.860808e+00 -5.236472e-01 -2.689051e-01 -3.337333e+00
2.720000e+01 -4.000015e-01 -1.439942e+00 2.469867e+00 -9.464518e-01 -2.208933e+00 -3.742389e+00 -6.221834e-01 -5.803909e+00 3.670256e+00 -4.013481e-01 -3.193168e-01 -3.448913e+00
2.728000e+01 -4.945615e-01 -1.543714e+00 2.418160e+00 -9.128146e-01 -2.117371e+00 -3.928677e+00 3.374617e-01 -5.524198e+00 3.454272e+00 -2.578935e-01 -3.782081e-01 -3.570859e+00
2.736000e+01 -5.729241e-01 -1.613853e+00 2.345989e+00 -8.749086e-01 -2.037901e+00 -4.088729e+00 1.296368e+00 -5.342508e+00 3.222267e+00 -1.248144e-01 -4.370078e-01 -3.692403e+00
2.744000e+01 -6.411896e-01 -1.645336e+00 2.266458e+00 -8.107792e-01 -1.955541e+00 -4.252053e+00 2.221067e+00 -5.197389e+00 2.968809e+00 3.722724e-02 -5.047663e-01 -3.816342e+00
2.752000e+01 -7.049280e-01 -1.644540e+00 2.169816e+00 -7.747346e-01 -1.883616e+00 -4.295792e+00 3.027567e+00 -5.036866e+00 2.686667e+00 1.572194e-01 -5.834881e-01 -3.924981e+00
2.760000e+01 -7.546627e-01 -1.615114e+00 2.065843e+00 -7.262470e-01 -1.804391e+00 -4.379976e+00 3.722710e+00 -4.852866e+00 2.389710e+00 2.474236e-01 -6.533618e-01 -4.010883e+00
2.768000e+01 -7.955247e-01 -1.574228e+00 1.951892e+00 -6.849820e-01 -1.716402e+00 -4.458836e+00 4.322182e+00 -4.683574e+00 2.087982e+00 3.367405e-01 -7.065774e-01 -4.117690e+00
2.776000e+01 -8.283667e-01 -1.483827e+00 1.835437e+00 -6.502531e-01 -1.616995e+00 -4.507103e+00 4.792006e+00 -4.591735e+00 1.783072e+00 3.774720e-01 -7.534807e-01 -4.216111e+00
2.784000e+01 -8.505793e-01 -1.357814e+00 1.724121e+00 -6.142984e-01 -1.491795e+00 -4.549997e+00 5.110625e+00 -4.594573e+00 1.478820e+00 4.092770e-01 -7.910241e-01 -4.303298e+00
2.792000e+01 -8.606632e-01 -1.194226e+00 1.615122e+00 -5.873382e-01 -1.368385e+00 -4.547947e+00 5.276913e+00 -4.687806e+00 1.193048e+00 4.042656e-01 -8.124476e-01 -4.384159e+00
2.800000e+01 -8.502794e-01 -1.029088e+00 1.520502e+00 -5.871518e-01 -1.213566e+00 -4.522272e+00 5.293421e+00 -4.733460e+00 9.079590e-01 3.698817e-01 -8.241678e-01 -4.467293e+00
2.808000e+01 -8.175002e-01 -8.684539e-01 1.444624e+00 -5.900619e-01 -1.031103e+00 -4.443478e+00 5.166226e+00 -4.663967e+00 6.250338e-01 2.999805e-01 -8.413953e-01 -4.558903e+00
2.816000e+01 -7.479708e-01 -7.014393e-01 1.374003e+00 -5.932325e-01 -8.726405e-01 -4.343043e+00 4.942214e+00 -4.648262e+00 3.955390e-01 1.946272e-01 -8.381317e-01 -4.641913e+00
2.824000e+01 -6.332690e-01 -5.596880e-01 1.321159e+00 -6.090043e-01 -7.086158e-01 -4.216685e+00 4.635515e+00 -4.589172e+00 1.915154e-01 5.596134e-02 -8.190347e-01 -4.696573e+00
2.832000e+01 -4.872487e-01 -4.348590e-01 1.279035e+00 -6.340144e-01 -5.478382e-01 -4.086573e+00 4.289020e+00 -4.518160e+00 2.688955e-03 -8.436452e-02 -7.625760e-01 -4.784098e+00
2.840000e+01 -3.146886e-01 -3.204774e-01 1.239265e+00 -6.623411e-01 -4.147013e-01 -3.951489e+00 3.909411e+00 -4.507269e+00 -1.927586e-01 -2.995939e-01 -6.597506e-01 -4.877660e+00
2.848000e+01 -1.205991e-01 -2.578039e-01 1.215422e+00 -6.763235e-01 -2.893140e-01 -3.795391e+00 3.525284e+00 -4.468311e+00 -4.458618e-01 -5.004692e-01 -5.088223e-01 -4.971785e+00
2.856000e+01 1.121081e-01 -2.388757e-01 1.215020e+00 -7.164902e-01 -1.658773e-01 -3.644539e+00 3.150929e+00 -4.426133e+00 -6.882502e-01 -5.704809e-01 -2.938757e-01 -4.976084e+00
2.864000e+01 3.532224e-01 -2.146175e-01 1.219136e+00 -7.682810e-01 -6.385937e-02 -3.505066e+00 2.784248e+00 -4.403034e+00 -7.930563e-01 -4.678813e-01 3.431739e-03 -4.978026e+00
2.872000e+01 5.948398e-01 -1.618938e-01 1.221622e+00 -8.244092e-01 4.727855e-03 -3.390263e+00 2.409744e+00 -4.417468e+00 -6.829700e-01 -2.893750e-01 4.106003e-01 -4.904210e+00
2.880000e+01 8.498259e-01 -1.388702e-01 1.251806e+00 -9.105747e-01 9.004997e-02 -3.271302e+00 2.079558e+00 -4.389083e+00 -3.894226e-01 3.357039e-02 9.285776e-01 -4.628514e+00
2.888000e+01 1.095900e+00 -6.482449e-02 1.289976e+00 -1.016345e+00 1.692434e-01 -3.173678e+00 1.798710e+00 -4.409590e+00 6.922962e-02 3.697546e-01 1.564009e+00 -4.103368e+00
2.896000e+01 1.346465e+00 4.436511e-03 1.350537e+00 -1.135615e+00 2.619868e-01 -3.086801e+00 1.581949e+00 -4.429551e+00 6.419294e-01 6.944688e-01 2.281085e+00 -3.115582e+00
2.904000e+01 1.554501e+00 1.285549e-01 1.394370e+00 -1.275801e+00 3.365539e-01 -3.038178e+00 1.403752e+00 -4.478687e+00 1.295585e+00 9.127539e-01 2.951041e+00 -2.145339e+00
2.912000e+01 1.736968e+00 2.783794e-01 1.445787e+00 -1.424006e+00 4.150410e-01 -3.008091e+00 1.279180e+00 -4.517738e+00 2.004463e+00 1.111457e+00 3.405894e+00 -1.723960e+00
2.920000e+01 1.887908e+00 4.677447e-01 1.495622e+00 -1.598420e+00 4.852472e-01 -2.997210e+00 1.196139e+00 -4.554466e+00 2.726549e+00 1.252541e+00 3.651835e+00 -1.606161e+00
2.928000e+01 1.986765e+00 7.170639e-01 1.524862e+00 -1.790543e+00 5.305482e-01 -3.014617e+00 1.140560e+00 -4.600704e+00 3.416121e+00 1.215032e+00 3.766515e+00 -1.436419e+00
2.936000e+01 2.018740e+00 1.019168e+00 1.529298e+00 -1.985234e+00 5.512904e-01 -3.057364e+00 1.107831e+00 -4.634608e+00 3.969066e+00 8.433059e-01 3.790788e+00 -1.446007e+00
2.944000e+01 2.015664e+00 1.318470e+00 1.535342e+00 -2.206161e+00 5.766232e-01 -3.102506e+00 1.128343e+00 -4.628062e+00 4.339813e+00 3.435473e-01 3.745346e+00 -1.733614e+00
2.952000e+01 1.972025e+00 1.650655e+00 1.547887e+00 -2.415736e+00 5.961737e-01 -3.156352e+00 1.169077e+00 -4.587048e+00 4.608543e+00 1.662151e-01 3.666505e+00 -2.235445e+00
2.960000e+01 1.891244e+00 1.852903e+00 1.535509e+00 -2.632264e+00 5.804848e-01 -3.204698e+00 1.181000e+00 -4.526295e+00 4.849019e+00 2.578665e-01 3.601266e+00 -2.754571e+00
2.968000e+01 1.823914e+00 1.830701e+00 1.521170e+00 -2.851827e+00 5.660993e-01 -3.263599e+00 1.222596e+00 -4.414316e+00 4.987590e+00 3.630583e-01 3.575961e+00 -3.226068e+00
2.976000e+01 1.775639e+00 1.656584e+00 1.490918e+00 -3.066128e+00 5.371621e-01 -3.334294e+00 1.268776e+00 -4.290740e+00 5.054166e+00 3.258479e-01 3.598955e+00 -3.634293e+00
2.984000e+01 1.752744e+00 1.455542e+00 1.452744e+00 -3.258099e+00 5.001666e-01 -3.407313e+00 1.322029e+00 -4.145092e+00 5.083997e+00 1.620070e-01 3.665350e+00 -3.937427e+00
2.992000e+01 1.761912e+00 1.224624e+00 1.395687e+00 -3.453670e+00 4.507892e-01 -3.484408e+00 1.369401e+00 -3.984746e+00 5.081566e+00 -1.433019e-01 3.743643e+00 -4.073366e+00
3.000000e+01 1.798611e+00 9.841642e-01 1.322755e+00 -3.640455e+00 3.909482e-01 -3.556923e+00 1.412771e+00 -3.819293e+00 5.041804e+00 -5.200371e-01 3.800503e+00 -4.079409e+00
3.008000e+01 1.834032e+00 7.760412e-01 1.224086e+00 -3.797369e+00 3.123108e-01 -3.617152e+00 1.439420e+00 -3.666934e+00 4.967284e+00 -9.931109e-01 3.808178e+00 -4.135996e+00
3.016000e+01 1.914144e+00 5.454010e-01 1.142377e+00 -3.934173e+00 2.459754e-01 -3.644304e+00 1.465624e+00 -3.492844e+00 4.859137e+00 -1.478996e+00 3.722820e+00 -4.056457e+00
3.024000e+01 2.023568e+00 3.005142e-01 1.066400e+00 -4.045490e+00 1.842291e-01 -3.647741e+00 1.484503e+00 -3.321424e+00 4.731865e+00 -2.035148e+00 3.595481e+00 -3.877486e+00
3.032000e+01 2.145509e+00 -1.597389e-02 9.831029e-01 -4.148534e+00 1.274506e-01 -3.640317e+00 1.510325e+00 -3.171665e+00 4.608424e+00 -2.566157e+00 3.474022e+00 -3.699892e+00
3.040000e+01 2.260862e+00 -2.775003e-01 9.133605e-01 -4.210939e+00 8.195804e-02 -3.618818e+00 1.529502e+00 -3.033187e+00 4.495768e+00 -3.109139e+00 3.354679e+00 -3.480907e+00
3.048000e+01 2.396595e+00 -5.470795e-01 8.678466e-01 -4.257516e+00 7.301181e-02 -3.574401e+00 1.579541e+00 -2.884383e+00 4.395393e+00 -3.481878e+00 3.239004e+00 -3.143822e+00
3.056000e+01 2.539690e+00 -7.844029e-01 8.354370e-01 -4.285573e+00 8.602183e-02 -3.501803e+00 1.633812e+00 -2.759489e+00 4.294096e+00 -3.760110e+00 3.107425e+00 -2.756423e+00
3.064000e+01 2.670564e+00 -9.460322e-01 8.180779e-01 -4.300994e+00 1.242655e-01 -3.417094e+00 1.694995e+00 -2.645491e+00 4.184206e+00 -3.951922e+00 2.941360e+00 -2.383924e+00
3.072000e+01 2.788933e+00 -1.072155e+00 8.198005e-01 -4.303310e+00 1.906310e-01 -3.325189e+00 1.759640e+00 -2.528218e+00 4.047429e+00 -4.050032e+00 2.725673e+00 -2.070613e+00
3.080000e+01 2.908202e+00 -1.205933e+00 8.463008e-01 -4.294667e+00 2.900811e-01 -3.225204e+00 1.836268e+00 -2.422559e+00 3.892846e+00 -4.017666e+00 2.444497e+00 -1.789741e+00
3.088000e+01 3.039301e+00 -1.360149e+00 8.762866e-01 -4.280743e+00 4.079346e-01 -3.135286e+00 1.910160e+00 -2.337606e+00 3.735061e+00 -3.911595e+00 2.145143e+00 -1.428758e+00
3.096000e+01 3.144435e+00 -1.402175e+00 9.023952e-01 -4.248873e+00 5.302834e-01 -3.068982e+00 1.971803e+00 -2.279433e+00 3.585913e+00 -3.745981e+00 1.901142e+00 -1.034966e+00
3.104000e+01 3.230592e+00 -1.354212e+00 9.159309e-01 -4.203896e+00 6.560056e-01 -3.015169e+00 2.027054e+00 -2.249195e+00 3.457585e+00 -3.535362e+00 1.767618e+00 -6.012452e-01
3.112000e+01 3.270120e+00 -1.165969e+00 9.147170e-01 -4.137539e+00 7.746629e-01 -2.965455e+00 2.059049e+00 -2.249652e+00 3.350767e+00 -3.333789e+00 1.709377e+00 -3.139532e-01
3.120000e+01 3.296451e+00 -9.313521e-01 9.297796e-01 -4.062592e+00 9.081237e-01 -2.916254e+00 2.089017e+00 -2.243127e+00 3.253432e+00 -3.072532e+00 1.646713e+00 -5.541153e-02
3.128000e+01 3.292733e+00 -6.696056e-01 9.485703e-01 -3.977530e+00 1.037642e+00 -2.897778e+00 2.103843e+00 -2.254174e+00 3.167574e+00 -2.808445e+00 1.565259e+00 1.197479e-01
3.136000e+01 3.270538e+00 -4.294903e-01 9.828312e-01 -3.887725e+00 1.171553e+00 -2.876332e+00 2.105968e+00 -2.247594e+00 3.076965e+00 -2.526261e+00 1.447403e+00 2.648759e-01
3.144000e+01 3.214237e+00 -1.760750e-01 1.017933e+00 -3.792301e+00 1.286010e+00 -2.879453e+00 2.092592e+00 -2.260985e+00 2.990642e+00 -2.268939e+00 1.330370e+00 3.361372e-01
3.152000e+01 3.126730e+00 5.158529e-02 1.061591e+00 -3.695703e+00 1.393410e+00 -2.887310e+00 2.078380e+00 -2.270325e+00 2.907012e+00 -1.949585e+00 1.235360e+00 3.398526e-01
3.160000e+01 3.004073e+00 2.881560e-01 1.094792e+00 -3.591628e+00 1.467803e+00 -2.884811e+00 2.034479e+00 -2.304807e+00 2.830771e+00 -1.669427e+00 1.184118e+00 2.717164e-01
3.168000e+01 2.859615e+00 5.329797e-01 1.119557e+00 -3.467390e+00 1.514654e+00 -2.900566e+00 1.975082e+00 -2.347735e+00 2.763772e+00 -1.447646e+00 1.174367e+00 1.443060e-01
3.176000e+01 2.705107e+00 8.123927e-01 1.144427e+00 -3.332175e+00 1.534316e+00 -2.877756e+00 1.898060e+00 -2.396264e+00 2.708722e+00 -1.237733e+00 1.183153e+00 -4.203304e-02
3.184000e+01 2.554013e+00 1.129053e+00 1.174747e+00 -3.177968e+00 1.535457e+00 -2.863930e+00 1.825212e+00 -2.444289e+00 2.670216e+00 -1.009321e+00 1.202655e+00 -2.646516e-01
3.192000e+01 2.408728e+00 1.441970e+00 1.205686e+00 -3.023833e+00 1.508956e+00 -2.862861e+00 1.742841e+00 -2.506295e+00 2.661365e+00 -8.240273e-01 1.223571e+00 -5.110667e-01
3.200000e+01 2.274695e+00 1.751664e+00 1.236276e+00 -2.863820e+00 1.459076e+00 -2.866088e+00 1.657822e+00 -2.570146e+00 2.682157e+00 -6.436670e-01 1.249182e+00 -8.095686e-01
3.208000e+01 2.176667e+00 2.021557e+00 1.271549e+00 -2.704797e+00 1.393138e+00 -2.871235e+00 1.574799e+00 -2.615778e+00 2.730006e+00 -4.948368e-01 1.267637e+00 -1.107496e+00
3.216000e+01 2.116177e+00 2.212095e+00 1.300132e+00 -2.522093e+00 1.306864e+00 -2.868502e+00 1.499808e+00 -2.670651e+00 2.809500e+00 -3.633138e-01 1.288092e+00 -1.385473e+00
3.224000e+01 2.099221e+00 2.317467e+00 1.319092e+00 -2.353400e+00 1.202286e+00 -2.873955e+00 1.429951e+00 -2.735930e+00 2.916801e+00 -2.742727e-01 1.294382e+00 -1.657822e+00
3.232000e+01 2.112416e+00 2.395289e+00 1.338696e+00 -2.187463e+00 1.087908e+00 -2.884862e+00 1.366400e+00 -2.794050e+00 3.038805e+00 -2.352337e-01 1.212385e+00 -2.036868e+00
3.240000e+01 2.146326e+00 2.431754e+00 1.372171e+00 -2.036332e+00 9.778451e-01 -2.877045e+00 1.313179e+00 -2.831189e+00 3.158797e+00 -2.212836e-01 1.018949e+00 -2.496157e+00
3.248000e+01 2.170684e+00 2.439348e+00 1.413267e+00 -1.876637e+00 8.666129e-01 -2.882827e+00 1.267188e+00 -2.862554e+00 3.265500e+00 -2.540318e-01 7.886235e-01 -2.960193e+00
3.256000e+01 2.156203e+00 2.419412e+00 1.441036e+00 -1.722113e+00 7.399283e-01 -2.878084e+00 1.206873e+00 -2.907310e+00 3.352867e+00 -3.829823e-01 5.826446e-01 -3.372376e+00
3.264000e+01 2.121393e+00 2.354034e+00 1.480660e+00 -1.548821e+00 6.258018e-01 -2.851444e+00 1.152672e+00 -2.925561e+00 3.412484e+00 -5.166506e-01 4.241247e-01 -3.578526e+00
3.272000e+01 2.077192e+00 2.240431e+00 1.530405e+00 -1.388638e+00 5.239218e-01 -2.808664e+00 1.105854e+00 -2.925228e+00 3.440595e+00 -6.602214e-01 3.334903e-01 -3.663820e+00
3.280000e+01 2.035716e+00 2.096246e+00 1.588042e+00 -1.246418e+00 4.360570e-01 -2.756447e+00 1.065054e+00 -2.911814e+00 3.440375e+00 -7.989469e-01 3.181467e-01 -3.746493e+00
3.288000e+01 2.011047e+00 1.919674e+00 1.655866e+00 -1.111919e+00 3.655925e-01 -2.689061e+00 1.027134e+00 -2.880100e+00 3.412016e+00 -9.480305e-01 3.757917e-01 -3.802416e+00
3.296000e+01 2.008608e+00 1.701320e+00 1.728577e+00 -9.694224e-01 3.128697e-01 -2.604360e+00 9.936322e-01 -2.832110e+00 3.363801e+00 -1.089223e+00 5.126626e-01 -3.793072e+00
3.304000e+01 2.023676e+00 1.457061e+00 1.796479e+00 -8.415476e-01 2.702164e-01 -2.521852e+00 9.595522e-01 -2.782400e+00 3.303875e+00 -1.247254e+00 7.255082e-01 -3.759832e+00
3.312000e+01 2.054267e+00 1.158712e+00 1.862462e+00 -7.239271e-01 2.433536e-01 -2.424876e+00 9.269686e-01 -2.721046e+00 3.236528e+00 -1.405760e+00 9.852206e-01 -3.690691e+00
3.320000e+01 2.088644e+00 8.329896e-01 1.935641e+00 -6.101933e-01 2.372334e-01 -2.320615e+00 9.023841e-01 -2.644546e+00 3.155737e+00 -1.545419e+00 1.256888e+00 -3.611212e+00
3.328000e+01 2.125052e+00 4.456607e-01 1.996508e+00 -5.157894e-01 2.436023e-01 -2.227048e+00 8.816008e-01 -2.566026e+00 3.072789e+00 -1.676977e+00 1.526588e+00 -3.550507e+00
3.336000e+01 2.157581e+00 1.148687e-02 2.047174e+00 -4.065802e-01 2.610105e-01 -2.127202e+00 8.595424e-01 -2.482784e+00 2.985828e+00 -1.814420e+00 1.754117e+00 -3.479317e+00
3.344000e+01 2.188948e+00 -3.997737e-01 2.092852e+00 -3.346457e-01 2.874998e-01 -2.039679e+00 8.457337e-01 -2.404100e+00 2.902044e+00 -1.924547e+00 1.908550e+00 -3.448630e+00
3.352000e+01 2.222556e+00 -8.078742e-01 2.120599e+00 -2.771519e-01 3.223799e-01 -1.951567e+00 8.342955e-01 -2.321287e+00 2.820629e+00 -2.027519e+00 1.983104e+00 -3.362599e+00
3.360000e+01 2.237209e+00 -1.189689e+00 2.137868e+00 -2.263657e-01 3.657891e-01 -1.869274e+00 8.304575e-01 -2.236704e+00 2.738412e+00 -2.087923e+00 1.986177e+00 -3.243857e+00
3.368000e+01 2.238859e+00 -1.568082e+00 2.139122e+00 -1.950087e-01 4.192210e-01 -1.792638e+00 8.313385e-01 -2.138736e+00 2.660668e+00 -2.116261e+00 1.957517e+00 -3.024258e+00
3.376000e+01 2.211433e+00 -1.904531e+00 2.116161e+00 -1.812387e-01 4.671228e-01 -1.730131e+00 8.324736e-01 -2.054523e+00 2.594929e+00 -2.154412e+00 1.929564e+00 -2.782911e+00
3.384000e+01 2.187280e+00 -2.200097e+00 2.095180e+00 -1.907846e-01 5.323123e-01 -1.670079e+00 8.498038e-01 -1.963192e+00 2.536437e+00 -2.149628e+00 1.906816e+00 -2.412110e+00
3.392000e+01 2.146288e+00 -2.463115e+00 2.053281e+00 -2.156769e-01 5.949195e-01 -1.623380e+00 8.675110e-01 -1.882514e+00 2.488979e+00 -2.155284e+00 1.913801e+00 -2.058554e+00
3.400000e+01 2.112839e+00 -2.694895e+00 2.016323e+00 -2.836945e-01 6.699218e-01 -1.588948e+00 8.982869e-01 -1.791545e+00 2.444510e+00 -2.127242e+00 1.942113e+00 -1.655463e+00
3.408000e+01 2.082503e+00 -2.872277e+00 1.970609e+00 -3.536567e-01 7.418043e-01 -1.559585e+00 9.314650e-01 -1.723688e+00 2.402384e+00 -2.100295e+00 1.999452e+00 -1.273389e+00
3.416000e+01 2.070326e+00 -2.995737e+00 1.919722e+00 -4.393451e-01 8.165897e-01 -1.541264e+00 9.654277e-01 -1.636457e+00 2.357708e+00 -2.071358e+00 2.082183e+00 -9.191682e-01
3.424000e+01 2.066667e+00 -3.038646e+00 1.857476e+00 -5.156606e-01 8.856751e-01 -1.532654e+00 9.954906e-01 -1.542076e+00 2.304469e+00 -2.056771e+00 2.182913e+00 -6.504219e-01
3.432000e+01 2.074192e+00 -2.940115e+00 1.804939e+00 -5.963373e-01 9.537634e-01 -1.500597e+00 1.024047e+00 -1.443948e+00 2.238650e+00 -2.030554e+00 2.279480e+00 -4.092780e-01
3.440000e+01 2.077917e+00 -2.728797e+00 1.747577e+00 -6.794384e-01 1.013001e+00 -1.490102e+00 1.054086e+00 -1.354617e+00 2.165720e+00 -2.005340e+00 2.384638e+00 -2.301716e-01
3.448000e+01 2.057842e+00 -2.419562e+00 1.687187e+00 -7.633361e-01 1.066199e+00 -1.487200e+00 1.085368e+00 -1.272738e+00 2.081835e+00 -1.978871e+00 2.476097e+00 -1.204543e-01
3.456000e+01 1.994719e+00 -2.050814e+00 1.622341e+00 -8.497109e-01 1.112959e+00 -1.493658e+00 1.116955e+00 -1.194109e+00 1.991312e+00 -1.952347e+00 2.546830e+00 -7.086020e-02
3.464000e+01 1.890400e+00 -1.644343e+00 1.560270e+00 -9.419986e-01 1.155413e+00 -1.505486e+00 1.151414e+00 -1.128109e+00 1.894528e+00 -1.926079e+00 2.577397e+00 -6.694110e-02
3.472000e+01 1.758094e+00 -1.318870e+00 1.491120e+00 -1.037751e+00 1.189260e+00 -1.529688e+00 1.186822e+00 -1.072873e+00 1.800882e+00 -1.904161e+00 2.578766e+00 -6.578474e-02
3.480000e+01 1.609789e+00 -1.023320e+00 1.425676e+00 -1.129725e+00 1.216605e+00 -1.559343e+00 1.222830e+00 -1.026055e+00 1.706903e+00 -1.880986e+00 2.531250e+00 -1.088568e-01
3.488000e+01 1.466760e+00 -7.443376e-01 1.368506e+00 -1.222043e+00 1.238597e+00 -1.577333e+00 1.254761e+00 -9.832416e-01 1.610249e+00 -1.856447e+00 2.431366e+00 -1.479858e-01
3.496000e+01 1.340147e+00 -5.064947e-01 1.303413e+00 -1.314766e+00 1.247692e+00 -1.606882e+00 1.285825e+00 -9.603158e-01 1.521681e+00 -1.833421e+00 2.318214e+00 -1.844078e-01
3.504000e+01 1.237808e+00 -3.165528e-01 1.243723e+00 -1.376812e+00 1.253513e+00 -1.635909e+00 1.316386e+00 -9.369170e-01 1.434934e+00 -1.805843e+00 2.200625e+00 -1.430411e-01
3.512000e+01 1.150791e+00 -1.466978e-01 1.178915e+00 -1.447803e+00 1.245321e+00 -1.670396e+00 1.339331e+00 -9.299839e-01 1.356705e+00 -1.800119e+00 2.108950e+00 -1.076335e-01
3.520000e+01 1.075594e+00 1.702520e-02 1.121745e+00 -1.513787e+00 1.233771e+00 -1.702967e+00 1.366086e+00 -9.300245e-01 1.281913e+00 -1.766941e+00 2.040969e+00 -8.907331e-02
3.528000e+01 1.014199e+00 1.769832e-01 1.074565e+00 -1.585707e+00 1.217874e+00 -1.736378e+00 1.391262e+00 -9.384027e-01 1.213281e+00 -1.728041e+00 1.995706e+00 -8.512456e-02
3.536000e+01 9.609012e-01 3.272960e-01 1.025838e+00 -1.653330e+00 1.194812e+00 -1.771119e+00 1.405974e+00 -9.457279e-01 1.148643e+00 -1.702971e+00 1.965549e+00 -1.361590e-01
3.544000e+01 9.208155e-01 4.673367e-01 9.848282e-01 -1.714316e+00 1.168581e+00 -1.801434e+00 1.416545e+00 -9.603005e-01 1.086321e+00 -1.667954e+00 1.932538e+00 -2.248943e-01
3.552000e+01 8.925863e-01 5.853460e-01 9.497595e-01 -1.767329e+00 1.138199e+00 -1.817866e+00 1.421628e+00 -9.834920e-01 1.027305e+00 -1.629767e+00 1.891832e+00 -3.383789e-01
3.560000e+01 8.754170e-01 6.798905e-01 9.173622e-01 -1.809035e+00 1.104617e+00 -1.836088e+00 1.421494e+00 -1.013599e+00 9.735189e-01 -1.592311e+00 1.843884e+00 -4.753676e-01
3.568000e+01 8.704159e-01 7.548707e-01 8.894673e-01 -1.838932e+00 1.068486e+00 -1.853064e+00 1.418309e+00 -1.050756e+00 9.231366e-01 -1.560120e+00 1.784441e+00 -6.394354e-01
3.576000e+01 8.756117e-01 7.973271e-01 8.627948e-01 -1.850257e+00 1.026394e+00 -1.863719e+00 1.403898e+00 -1.096326e+00 8.763175e-01 -1.550794e+00 1.716459e+00 -8.173510e-01
3.584000e+01 8.977151e-01 8.055928e-01 8.425301e-01 -1.855259e+00 9.868436e-01 -1.864369e+00 1.386736e+00 -1.138719e+00 8.294633e-01 -1.546846e+00 1.637888e+00 -9.910000e-01
3.592000e+01 9.280963e-01 7.902127e-01 8.219454e-01 -1.849355e+00 9.439804e-01 -1.860177e+00 1.362407e+00 -1.191177e+00 7.867895e-01 -1.554855e+00 1.561178e+00 -1.190309e+00
3.600000e+01 9.698777e-01 7.287863e-01 8.021665e-01 -1.832826e+00 9.025331e-01 -1.849396e+00 1.335854e+00 -1.247102e+00 7.485145e-01 -1.556197e+00 1.490662e+00 -1.399688e+00
3.608000e+01 1.022014e+00 6.310381e-01 7.875071e-01 -1.800932e+00 8.645915e-01 -1.829093e+00 1.304896e+00 -1.303709e+00 7.126908e-01 -1.555733e+00 1.427004e+00 -1.595179e+00
3.616000e+01 1.082062e+00 4.881092e-01 7.733865e-01 -1.761076e+00 8.289139e-01 -1.802944e+00 1.269701e+00 -1.362659e+00 6.822314e-01 -1.550606e+00 1.380476e+00 -1.780886e+00
3.624000e+01 1.145236e+00 3.078388e-01 7.589201e-01 -1.710188e+00 7.951144e-01 -1.770113e+00 1.228473e+00 -1.423358e+00 6.574572e-01 -1.554647e+00 1.352480e+00 -1.943439e+00
3.632000e+01 1.207292e+00 9.556400e-02 7.461150e-01 -1.648116e+00 7.644165e-01 -1.728967e+00 1.182377e+00 -1.481334e+00 6.401831e-01 -1.556789e+00 1.336254e+00 -2.079882e+00
3.640000e+01 1.266342e+00 -1.307540e-01 7.370534e-01 -1.577075e+00 7.386338e-01 -1.680344e+00 1.132795e+00 -1.535622e+00 6.297927e-01 -1.559520e+00 1.315985e+00 -2.188261e+00
3.648000e+01 1.320622e+00 -4.052273e-01 7.257722e-01 -1.495800e+00 7.149199e-01 -1.625235e+00 1.082669e+00 -1.601171e+00 6.306222e-01 -1.555343e+00 1.279768e+00 -2.271971e+00
3.656000e+01 1.366277e+00 -7.052584e-01 7.190955e-01 -1.413857e+00 6.984474e-01 -1.571763e+00 1.033787e+00 -1.657059e+00 6.410798e-01 -1.552378e+00 1.217520e+00 -2.345569e+00
3.664000e+01 1.398369e+00 -1.005976e+00 7.138493e-01 -1.331198e+00 6.885262e-01 -1.507511e+00 9.837122e-01 -1.706397e+00 6.617909e-01 -1.542777e+00 1.131184e+00 -2.418385e+00
3.672000e+01 1.409220e+00 -1.317658e+00 7.094538e-01 -1.243408e+00 6.844339e-01 -1.441660e+00 9.342188e-01 -1.750629e+00 6.940346e-01 -1.528190e+00 1.036244e+00 -2.497907e+00
3.680000e+01 1.393226e+00 -1.603996e+00 7.116774e-01 -1.151411e+00 6.874475e-01 -1.375525e+00 8.868819e-01 -1.786042e+00 7.367813e-01 -1.506029e+00 9.338575e-01 -2.563063e+00
3.688000e+01 1.350805e+00 -1.883813e+00 7.182754e-01 -1.057833e+00 6.958600e-01 -1.296531e+00 8.395947e-01 -1.813271e+00 7.878054e-01 -1.480789e+00 8.241200e-01 -2.607171e+00
3.696000e+01 1.289401e+00 -2.165938e+00 7.270462e-01 -9.671844e-01 7.085436e-01 -1.221629e+00 7.943981e-01 -1.831389e+00 8.484578e-01 -1.456971e+00 7.159902e-01 -2.613242e+00
3.704000e+01 1.208386e+00 -2.422068e+00 7.426269e-01 -8.788636e-01 7.270702e-01 -1.148586e+00 7.531885e-01 -1.838697e+00 9.161273e-01 -1.426077e+00 6.014420e-01 -2.597610e+00
3.712000e+01 1.115219e+00 -2.670863e+00 7.638347e-01 -7.912833e-01 7.512907e-01 -1.080837e+00 7.205819e-01 -1.835944e+00 9.902525e-01 -1.371078e+00 4.847851e-01 -2.581756e+00
3.720000e+01 1.018046e+00 -2.916069e+00 7.924892e-01 -7.170147e-01 7.828122e-01 -1.018792e+00 6.994842e-01 -1.822761e+00 1.069685e+00 -1.275081e+00 3.711624e-01 -2.548020e+00
3.728000e+01 9.144368e-01 -3.119437e+00 8.274695e-01 -6.443073e-01 8.151162e-01 -9.620464e-01 6.784993e-01 -1.801598e+00 1.154938e+00 -1.181445e+00 2.611385e-01 -2.506997e+00
3.736000e+01 8.084252e-01 -3.313449e+00 8.640985e-01 -5.798391e-01 8.463688e-01 -9.129257e-01 6.619392e-01 -1.777797e+00 1.246780e+00 -1.099929e+00 1.623389e-01 -2.458666e+00
3.744000e+01 7.041409e-01 -3.471318e+00 9.110031e-01 -5.206432e-01 8.796723e-01 -8.668739e-01 6.503360e-01 -1.743480e+00 1.342833e+00 -1.015040e+00 7.085355e-02 -2.385672e+00
3.752000e+01 5.984457e-01 -3.617795e+00 9.582933e-01 -4.731098e-01 9.110275e-01 -8.273332e-01 6.442644e-01 -1.704526e+00 1.441402e+00 -9.344738e-01 -1.213439e-03 -2.313169e+00
3.760000e+01 4.967550e-01 -3.713444e+00 1.022544e+00 -4.215801e-01 9.476807e-01 -7.876583e-01 6.473159e-01 -1.651530e+00 1.537866e+00 -8.305622e-01 -5.158016e-02 -2.213510e+00
3.768000e+01 3.974166e-01 -3.767416e+00 1.097981e+00 -3.862166e-01 9.845438e-01 -7.538899e-01 6.541111e-01 -1.589646e+00 1.633074e+00 -7.195626e-01 -6.376814e-02 -2.087118e+00
3.776000e+01 3.011946e-01 -3.828212e+00 1.169894e+00 -3.502932e-01 1.014500e+00 -7.270398e-01 6.630812e-01 -1.538102e+00 1.728938e+00 -6.187205e-01 -1.772610e-02 -1.955368e+00
3.784000e+01 2.165747e-01 -3.911121e+00 1.244328e+00 -3.289569e-01 1.042589e+00 -7.083726e-01 6.775069e-01 -1.481764e+00 1.820971e+00 -5.187328e-01 9.484809e-02 -1.824760e+00
3.792000e+01 1.379705e-01 -3.957327e+00 1.332612e+00 -3.163945e-01 1.072235e+00 -6.909499e-01 6.961605e-01 -1.417287e+00 1.901298e+00 -4.229484e-01 2.695490e-01 -1.690756e+00
3.800000e+01 5.006043e-02 -4.003764e+00 1.417686e+00 -3.200600e-01 1.096926e+00 -6.830140e-01 7.176021e-01 -1.354301e+00 1.972644e+00 -3.411397e-01 5.150946e-01 -1.573268e+00
3.808000e+01 -4.631072e-02 -4.028474e+00 1.507605e+00 -3.324466e-01 1.120254e+00 -6.780239e-01 7.423139e-01 -1.288357e+00 2.030358e+00 -2.696250e-01 8.272328e-01 -1.456075e+00
3.816000e+01 -1.617358e-01 -4.046455e+00 1.596474e+00 -3.549060e-01 1.140107e+00 -6.783356e-01 7.673713e-01 -1.217276e+00 2.071477e+00 -2.214823e-01 1.184936e+00 -1.373039e+00
3.824000e+01 -2.935578e-01 -4.076635e+00 1.683275e+00 -3.888344e-01 1.158096e+00 -6.851765e-01 7.968932e-01 -1.152252e+00 2.099402e+00 -1.848318e-01 1.554744e+00 -1.322081e+00
3.832000e+01 -4.462275e-01 -4.105886e+00 1.760399e+00 -4.329874e-01 1.167613e+00 -6.959185e-01 8.220584e-01 -1.095104e+00 2.111770e+00 -1.806626e-01 1.920053e+00 -1.366531e+00
3.840000e+01 -6.236062e-01 -4.167319e+00 1.813352e+00 -4.911892e-01 1.164359e+00 -7.086312e-01 8.392527e-01 -1.046241e+00 2.112957e+00 -2.133028e-01 2.289501e+00 -1.501164e+00
3.848000e+01 -7.977106e-01 -4.195412e+00 1.870127e+00 -5.473898e-01 1.163148e+00 -7.169164e-01 8.577460e-01 -9.908689e-01 2.096869e+00 -2.543431e-01 2.628276e+00 -1.622492e+00
3.856000e+01 -9.730656e-01 -4.227183e+00 1.904871e+00 -5.997329e-01 1.151656e+00 -7.280892e-01 8.691613e-01 -9.451509e-01 2.065474e+00 -3.225688e-01 2.941753e+00 -1.789884e+00
3.864000e+01 -1.124978e+00 -4.260942e+00 1.919117e+00 -6.741989e-01 1.135279e+00 -7.453889e-01 8.780899e-01 -9.070685e-01 2.024109e+00 -4.092053e-01 3.232583e+00 -1.963198e+00
3.872000e+01 -1.244120e+00 -4.267505e+00 1.914169e+00 -7.441452e-01 1.110898e+00 -7.616903e-01 8.780009e-01 -8.809013e-01 1.971599e+00 -5.341739e-01 3.492527e+00 -2.135829e+00
3.880000e+01 -1.325158e+00 -4.249001e+00 1.890439e+00 -8.120473e-01 1.086458e+00 -7.795058e-01 8.792409e-01 -8.525525e-01 1.903837e+00 -6.549800e-01 3.720192e+00 -2.305363e+00
3.888000e+01 -1.382999e+00 -4.169060e+00 1.847509e+00 -8.703805e-01 1.057783e+00 -7.929017e-01 8.745565e-01 -8.291486e-01 1.822771e+00 -7.807779e-01 3.901087e+00 -2.494606e+00
3.896000e+01 -1.404812e+00 -4.022937e+00 1.794996e+00 -9.376948e-01 1.032404e+00 -7.967361e-01 8.698443e-01 -8.014567e-01 1.728516e+00 -8.878567e-01 4.023855e+00 -2.665182e+00
3.904000e+01 -1.417374e+00 -3.887488e+00 1.713479e+00 -9.853577e-01 9.993853e-01 -7.989234e-01 8.541436e-01 -7.817312e-01 1.627633e+00 -1.028586e+00 4.097676e+00 -2.823386e+00
3.912000e+01 -1.416833e+00 -3.768152e+00 1.612153e+00 -1.027551e+00 9.680189e-01 -8.045240e-01 8.409722e-01 -7.621147e-01 1.519721e+00 -1.157717e+00 4.125051e+00 -2.965595e+00
3.920000e+01 -1.426559e+00 -3.646812e+00 1.498298e+00 -1.051263e+00 9.377909e-01 -8.058418e-01 8.281918e-01 -7.423762e-01 1.406607e+00 -1.271456e+00 4.108652e+00 -3.119412e+00
3.928000e+01 -1.442431e+00 -3.479872e+00 1.386643e+00 -1.059438e+00 9.127087e-01 -8.000196e-01 8.170991e-01 -7.164982e-01 1.291198e+00 -1.359529e+00 4.039383e+00 -3.269922e+00
3.936000e+01 -1.447036e+00 -3.329936e+00 1.267330e+00 -1.070137e+00 8.914790e-01 -7.960578e-01 8.109116e-01 -6.894649e-01 1.178341e+00 -1.416671e+00 3.930485e+00 -3.395029e+00
3.944000e+01 -1.442026e+00 -3.160862e+00 1.152146e+00 -1.051667e+00 8.740572e-01 -7.862286e-01 8.064027e-01 -6.591002e-01 1.067332e+00 -1.452409e+00 3.781595e+00 -3.501875e+00
3.952000e+01 -1.411519e+00 -3.009971e+00 1.033667e+00 -1.024892e+00 8.576730e-01 -7.784011e-01 8.063850e-01 -6.309808e-01 9.637373e-01 -1.462940e+00 3.598816e+00 -3.602879e+00
3.960000e+01 -1.349456e+00 -2.857439e+00 9.211160e-01 -9.813367e-01 8.434781e-01 -7.690329e-01 8.050356e-01 -5.948782e-01 8.671904e-01 -1.463731e+00 3.379396e+00 -3.698807e+00
3.968000e+01 -1.259710e+00 -2.651433e+00 8.308264e-01 -9.068030e-01 8.335951e-01 -7.482969e-01 8.045504e-01 -5.550769e-01 7.768200e-01 -1.435099e+00 3.120320e+00 -3.797909e+00
3.976000e+01 -1.133041e+00 -2.473941e+00 7.413586e-01 -8.258950e-01 8.200936e-01 -7.321964e-01 8.074438e-01 -5.236536e-01 7.008517e-01 -1.385052e+00 2.849489e+00 -3.904136e+00
3.984000e+01 -9.780586e-01 -2.316846e+00 6.614090e-01 -7.393506e-01 8.020218e-01 -7.157657e-01 8.080484e-01 -5.016069e-01 6.412049e-01 -1.334500e+00 2.567475e+00 -4.034011e+00
3.992000e+01 -7.798830e-01 -2.177734e+00 6.068276e-01 -6.417907e-01 7.910713e-01 -6.900924e-01 8.139630e-01 -4.734406e-01 5.943250e-01 -1.257676e+00 2.269935e+00 -4.100083e+00
4.000000e+01 -5.625190e-01 -2.053789e+00 5.620422e-01 -5.410586e-01 7.763044e-01 -6.658677e-01 8.188647e-01 -4.545637e-01 5.636107e-01 -1.175998e+00 1.979796e+00 -4.169664e+00
4.008000e+01 -3.313073e-01 -1.949132e+00 5.237600e-01 -4.363296e-01 7.557726e-01 -6.425561e-01 8.212387e-01 -4.476554e-01 5.492971e-01 -1.099434e+00 1.697543e+00 -4.263796e+00
4.016000e+01 -7.129928e-02 -1.812891e+00 5.271069e-01 -3.104002e-01 7.503738e-01 -5.998628e-01 8.284499e-01 -4.160625e-01 5.408562e-01 -1.004478e+00 1.397111e+00 -4.251602e+00
4.024000e+01 1.918155e-01 -1.684069e+00 5.442313e-01 -1.994527e-01 7.430514e-01 -5.600117e-01 8.356970e-01 -3.980913e-01 5.425608e-01 -8.972581e-01 1.083360e+00 -4.247728e+00
4.032000e+01 4.581567e-01 -1.602764e+00 5.602441e-01 -8.933391e-02 7.334815e-01 -5.251189e-01 8.424058e-01 -3.855856e-01 5.531006e-01 -7.870848e-01 7.643820e-01 -4.256408e+00
4.040000e+01 7.233839e-01 -1.541657e+00 5.902400e-01 1.365983e-02 7.287190e-01 -4.813590e-01 8.501770e-01 -3.729366e-01 5.695995e-01 -6.802565e-01 4.266499e-01 -4.228674e+00
4.048000e+01 9.741931e-01 -1.507206e+00 6.289711e-01 1.166828e-01 7.258246e-01 -4.449068e-01 8.577860e-01 -3.645116e-01 5.951211e-01 -5.831546e-01 8.681821e-02 -4.200690e+00
4.056000e+01 1.203545e+00 -1.491179e+00 6.770790e-01 2.066761e-01 7.250074e-01 -4.053009e-01 8.626671e-01 -3.606302e-01 6.255684e-01 -4.991788e-01 -2.422249e-01 -4.179426e+00
4.064000e+01 1.408290e+00 -1.514741e+00 7.238931e-01 2.866281e-01 7.242045e-01 -3.686254e-01 8.666313e-01 -3.631447e-01 6.645359e-01 -4.242682e-01 -5.377641e-01 -4.150023e+00
4.072000e+01 1.558440e+00 -1.549763e+00 7.603661e-01 3.577336e-01 7.174941e-01 -3.389634e-01 8.704835e-01 -3.851316e-01 7.144973e-01 -3.410502e-01 -7.827484e-01 -4.212111e+00
4.080000e+01 1.688815e+00 -1.584847e+00 8.041806e-01 4.262073e-01 7.143458e-01 -3.033450e-01 8.736292e-01 -4.101583e-01 7.690024e-01 -2.840589e-01 -9.596908e-01 -4.180769e+00
4.088000e+01 1.772364e+00 -1.617098e+00 8.367167e-01 4.877147e-01 7.062110e-01 -2.767783e-01 8.707543e-01 -4.426097e-01 8.269642e-01 -2.442575e-01 -1.044246e+00 -4.132809e+00
4.096000e+01 1.805549e+00 -1.649784e+00 8.640879e-01 5.604935e-01 6.946450e-01 -2.496237e-01 8.602093e-01 -4.798068e-01 8.838463e-01 -2.257953e-01 -1.078568e+00 -4.088887e+00
4.104000e+01 1.791472e+00 -1.677596e+00 8.802455e-01 6.157576e-01 6.780824e-01 -2.256986e-01 8.433814e-01 -5.257668e-01 9.382922e-01 -2.287434e-01 -1.087259e+00 -4.088032e+00
4.112000e+01 1.746900e+00 -1.706296e+00 8.925674e-01 6.649264e-01 6.604082e-01 -2.005964e-01 8.211635e-01 -5.741308e-01 9.859656e-01 -2.545071e-01 -1.099782e+00 -4.081656e+00
4.120000e+01 1.682875e+00 -1.731251e+00 9.109455e-01 7.114509e-01 6.477722e-01 -1.665210e-01 7.964801e-01 -6.159807e-01 1.021514e+00 -2.817404e-01 -1.115019e+00 -4.010652e+00
4.128000e+01 1.592010e+00 -1.738523e+00 9.358617e-01 7.503061e-01 6.392955e-01 -1.302792e-01 7.716172e-01 -6.571278e-01 1.045280e+00 -2.984453e-01 -1.131536e+00 -3.892269e+00
4.136000e+01 1.473483e+00 -1.767727e+00 9.558911e-01 7.830763e-01 6.315538e-01 -9.810530e-02 7.454680e-01 -6.984700e-01 1.058434e+00 -3.113414e-01 -1.139288e+00 -3.765401e+00
4.144000e+01 1.341880e+00 -1.834404e+00 9.724385e-01 8.069591e-01 6.259645e-01 -6.961889e-02 7.201497e-01 -7.422360e-01 1.063847e+00 -3.152595e-01 -1.128694e+00 -3.615532e+00
4.152000e+01 1.198673e+00 -1.892985e+00 9.953619e-01 8.229415e-01 6.255669e-01 -4.068016e-02 6.958051e-01 -7.814621e-01 1.058141e+00 -3.060350e-01 -1.097007e+00 -3.462527e+00
4.160000e+01 1.035148e+00 -1.942807e+00 1.018412e+00 8.419933e-01 6.237259e-01 -1.602527e-02 6.709296e-01 -8.312833e-01 1.047183e+00 -2.898455e-01 -1.031947e+00 -3.330167e+00
4.168000e+01 8.631931e-01 -1.983547e+00 1.039191e+00 8.602494e-01 6.217890e-01 2.929937e-03 6.456087e-01 -8.792658e-01 1.030470e+00 -2.791007e-01 -9.325035e-01 -3.201676e+00
4.176000e+01 6.867538e-01 -1.999008e+00 1.061614e+00 8.789417e-01 6.195158e-01 2.455113e-02 6.210253e-01 -9.336909e-01 1.011510e+00 -2.496684e-01 -8.040193e-01 -3.087934e+00
4.184000e+01 5.125315e-01 -2.010268e+00 1.083160e+00 8.980811e-01 6.165116e-01 4.249683e-02 5.933829e-01 -9.864361e-01 9.885856e-01 -2.321194e-01 -6.557542e-01 -2.971696e+00
4.192000e+01 3.502049e-01 -2.022578e+00 1.108008e+00 9.153886e-01 6.192506e-01 6.031012e-02 5.693932e-01 -1.032807e+00 9.613679e-01 -1.845096e-01 -4.972461e-01 -2.831911e+00
4.200000e+01 1.932207e-01 -2.020242e+00 1.131783e+00 9.322137e-01 6.209453e-01 7.542927e-02 5.453931e-01 -1.079911e+00 9.359869e-01 -1.346705e-01 -3.357741e-01 -2.696622e+00
4.208000e+01 5.020160e-02 -2.039671e+00 1.155364e+00 9.471703e-01 6.228909e-01 9.484838e-02 5.212136e-01 -1.125215e+00 9.133354e-01 -7.969972e-02 -1.753164e-01 -2.553723e+00
4.216000e+01 -9.515000e-02 -2.053783e+00 1.173760e+00 9.659154e-01 6.216584e-01 1.050490e-01 4.977897e-01 -1.173361e+00 8.966461e-01 -2.566238e-02 -1.439082e-02 -2.448168e+00
4.224000e+01 -2.290520e-01 -2.069387e+00 1.192328e+00 9.838786e-01 6.210919e-01 1.128788e-01 4.773881e-01 -1.218914e+00 8.859464e-01 3.770053e-02 1.431573e-01 -2.334349e+00
4.232000e+01 -3.610803e-01 -2.086425e+00 1.205197e+00 1.001962e+00 6.164551e-01 1.152992e-01 4.563916e-01 -1.267187e+00 8.831169e-01 8.754946e-02 2.971831e-01 -2.243093e+00
4.240000e+01 -4.789192e-01 -2.092665e+00 1.222204e+00 1.022087e+00 6.135977e-01 1.171304e-01 4.381481e-01 -1.310289e+00 8.834803e-01 1.446972e-01 4.424351e-01 -2.132973e+00
4.248000e+01 -5.816555e-01 -2.103968e+00 1.241271e+00 1.045529e+00 6.101190e-01 1.138871e-01 4.188657e-01 -1.351115e+00 8.907625e-01 1.805636e-01 5.831999e-01 -1.970264e+00
4.256000e+01 -6.841145e-01 -2.113396e+00 1.256782e+00 1.068800e+00 6.046682e-01 1.072389e-01 4.011160e-01 -1.392014e+00 9.034572e-01 2.102541e-01 7.216827e-01 -1.824171e+00
4.264000e+01 -7.829487e-01 -2.122929e+00 1.269795e+00 1.092596e+00 5.978647e-01 9.586410e-02 3.857568e-01 -1.431513e+00 9.217843e-01 2.444647e-01 8.666775e-01 -1.688109e+00
4.272000e+01 -8.795803e-01 -2.124160e+00 1.280789e+00 1.120863e+00 5.894795e-01 8.186367e-02 3.716710e-01 -1.469396e+00 9.445536e-01 2.774073e-01 1.020231e+00 -1.568560e+00
4.280000e+01 -9.731440e-01 -2.136207e+00 1.285283e+00 1.149619e+00 5.757273e-01 6.152269e-02 3.536475e-01 -1.510348e+00 9.733331e-01 2.831837e-01 1.187248e+00 -1.459549e+00
4.288000e+01 -1.061863e+00 -2.140724e+00 1.289918e+00 1.179257e+00 5.628431e-01 3.779909e-02 3.396554e-01 -1.545771e+00 1.004050e+00 2.932339e-01 1.359710e+00 -1.363759e+00
4.296000e+01 -1.141561e+00 -2.137409e+00 1.299317e+00 1.210892e+00 5.537201e-01 1.286079e-02 3.301308e-01 -1.573496e+00 1.033694e+00 3.117217e-01 1.531941e+00 -1.255889e+00
4.304000e+01 -1.219539e+00 -2.135459e+00 1.302400e+00 1.244891e+00 5.392888e-01 -1.780436e-02 3.158754e-01 -1.604959e+00 1.065700e+00 2.975474e-01 1.711585e+00 -1.163109e+00
4.312000e+01 -1.285180e+00 -2.126108e+00 1.309402e+00 1.281919e+00 5.284952e-01 -5.319693e-02 3.075721e-01 -1.631746e+00 1.096007e+00 2.974424e-01 1.886380e+00 -1.074278e+00
4.320000e+01 -1.344861e+00 -2.109303e+00 1.315203e+00 1.321238e+00 5.186292e-01 -9.462656e-02 3.006364e-01 -1.653740e+00 1.124720e+00 2.936135e-01 2.058944e+00 -1.003756e+00
4.328000e+01 -1.398763e+00 -2.075552e+00 1.318839e+00 1.364715e+00 5.072125e-01 -1.437855e-01 2.928921e-01 -1.675072e+00 1.151906e+00 2.744969e-01 2.219972e+00 -9.597980e-01
4.336000e+01 -1.440031e+00 -2.040623e+00 1.323954e+00 1.411592e+00 4.981689e-01 -1.921434e-01 2.872371e-01 -1.689759e+00 1.176846e+00 2.572338e-01 2.361918e+00 -9.143110e-01
4.344000e+01 -1.478324e+00 -1.992161e+00 1.325580e+00 1.459219e+00 4.879639e-01 -2.445240e-01 2.813444e-01 -1.704112e+00 1.199667e+00 2.316604e-01 2.476951e+00 -9.182713e-01
4.352000e+01 -1.512098e+00 -1.926859e+00 1.323951e+00 1.509728e+00 4.767575e-01 -3.000992e-01 2.746412e-01 -1.718122e+00 1.220644e+00 1.966987e-01 2.558150e+00 -9.711487e-01
4.360000e+01 -1.546557e+00 -1.848126e+00 1.315466e+00 1.562714e+00 4.626294e-01 -3.604711e-01 2.655378e-01 -1.733669e+00 1.239772e+00 1.475010e-01 2.594627e+00 -1.104049e+00
4.368000e+01 -1.579933e+00 -1.758070e+00 1.300747e+00 1.617928e+00 4.464851e-01 -4.235029e-01 2.538507e-01 -1.747932e+00 1.257690e+00 8.521440e-02 2.583926e+00 -1.287838e+00
4.376000e+01 -1.612543e+00 -1.657565e+00 1.277581e+00 1.677745e+00 4.262575e-01 -4.967440e-01 2.378825e-01 -1.764124e+00 1.277552e+00 -2.590165e-03 2.531147e+00 -1.506814e+00
4.384000e+01 -1.638391e+00 -1.544906e+00 1.252975e+00 1.749176e+00 4.082769e-01 -5.748959e-01 2.231939e-01 -1.773146e+00 1.298491e+00 -8.456077e-02 2.436699e+00 -1.718998e+00
4.392000e+01 -1.661382e+00 -1.422451e+00 1.224197e+00 1.821078e+00 3.903173e-01 -6.566641e-01 2.065978e-01 -1.780213e+00 1.318081e+00 -1.800949e-01 2.308868e+00 -1.934132e+00
4.400000e+01 -1.679504e+00 -1.288924e+00 1.193475e+00 1.895789e+00 3.749521e-01 -7.380692e-01 1.899482e-01 -1.782558e+00 1.334688e+00 -2.743664e-01 2.150728e+00 -2.136047e+00
4.408000e+01 -1.689080e+00 -1.149431e+00 1.162919e+00 1.974332e+00 3.632281e-01 -8.196590e-01 1.738496e-01 -1.779281e+00 1.348772e+00 -3.711486e-01 1.966763e+00 -2.303064e+00
4.416000e+01 -1.696536e+00 -9.986932e-01 1.127751e+00 2.060294e+00 3.510057e-01 -9.120324e-01 1.561376e-01 -1.776243e+00 1.362484e+00 -4.885772e-01 1.768619e+00 -2.461424e+00
4.424000e+01 -1.699016e+00 -8.440315e-01 1.090430e+00 2.149494e+00 3.416721e-01 -1.002618e+00 1.392239e-01 -1.768275e+00 1.371321e+00 -6.020380e-01 1.558781e+00 -2.617776e+00
4.432000e+01 -1.696903e+00 -6.933437e-01 1.049803e+00 2.246457e+00 3.348809e-01 -1.094516e+00 1.227392e-01 -1.757345e+00 1.377364e+00 -7.157586e-01 1.341049e+00 -2.757597e+00
4.440000e+01 -1.682583e+00 -5.448445e-01 1.013112e+00 2.347678e+00 3.361933e-01 -1.186790e+00 1.110640e-01 -1.737722e+00 1.381548e+00 -8.173176e-01 1.118947e+00 -2.831634e+00
4.448000e+01 -1.661589e+00 -3.957124e-01 9.768988e-01 2.450111e+00 3.427792e-01 -1.282320e+00 1.018350e-01 -1.714785e+00 1.381161e+00 -9.160846e-01 9.044190e-01 -2.892311e+00
4.456000e+01 -1.635942e+00 -2.493136e-01 9.407657e-01 2.564124e+00 3.540412e-01 -1.385732e+00 9.605860e-02 -1.688758e+00 1.376843e+00 -1.007864e+00 6.971570e-01 -2.938174e+00
4.464000e+01 -1.607075e+00 -1.109170e-01 9.017819e-01 2.685707e+00 3.696596e-01 -1.491740e+00 9.249065e-02 -1.661033e+00 1.368200e+00 -1.097364e+00 5.016545e-01 -2.971221e+00
4.472000e+01 -1.571699e+00 1.858307e-02 8.625201e-01 2.816470e+00 3.910231e-01 -1.603880e+00 9.248701e-02 -1.629968e+00 1.356803e+00 -1.183054e+00 3.242645e-01 -2.967453e+00
4.480000e+01 -1.533962e+00 1.467553e-01 8.235987e-01 2.963982e+00 4.193027e-01 -1.717829e+00 9.689439e-02 -1.593843e+00 1.339878e+00 -1.246408e+00 1.657062e-01 -2.956270e+00
4.488000e+01 -1.493737e+00 2.603446e-01 7.818614e-01 3.121860e+00 4.529608e-01 -1.836242e+00 1.031717e-01 -1.552569e+00 1.320098e+00 -1.313510e+00 3.044526e-02 -2.926960e+00
4.496000e+01 -1.452380e+00 3.723286e-01 7.396092e-01 3.283820e+00 4.930534e-01 -1.957142e+00 1.122969e-01 -1.508470e+00 1.297512e+00 -1.375106e+00 -8.345686e-02 -2.883388e+00
4.504000e+01 -1.409203e+00 4.676842e-01 6.954096e-01 3.461403e+00 5.381931e-01 -2.078767e+00 1.233329e-01 -1.462661e+00 1.273456e+00 -1.428615e+00 -1.745592e-01 -2.812222e+00
4.512000e+01 -1.364564e+00 5.555646e-01 6.500850e-01 3.638453e+00 5.908895e-01 -2.197248e+00 1.352549e-01 -1.412764e+00 1.247404e+00 -1.474858e+00 -2.449642e-01 -2.719097e+00
4.520000e+01 -1.315925e+00 6.301086e-01 6.005301e-01 3.810069e+00 6.500112e-01 -2.327940e+00 1.510660e-01 -1.364664e+00 1.222903e+00 -1.514894e+00 -2.918808e-01 -2.605875e+00
4.528000e+01 -1.266422e+00 6.975044e-01 5.482502e-01 3.976893e+00 7.178766e-01 -2.459751e+00 1.689399e-01 -1.311487e+00 1.197522e+00 -1.543385e+00 -3.205543e-01 -2.478581e+00
4.536000e+01 -1.216000e+00 7.649612e-01 4.921830e-01 4.127213e+00 7.931994e-01 -2.602085e+00 1.905459e-01 -1.261895e+00 1.174522e+00 -1.569234e+00 -3.329258e-01 -2.334897e+00
4.544000e+01 -1.167676e+00 8.229995e-01 4.311903e-01 4.284289e+00 8.767626e-01 -2.744245e+00 2.133189e-01 -1.212318e+00 1.151500e+00 -1.587858e+00 -3.344108e-01 -2.179659e+00
4.552000e+01 -1.115930e+00 8.923065e-01 3.668959e-01 4.397540e+00 9.683475e-01 -2.892856e+00 2.398380e-01 -1.167909e+00 1.133353e+00 -1.595690e+00 -3.228948e-01 -2.022055e+00
4.560000e+01 -1.069391e+00 9.662416e-01 3.028926e-01 4.530724e+00 1.068402e+00 -3.045181e+00 2.682323e-01 -1.122275e+00 1.115316e+00 -1.597494e+00 -3.118176e-01 -1.862685e+00
4.568000e+01 -1.023490e+00 1.023860e+00 2.343438e-01 4.664443e+00 1.175880e+00 -3.195153e+00 2.953217e-01 -1.074634e+00 1.098302e+00 -1.604204e+00 -2.984614e-01 -1.687024e+00
4.576000e+01 -9.747929e-01 1.087049e+00 1.650791e-01 4.784588e+00 1.289373e+00 -3.360019e+00 3.259203e-01 -1.035009e+00 1.085400e+00 -1.601877e+00 -2.820899e-01 -1.504899e+00
4.584000e+01 -9.238590e-01 1.151433e+00 9.342379e-02 4.874102e+00 1.403496e+00 -3.516977e+00 3.567847e-01 -9.982093e-01 1.076494e+00 -1.602409e+00 -2.648602e-01 -1.321638e+00
4.592000e+01 -8.757125e-01 1.219024e+00 2.254391e-02 4.967461e+00 1.518150e+00 -3.661526e+00 3.862495e-01 -9.638764e-01 1.069482e+00 -1.599028e+00 -2.531221e-01 -1.140438e+00
4.600000e+01 -8.324585e-01 1.296285e+00 -4.157826e-02 5.060608e+00 1.629778e+00 -3.777180e+00 4.116649e-01 -9.317026e-01 1.062717e+00 -1.594293e+00 -2.491204e-01 -9.713435e-01
4.608000e+01 -7.910829e-01 1.376521e+00 -1.003475e-01 5.143937e+00 1.736605e+00 -3.888914e+00 4.381600e-01 -9.051598e-01 1.060519e+00 -1.590772e+00 -2.498344e-01 -8.045194e-01
4.616000e+01 -7.495489e-01 1.463957e+00 -1.563396e-01 5.191695e+00 1.839328e+00 -3.992927e+00 4.653707e-01 -8.845783e-01 1.064488e+00 -1.589495e+00 -2.540269e-01 -6.502223e-01
4.624000e+01 -7.090565e-01 1.560230e+00 -2.096950e-01 5.242673e+00 1.936490e+00 -4.095069e+00 4.948376e-01 -8.664035e-01 1.071575e+00 -1.585158e+00 -2.659303e-01 -4.911203e-01
4.632000e+01 -6.729061e-01 1.663787e+00 -2.592319e-01 5.277534e+00 2.023782e+00 -4.168411e+00 5.213388e-01 -8.503302e-01 1.078952e+00 -1.580947e+00 -2.866048e-01 -3.474312e-01
4.640000e+01 -6.388800e-01 1.760669e+00 -3.071599e-01 5.296771e+00 2.101408e+00 -4.224262e+00 5.460272e-01 -8.361043e-01 1.086941e+00 -1.575148e+00 -3.122788e-01 -2.046334e-01
4.648000e+01 -6.084624e-01 1.877579e+00 -3.516939e-01 5.302777e+00 2.168579e+00 -4.259929e+00 5.674575e-01 -8.222445e-01 1.093672e+00 -1.575022e+00 -3.457028e-01 -6.362689e-02
4.656000e+01 -5.784811e-01 1.999412e+00 -3.947098e-01 5.291045e+00 2.224758e+00 -4.277855e+00 5.869142e-01 -8.088855e-01 1.099338e+00 -1.572103e+00 -3.850053e-01 7.442331e-02
4.664000e+01 -5.506224e-01 2.120593e+00 -4.379346e-01 5.263834e+00 2.266857e+00 -4.273825e+00 6.029682e-01 -7.973519e-01 1.103213e+00 -1.574134e+00 -4.282203e-01 2.088315e-01
4.672000e+01 -5.263271e-01 2.240531e+00 -4.807831e-01 5.224720e+00 2.293193e+00 -4.257779e+00 6.173994e-01 -7.881705e-01 1.105985e+00 -1.578046e+00 -4.732748e-01 3.342392e-01
4.680000e+01 -5.023545e-01 2.383938e+00 -5.168688e-01 5.174008e+00 2.305067e+00 -4.229630e+00 6.319669e-01 -7.791095e-01 1.106734e+00 -1.580661e+00 -5.236803e-01 4.579692e-01
4.688000e+01 -4.793119e-01 2.530294e+00 -5.454517e-01 5.126634e+00 2.301332e+00 -4.173467e+00 6.437704e-01 -7.686250e-01 1.102391e+00 -1.582740e+00 -5.785782e-01 5.790947e-01
4.696000e+01 -4.532550e-01 2.669638e+00 -5.677557e-01 5.076921e+00 2.279711e+00 -4.118905e+00 6.560250e-01 -7.624806e-01 1.097196e+00 -1.588903e+00 -6.300477e-01 6.910186e-01
4.704000e+01 -4.282720e-01 2.830935e+00 -5.778596e-01 5.037795e+00 2.243556e+00 -4.051442e+00 6.686302e-01 -7.546382e-01 1.087828e+00 -1.591044e+00 -6.861759e-01 8.017898e-01
4.712000e+01 -4.008190e-01 3.001463e+00 -5.751053e-01 5.006836e+00 2.194232e+00 -3.980679e+00 6.845611e-01 -7.469668e-01 1.075772e+00 -1.584432e+00 -7.438469e-01 9.071155e-01
4.720000e+01 -3.727981e-01 3.170390e+00 -5.640979e-01 5.008559e+00 2.128270e+00 -3.915236e+00 7.017963e-01 -7.440861e-01 1.061590e+00 -1.583180e+00 -8.008227e-01 1.004579e+00
4.728000e+01 -3.445002e-01 3.347564e+00 -5.390696e-01 5.013842e+00 2.052441e+00 -3.829170e+00 7.169775e-01 -7.370246e-01 1.042191e+00 -1.581371e+00 -8.603814e-01 1.103783e+00
4.736000e+01 -3.141670e-01 3.532862e+00 -5.025121e-01 5.036733e+00 1.972407e+00 -3.774323e+00 7.393643e-01 -7.309586e-01 1.022166e+00 -1.555345e+00 -9.158527e-01 1.187467e+00
4.744000e+01 -2.836615e-01 3.726849e+00 -4.535823e-01 5.069444e+00 1.889178e+00 -3.739030e+00 7.657248e-01 -7.284820e-01 1.001024e+00 -1.538636e+00 -9.678076e-01 1.280053e+00
4.752000e+01 -2.570371e-01 3.928171e+00 -3.882022e-01 5.138494e+00 1.806049e+00 -3.723765e+00 7.948730e-01 -7.269997e-01 9.785797e-01 -1.522647e+00 -1.016858e+00 1.369186e+00
4.760000e+01 -2.309549e-01 4.140580e+00 -3.009655e-01 5.184222e+00 1.727383e+00 -3.724450e+00 8.266784e-01 -7.310715e-01 9.581131e-01 -1.498602e+00 -1.061162e+00 1.444389e+00
4.768000e+01 -2.148688e-01 4.367969e+00 -1.844782e-01 5.228004e+00 1.652449e+00 -3.721982e+00 8.547113e-01 -7.350985e-01 9.360669e-01 -1.483869e+00 -1.109730e+00 1.511232e+00
4.776000e+01 -2.134246e-01 4.578535e+00 -2.846913e-02 5.252174e+00 1.586816e+00 -3.731663e+00 8.825177e-01 -7.403885e-01 9.133928e-01 -1.461487e+00 -1.158749e+00 1.568794e+00
4.784000e+01 -2.275044e-01 4.815597e+00 1.719097e-01 5.260102e+00 1.533420e+00 -3.766687e+00 9.115515e-01 -7.492865e-01 8.919606e-01 -1.440259e+00 -1.213224e+00 1.623127e+00
4.792000e+01 -2.564210e-01 5.066285e+00 4.137066e-01 5.234765e+00 1.495252e+00 -3.785616e+00 9.353587e-01 -7.595836e-01 8.694948e-01 -1.416578e+00 -1.275382e+00 1.669907e+00
4.800000e+01 -3.084785e-01 5.318762e+00 6.562474e-01 5.267861e+00 1.474696e+00 -3.787091e+00 9.502258e-01 -7.651185e-01 8.451722e-01 -1.396667e+00 -1.351947e+00 1.722255e+00
4.808000e+01 -3.719374e-01 5.565388e+00 8.083233e-01 5.398353e+00 1.472319e+00 -3.785529e+00 9.584178e-01 -7.664644e-01 8.211495e-01 -1.377807e+00 -1.435395e+00 1.779915e+00
4.816000e+01 -4.290889e-01 5.829872e+00 8.307621e-01 5.505461e+00 1.482769e+00 -3.787615e+00 9.626472e-01 -7.821353e-01 8.045743e-01 -1.367360e+00 -1.516888e+00 1.823247e+00
4.824000e+01 -5.105866e-01 6.075469e+00 8.578790e-01 5.492530e+00 1.509146e+00 -3.768594e+00 9.587020e-01 -7.967392e-01 7.863681e-01 -1.358423e+00 -1.613825e+00 1.862551e+00
4.832000e+01 -6.367787e-01 6.258356e+00 1.007504e+00 5.405516e+00 1.551017e+00 -3.714421e+00 9.406045e-01 -8.069535e-01 7.587656e-01 -1.347816e+00 -1.735977e+00 1.894926e+00
4.840000e+01 -7.593235e-01 6.439687e+00 1.261784e+00 5.230578e+00 1.611416e+00 -3.606972e+00 9.038118e-01 -8.023303e-01 7.228850e-01 -1.338189e+00 -1.875721e+00 1.938733e+00
4.848000e+01 -8.699530e-01 6.587018e+00 1.540063e+00 5.011968e+00 1.671802e+00 -3.521899e+00 8.633915e-01 -8.285297e-01 7.009688e-01 -1.345236e+00 -2.002811e+00 1.966166e+00
4.856000e+01 -9.574371e-01 6.708725e+00 1.842644e+00 4.722962e+00 1.727788e+00 -3.458106e+00 8.285664e-01 -8.786274e-01 6.996225e-01 -1.362026e+00 -2.109720e+00 1.980378e+00
4.864000e+01 -1.022249e+00 6.843410e+00 2.192934e+00 4.386919e+00 1.781738e+00 -3.392064e+00 7.979275e-01 -9.455387e-01 7.162616e-01 -1.397060e+00 -2.197759e+00 2.005653e+00
4.872000e+01 -1.102625e+00 6.974243e+00 2.580349e+00 4.155698e+00 1.832072e+00 -3.306432e+00 7.686628e-01 -1.016527e+00 7.420178e-01 -1.436429e+00 -2.277177e+00 2.052252e+00
4.880000e+01 -1.177536e+00 7.147820e+00 3.006257e+00 3.917215e+00 1.877526e+00 -3.205450e+00 7.396144e-01 -1.088492e+00 7.742665e-01 -1.478094e+00 -2.347314e+00 2.095870e+00
4.888000e+01 -1.283260e+00 7.292217e+00 3.441700e+00 3.764324e+00 1.915558e+00 -3.066456e+00 6.992794e-01 -1.152657e+00 7.998718e-01 -1.533438e+00 -2.416561e+00 2.146438e+00
4.896000e+01 -1.404489e+00 7.350861e+00 3.831088e+00 3.725107e+00 1.943230e+00 -2.900830e+00 6.483643e-01 -1.223236e+00 8.261373e-01 -1.600027e+00 -2.473802e+00 2.209343e+00
4.904000e+01 -1.532237e+00 7.376093e+00 4.124866e+00 3.823947e+00 1.961427e+00 -2.703944e+00 5.854358e-01 -1.294346e+00 8.502520e-01 -1.670982e+00 -2.517573e+00 2.275318e+00
4.912000e+01 -1.643693e+00 7.384265e+00 4.285987e+00 3.950243e+00 1.970281e+00 -2.554297e+00 5.299953e-01 -1.389464e+00 8.937649e-01 -1.760448e+00 -2.525594e+00 2.345862e+00
4.920000e+01 -1.789449e+00 7.296290e+00 4.366021e+00 4.207179e+00 1.973504e+00 -2.339040e+00 4.623760e-01 -1.457692e+00 9.238811e-01 -1.843390e+00 -2.528371e+00 2.396273e+00
4.928000e+01 -1.943210e+00 7.132784e+00 4.408763e+00 4.490711e+00 1.974418e+00 -2.144435e+00 3.950972e-01 -1.531422e+00 9.545728e-01 -1.917897e+00 -2.518427e+00 2.450857e+00
4.936000e+01 -2.105133e+00 6.939024e+00 4.457807e+00 4.797291e+00 1.971060e+00 -1.936697e+00 3.236085e-01 -1.594650e+00 9.794690e-01 -1.991532e+00 -2.503877e+00 2.534098e+00
4.944000e+01 -2.278169e+00 6.720317e+00 4.517250e+00 5.113884e+00 1.963272e+00 -1.709476e+00 2.488294e-01 -1.649405e+00 9.958587e-01 -2.046356e+00 -2.485386e+00 2.637340e+00
4.952000e+01 -2.451855e+00 6.465188e+00 4.564616e+00 5.360053e+00 1.945958e+00 -1.529571e+00 1.812449e-01 -1.720159e+00 1.017808e+00 -2.099218e+00 -2.448485e+00 2.715096e+00
4.960000e+01 -2.622305e+00 6.236849e+00 4.619772e+00 5.577401e+00 1.925488e+00 -1.339132e+00 1.166072e-01 -1.782170e+00 1.036200e+00 -2.130759e+00 -2.413618e+00 2.823474e+00
4.968000e+01 -2.788786e+00 6.051975e+00 4.683469e+00 5.730584e+00 1.901332e+00 -1.151163e+00 5.785626e-02 -1.841314e+00 1.052191e+00 -2.144959e+00 -2.380679e+00 2.946368e+00
4.976000e+01 -2.945115e+00 5.841564e+00 4.754119e+00 5.815386e+00 1.867387e+00 -1.004793e+00 1.207526e-02 -1.910914e+00 1.074714e+00 -2.152639e+00 -2.332078e+00 3.069119e+00
4.984000e+01 -3.090796e+00 5.618653e+00 4.830886e+00 5.769377e+00 1.823430e+00 -9.050585e-01 -1.725552e-02 -1.998104e+00 1.110398e+00 -2.157455e+00 -2.260951e+00 3.184387e+00
4.992000e+01 -3.234394e+00 5.412329e+00 4.923719e+00 5.639003e+00 1.769807e+00 -8.185855e-01 -3.622600e-02 -2.095693e+00 1.151261e+00 -2.155745e+00 -2.183003e+00 3.292433e+00
5.000000e+01 -3.369414e+00 5.189183e+00 5.019759e+00 5.452692e+00 1.705089e+00 -7.595539e-01 -4.423285e-02 -2.211973e+00 1.200998e+00 -2.152146e+00 -2.091852e+00 3.381931e+00
5.008000e+01 -3.497028e+00 4.985975e+00 5.117896e+00 5.271696e+00 1.635786e+00 -7.133575e-01 -4.495290e-02 -2.327473e+00 1.253154e+00 -2.141618e+00 -1.999240e+00 3.457305e+00
5.016000e+01 -3.598356e+00 4.774201e+00 5.194600e+00 5.009382e+00 1.556336e+00 -7.151582e-01 -3.345367e-02 -2.468775e+00 1.323344e+00 -2.136624e+00 -1.884025e+00 3.509609e+00
5.024000e+01 -3.694684e+00 4.592320e+00 5.237587e+00 4.840096e+00 1.479093e+00 -7.195502e-01 -1.876062e-02 -2.592274e+00 1.388255e+00 -2.111834e+00 -1.784531e+00 3.546754e+00
5.032000e+01 -3.769432e+00 4.437128e+00 5.216059e+00 4.647554e+00 1.401047e+00 -7.515327e-01 8.357511e-04 -2.725187e+00 1.461794e+00 -2.086466e+00 -1.680804e+00 3.544268e+00
5.040000e+01 -3.836229e+00 4.279985e+00 5.136727e+00 4.491588e+00 1.321006e+00 -7.825773e-01 1.933991e-02 -2.859623e+00 1.536415e+00 -2.057901e+00 -1.580877e+00 3.503266e+00
5.048000e+01 -3.884091e+00 4.163628e+00 5.025984e+00 4.374134e+00 1.245669e+00 -8.212175e-01 3.775706e-02 -2.984182e+00 1.610697e+00 -2.016282e+00 -1.486567e+00 3.433578e+00
5.056000e+01 -3.923849e+00 4.035151e+00 4.900164e+00 4.232951e+00 1.175672e+00 -8.434563e-01 5.010218e-02 -3.109853e+00 1.682520e+00 -1.963326e+00 -1.389873e+00 3.330777e+00
5.064000e+01 -3.972316e+00 3.863362e+00 4.776235e+00 4.173603e+00 1.117445e+00 -8.727660e-01 5.754326e-02 -3.213303e+00 1.742239e+00 -1.892924e+00 -1.298978e+00 3.223487e+00
5.072000e+01 -4.028989e+00 3.662539e+00 4.654091e+00 4.249043e+00 1.072661e+00 -8.493815e-01 4.824930e-02 -3.286028e+00 1.775556e+00 -1.792656e+00 -1.232493e+00 3.098258e+00
5.080000e+01 -4.038634e+00 3.476699e+00 4.504866e+00 4.232789e+00 1.047734e+00 -8.526801e-01 4.339462e-02 -3.355665e+00 1.808266e+00 -1.684504e+00 -1.153481e+00 2.964936e+00
5.088000e+01 -4.015797e+00 3.321313e+00 4.285567e+00 4.232085e+00 1.028442e+00 -8.717499e-01 4.338432e-02 -3.428346e+00 1.840871e+00 -1.556094e+00 -1.064373e+00 2.800842e+00
5.096000e+01 -3.959194e+00 3.171439e+00 3.996417e+00 4.269276e+00 1.009197e+00 -9.083753e-01 4.368390e-02 -3.505619e+00 1.873841e+00 -1.436926e+00 -9.606255e-01 2.633778e+00
5.104000e+01 -3.868583e+00 3.040540e+00 3.650005e+00 4.278337e+00 9.869663e-01 -9.775447e-01 4.752612e-02 -3.604794e+00 1.917228e+00 -1.339665e+00 -8.274702e-01 2.382770e+00
5.112000e+01 -3.724326e+00 2.938149e+00 3.303456e+00 4.270497e+00 9.677802e-01 -1.057372e+00 6.070428e-02 -3.714168e+00 1.974702e+00 -1.221646e+00 -6.658679e-01 2.160254e+00
5.120000e+01 -3.555593e+00 2.847841e+00 3.004370e+00 4.325766e+00 9.504865e-01 -1.130899e+00 7.190718e-02 -3.813667e+00 2.028700e+00 -1.107098e+00 -4.841925e-01 1.910482e+00
5.128000e+01 -3.347797e+00 2.750338e+00 2.753222e+00 4.339871e+00 9.306158e-01 -1.212607e+00 8.711218e-02 -3.912983e+00 2.086423e+00 -9.907577e-01 -2.725414e-01 1.650794e+00
5.136000e+01 -3.123712e+00 2.716239e+00 2.546032e+00 4.306688e+00 9.056760e-01 -1.284898e+00 9.377856e-02 -4.005499e+00 2.135707e+00 -8.965229e-01 -5.672538e-02 1.378085e+00
5.144000e+01 -2.883057e+00 2.679462e+00 2.353415e+00 4.205489e+00 8.788377e-01 -1.362177e+00 1.028681e-01 -4.084898e+00 2.186598e+00 -7.934241e-01 1.755395e-01 1.109039e+00
5.152000e+01 -2.653711e+00 2.676398e+00 2.180242e+00 4.159525e+00 8.535646e-01 -1.410924e+00 1.031544e-01 -4.135923e+00 2.219400e+00 -6.891077e-01 3.883485e-01 8.270455e-01
5.160000e+01 -2.405295e+00 2.656254e+00 2.002493e+00 4.033464e+00 8.281862e-01 -1.487184e+00 1.138981e-01 -4.194997e+00 2.259871e+00 -5.787005e-01 6.115502e-01 5.347425e-01
5.168000e+01 -2.169866e+00 2.653159e+00 1.826661e+00 3.973640e+00 8.028290e-01 -1.550472e+00 1.234978e-01 -4.220972e+00 2.290744e+00 -4.604540e-01 8.110506e-01 2.343849e-01
5.176000e+01 -1.931950e+00 2.620309e+00 1.641539e+00 3.935754e+00 7.722771e-01 -1.618345e+00 1.300230e-01 -4.228687e+00 2.322569e+00 -3.537927e-01 9.999342e-01 -6.565740e-02
5.184000e+01 -1.688092e+00 2.597808e+00 1.436785e+00 3.917974e+00 7.394055e-01 -1.685447e+00 1.377273e-01 -4.212776e+00 2.354050e+00 -2.616220e-01 1.167142e+00 -3.626833e-01
5.192000e+01 -1.467731e+00 2.552589e+00 1.196802e+00 3.996578e+00 6.990267e-01 -1.747690e+00 1.435767e-01 -4.180779e+00 2.380527e+00 -1.878570e-01 1.308628e+00 -6.953874e-01
5.200000e+01 -1.243268e+00 2.527854e+00 9.379939e-01 4.047635e+00 6.537872e-01 -1.837007e+00 1.573632e-01 -4.140089e+00 2.416839e+00 -1.347311e-01 1.434057e+00 -9.992650e-01
5.208000e+01 -1.027827e+00 2.531509e+00 6.805113e-01 4.091496e+00 6.058589e-01 -1.940442e+00 1.800765e-01 -4.087134e+00 2.461240e+00 -8.541204e-02 1.540911e+00 -1.279620e+00
5.216000e+01 -8.343000e-01 2.546804e+00 4.438348e-01 4.172613e+00 5.606984e-01 -2.060614e+00 2.164533e-01 -4.017302e+00 2.509142e+00 -1.875891e-02 1.621826e+00 -1.536350e+00
5.224000e+01 -6.642232e-01 2.556629e+00 2.186085e-01 4.243872e+00 5.097592e-01 -2.203044e+00 2.588036e-01 -3.948306e+00 2.564251e+00 2.305334e-02 1.688144e+00 -1.806343e+00
5.232000e+01 -5.378815e-01 2.563181e+00 1.961720e-02 4.333648e+00 4.635000e-01 -2.337499e+00 3.032330e-01 -3.841916e+00 2.612993e+00 5.947624e-02 1.724691e+00 -2.086254e+00
5.240000e+01 -4.279132e-01 2.579876e+00 -1.698273e-01 4.359172e+00 4.163844e-01 -2.513808e+00 3.611494e-01 -3.741791e+00 2.674148e+00 7.794913e-02 1.755991e+00 -2.359044e+00
5.248000e+01 -3.440266e-01 2.604408e+00 -3.361192e-01 4.343302e+00 3.708437e-01 -2.713668e+00 4.291553e-01 -3.635365e+00 2.741215e+00 8.544770e-02 1.772212e+00 -2.637578e+00
5.256000e+01 -2.836271e-01 2.627482e+00 -4.624980e-01 4.331361e+00 3.288862e-01 -2.922827e+00 5.066864e-01 -3.524242e+00 2.813183e+00 9.676085e-02 1.773877e+00 -2.898980e+00
5.264000e+01 -2.438563e-01 2.656876e+00 -5.265724e-01 4.255560e+00 2.852312e-01 -3.150269e+00 5.916936e-01 -3.422482e+00 2.892021e+00 8.641174e-02 1.767565e+00 -3.166474e+00
5.272000e+01 -2.275534e-01 2.665937e+00 -5.057092e-01 4.119880e+00 2.399573e-01 -3.386091e+00 6.801146e-01 -3.318034e+00 2.976297e+00 3.864548e-02 1.756539e+00 -3.428784e+00
5.280000e+01 -2.288894e-01 2.696556e+00 -3.708925e-01 3.908273e+00 1.987904e-01 -3.638812e+00 7.765079e-01 -3.193763e+00 3.062071e+00 -3.004232e-02 1.731896e+00 -3.669956e+00
5.288000e+01 -2.430847e-01 2.711608e+00 -1.399413e-01 3.597473e+00 1.566602e-01 -3.902602e+00 8.831724e-01 -3.068823e+00 3.152063e+00 -1.081719e-01 1.705069e+00 -3.914310e+00
5.296000e+01 -2.831406e-01 2.700979e+00 1.553424e-01 3.309785e+00 1.147393e-01 -4.133093e+00 9.882181e-01 -2.934842e+00 3.239550e+00 -1.879580e-01 1.660520e+00 -4.084698e+00
5.304000e+01 -3.254300e-01 2.684248e+00 4.390090e-01 2.973624e+00 6.950217e-02 -4.361469e+00 1.097922e+00 -2.783070e+00 3.326566e+00 -2.946891e-01 1.617032e+00 -4.199153e+00
5.312000e+01 -3.751147e-01 2.678347e+00 6.629411e-01 2.674950e+00 1.171399e-02 -4.557974e+00 1.213028e+00 -2.650456e+00 3.411950e+00 -3.951338e-01 1.570120e+00 -4.273327e+00
5.320000e+01 -4.255195e-01 2.652019e+00 8.316752e-01 2.380491e+00 -5.865966e-02 -4.743588e+00 1.332273e+00 -2.530235e+00 3.497628e+00 -5.087423e-01 1.528272e+00 -4.282886e+00
5.328000e+01 -4.756489e-01 2.577946e+00 9.494855e-01 2.142096e+00 -1.396282e-01 -4.898461e+00 1.452820e+00 -2.414903e+00 3.576327e+00 -6.191068e-01 1.485245e+00 -4.245609e+00
5.336000e+01 -4.953870e-01 2.484937e+00 1.023996e+00 1.885916e+00 -2.306074e-01 -5.057678e+00 1.580004e+00 -2.320466e+00 3.649097e+00 -7.286652e-01 1.461175e+00 -4.158193e+00
5.344000e+01 -5.085896e-01 2.391119e+00 1.067799e+00 1.669954e+00 -3.357734e-01 -5.194940e+00 1.702119e+00 -2.260637e+00 3.712211e+00 -8.693023e-01 1.441647e+00 -4.075456e+00
5.352000e+01 -5.032118e-01 2.284552e+00 1.103599e+00 1.515617e+00 -4.432251e-01 -5.338022e+00 1.826303e+00 -2.227462e+00 3.762470e+00 -1.015270e+00 1.420258e+00 -4.011889e+00
5.360000e+01 -4.861806e-01 2.156210e+00 1.136324e+00 1.380202e+00 -5.464865e-01 -5.442584e+00 1.944810e+00 -2.211789e+00 3.792908e+00 -1.164521e+00 1.394391e+00 -3.995384e+00
5.368000e+01 -4.458924e-01 2.038063e+00 1.183796e+00 1.272454e+00 -6.393706e-01 -5.518361e+00 2.060215e+00 -2.208968e+00 3.804070e+00 -1.292077e+00 1.381169e+00 -3.888137e+00
5.376000e+01 -3.938263e-01 1.923661e+00 1.236731e+00 1.189782e+00 -7.246077e-01 -5.604603e+00 2.166663e+00 -2.223288e+00 3.797234e+00 -1.415842e+00 1.408304e+00 -3.674567e+00
5.384000e+01 -3.247887e-01 1.850310e+00 1.308136e+00 1.134812e+00 -7.955830e-01 -5.667308e+00 2.266655e+00 -2.248346e+00 3.769674e+00 -1.507642e+00 1.470849e+00 -3.300817e+00
5.392000e+01 -2.731660e-01 1.795742e+00 1.378178e+00 1.125321e+00 -8.563584e-01 -5.705698e+00 2.343474e+00 -2.285902e+00 3.718344e+00 -1.602293e+00 1.580886e+00 -2.885643e+00
5.400000e+01 -2.294426e-01 1.763313e+00 1.450651e+00 1.140346e+00 -9.069923e-01 -5.716827e+00 2.397388e+00 -2.354637e+00 3.651099e+00 -1.681453e+00 1.738748e+00 -2.384013e+00
5.408000e+01 -2.025341e-01 1.759339e+00 1.515545e+00 1.191328e+00 -9.486732e-01 -5.731404e+00 2.433693e+00 -2.440798e+00 3.572228e+00 -1.754988e+00 1.935977e+00 -1.851377e+00
5.416000e+01 -1.898977e-01 1.778435e+00 1.567259e+00 1.264907e+00 -9.799788e-01 -5.722388e+00 2.452706e+00 -2.545188e+00 3.487778e+00 -1.810382e+00 2.167336e+00 -1.337110e+00
5.424000e+01 -1.925475e-01 1.802570e+00 1.598370e+00 1.355201e+00 -1.004583e+00 -5.661935e+00 2.446174e+00 -2.661489e+00 3.395990e+00 -1.851305e+00 2.415868e+00 -8.653081e-01
5.432000e+01 -1.920141e-01 1.789692e+00 1.615727e+00 1.470011e+00 -1.005954e+00 -5.604909e+00 2.430223e+00 -2.753609e+00 3.301921e+00 -1.854946e+00 2.674920e+00 -3.975463e-01
5.440000e+01 -1.824423e-01 1.777289e+00 1.607298e+00 1.596185e+00 -9.949763e-01 -5.551439e+00 2.400305e+00 -2.863865e+00 3.212943e+00 -1.831281e+00 2.924337e+00 4.022456e-04
5.448000e+01 -1.828015e-01 1.746812e+00 1.568781e+00 1.753732e+00 -9.714383e-01 -5.492808e+00 2.347824e+00 -2.975506e+00 3.129798e+00 -1.800105e+00 3.108808e+00 2.108685e-01
5.456000e+01 -1.806179e-01 1.693704e+00 1.503598e+00 1.904525e+00 -9.408030e-01 -5.436212e+00 2.282372e+00 -3.097829e+00 3.063462e+00 -1.748709e+00 3.249626e+00 3.069283e-01
5.464000e+01 -1.835985e-01 1.628175e+00 1.401074e+00 2.032594e+00 -9.058811e-01 -5.383650e+00 2.199350e+00 -3.207737e+00 3.011464e+00 -1.706222e+00 3.354339e+00 2.347015e-01
5.472000e+01 -1.716987e-01 1.544085e+00 1.290103e+00 2.177691e+00 -8.585288e-01 -5.317065e+00 2.115367e+00 -3.307748e+00 2.972442e+00 -1.622928e+00 3.394732e+00 1.096763e-01
5.480000e+01 -1.274906e-01 1.435445e+00 1.165707e+00 2.267449e+00 -8.016615e-01 -5.230975e+00 2.030320e+00 -3.389325e+00 2.940111e+00 -1.516809e+00 3.360228e+00 -4.264743e-02
5.488000e+01 -6.276837e-02 1.288059e+00 1.024971e+00 2.312994e+00 -7.405267e-01 -5.159182e+00 1.948354e+00 -3.463454e+00 2.920493e+00 -1.405887e+00 3.259827e+00 -2.656407e-01
5.496000e+01 2.942402e-02 1.145019e+00 8.885079e-01 2.358822e+00 -6.694664e-01 -5.095368e+00 1.873123e+00 -3.513825e+00 2.910621e+00 -1.285796e+00 3.085537e+00 -4.470913e-01
5.504000e+01 1.516774e-01 9.903777e-01 7.358322e-01 2.356263e+00 -6.036872e-01 -5.028114e+00 1.804279e+00 -3.581670e+00 2.920354e+00 -1.179804e+00 2.875722e+00 -6.195196e-01
5.512000e+01 2.964160e-01 8.295453e-01 5.787035e-01 2.331445e+00 -5.440255e-01 -4.965252e+00 1.747419e+00 -3.658388e+00 2.955031e+00 -1.088338e+00 2.648036e+00 -7.548880e-01
5.520000e+01 4.515130e-01 6.982374e-01 4.326984e-01 2.308860e+00 -4.820656e-01 -4.890731e+00 1.699740e+00 -3.709717e+00 3.005615e+00 -9.930638e-01 2.401385e+00 -8.631592e-01
5.528000e+01 6.199243e-01 5.864611e-01 2.864278e-01 2.246553e+00 -4.312862e-01 -4.841193e+00 1.662901e+00 -3.754756e+00 3.081881e+00 -9.325000e-01 2.155891e+00 -9.476907e-01
5.536000e+01 7.952293e-01 4.702243e-01 1.433387e-01 2.143179e+00 -3.926472e-01 -4.781155e+00 1.631404e+00 -3.783396e+00 3.174895e+00 -9.135353e-01 1.918819e+00 -1.023053e+00
5.544000e+01 9.692049e-01 3.314955e-01 7.832587e-03 2.034976e+00 -3.728192e-01 -4.731450e+00 1.611874e+00 -3.818599e+00 3.284781e+00 -9.307250e-01 1.688246e+00 -1.091322e+00
5.552000e+01 1.153422e+00 1.767198e-01 -1.112365e-01 1.919896e+00 -3.542364e-01 -4.681660e+00 1.610581e+00 -3.812927e+00 3.397371e+00 -9.666965e-01 1.449801e+00 -1.108990e+00
5.560000e+01 1.338845e+00 -2.090631e-02 -2.246865e-01 1.805380e+00 -3.427053e-01 -4.639824e+00 1.618594e+00 -3.784498e+00 3.508273e+00 -1.028592e+00 1.207978e+00 -1.091174e+00
5.568000e+01 1.505477e+00 -2.254568e-01 -3.293606e-01 1.705747e+00 -3.411726e-01 -4.571689e+00 1.622564e+00 -3.727756e+00 3.602879e+00 -1.119336e+00 9.561426e-01 -1.097888e+00
5.576000e+01 1.670070e+00 -4.217535e-01 -4.252258e-01 1.562768e+00 -3.512563e-01 -4.518530e+00 1.638051e+00 -3.671802e+00 3.688960e+00 -1.209396e+00 7.088664e-01 -1.124921e+00
5.584000e+01 1.831233e+00 -6.079261e-01 -5.083829e-01 1.395204e+00 -3.635341e-01 -4.481337e+00 1.664740e+00 -3.588671e+00 3.760102e+00 -1.313743e+00 4.675151e-01 -1.146543e+00
5.592000e+01 1.987739e+00 -7.933861e-01 -5.860460e-01 1.203097e+00 -3.796126e-01 -4.450168e+00 1.697734e+00 -3.486084e+00 3.818323e+00 -1.440594e+00 2.432821e-01 -1.174433e+00
5.600000e+01 2.133980e+00 -9.718787e-01 -6.500744e-01 1.026434e+00 -4.008600e-01 -4.443121e+00 1.735351e+00 -3.377093e+00 3.861259e+00 -1.612476e+00 3.842589e-02 -1.202792e+00
5.608000e+01 2.280715e+00 -1.143469e+00 -6.907859e-01 8.366873e-01 -4.190831e-01 -4.391501e+00 1.781134e+00 -3.261890e+00 3.880008e+00 -1.750142e+00 -1.530809e-01 -1.229458e+00
5.616000e+01 2.420874e+00 -1.303978e+00 -7.183424e-01 6.726213e-01 -4.431214e-01 -4.348983e+00 1.830114e+00 -3.145966e+00 3.882689e+00 -1.871606e+00 -3.216660e-01 -1.250478e+00
5.624000e+01 2.560335e+00 -1.484162e+00 -7.392450e-01 4.664262e-01 -4.683199e-01 -4.314790e+00 1.887572e+00 -3.044465e+00 3.874542e+00 -1.973563e+00 -4.537892e-01 -1.258865e+00
5.632000e+01 2.688413e+00 -1.607714e+00 -7.430293e-01 2.574851e-01 -4.979869e-01 -4.277302e+00 1.933723e+00 -2.959302e+00 3.852403e+00 -2.116652e+00 -5.668497e-01 -1.223713e+00
5.640000e+01 2.804132e+00 -1.649301e+00 -7.282931e-01 5.240732e-02 -5.210611e-01 -4.233460e+00 1.989209e+00 -2.886962e+00 3.815435e+00 -2.203934e+00 -6.620738e-01 -1.158359e+00
5.648000e+01 2.902826e+00 -1.587575e+00 -7.013621e-01 -1.449997e-01 -5.387112e-01 -4.206170e+00 2.043477e+00 -2.825845e+00 3.769156e+00 -2.259542e+00 -7.361784e-01 -1.064111e+00
5.656000e+01 2.996074e+00 -1.413540e+00 -6.653827e-01 -3.601319e-01 -5.518169e-01 -4.193501e+00 2.095948e+00 -2.796565e+00 3.719610e+00 -2.289096e+00 -7.877276e-01 -9.466324e-01
5.664000e+01 3.086918e+00 -1.125007e+00 -6.101010e-01 -5.621852e-01 -5.583135e-01 -4.162575e+00 2.138147e+00 -2.780507e+00 3.661669e+00 -2.291754e+00 -8.306330e-01 -7.979537e-01
5.672000e+01 3.177539e+00 -8.157181e-01 -5.522777e-01 -7.705720e-01 -5.658761e-01 -4.123046e+00 2.167525e+00 -2.783577e+00 3.603430e+00 -2.280110e+00 -8.495549e-01 -6.230944e-01
5.680000e+01 3.261933e+00 -4.678709e-01 -4.766065e-01 -9.621384e-01 -5.676737e-01 -4.088843e+00 2.188102e+00 -2.795841e+00 3.546296e+00 -2.245355e+00 -8.537951e-01 -4.136900e-01
5.688000e+01 3.331337e+00 -5.483115e-02 -3.845215e-01 -1.167310e+00 -5.605918e-01 -4.027876e+00 2.192605e+00 -2.817322e+00 3.490088e+00 -2.194058e+00 -8.429554e-01 -1.797755e-01
5.696000e+01 3.370077e+00 4.244736e-01 -2.891953e-01 -1.376811e+00 -5.496613e-01 -3.978470e+00 2.182181e+00 -2.853954e+00 3.442396e+00 -2.139920e+00 -8.069413e-01 3.852992e-02
5.704000e+01 3.366832e+00 1.047492e+00 -1.774473e-01 -1.585452e+00 -5.281821e-01 -3.919333e+00 2.163007e+00 -2.893994e+00 3.400830e+00 -2.053943e+00 -7.599185e-01 2.367763e-01
5.712000e+01 3.326802e+00 1.853358e+00 -5.212482e-02 -1.781517e+00 -4.965628e-01 -3.862176e+00 2.129367e+00 -2.938737e+00 3.360036e+00 -1.971630e+00 -7.050347e-01 4.103036e-01
5.720000e+01 3.252109e+00 2.666301e+00 7.753088e-02 -1.971921e+00 -4.533689e-01 -3.795083e+00 2.081487e+00 -2.982871e+00 3.321859e+00 -1.894898e+00 -6.456297e-01 5.477768e-01
5.728000e+01 3.143618e+00 3.523338e+00 2.404862e-01 -2.152161e+00 -3.841619e-01 -3.720931e+00 2.028963e+00 -3.012701e+00 3.285149e+00 -1.791890e+00 -6.111223e-01 6.639705e-01
5.736000e+01 3.006081e+00 4.133926e+00 3.825129e-01 -2.321349e+00 -3.102487e-01 -3.644417e+00 1.960579e+00 -3.051246e+00 3.257314e+00 -1.716831e+00 -5.654859e-01 7.523706e-01
5.744000e+01 2.947151e+00 4.385477e+00 5.315413e-01 -2.494936e+00 -2.137650e-01 -3.579725e+00 1.904234e+00 -3.076290e+00 3.240931e+00 -1.589631e+00 -5.287202e-01 8.178530e-01
5.752000e+01 2.988668e+00 4.343184e+00 6.497361e-01 -2.674125e+00 -1.198310e-01 -3.521723e+00 1.832979e+00 -3.121456e+00 3.244204e+00 -1.505371e+00 -4.721678e-01 8.865740e-01
5.760000e+01 3.103658e+00 4.144230e+00 7.358081e-01 -2.819155e+00 -2.724678e-02 -3.484538e+00 1.759763e+00 -3.160647e+00 3.261475e+00 -1.462637e+00 -3.916016e-01 9.475938e-01
5.768000e+01 3.251978e+00 3.831568e+00 7.848259e-01 -2.981106e+00 5.802423e-02 -3.482192e+00 1.691600e+00 -3.207659e+00 3.297079e+00 -1.457413e+00 -2.788348e-01 9.974510e-01
5.776000e+01 3.403338e+00 3.404202e+00 8.078102e-01 -3.140285e+00 1.345651e-01 -3.505061e+00 1.631768e+00 -3.248774e+00 3.347827e+00 -1.477154e+00 -1.409709e-01 1.056790e+00
5.784000e+01 3.537350e+00 3.005569e+00 8.247021e-01 -3.292937e+00 1.981249e-01 -3.509536e+00 1.576498e+00 -3.291946e+00 3.402473e+00 -1.509011e+00 -5.996558e-03 1.116582e+00
5.792000e+01 3.657513e+00 2.623812e+00 8.139129e-01 -3.430100e+00 2.418045e-01 -3.533527e+00 1.528594e+00 -3.337287e+00 3.463560e+00 -1.567086e+00 1.451202e-01 1.161023e+00
5.800000e+01 3.779197e+00 2.306512e+00 7.852905e-01 -3.554373e+00 2.682639e-01 -3.586987e+00 1.497678e+00 -3.367927e+00 3.527887e+00 -1.638283e+00 3.025801e-01 1.195608e+00
5.808000e+01 3.920857e+00 1.873287e+00 7.519176e-01 -3.680827e+00 2.795224e-01 -3.658805e+00 1.482716e+00 -3.385511e+00 3.588932e+00 -1.714992e+00 4.502692e-01 1.220007e+00
5.816000e+01 4.114222e+00 1.410446e+00 7.316139e-01 -3.765792e+00 2.776187e-01 -3.718165e+00 1.466716e+00 -3.383238e+00 3.634779e+00 -1.831343e+00 5.618119e-01 1.253846e+00
5.824000e+01 4.371527e+00 1.009647e+00 7.364968e-01 -3.822830e+00 2.764483e-01 -3.776913e+00 1.469771e+00 -3.345570e+00 3.659423e+00 -1.915437e+00 6.312070e-01 1.326467e+00
5.832000e+01 4.651174e+00 6.093600e-01 7.411154e-01 -3.831787e+00 2.618360e-01 -3.857406e+00 1.486929e+00 -3.317555e+00 3.677247e+00 -1.982187e+00 6.855641e-01 1.443502e+00
5.840000e+01 4.876738e+00 2.119529e-01 7.534615e-01 -3.757344e+00 2.457271e-01 -3.897911e+00 1.506253e+00 -3.264422e+00 3.674976e+00 -2.030790e+00 7.044786e-01 1.588124e+00
5.848000e+01 5.016270e+00 -2.123712e-01 7.732395e-01 -3.668396e+00 2.214473e-01 -3.919260e+00 1.527863e+00 -3.200831e+00 3.655317e+00 -2.074586e+00 6.938709e-01 1.753110e+00
5.856000e+01 5.060204e+00 -6.248262e-01 8.102648e-01 -3.547420e+00 1.985868e-01 -3.922918e+00 1.553214e+00 -3.111925e+00 3.617423e+00 -2.092662e+00 6.420289e-01 1.918039e+00
5.864000e+01 5.040674e+00 -1.029439e+00 8.453918e-01 -3.432885e+00 1.703810e-01 -3.926106e+00 1.579421e+00 -3.032912e+00 3.570496e+00 -2.101080e+00 5.790196e-01 2.083426e+00
5.872000e+01 4.982663e+00 -1.368062e+00 8.722198e-01 -3.305851e+00 1.352400e-01 -3.966034e+00 1.610635e+00 -2.960526e+00 3.518328e+00 -2.107832e+00 5.262698e-01 2.236941e+00
5.880000e+01 4.891951e+00 -1.638204e+00 8.820045e-01 -3.166548e+00 8.184545e-02 -3.984191e+00 1.638185e+00 -2.900614e+00 3.460200e+00 -2.100703e+00 4.902277e-01 2.394436e+00
5.888000e+01 4.793865e+00 -1.916252e+00 8.530234e-01 -3.067141e+00 1.688742e-03 -4.010164e+00 1.662677e+00 -2.860195e+00 3.405565e+00 -2.111586e+00 5.073177e-01 2.543285e+00
5.896000e+01 4.706759e+00 -2.058707e+00 8.110101e-01 -2.985084e+00 -9.505489e-02 -4.053136e+00 1.691791e+00 -2.835606e+00 3.357024e+00 -2.119776e+00 5.412861e-01 2.683659e+00
5.904000e+01 4.630252e+00 -2.160983e+00 7.502981e-01 -2.917606e+00 -2.141403e-01 -4.110779e+00 1.719037e+00 -2.827847e+00 3.315392e+00 -2.131626e+00 5.864823e-01 2.824460e+00
5.912000e+01 4.600907e+00 -2.219489e+00 6.978941e-01 -2.885515e+00 -3.467963e-01 -4.143881e+00 1.744862e+00 -2.820133e+00 3.272623e+00 -2.119021e+00 6.186965e-01 2.968841e+00
5.920000e+01 4.587940e+00 -2.274134e+00 6.424293e-01 -2.897802e+00 -4.997303e-01 -4.180672e+00 1.767534e+00 -2.823133e+00 3.231105e+00 -2.101130e+00 6.483554e-01 3.081105e+00
5.928000e+01 4.582715e+00 -2.421608e+00 5.825663e-01 -2.929642e+00 -6.639538e-01 -4.194871e+00 1.779836e+00 -2.834688e+00 3.191326e+00 -2.091022e+00 7.021506e-01 3.230177e+00
5.936000e+01 4.539423e+00 -2.598567e+00 5.113574e-01 -2.978277e+00 -8.372334e-01 -4.216351e+00 1.790961e+00 -2.853904e+00 3.155781e+00 -2.080169e+00 7.784777e-01 3.348332e+00
5.944000e+01 4.442108e+00 -2.683176e+00 4.389621e-01 -3.031314e+00 -1.026380e+00 -4.206209e+00 1.790130e+00 -2.879263e+00 3.115619e+00 -2.084702e+00 8.751006e-01 3.426087e+00
5.952000e+01 4.310834e+00 -2.576747e+00 3.564630e-01 -3.088897e+00 -1.223321e+00 -4.220852e+00 1.792327e+00 -2.912932e+00 3.084911e+00 -2.080035e+00 9.934426e-01 3.469457e+00
5.960000e+01 4.185958e+00 -2.206435e+00 2.778376e-01 -3.165200e+00 -1.418763e+00 -4.182765e+00 1.780464e+00 -2.945936e+00 3.054501e+00 -2.079608e+00 1.095455e+00 3.473149e+00
5.968000e+01 4.073646e+00 -1.670144e+00 2.139225e-01 -3.251204e+00 -1.606098e+00 -4.101102e+00 1.761559e+00 -2.964395e+00 3.021265e+00 -2.073208e+00 1.149616e+00 3.458764e+00
5.976000e+01 3.980695e+00 -1.052001e+00 1.660796e-01 -3.340333e+00 -1.779457e+00 -3.976511e+00 1.730585e+00 -2.971435e+00 2.983342e+00 -2.063521e+00 1.147243e+00 3.408115e+00
5.984000e+01 3.926987e+00 -4.086124e-01 1.336899e-01 -3.444172e+00 -1.933942e+00 -3.825090e+00 1.691251e+00 -2.965343e+00 2.941995e+00 -2.045464e+00 1.088066e+00 3.349912e+00
5.992000e+01 3.944678e+00 1.171219e-01 8.943647e-02 -3.574800e+00 -2.065262e+00 -3.671443e+00 1.652279e+00 -2.959758e+00 2.906649e+00 -2.007350e+00 1.006330e+00 3.267554e+00
6.000000e+01 4.032082e+00 5.734520e-01 5.545753e-02 -3.719552e+00 -2.164360e+00 -3.463922e+00 1.599403e+00 -2.944272e+00 2.864937e+00 -1.972969e+00 8.851830e-01 3.187354e+00
6.008000e+01 4.142643e+00 1.016976e+00 3.158583e-02 -3.865361e+00 -2.215677e+00 -3.251618e+00 1.541527e+00 -2.895889e+00 2.817051e+00 -1.939805e+00 7.373449e-01 3.112899e+00
6.016000e+01 4.260127e+00 1.318618e+00 -2.461922e-02 -4.030710e+00 -2.232297e+00 -3.043681e+00 1.480665e+00 -2.864470e+00 2.781328e+00 -1.914919e+00 6.181756e-01 3.014564e+00
6.024000e+01 4.403785e+00 1.520337e+00 -9.471396e-02 -4.194682e+00 -2.210160e+00 -2.851384e+00 1.420416e+00 -2.844902e+00 2.758199e+00 -1.900697e+00 5.204313e-01 2.922729e+00
6.032000e+01 4.575404e+00 1.616919e+00 -1.767125e-01 -4.340535e+00 -2.154283e+00 -2.652690e+00 1.357829e+00 -2.847861e+00 2.744956e+00 -1.896754e+00 4.392454e-01 2.825172e+00
6.040000e+01 4.762736e+00 1.633791e+00 -2.457480e-01 -4.464389e+00 -2.055511e+00 -2.482782e+00 1.299449e+00 -2.840507e+00 2.736552e+00 -1.893523e+00 3.661505e-01 2.740332e+00
6.048000e+01 4.916735e+00 1.514745e+00 -3.252513e-01 -4.577262e+00 -1.928439e+00 -2.322594e+00 1.238396e+00 -2.834445e+00 2.735536e+00 -1.901474e+00 3.155738e-01 2.638394e+00
6.056000e+01 5.002939e+00 1.269378e+00 -4.154191e-01 -4.686522e+00 -1.776732e+00 -2.141428e+00 1.170961e+00 -2.825025e+00 2.734248e+00 -1.917859e+00 2.789998e-01 2.509542e+00
6.064000e+01 5.035664e+00 9.628917e-01 -5.027863e-01 -4.782877e+00 -1.598208e+00 -1.981722e+00 1.105755e+00 -2.821422e+00 2.736503e+00 -1.933629e+00 2.489238e-01 2.420253e+00
6.072000e+01 5.017087e+00 5.066756e-01 -6.134432e-01 -4.844568e+00 -1.396352e+00 -1.887390e+00 1.046512e+00 -2.797405e+00 2.739992e+00 -1.956031e+00 2.373475e-01 2.335996e+00
6.080000e+01 4.975813e+00 4.029906e-02 -7.095865e-01 -4.868294e+00 -1.176811e+00 -1.790394e+00 9.886310e-01 -2.764702e+00 2.736068e+00 -1.963926e+00 2.239405e-01 2.269383e+00
6.088000e+01 4.920186e+00 -4.419578e-01 -7.882720e-01 -4.838056e+00 -9.433296e-01 -1.680800e+00 9.223810e-01 -2.722950e+00 2.719632e+00 -1.963716e+00 2.147221e-01 2.215060e+00
6.096000e+01 4.877968e+00 -9.347797e-01 -8.591569e-01 -4.794521e+00 -7.093433e-01 -1.610757e+00 8.543126e-01 -2.697328e+00 2.705379e+00 -1.974466e+00 2.442854e-01 2.154570e+00
6.104000e+01 4.837932e+00 -1.305932e+00 -8.852600e-01 -4.715958e+00 -4.670218e-01 -1.595618e+00 7.980558e-01 -2.639546e+00 2.685521e+00 -1.967656e+00 2.855198e-01 2.095737e+00
6.112000e+01 4.811427e+00 -1.758751e+00 -8.850878e-01 -4.632932e+00 -2.237281e-01 -1.605236e+00 7.459345e-01 -2.574624e+00 2.663694e+00 -1.963466e+00 3.563603e-01 2.027638e+00
6.120000e+01 4.779486e+00 -2.107867e+00 -8.128791e-01 -4.510259e+00 2.930700e-02 -1.578273e+00 6.910549e-01 -2.472907e+00 2.616790e+00 -1.957364e+00 3.983964e-01 1.962559e+00
6.128000e+01 4.799111e+00 -2.247452e+00 -6.977118e-01 -4.352012e+00 2.801174e-01 -1.578880e+00 6.438822e-01 -2.345896e+00 2.547287e+00 -1.944295e+00 4.222133e-01 1.911068e+00
6.136000e+01 4.854965e+00 -2.240870e+00 -5.720922e-01 -4.186565e+00 5.262427e-01 -1.594751e+00 6.101539e-01 -2.202572e+00 2.466122e+00 -1.925320e+00 4.500276e-01 1.855916e+00
6.144000e+01 4.889034e+00 -2.070956e+00 -4.271127e-01 -3.927417e+00 7.594519e-01 -1.578287e+00 5.796318e-01 -2.052101e+00 2.368291e+00 -1.896513e+00 4.654185e-01 1.805622e+00
6.152000e+01 4.880391e+00 -1.847852e+00 -2.690496e-01 -3.727809e+00 9.797406e-01 -1.573975e+00 5.645748e-01 -1.904176e+00 2.269155e+00 -1.865573e+00 4.948758e-01 1.748852e+00
6.160000e+01 4.802318e+00 -1.653199e+00 -7.282386e-02 -3.523416e+00 1.191525e+00 -1.566197e+00 5.600709e-01 -1.735318e+00 2.162339e+00 -1.825347e+00 5.286398e-01 1.697786e+00
6.168000e+01 4.659559e+00 -1.568777e+00 1.437344e-01 -3.364483e+00 1.380889e+00 -1.544387e+00 5.709885e-01 -1.583789e+00 2.054749e+00 -1.770583e+00 5.759393e-01 1.635658e+00
6.176000e+01 4.457008e+00 -1.554395e+00 3.812737e-01 -3.166227e+00 1.550871e+00 -1.501659e+00 5.848037e-01 -1.418395e+00 1.936220e+00 -1.712756e+00 6.290401e-01 1.572918e+00
6.184000e+01 4.234504e+00 -1.575040e+00 6.326378e-01 -3.009139e+00 1.697190e+00 -1.471564e+00 6.125815e-01 -1.265666e+00 1.823119e+00 -1.660494e+00 7.072309e-01 1.501781e+00
6.192000e+01 4.008377e+00 -1.568155e+00 8.999199e-01 -2.852123e+00 1.823034e+00 -1.412908e+00 6.474035e-01 -1.121768e+00 1.702325e+00 -1.588701e+00 7.844256e-01 1.418409e+00
6.200000e+01 3.817494e+00 -1.604127e+00 1.152159e+00 -2.696303e+00 1.919783e+00 -1.343509e+00 6.851763e-01 -9.897241e-01 1.582299e+00 -1.508107e+00 8.764936e-01 1.334941e+00
6.208000e+01 3.685428e+00 -1.619478e+00 1.418016e+00 -2.551394e+00 1.995526e+00 -1.277518e+00 7.267822e-01 -8.647285e-01 1.463191e+00 -1.422454e+00 9.682521e-01 1.252199e+00
6.216000e+01 3.617615e+00 -1.649240e+00 1.673868e+00 -2.398319e+00 2.045567e+00 -1.190612e+00 7.634411e-01 -7.470161e-01 1.340462e+00 -1.337586e+00 1.047892e+00 1.150471e+00
6.224000e+01 3.618711e+00 -1.643387e+00 1.922468e+00 -2.294437e+00 2.071546e+00 -1.131466e+00 8.043171e-01 -6.383834e-01 1.223778e+00 -1.250602e+00 1.129219e+00 1.081995e+00
6.232000e+01 3.614943e+00 -1.570376e+00 2.143411e+00 -2.193561e+00 2.069106e+00 -1.104396e+00 8.498645e-01 -5.473864e-01 1.117831e+00 -1.153074e+00 1.230831e+00 1.000006e+00
6.240000e+01 3.538574e+00 -1.429720e+00 2.326779e+00 -2.126757e+00 2.036583e+00 -1.106572e+00 8.970169e-01 -4.762067e-01 1.030463e+00 -1.072679e+00 1.365567e+00 9.011594e-01
6.248000e+01 3.372193e+00 -1.220172e+00 2.491016e+00 -2.062343e+00 1.987671e+00 -1.105514e+00 9.458425e-01 -4.241489e-01 9.522775e-01 -9.884428e-01 1.506005e+00 8.291806e-01
6.256000e+01 3.134237e+00 -9.727902e-01 2.631914e+00 -2.032234e+00 1.919420e+00 -1.130097e+00 9.916335e-01 -3.927075e-01 8.853170e-01 -9.258819e-01 1.651898e+00 7.084693e-01
6.264000e+01 2.884723e+00 -7.874385e-01 2.749449e+00 -2.031729e+00 1.840103e+00 -1.150324e+00 1.033153e+00 -3.690300e-01 8.223168e-01 -8.833966e-01 1.783781e+00 6.084037e-01
6.272000e+01 2.652299e+00 -6.606457e-01 2.845276e+00 -2.053501e+00 1.755191e+00 -1.192899e+00 1.076471e+00 -3.587417e-01 7.671908e-01 -8.352029e-01 1.911258e+00 5.236797e-01
6.280000e+01 2.438931e+00 -5.194474e-01 2.926217e+00 -2.065152e+00 1.666878e+00 -1.233088e+00 1.112743e+00 -3.519197e-01 7.127015e-01 -7.918629e-01 2.012717e+00 4.428568e-01
6.288000e+01 2.250657e+00 -4.273153e-01 2.970242e+00 -2.092855e+00 1.572184e+00 -1.298619e+00 1.149028e+00 -3.632860e-01 6.716253e-01 -7.553892e-01 2.111255e+00 3.738323e-01
6.296000e+01 2.086373e+00 -3.189225e-01 2.992034e+00 -2.128075e+00 1.477153e+00 -1.386951e+00 1.184144e+00 -3.872510e-01 6.412095e-01 -7.368057e-01 2.193584e+00 3.141110e-01
6.304000e+01 1.945659e+00 -1.869357e-01 2.988232e+00 -2.180041e+00 1.385506e+00 -1.463871e+00 1.214187e+00 -4.186932e-01 6.171910e-01 -7.245567e-01 2.256663e+00 2.637918e-01
6.312000e+01 1.828410e+00 -2.673671e-02 2.956171e+00 -2.241961e+00 1.294584e+00 -1.550305e+00 1.238516e+00 -4.633985e-01 6.029742e-01 -7.414487e-01 2.303424e+00 2.056525e-01
6.320000e+01 1.739334e+00 9.614293e-02 2.901264e+00 -2.320085e+00 1.209592e+00 -1.634271e+00 1.258065e+00 -5.074673e-01 5.964565e-01 -7.796422e-01 2.342040e+00 1.897784e-01
6.328000e+01 1.651961e+00 2.455078e-01 2.830530e+00 -2.386892e+00 1.132710e+00 -1.699579e+00 1.275251e+00 -5.561635e-01 5.955826e-01 -8.181571e-01 2.366437e+00 1.879107e-01
6.336000e+01 1.571081e+00 3.826722e-01 2.746756e+00 -2.442156e+00 1.065054e+00 -1.754099e+00 1.286226e+00 -6.083470e-01 5.985296e-01 -8.656335e-01 2.384659e+00 2.038429e-01
6.344000e+01 1.481454e+00 4.815586e-01 2.638011e+00 -2.485011e+00 9.997887e-01 -1.800821e+00 1.288528e+00 -6.742254e-01 6.075975e-01 -9.281954e-01 2.416990e+00 2.124893e-01
6.352000e+01 1.387383e+00 5.097137e-01 2.510485e+00 -2.526817e+00 9.408528e-01 -1.835890e+00 1.284500e+00 -7.467465e-01 6.228115e-01 -1.008086e+00 2.467581e+00 2.301484e-01
6.360000e+01 1.280085e+00 5.496907e-01 2.380482e+00 -2.516086e+00 8.880358e-01 -1.857440e+00 1.271030e+00 -8.279704e-01 6.386812e-01 -1.105609e+00 2.525942e+00 2.424795e-01
6.368000e+01 1.183310e+00 5.898447e-01 2.246496e+00 -2.519549e+00 8.452360e-01 -1.854754e+00 1.248987e+00 -9.116355e-01 6.548244e-01 -1.220053e+00 2.593517e+00 2.536768e-01
6.376000e+01 1.098778e+00 6.354933e-01 2.109811e+00 -2.478848e+00 8.097772e-01 -1.821227e+00 1.216316e+00 -9.959260e-01 6.671399e-01 -1.339875e+00 2.662163e+00 2.814848e-01
6.384000e+01 1.041650e+00 6.595975e-01 1.960610e+00 -2.441498e+00 7.771049e-01 -1.777982e+00 1.173471e+00 -1.088770e+00 6.810967e-01 -1.482710e+00 2.742191e+00 2.886523e-01
6.392000e+01 1.024047e+00 7.199809e-01 1.818896e+00 -2.415309e+00 7.544022e-01 -1.717187e+00 1.123181e+00 -1.179832e+00 6.927739e-01 -1.635246e+00 2.818851e+00 2.910498e-01
6.400000e+01 1.049588e+00 7.622742e-01 1.675930e+00 -2.400055e+00 7.374544e-01 -1.645125e+00 1.063272e+00 -1.275086e+00 7.045201e-01 -1.804630e+00 2.894969e+00 2.786689e-01
6.408000e+01 1.117586e+00 8.368669e-01 1.542287e+00 -2.365495e+00 7.296640e-01 -1.562872e+00 9.958266e-01 -1.369853e+00 7.144843e-01 -1.978092e+00 2.956186e+00 2.611787e-01
6.416000e+01 1.230847e+00 8.945758e-01 1.413454e+00 -2.350928e+00 7.278447e-01 -1.467030e+00 9.180067e-01 -1.454562e+00 7.241617e-01 -2.157490e+00 3.005522e+00 2.228689e-01
6.424000e+01 1.377041e+00 9.117652e-01 1.294137e+00 -2.319126e+00 7.317683e-01 -1.355722e+00 8.322894e-01 -1.529776e+00 7.316615e-01 -2.341638e+00 3.036583e+00 1.754266e-01
6.432000e+01 1.560613e+00 8.304300e-01 1.176597e+00 -2.311246e+00 7.365294e-01 -1.238916e+00 7.414509e-01 -1.611797e+00 7.437704e-01 -2.537940e+00 3.060441e+00 1.261147e-01
6.440000e+01 1.773983e+00 6.387400e-01 1.066235e+00 -2.308326e+00 7.421799e-01 -1.111164e+00 6.453177e-01 -1.693038e+00 7.600632e-01 -2.753033e+00 3.073886e+00 8.714430e-02
6.448000e+01 2.003922e+00 3.003572e-01 9.569664e-01 -2.300523e+00 7.511861e-01 -9.856605e-01 5.510566e-01 -1.779990e+00 7.839136e-01 -2.964900e+00 3.079162e+00 4.383128e-02
6.456000e+01 2.228291e+00 -1.723260e-01 8.646719e-01 -2.276734e+00 7.702442e-01 -8.532718e-01 4.578062e-01 -1.842322e+00 8.053451e-01 -3.176333e+00 3.063093e+00 2.569161e-02
6.464000e+01 2.429799e+00 -8.042690e-01 7.814866e-01 -2.264483e+00 7.963496e-01 -7.165764e-01 3.658277e-01 -1.887829e+00 8.281193e-01 -3.382617e+00 3.039270e+00 5.029156e-02
6.472000e+01 2.592822e+00 -1.378460e+00 6.993676e-01 -2.244791e+00 8.245954e-01 -5.992791e-01 2.769516e-01 -1.916943e+00 8.530985e-01 -3.585363e+00 3.015080e+00 5.994277e-02
6.480000e+01 2.753603e+00 -1.698496e+00 6.068641e-01 -2.221076e+00 8.469758e-01 -4.952975e-01 1.891612e-01 -1.943527e+00 8.852751e-01 -3.795257e+00 3.000646e+00 8.550278e-02
6.488000e+01 2.913789e+00 -1.912842e+00 5.018138e-01 -2.201193e+00 8.690453e-01 -4.025822e-01 1.092867e-01 -1.959391e+00 9.239993e-01 -3.996001e+00 3.000746e+00 1.255051e-01
6.496000e+01 3.057606e+00 -1.979656e+00 4.102650e-01 -2.160305e+00 8.951397e-01 -3.030295e-01 3.535575e-02 -1.961797e+00 9.573970e-01 -4.175773e+00 2.991064e+00 1.547790e-01
6.504000e+01 3.200511e+00 -1.874582e+00 3.303772e-01 -2.104487e+00 9.226919e-01 -2.122105e-01 -3.707251e-02 -1.944265e+00 9.890742e-01 -4.365399e+00 2.980490e+00 2.381608e-01
6.512000e+01 3.336359e+00 -1.645254e+00 2.637425e-01 -2.040981e+00 9.522804e-01 -1.300457e-01 -1.006011e-01 -1.908698e+00 1.015277e+00 -4.509737e+00 2.972949e+00 3.104435e-01
6.520000e+01 3.455575e+00 -1.302189e+00 2.321445e-01 -1.965089e+00 9.908685e-01 -4.689476e-02 -1.525927e-01 -1.847842e+00 1.025821e+00 -4.596700e+00 2.944687e+00 3.612385e-01
6.528000e+01 3.543005e+00 -9.583052e-01 2.221785e-01 -1.886945e+00 1.030937e+00 2.940607e-02 -1.988027e-01 -1.770516e+00 1.028144e+00 -4.645797e+00 2.909257e+00 4.221812e-01
6.536000e+01 3.562313e+00 -5.733248e-01 2.554081e-01 -1.795030e+00 1.078955e+00 1.106243e-01 -2.367818e-01 -1.666071e+00 1.018520e+00 -4.656799e+00 2.844185e+00 4.807730e-01
6.544000e+01 3.528168e+00 -3.018518e-01 2.824798e-01 -1.719601e+00 1.118413e+00 1.712869e-01 -2.662468e-01 -1.558460e+00 1.013858e+00 -4.653698e+00 2.786547e+00 5.197435e-01
6.552000e+01 3.434537e+00 -5.282727e-02 3.433787e-01 -1.627907e+00 1.160052e+00 2.370999e-01 -2.878559e-01 -1.449203e+00 1.003765e+00 -4.627151e+00 2.695166e+00 5.616235e-01
6.560000e+01 3.304043e+00 -2.608066e-02 3.854133e-01 -1.562303e+00 1.189334e+00 2.808239e-01 -2.981450e-01 -1.350038e+00 1.002631e+00 -4.570120e+00 2.617772e+00 6.062447e-01
6.568000e+01 3.145566e+00 -1.217487e-01 4.146844e-01 -1.507181e+00 1.208692e+00 3.026429e-01 -2.996849e-01 -1.260312e+00 1.006638e+00 -4.510486e+00 2.541301e+00 6.130882e-01
6.576000e+01 2.964397e+00 -2.708719e-01 4.381209e-01 -1.459052e+00 1.223009e+00 3.172931e-01 -2.907381e-01 -1.177684e+00 1.012878e+00 -4.440799e+00 2.454466e+00 6.175943e-01
6.584000e+01 2.762135e+00 -4.008300e-01 4.642795e-01 -1.411789e+00 1.237593e+00 3.137841e-01 -2.669342e-01 -1.099094e+00 1.020371e+00 -4.358461e+00 2.341795e+00 6.426695e-01
6.592000e+01 2.538096e+00 -5.507562e-01 4.815130e-01 -1.370344e+00 1.245174e+00 2.994563e-01 -2.328999e-01 -1.034560e+00 1.030747e+00 -4.276466e+00 2.214267e+00 6.729687e-01
6.600000e+01 2.310895e+00 -6.737009e-01 5.134195e-01 -1.322861e+00 1.255466e+00 2.844876e-01 -1.886734e-01 -9.685294e-01 1.033829e+00 -4.185782e+00 2.047189e+00 7.454721e-01
6.608000e+01 2.105645e+00 -7.926174e-01 5.653924e-01 -1.280448e+00 1.273232e+00 2.697933e-01 -1.289275e-01 -8.988587e-01 1.032412e+00 -4.054749e+00 1.843750e+00 8.984666e-01
6.616000e+01 1.918767e+00 -9.138944e-01 6.217748e-01 -1.225185e+00 1.287870e+00 2.524733e-01 -6.939743e-02 -8.250309e-01 1.021378e+00 -3.941577e+00 1.600920e+00 1.044441e+00
6.624000e+01 1.761252e+00 -9.977998e-01 6.957732e-01 -1.174992e+00 1.306679e+00 2.422585e-01 -4.549099e-04 -7.484369e-01 9.999183e-01 -3.784411e+00 1.323043e+00 1.183595e+00
6.632000e+01 1.617880e+00 -1.095802e+00 7.697854e-01 -1.113672e+00 1.320011e+00 2.226053e-01 6.333752e-02 -6.704614e-01 9.666996e-01 -3.646989e+00 1.029152e+00 1.321899e+00
6.640000e+01 1.482578e+00 -1.195091e+00 8.462663e-01 -1.046018e+00 1.332638e+00 2.032099e-01 1.337148e-01 -5.977152e-01 9.240074e-01 -3.493259e+00 7.283737e-01 1.413922e+00
6.648000e+01 1.356826e+00 -1.264490e+00 9.314294e-01 -9.795841e-01 1.345496e+00 1.844166e-01 2.048416e-01 -5.279382e-01 8.722561e-01 -3.351588e+00 4.345221e-01 1.513043e+00
6.656000e+01 1.231348e+00 -1.312972e+00 1.016255e+00 -9.113036e-01 1.353386e+00 1.714845e-01 2.682927e-01 -4.557717e-01 8.081013e-01 -3.235444e+00 1.615062e-01 1.563821e+00
6.664000e+01 1.107651e+00 -1.345905e+00 1.097968e+00 -8.386636e-01 1.349568e+00 1.471904e-01 3.180280e-01 -3.878537e-01 7.351136e-01 -3.190133e+00 -8.215181e-02 1.591151e+00
6.672000e+01 9.921550e-01 -1.389208e+00 1.173441e+00 -7.721441e-01 1.343422e+00 1.199538e-01 3.714049e-01 -3.255623e-01 6.517285e-01 -3.133694e+00 -2.858937e-01 1.568329e+00
6.680000e+01 8.814046e-01 -1.411191e+00 1.245395e+00 -6.955141e-01 1.330828e+00 8.857391e-02 4.201994e-01 -2.755205e-01 5.523192e-01 -3.080663e+00 -4.561866e-01 1.488506e+00
6.688000e+01 7.869107e-01 -1.427418e+00 1.312612e+00 -6.241664e-01 1.314899e+00 5.698597e-02 4.614166e-01 -2.197846e-01 4.336916e-01 -3.042188e+00 -5.922409e-01 1.381036e+00
6.696000e+01 7.163277e-01 -1.405632e+00 1.379422e+00 -5.486333e-01 1.294664e+00 2.918420e-02 4.956686e-01 -1.695287e-01 2.995432e-01 -3.030688e+00 -7.025166e-01 1.265875e+00
6.704000e+01 6.701323e-01 -1.341692e+00 1.446260e+00 -4.750234e-01 1.271406e+00 2.678130e-03 5.263725e-01 -1.219899e-01 1.553553e-01 -3.032587e+00 -7.915699e-01 1.121197e+00
6.712000e+01 6.479402e-01 -1.246760e+00 1.510290e+00 -4.137795e-01 1.245981e+00 -2.093935e-02 5.539268e-01 -7.641281e-02 4.365691e-03 -3.043451e+00 -8.633868e-01 9.492574e-01
6.720000e+01 6.383890e-01 -1.117282e+00 1.569406e+00 -3.523282e-01 1.216332e+00 -4.266134e-02 5.762339e-01 -4.307100e-02 -1.458522e-01 -3.082177e+00 -9.232658e-01 7.606829e-01
6.728000e+01 6.352272e-01 -9.532964e-01 1.628380e+00 -2.847674e-01 1.188213e+00 -6.781720e-02 5.973615e-01 -2.410400e-03 -2.931171e-01 -3.136693e+00 -9.803883e-01 5.770249e-01
6.736000e+01 6.340661e-01 -7.770385e-01 1.685354e+00 -2.331270e-01 1.159566e+00 -8.736428e-02 6.161198e-01 3.860208e-02 -4.328633e-01 -3.209196e+00 -1.032563e+00 4.149645e-01
6.744000e+01 6.247402e-01 -5.703128e-01 1.738433e+00 -1.936358e-01 1.131358e+00 -1.110635e-01 6.329045e-01 7.842809e-02 -5.642009e-01 -3.288409e+00 -1.084393e+00 2.525245e-01
6.752000e+01 6.109189e-01 -3.682800e-01 1.785947e+00 -1.622617e-01 1.106093e+00 -1.433453e-01 6.531182e-01 1.182630e-01 -6.858306e-01 -3.358736e+00 -1.134278e+00 1.247762e-01
6.760000e+01 5.924903e-01 -1.699667e-01 1.828430e+00 -1.421030e-01 1.083649e+00 -1.748117e-01 6.752596e-01 1.584945e-01 -7.990822e-01 -3.407873e+00 -1.186363e+00 2.032635e-03
6.768000e+01 5.704501e-01 3.047205e-02 1.861959e+00 -1.321443e-01 1.062311e+00 -2.088252e-01 6.981892e-01 1.970055e-01 -9.027901e-01 -3.443098e+00 -1.236759e+00 -1.127070e-01
6.776000e+01 5.416036e-01 2.183767e-01 1.883632e+00 -1.312089e-01 1.040683e+00 -2.508517e-01 7.218426e-01 2.301888e-01 -9.948440e-01 -3.474425e+00 -1.282329e+00 -2.180666e-01
6.784000e+01 5.088706e-01 3.871908e-01 1.894672e+00 -1.367981e-01 1.020611e+00 -2.966433e-01 7.471154e-01 2.606428e-01 -1.079593e+00 -3.489843e+00 -1.321253e+00 -3.174612e-01
6.792000e+01 4.723144e-01 5.485200e-01 1.896210e+00 -1.498453e-01 1.001801e+00 -3.391815e-01 7.728237e-01 2.892246e-01 -1.158292e+00 -3.499054e+00 -1.357272e+00 -3.942674e-01
6.800000e+01 4.391987e-01 7.103293e-01 1.892283e+00 -1.643829e-01 9.857045e-01 -3.872914e-01 8.023144e-01 3.182420e-01 -1.232193e+00 -3.483995e+00 -1.390496e+00 -4.488661e-01
6.808000e+01 4.062656e-01 8.352831e-01 1.873968e+00 -1.856670e-01 9.694313e-01 -4.380647e-01 8.328386e-01 3.438628e-01 -1.299952e+00 -3.462278e+00 -1.413073e+00 -4.942078e-01
6.816000e+01 3.736224e-01 9.637032e-01 1.850786e+00 -2.050702e-01 9.561651e-01 -4.828189e-01 8.651808e-01 3.756751e-01 -1.366779e+00 -3.419571e+00 -1.433839e+00 -5.311232e-01
6.824000e+01 3.434533e-01 1.058767e+00 1.815899e+00 -2.306262e-01 9.396488e-01 -5.279137e-01 9.001589e-01 3.914271e-01 -1.427164e+00 -3.355266e+00 -1.443593e+00 -5.532816e-01
6.832000e+01 3.107761e-01 1.158879e+00 1.776965e+00 -2.585652e-01 9.250917e-01 -5.673393e-01 9.412420e-01 4.124395e-01 -1.486225e+00 -3.257862e+00 -1.450256e+00 -5.717638e-01
6.840000e+01 2.809791e-01 1.244356e+00 1.730019e+00 -2.951207e-01 9.119897e-01 -6.133597e-01 9.882757e-01 4.324938e-01 -1.539194e+00 -3.135630e+00 -1.447306e+00 -5.861149e-01
6.848000e+01 2.520920e-01 1.327098e+00 1.674853e+00 -3.291657e-01 8.987539e-01 -6.587919e-01 1.037318e+00 4.455202e-01 -1.582019e+00 -3.022472e+00 -1.437824e+00 -5.863922e-01
6.856000e+01 2.265755e-01 1.386779e+00 1.616092e+00 -3.694730e-01 8.905772e-01 -7.001939e-01 1.095649e+00 4.562400e-01 -1.614059e+00 -2.878239e+00 -1.422251e+00 -5.859814e-01
6.864000e+01 2.078984e-01 1.460321e+00 1.558116e+00 -4.123602e-01 8.857137e-01 -7.397854e-01 1.159873e+00 4.635646e-01 -1.635685e+00 -2.727160e+00 -1.405358e+00 -5.821785e-01
6.872000e+01 1.917393e-01 1.528481e+00 1.493635e+00 -4.607993e-01 8.792058e-01 -7.740785e-01 1.223440e+00 4.635577e-01 -1.650600e+00 -2.591759e+00 -1.386768e+00 -5.776752e-01
6.880000e+01 1.766974e-01 1.613605e+00 1.425287e+00 -4.979088e-01 8.707392e-01 -7.994021e-01 1.282496e+00 4.581630e-01 -1.667122e+00 -2.489390e+00 -1.369895e+00 -5.677354e-01
6.888000e+01 1.642126e-01 1.704751e+00 1.359745e+00 -5.292141e-01 8.667020e-01 -8.185612e-01 1.346749e+00 4.462167e-01 -1.685876e+00 -2.369225e+00 -1.352380e+00 -5.615694e-01
6.896000e+01 1.557628e-01 1.805051e+00 1.299233e+00 -5.629143e-01 8.659392e-01 -8.312666e-01 1.409316e+00 4.332096e-01 -1.705155e+00 -2.272852e+00 -1.335750e+00 -5.503883e-01
6.904000e+01 1.546207e-01 1.924504e+00 1.240364e+00 -6.185850e-01 8.650372e-01 -8.422156e-01 1.465687e+00 4.162560e-01 -1.728529e+00 -2.222721e+00 -1.318209e+00 -5.282156e-01
6.912000e+01 1.561444e-01 2.054859e+00 1.184887e+00 -6.656235e-01 8.642731e-01 -8.449554e-01 1.517154e+00 3.919599e-01 -1.754592e+00 -2.193250e+00 -1.301341e+00 -5.077878e-01
6.920000e+01 1.666863e-01 2.166911e+00 1.132934e+00 -7.254775e-01 8.667954e-01 -8.442604e-01 1.568837e+00 3.625566e-01 -1.778644e+00 -2.144151e+00 -1.281118e+00 -5.006415e-01
6.928000e+01 1.816240e-01 2.306999e+00 1.084594e+00 -7.859129e-01 8.673666e-01 -8.356918e-01 1.610361e+00 3.226809e-01 -1.799989e+00 -2.121065e+00 -1.259310e+00 -5.021722e-01
6.936000e+01 2.065196e-01 2.442172e+00 1.042624e+00 -8.503339e-01 8.697861e-01 -8.219335e-01 1.647179e+00 2.775239e-01 -1.816269e+00 -2.096197e+00 -1.234651e+00 -4.935068e-01
6.944000e+01 2.404942e-01 2.564883e+00 1.003535e+00 -9.187541e-01 8.731820e-01 -8.052901e-01 1.678925e+00 2.252694e-01 -1.828422e+00 -2.064482e+00 -1.206082e+00 -5.007973e-01
6.952000e+01 2.834482e-01 2.714007e+00 9.732623e-01 -9.882888e-01 8.771828e-01 -7.770036e-01 1.699721e+00 1.675573e-01 -1.842550e+00 -2.046350e+00 -1.176124e+00 -5.064088e-01
6.960000e+01 3.353875e-01 2.860583e+00 9.477333e-01 -1.055559e+00 8.794457e-01 -7.401586e-01 1.706938e+00 1.039180e-01 -1.856124e+00 -2.047199e+00 -1.141653e+00 -5.077963e-01
6.968000e+01 3.968144e-01 2.993539e+00 9.257742e-01 -1.121266e+00 8.828817e-01 -7.041724e-01 1.705352e+00 3.479532e-02 -1.868978e+00 -2.046657e+00 -1.101075e+00 -5.158971e-01
6.976000e+01 4.707528e-01 3.104722e+00 9.093517e-01 -1.185653e+00 8.896809e-01 -6.649416e-01 1.700081e+00 -3.546554e-02 -1.880747e+00 -2.016876e+00 -1.053820e+00 -5.389271e-01
6.984000e+01 5.538545e-01 3.208818e+00 8.957621e-01 -1.252571e+00 8.943529e-01 -6.242812e-01 1.683362e+00 -1.129988e-01 -1.885550e+00 -2.013898e+00 -1.001331e+00 -5.597701e-01
6.992000e+01 6.490913e-01 3.293476e+00 8.855351e-01 -1.312344e+00 9.003429e-01 -5.795082e-01 1.660046e+00 -1.912626e-01 -1.887618e+00 -2.005552e+00 -9.435784e-01 -5.851754e-01
7.000000e+01 7.520605e-01 3.332061e+00 8.695187e-01 -1.364761e+00 9.013738e-01 -5.353547e-01 1.626635e+00 -2.779662e-01 -1.880826e+00 -2.018156e+00 -8.743649e-01 -6.222498e-01
7.008000e+01 8.613559e-01 3.359888e+00 8.585269e-01 -1.405630e+00 9.010188e-01 -4.843657e-01 1.586432e+00 -3.728928e-01 -1.868059e+00 -2.040258e+00 -8.035094e-01 -6.527240e-01
7.016000e+01 9.830048e-01 3.364503e+00 8.560484e-01 -1.441444e+00 9.041346e-01 -4.222612e-01 1.544732e+00 -4.634924e-01 -1.848857e+00 -2.041570e+00 -7.308309e-01 -6.746732e-01
7.024000e+01 1.109276e+00 3.340466e+00 8.557036e-01 -1.469158e+00 9.076980e-01 -3.618668e-01 1.497453e+00 -5.541661e-01 -1.818476e+00 -2.049849e+00 -6.533503e-01 -7.016631e-01
7.032000e+01 1.236817e+00 3.277203e+00 8.572061e-01 -1.488852e+00 9.100592e-01 -3.027279e-01 1.445845e+00 -6.453568e-01 -1.774444e+00 -2.064496e+00 -5.706353e-01 -7.345761e-01
7.040000e+01 1.363746e+00 3.156930e+00 8.552841e-01 -1.502636e+00 9.096554e-01 -2.421922e-01 1.389377e+00 -7.389482e-01 -1.714820e+00 -2.091032e+00 -4.799187e-01 -7.701523e-01
7.048000e+01 1.485802e+00 2.972312e+00 8.496204e-01 -1.508386e+00 9.084984e-01 -1.866494e-01 1.333532e+00 -8.274182e-01 -1.640688e+00 -2.112491e+00 -3.810007e-01 -8.181085e-01
7.056000e+01 1.603459e+00 2.756451e+00 8.441656e-01 -1.503481e+00 9.061559e-01 -1.233741e-01 1.275634e+00 -9.257249e-01 -1.553162e+00 -2.137574e+00 -2.787641e-01 -8.524952e-01
7.064000e+01 1.715413e+00 2.495748e+00 8.330164e-01 -1.490733e+00 9.020814e-01 -6.771227e-02 1.217755e+00 -1.022398e+00 -1.450105e+00 -2.152774e+00 -1.702058e-01 -9.035413e-01
7.072000e+01 1.824155e+00 2.252893e+00 8.291272e-01 -1.459776e+00 9.001422e-01 -1.273478e-02 1.160424e+00 -1.120177e+00 -1.336135e+00 -2.166593e+00 -6.814560e-02 -9.485387e-01
7.080000e+01 1.923977e+00 2.010198e+00 8.249867e-01 -1.417454e+00 8.976520e-01 4.182477e-02 1.099389e+00 -1.212848e+00 -1.213865e+00 -2.191904e+00 2.719710e-02 -1.001725e+00
7.088000e+01 2.014119e+00 1.744169e+00 8.136641e-01 -1.370185e+00 8.925667e-01 9.250502e-02 1.034849e+00 -1.305871e+00 -1.082423e+00 -2.224708e+00 1.205727e-01 -1.052716e+00
7.096000e+01 2.095559e+00 1.485066e+00 7.997516e-01 -1.313705e+00 8.878647e-01 1.422084e-01 9.700562e-01 -1.394186e+00 -9.490069e-01 -2.250915e+00 2.070426e-01 -1.107984e+00
7.104000e+01 2.163319e+00 1.234031e+00 7.897654e-01 -1.242805e+00 8.853158e-01 1.942500e-01 9.087379e-01 -1.484576e+00 -8.183954e-01 -2.255728e+00 2.816282e-01 -1.143047e+00
7.112000e+01 2.213306e+00 9.992954e-01 7.762571e-01 -1.166723e+00 8.784922e-01 2.435507e-01 8.434020e-01 -1.586794e+00 -6.895206e-01 -2.276339e+00 3.474159e-01 -1.174197e+00
7.120000e+01 2.243558e+00 7.753309e-01 7.562893e-01 -1.088362e+00 8.671971e-01 2.877980e-01 7.708954e-01 -1.685276e+00 -5.637675e-01 -2.314209e+00 4.051066e-01 -1.215824e+00
7.128000e+01 2.260064e+00 5.758663e-01 7.341296e-01 -1.010707e+00 8.543056e-01 3.278904e-01 6.945363e-01 -1.771385e+00 -4.447363e-01 -2.367444e+00 4.550366e-01 -1.250001e+00
7.136000e+01 2.261354e+00 3.856685e-01 7.079983e-01 -9.326823e-01 8.396350e-01 3.717136e-01 6.155962e-01 -1.855100e+00 -3.325119e-01 -2.433684e+00 4.974072e-01 -1.271316e+00
7.144000e+01 2.246676e+00 2.260760e-01 6.817744e-01 -8.511885e-01 8.247742e-01 4.134039e-01 5.353054e-01 -1.930790e+00 -2.286697e-01 -2.507342e+00 5.303016e-01 -1.299783e+00
7.152000e+01 2.221293e+00 6.829158e-02 6.538169e-01 -7.761876e-01 8.108860e-01 4.483884e-01 4.585045e-01 -2.002151e+00 -1.325802e-01 -2.577676e+00 5.590198e-01 -1.313764e+00
7.160000e+01 2.186048e+00 -6.309148e-02 6.270671e-01 -7.085394e-01 7.972178e-01 4.798564e-01 3.828580e-01 -2.068354e+00 -4.830313e-02 -2.652993e+00 5.832607e-01 -1.331288e+00
7.168000e+01 2.136562e+00 -1.746294e-01 5.992318e-01 -6.403892e-01 7.816866e-01 4.994674e-01 3.062601e-01 -2.131697e+00 2.523525e-02 -2.743532e+00 6.021095e-01 -1.357017e+00
7.176000e+01 2.073465e+00 -2.662965e-01 5.730243e-01 -5.738465e-01 7.675316e-01 5.225230e-01 2.304669e-01 -2.186398e+00 8.755321e-02 -2.837057e+00 6.126409e-01 -1.376046e+00
7.184000e+01 1.998282e+00 -3.472282e-01 5.460217e-01 -5.067456e-01 7.491813e-01 5.368903e-01 1.545356e-01 -2.244788e+00 1.405680e-01 -2.936446e+00 6.199859e-01 -1.391835e+00
7.192000e+01 1.913088e+00 -4.199986e-01 5.178169e-01 -4.465060e-01 7.306713e-01 5.514101e-01 7.887045e-02 -2.292582e+00 1.842643e-01 -3.045530e+00 6.220801e-01 -1.400418e+00
7.200000e+01 1.823722e+00 -4.664757e-01 4.984440e-01 -3.897748e-01 7.163253e-01 5.656648e-01 1.052862e-02 -2.326154e+00 2.168060e-01 -3.125535e+00 6.164059e-01 -1.412160e+00
7.208000e+01 1.727245e+00 -5.102093e-01 4.787343e-01 -3.380690e-01 6.979992e-01 5.765919e-01 -6.181784e-02 -2.355190e+00 2.372896e-01 -3.230268e+00 6.081437e-01 -1.411817e+00
7.216000e+01 1.622712e+00 -5.342389e-01 4.639027e-01 -2.887938e-01 6.789065e-01 5.868412e-01 -1.343191e-01 -2.374237e+00 2.459677e-01 -3.317637e+00 5.947290e-01 -1.415384e+00
7.224000e+01 1.512153e+00 -5.543513e-01 4.505765e-01 -2.386265e-01 6.581455e-01 5.966384e-01 -2.037965e-01 -2.392274e+00 2.471714e-01 -3.389322e+00 5.780949e-01 -1.418023e+00
7.232000e+01 1.395873e+00 -5.570927e-01 4.425662e-01 -1.904909e-01 6.352419e-01 6.060963e-01 -2.733366e-01 -2.406677e+00 2.412878e-01 -3.457811e+00 5.572770e-01 -1.415944e+00
7.240000e+01 1.275478e+00 -5.646910e-01 4.361629e-01 -1.454199e-01 6.111411e-01 6.126345e-01 -3.392350e-01 -2.417033e+00 2.320970e-01 -3.514131e+00 5.368646e-01 -1.417300e+00
7.248000e+01 1.158054e+00 -5.786705e-01 4.324720e-01 -1.074912e-01 5.881595e-01 6.160189e-01 -4.006941e-01 -2.419055e+00 2.213955e-01 -3.566550e+00 5.180954e-01 -1.402764e+00
7.256000e+01 1.041823e+00 -5.847178e-01 4.328404e-01 -7.333921e-02 5.670848e-01 6.176004e-01 -4.576381e-01 -2.410389e+00 2.092435e-01 -3.613956e+00 4.989916e-01 -1.392210e+00
7.264000e+01 9.273555e-01 -5.963116e-01 4.367151e-01 -4.446202e-02 5.485191e-01 6.220578e-01 -5.086299e-01 -2.395988e+00 1.975464e-01 -3.642328e+00 4.803506e-01 -1.383692e+00
7.272000e+01 8.137783e-01 -6.093635e-01 4.432215e-01 -1.350330e-02 5.332275e-01 6.180904e-01 -5.518208e-01 -2.374853e+00 1.895852e-01 -3.660048e+00 4.617036e-01 -1.373024e+00
7.280000e+01 7.065881e-01 -6.342354e-01 4.520548e-01 7.923079e-03 5.201574e-01 6.145743e-01 -5.892309e-01 -2.349377e+00 1.853754e-01 -3.667434e+00 4.453131e-01 -1.352431e+00
7.288000e+01 6.017254e-01 -6.496045e-01 4.629062e-01 2.840366e-02 5.077416e-01 6.108505e-01 -6.219163e-01 -2.320164e+00 1.860091e-01 -3.671814e+00 4.280238e-01 -1.337059e+00
7.296000e+01 5.006989e-01 -6.735334e-01 4.753231e-01 4.579895e-02 4.986519e-01 6.059201e-01 -6.467770e-01 -2.280313e+00 1.904951e-01 -3.659702e+00 4.114467e-01 -1.322876e+00
7.304000e+01 4.028799e-01 -6.997748e-01 4.870205e-01 5.618745e-02 4.900909e-01 5.988497e-01 -6.656978e-01 -2.238756e+00 1.987486e-01 -3.644621e+00 3.979610e-01 -1.309005e+00
7.312000e+01 3.059688e-01 -7.299765e-01 4.988724e-01 7.900852e-02 4.828398e-01 5.936189e-01 -6.788764e-01 -2.198045e+00 2.112750e-01 -3.623285e+00 3.843837e-01 -1.289186e+00
7.320000e+01 2.122707e-01 -7.630284e-01 5.111988e-01 9.827979e-02 4.764206e-01 5.879580e-01 -6.869200e-01 -2.156042e+00 2.287177e-01 -3.596097e+00 3.732095e-01 -1.266659e+00
7.328000e+01 1.213717e-01 -8.022859e-01 5.225243e-01 1.148398e-01 4.718232e-01 5.848249e-01 -6.912764e-01 -2.105565e+00 2.481970e-01 -3.569247e+00 3.628953e-01 -1.242723e+00
7.336000e+01 3.402835e-02 -8.416092e-01 5.336047e-01 1.316908e-01 4.688988e-01 5.797348e-01 -6.893858e-01 -2.056712e+00 2.710580e-01 -3.526338e+00 3.535199e-01 -1.218083e+00
7.344000e+01 -4.951407e-02 -8.846538e-01 5.454869e-01 1.474250e-01 4.695968e-01 5.747483e-01 -6.780994e-01 -2.006937e+00 2.966836e-01 -3.453388e+00 3.443513e-01 -1.196544e+00
7.352000e+01 -1.304809e-01 -9.307126e-01 5.557220e-01 1.630898e-01 4.710866e-01 5.696070e-01 -6.645674e-01 -1.953829e+00 3.239613e-01 -3.375459e+00 3.351434e-01 -1.174172e+00
7.360000e+01 -2.091882e-01 -9.756035e-01 5.650682e-01 1.797771e-01 4.738121e-01 5.652589e-01 -6.455719e-01 -1.906388e+00 3.552094e-01 -3.285082e+00 3.246630e-01 -1.159127e+00
7.368000e+01 -2.846930e-01 -1.022588e+00 5.746988e-01 1.971026e-01 4.790619e-01 5.619915e-01 -6.204720e-01 -1.858715e+00 3.895273e-01 -3.174655e+00 3.125206e-01 -1.144409e+00
7.376000e+01 -3.574523e-01 -1.069709e+00 5.838523e-01 2.157326e-01 4.854826e-01 5.597915e-01 -5.919108e-01 -1.812284e+00 4.261783e-01 -3.051361e+00 2.986864e-01 -1.131151e+00
7.384000e+01 -4.269529e-01 -1.120390e+00 5.933328e-01 2.347522e-01 4.943795e-01 5.584717e-01 -5.578165e-01 -1.765403e+00 4.656966e-01 -2.909489e+00 2.821867e-01 -1.122749e+00
7.392000e+01 -4.949387e-01 -1.170736e+00 6.017443e-01 2.550323e-01 5.028424e-01 5.602775e-01 -5.243108e-01 -1.720891e+00 5.058908e-01 -2.765169e+00 2.629620e-01 -1.118698e+00
7.400000e+01 -5.595299e-01 -1.222963e+00 6.113870e-01 2.761065e-01 5.137823e-01 5.625208e-01 -4.858609e-01 -1.677386e+00 5.471409e-01 -2.602041e+00 2.411425e-01 -1.119305e+00
7.408000e+01 -6.226480e-01 -1.275515e+00 6.207003e-01 2.982667e-01 5.247291e-01 5.653920e-01 -4.487320e-01 -1.631573e+00 5.882097e-01 -2.452945e+00 2.163211e-01 -1.123003e+00
7.416000e+01 -6.847228e-01 -1.328173e+00 6.309300e-01 3.204999e-01 5.369667e-01 5.701539e-01 -4.079557e-01 -1.586183e+00 6.276094e-01 -2.291326e+00 1.890938e-01 -1.143149e+00
7.424000e+01 -7.454857e-01 -1.376100e+00 6.414004e-01 3.457876e-01 5.461992e-01 5.778784e-01 -3.696551e-01 -1.551857e+00 6.660613e-01 -2.145116e+00 1.599848e-01 -1.160576e+00
7.432000e+01 -8.027314e-01 -1.420097e+00 6.541974e-01 3.626990e-01 5.569624e-01 5.849733e-01 -3.288742e-01 -1.514155e+00 7.007254e-01 -2.001846e+00 1.299872e-01 -1.184350e+00
7.440000e+01 -8.577564e-01 -1.465689e+00 6.684259e-01 3.829647e-01 5.687967e-01 5.943497e-01 -2.881091e-01 -1.475999e+00 7.307753e-01 -1.875102e+00 9.850982e-02 -1.205290e+00
7.448000e+01 -9.117410e-01 -1.514688e+00 6.845337e-01 4.029772e-01 5.807656e-01 6.045329e-01 -2.480711e-01 -1.436034e+00 7.529165e-01 -1.763498e+00 6.790916e-02 -1.226804e+00
7.456000e+01 -9.662690e-01 -1.553684e+00 7.033996e-01 4.241852e-01 5.913203e-01 6.174595e-01 -2.101138e-01 -1.405885e+00 7.680458e-01 -1.665975e+00 3.832759e-02 -1.256860e+00
7.464000e+01 -1.019133e+00 -1.594399e+00 7.291503e-01 4.424922e-01 6.068613e-01 6.320300e-01 -1.644587e-01 -1.369822e+00 7.776620e-01 -1.547798e+00 9.519981e-03 -1.298777e+00
7.472000e+01 -1.072628e+00 -1.628478e+00 7.612578e-01 4.590623e-01 6.241371e-01 6.491979e-01 -1.179144e-01 -1.333944e+00 7.818906e-01 -1.425258e+00 -2.006744e-02 -1.340594e+00
7.480000e+01 -1.131643e+00 -1.653410e+00 7.937148e-01 4.762251e-01 6.358416e-01 6.686544e-01 -8.183881e-02 -1.303096e+00 7.826938e-01 -1.339065e+00 -4.954412e-02 -1.387871e+00
7.488000e+01 -1.194658e+00 -1.668969e+00 8.280114e-01 4.935894e-01 6.441031e-01 6.886841e-01 -5.223831e-02 -1.273135e+00 7.800609e-01 -1.290412e+00 -8.162380e-02 -1.435589e+00
7.496000e+01 -1.259848e+00 -1.677642e+00 8.654043e-01 5.082948e-01 6.508054e-01 7.172628e-01 -2.772864e-02 -1.240749e+00 7.711629e-01 -1.268610e+00 -1.190437e-01 -1.472808e+00
7.504000e+01 -1.328538e+00 -1.670804e+00 9.055515e-01 5.228842e-01 6.540809e-01 7.471381e-01 -9.356435e-03 -1.209266e+00 7.549853e-01 -1.269557e+00 -1.613865e-01 -1.520009e+00
7.512000e+01 -1.400436e+00 -1.657165e+00 9.497155e-01 5.339373e-01 6.581218e-01 7.789527e-01 8.132901e-03 -1.175629e+00 7.310975e-01 -1.268325e+00 -2.080923e-01 -1.570054e+00
7.520000e+01 -1.479914e+00 -1.647412e+00 9.919073e-01 5.404730e-01 6.593582e-01 8.104408e-01 2.125379e-02 -1.145090e+00 6.994815e-01 -1.276541e+00 -2.554893e-01 -1.640606e+00
7.528000e+01 -1.563464e+00 -1.628421e+00 1.033682e+00 5.465537e-01 6.578134e-01 8.440778e-01 3.037640e-02 -1.123116e+00 6.609123e-01 -1.287280e+00 -3.040375e-01 -1.731955e+00
7.536000e+01 -1.647185e+00 -1.603223e+00 1.079073e+00 5.525052e-01 6.579583e-01 8.813554e-01 3.576397e-02 -1.093689e+00 6.121855e-01 -1.303771e+00 -3.556929e-01 -1.814735e+00
7.544000e+01 -1.731409e+00 -1.564668e+00 1.129712e+00 5.541732e-01 6.617086e-01 9.221908e-01 4.120568e-02 -1.059096e+00 5.553581e-01 -1.314204e+00 -4.094420e-01 -1.896693e+00
7.552000e+01 -1.812978e+00 -1.529144e+00 1.179986e+00 5.448891e-01 6.652473e-01 9.639950e-01 4.371607e-02 -1.023422e+00 4.928373e-01 -1.338172e+00 -4.588646e-01 -1.977174e+00
7.560000e+01 -1.891644e+00 -1.493064e+00 1.232231e+00 5.294853e-01 6.718574e-01 1.006979e+00 4.809761e-02 -9.843606e-01 4.260388e-01 -1.355180e+00 -5.001307e-01 -2.064837e+00
7.568000e+01 -1.963414e+00 -1.460198e+00 1.286871e+00 5.083367e-01 6.823150e-01 1.051874e+00 5.400220e-02 -9.416224e-01 3.574007e-01 -1.370166e+00 -5.273362e-01 -2.139717e+00
7.576000e+01 -2.029620e+00 -1.412881e+00 1.345639e+00 4.905572e-01 6.975065e-01 1.101344e+00 6.146979e-02 -8.930467e-01 2.878444e-01 -1.377788e+00 -5.393446e-01 -2.199168e+00
7.584000e+01 -2.082901e+00 -1.378992e+00 1.402625e+00 4.623051e-01 7.173082e-01 1.151135e+00 7.178028e-02 -8.406577e-01 2.222330e-01 -1.383014e+00 -5.272688e-01 -2.218517e+00
7.592000e+01 -2.124670e+00 -1.341290e+00 1.462734e+00 4.295960e-01 7.428420e-01 1.203405e+00 8.521708e-02 -7.829617e-01 1.616673e-01 -1.379555e+00 -4.919833e-01 -2.199073e+00
7.600000e+01 -2.155638e+00 -1.311683e+00 1.523268e+00 3.914353e-01 7.734474e-01 1.256816e+00 1.018639e-01 -7.210669e-01 1.080444e-01 -1.368897e+00 -4.343667e-01 -2.139008e+00
7.608000e+01 -2.175500e+00 -1.288870e+00 1.579578e+00 3.481339e-01 8.057962e-01 1.311545e+00 1.190995e-01 -6.588999e-01 6.285633e-02 -1.361336e+00 -3.568419e-01 -2.060801e+00
7.616000e+01 -2.179670e+00 -1.268130e+00 1.635077e+00 3.020247e-01 8.418072e-01 1.366392e+00 1.389284e-01 -5.985313e-01 2.518826e-02 -1.350637e+00 -2.695221e-01 -1.950368e+00
7.624000e+01 -2.172675e+00 -1.240958e+00 1.686338e+00 2.517204e-01 8.796154e-01 1.424646e+00 1.585856e-01 -5.335533e-01 -7.590864e-03 -1.335027e+00 -1.789715e-01 -1.851496e+00
7.632000e+01 -2.152562e+00 -1.210204e+00 1.735393e+00 1.981444e-01 9.196886e-01 1.485876e+00 1.797642e-01 -4.657912e-01 -3.657045e-02 -1.313264e+00 -9.020860e-02 -1.751942e+00
7.640000e+01 -2.127287e+00 -1.186275e+00 1.777083e+00 1.400960e-01 9.589679e-01 1.542839e+00 2.007411e-01 -3.931550e-01 -6.136920e-02 -1.291073e+00 -1.638257e-03 -1.673168e+00
7.648000e+01 -2.088605e+00 -1.159557e+00 1.816270e+00 8.095413e-02 1.000748e+00 1.597340e+00 2.246395e-01 -3.194151e-01 -8.275471e-02 -1.256660e+00 8.116189e-02 -1.593570e+00
7.656000e+01 -2.038157e+00 -1.131114e+00 1.851251e+00 1.753476e-02 1.043867e+00 1.652578e+00 2.501414e-01 -2.422698e-01 -1.015804e-01 -1.216952e+00 1.589489e-01 -1.508922e+00
7.664000e+01 -1.976538e+00 -1.103962e+00 1.881152e+00 -5.270820e-02 1.085921e+00 1.701820e+00 2.764839e-01 -1.678786e-01 -1.168980e-01 -1.180304e+00 2.337669e-01 -1.409606e+00
7.672000e+01 -1.905472e+00 -1.024307e+00 1.916027e+00 -1.292461e-01 1.131228e+00 1.749906e+00 3.056384e-01 -9.150013e-02 -1.306378e-01 -1.134350e+00 2.988494e-01 -1.314034e+00
7.680000e+01 -1.831589e+00 -9.202439e-01 1.952108e+00 -2.019055e-01 1.178707e+00 1.800230e+00 3.358652e-01 -8.753635e-03 -1.443498e-01 -1.082791e+00 3.541255e-01 -1.205834e+00
7.688000e+01 -1.738993e+00 -8.198651e-01 1.985192e+00 -2.789782e-01 1.228988e+00 1.846052e+00 3.709952e-01 7.862241e-02 -1.558714e-01 -1.012244e+00 4.042128e-01 -1.074973e+00
7.696000e+01 -1.633437e+00 -7.108844e-01 2.011431e+00 -3.620155e-01 1.275673e+00 1.887074e+00 4.041947e-01 1.591978e-01 -1.616475e-01 -9.558131e-01 4.509113e-01 -9.603536e-01
7.704000e+01 -1.509921e+00 -6.132897e-01 2.030533e+00 -4.551303e-01 1.320347e+00 1.914454e+00 4.394967e-01 2.390845e-01 -1.638646e-01 -9.010644e-01 4.956106e-01 -8.468978e-01
7.712000e+01 -1.373778e+00 -5.290443e-01 2.042784e+00 -5.507794e-01 1.362440e+00 1.936372e+00 4.750090e-01 3.165693e-01 -1.641071e-01 -8.491964e-01 5.376007e-01 -7.425619e-01
7.720000e+01 -1.227960e+00 -4.535888e-01 2.047578e+00 -6.504527e-01 1.401510e+00 1.950956e+00 5.098018e-01 3.915737e-01 -1.625921e-01 -8.051944e-01 5.768328e-01 -6.492443e-01
7.728000e+01 -1.074219e+00 -3.766696e-01 2.046211e+00 -7.579276e-01 1.438525e+00 1.957535e+00 5.448724e-01 4.653027e-01 -1.599880e-01 -7.682924e-01 6.106393e-01 -5.620476e-01
7.736000e+01 -9.135058e-01 -3.050044e-01 2.038054e+00 -8.678016e-01 1.474006e+00 1.956543e+00 5.807096e-01 5.384580e-01 -1.573625e-01 -7.302857e-01 6.399006e-01 -4.867659e-01
7.744000e+01 -7.480965e-01 -2.104699e-01 2.029011e+00 -9.773473e-01 1.509544e+00 1.950686e+00 6.169199e-01 6.143127e-01 -1.556108e-01 -6.914671e-01 6.598594e-01 -4.148213e-01
7.752000e+01 -5.752707e-01 -1.130321e-01 2.014030e+00 -1.092056e+00 1.543266e+00 1.948830e+00 6.515760e-01 6.922502e-01 -1.547992e-01 -6.530782e-01 6.732226e-01 -3.370038e-01
7.760000e+01 -4.009270e-01 -2.655048e-02 1.991593e+00 -1.210459e+00 1.573437e+00 1.931113e+00 6.867053e-01 7.706266e-01 -1.523545e-01 -6.181775e-01 6.849382e-01 -2.703725e-01
7.768000e+01 -2.252341e-01 4.890692e-02 1.961041e+00 -1.334471e+00 1.600310e+00 1.898612e+00 7.226786e-01 8.422387e-01 -1.472311e-01 -5.867508e-01 6.962084e-01 -2.107751e-01
7.776000e+01 -4.718143e-02 1.236448e-01 1.925276e+00 -1.478718e+00 1.626124e+00 1.851996e+00 7.601213e-01 9.130375e-01 -1.401913e-01 -5.592613e-01 7.062691e-01 -1.583888e-01
7.784000e+01 1.261848e-01 1.991004e-01 1.882152e+00 -1.616141e+00 1.650952e+00 1.788305e+00 8.001267e-01 9.832426e-01 -1.319840e-01 -5.306321e-01 7.129998e-01 -1.240939e-01
7.792000e+01 3.020010e-01 2.732249e-01 1.836833e+00 -1.763726e+00 1.676125e+00 1.719635e+00 8.408370e-01 1.056591e+00 -1.240734e-01 -5.037740e-01 7.123409e-01 -7.141271e-02
7.800000e+01 4.720064e-01 3.560947e-01 1.786347e+00 -1.914814e+00 1.700631e+00 1.642140e+00 8.809200e-01 1.133420e+00 -1.164279e-01 -4.793632e-01 7.038152e-01 -4.289870e-02
7.808000e+01 6.371678e-01 4.520055e-01 1.733095e+00 -2.059243e+00 1.723789e+00 1.560924e+00 9.199282e-01 1.210920e+00 -1.103530e-01 -4.570398e-01 6.857873e-01 -2.544227e-02
7.816000e+01 7.955148e-01 5.519761e-01 1.678660e+00 -2.192462e+00 1.744279e+00 1.469247e+00 9.580600e-01 1.288167e+00 -1.042951e-01 -4.381738e-01 6.599204e-01 -2.725927e-02
7.824000e+01 9.506582e-01 6.531225e-01 1.624030e+00 -2.322404e+00 1.763339e+00 1.371768e+00 9.970805e-01 1.367156e+00 -9.838583e-02 -4.144934e-01 6.271415e-01 -3.808904e-02
7.832000e+01 1.106687e+00 7.785135e-01 1.571475e+00 -2.453490e+00 1.779955e+00 1.258712e+00 1.037173e+00 1.446109e+00 -9.063493e-02 -3.980594e-01 5.885974e-01 -5.697259e-02
7.840000e+01 1.261105e+00 9.155367e-01 1.522405e+00 -2.565537e+00 1.793695e+00 1.146230e+00 1.075698e+00 1.529104e+00 -8.423554e-02 -3.843593e-01 5.447422e-01 -7.644930e-02
7.848000e+01 1.416098e+00 1.082722e+00 1.481677e+00 -2.660593e+00 1.805766e+00 1.023096e+00 1.115138e+00 1.613075e+00 -7.825777e-02 -3.704825e-01 4.936999e-01 -8.975882e-02
7.856000e+01 1.568179e+00 1.264146e+00 1.445900e+00 -2.738825e+00 1.812510e+00 8.974271e-01 1.153141e+00 1.697032e+00 -7.218154e-02 -3.609548e-01 4.382001e-01 -1.142263e-01
7.864000e+01 1.725889e+00 1.468718e+00 1.423290e+00 -2.805602e+00 1.817526e+00 7.755000e-01 1.189449e+00 1.785038e+00 -6.809693e-02 -3.520283e-01 3.774338e-01 -1.200471e-01
7.872000e+01 1.887807e+00 1.687308e+00 1.414386e+00 -2.858507e+00 1.820297e+00 6.546798e-01 1.225423e+00 1.868692e+00 -6.455470e-02 -3.398639e-01 3.115339e-01 -1.160045e-01
7.880000e+01 2.051651e+00 1.915867e+00 1.420318e+00 -2.873637e+00 1.821033e+00 5.446969e-01 1.256987e+00 1.959475e+00 -6.556228e-02 -3.245305e-01 2.371527e-01 -1.030593e-01
7.888000e+01 2.211732e+00 2.125457e+00 1.440957e+00 -2.831721e+00 1.819482e+00 4.462186e-01 1.282968e+00 2.052877e+00 -7.099152e-02 -3.063064e-01 1.567607e-01 -8.340897e-02
7.896000e+01 2.365930e+00 2.312986e+00 1.478147e+00 -2.752840e+00 1.814520e+00 3.436567e-01 1.306483e+00 2.143156e+00 -7.688143e-02 -2.863400e-01 7.592687e-02 -5.808267e-02
7.904000e+01 2.515450e+00 2.471107e+00 1.535945e+00 -2.666637e+00 1.806001e+00 2.393644e-01 1.328451e+00 2.226968e+00 -8.077272e-02 -2.669744e-01 6.081088e-04 -2.864994e-02
7.912000e+01 2.657695e+00 2.602139e+00 1.614805e+00 -2.573082e+00 1.796388e+00 1.388869e-01 1.348858e+00 2.306135e+00 -8.424193e-02 -2.472611e-01 -7.041065e-02 6.682469e-03
7.920000e+01 2.789159e+00 2.694282e+00 1.708809e+00 -2.454479e+00 1.785183e+00 3.292737e-02 1.368484e+00 2.378961e+00 -8.671219e-02 -2.288955e-01 -1.348312e-01 4.149888e-02
7.928000e+01 2.910679e+00 2.754958e+00 1.814066e+00 -2.304315e+00 1.770359e+00 -6.959097e-02 1.384005e+00 2.444636e+00 -9.005613e-02 -2.167374e-01 -1.940682e-01 7.360373e-02
7.936000e+01 3.035121e+00 2.777499e+00 1.926657e+00 -2.142428e+00 1.752776e+00 -1.748208e-01 1.399130e+00 2.499827e+00 -9.066776e-02 -2.051095e-01 -2.408183e-01 1.114424e-01
7.944000e+01 3.167373e+00 2.756774e+00 2.037362e+00 -1.976055e+00 1.735207e+00 -2.727702e-01 1.412290e+00 2.543965e+00 -8.909281e-02 -1.989029e-01 -2.738207e-01 1.496755e-01
7.952000e+01 3.308662e+00 2.681032e+00 2.147871e+00 -1.808977e+00 1.717643e+00 -3.671920e-01 1.424627e+00 2.577184e+00 -8.556635e-02 -1.953244e-01 -2.922844e-01 1.890433e-01
7.960000e+01 3.455535e+00 2.556560e+00 2.256148e+00 -1.614102e+00 1.699505e+00 -4.583205e-01 1.435695e+00 2.595544e+00 -8.112634e-02 -1.945860e-01 -2.980981e-01 2.234071e-01
7.968000e+01 3.611763e+00 2.361846e+00 2.354044e+00 -1.443222e+00 1.681906e+00 -5.507774e-01 1.444556e+00 2.612600e+00 -7.541259e-02 -2.014855e-01 -2.858573e-01 2.520105e-01
7.976000e+01 3.772125e+00 2.094577e+00 2.437161e+00 -1.283585e+00 1.663516e+00 -6.413545e-01 1.455336e+00 2.610574e+00 -6.548755e-02 -2.146049e-01 -2.544016e-01 2.830069e-01
7.984000e+01 3.920015e+00 1.716143e+00 2.492286e+00 -1.124520e+00 1.641420e+00 -7.252652e-01 1.464936e+00 2.588328e+00 -5.108509e-02 -2.414429e-01 -1.989059e-01 3.023252e-01
7.992000e+01 4.048264e+00 1.349773e+00 2.541047e+00 -9.524823e-01 1.620618e+00 -7.889578e-01 1.472394e+00 2.561049e+00 -4.192955e-02 -2.685463e-01 -1.410908e-01 3.174084e-01
8.000000e+01 4.162119e+00 8.802397e-01 2.549465e+00 -8.100824e-01 1.594003e+00 -8.614468e-01 1.480496e+00 2.510360e+00 -2.490597e-02 -3.095252e-01 -5.420877e-02 3.190053e-01
8.008000e+01 4.253512e+00 3.715612e-01 2.525055e+00 -6.959606e-01 1.562943e+00 -9.264641e-01 1.489741e+00 2.450968e+00 -6.101466e-03 -3.640424e-01 5.142138e-02 3.008627e-01
8.016000e+01 4.313738e+00 -1.453196e-01 2.470253e+00 -5.879281e-01 1.534078e+00 -9.767091e-01 1.499072e+00 2.399992e+00 7.759073e-03 -4.247996e-01 1.654220e-01 2.807848e-01
8.024000e+01 4.338417e+00 -5.957543e-01 2.401044e+00 -4.971476e-01 1.509645e+00 -1.010696e+00 1.508292e+00 2.342894e+00 1.719089e-02 -4.842351e-01 2.777325e-01 2.513073e-01
8.032000e+01 4.328072e+00 -1.098223e+00 2.294429e+00 -4.659331e-01 1.484708e+00 -1.047741e+00 1.519824e+00 2.272081e+00 3.154904e-02 -5.520737e-01 4.055904e-01 2.125590e-01
8.040000e+01 4.260696e+00 -1.532984e+00 2.180401e+00 -4.146714e-01 1.464014e+00 -1.050341e+00 1.527804e+00 2.202912e+00 3.640138e-02 -6.128953e-01 5.166264e-01 1.691156e-01
8.048000e+01 4.143749e+00 -1.884942e+00 2.065540e+00 -4.110737e-01 1.451464e+00 -1.043649e+00 1.534394e+00 2.136317e+00 3.656999e-02 -6.715930e-01 6.144836e-01 1.294637e-01
8.056000e+01 3.975515e+00 -2.143996e+00 1.951557e+00 -4.424514e-01 1.446865e+00 -1.019162e+00 1.539531e+00 2.074550e+00 3.084457e-02 -7.224853e-01 6.945118e-01 9.014804e-02
8.064000e+01 3.770824e+00 -2.342164e+00 1.834480e+00 -4.905371e-01 1.447621e+00 -9.750392e-01 1.541137e+00 2.014552e+00 2.149094e-02 -7.655021e-01 7.606861e-01 4.677328e-02
8.072000e+01 3.533165e+00 -2.461287e+00 1.723966e+00 -5.554844e-01 1.456414e+00 -9.230790e-01 1.540204e+00 1.962409e+00 8.388400e-03 -8.062222e-01 8.092942e-01 2.239228e-03
8.080000e+01 3.282822e+00 -2.523158e+00 1.611485e+00 -6.269982e-01 1.465730e+00 -8.653630e-01 1.536885e+00 1.905328e+00 -3.785335e-03 -8.465754e-01 8.489717e-01 -4.276090e-02
8.088000e+01 3.027945e+00 -2.513882e+00 1.504147e+00 -7.052833e-01 1.475595e+00 -7.960777e-01 1.529595e+00 1.848534e+00 -1.763826e-02 -8.866934e-01 8.725922e-01 -9.482057e-02
8.096000e+01 2.780415e+00 -2.433414e+00 1.403703e+00 -8.271926e-01 1.487233e+00 -7.216844e-01 1.520606e+00 1.788931e+00 -2.931985e-02 -9.266011e-01 8.853377e-01 -1.430040e-01
8.104000e+01 2.534084e+00 -2.308318e+00 1.311903e+00 -9.323605e-01 1.498282e+00 -6.384798e-01 1.506610e+00 1.731322e+00 -4.283792e-02 -9.647132e-01 8.857747e-01 -1.990560e-01
8.112000e+01 2.299412e+00 -2.114231e+00 1.229181e+00 -1.055057e+00 1.509238e+00 -5.501747e-01 1.488981e+00 1.677913e+00 -5.629838e-02 -1.006201e+00 8.752915e-01 -2.532205e-01
8.120000e+01 2.073794e+00 -1.900352e+00 1.147441e+00 -1.162290e+00 1.517517e+00 -4.484173e-01 1.464975e+00 1.623024e+00 -7.054029e-02 -1.050466e+00 8.547588e-01 -3.080667e-01
8.128000e+01 1.867987e+00 -1.659618e+00 1.075615e+00 -1.262775e+00 1.525636e+00 -3.455654e-01 1.436537e+00 1.567605e+00 -8.445557e-02 -1.097312e+00 8.255675e-01 -3.610896e-01
8.136000e+01 1.686866e+00 -1.377790e+00 1.015697e+00 -1.369445e+00 1.533537e+00 -2.470246e-01 1.406049e+00 1.511794e+00 -9.640278e-02 -1.145966e+00 7.884538e-01 -4.083031e-01
8.144000e+01 1.528301e+00 -1.149174e+00 9.581969e-01 -1.461924e+00 1.536063e+00 -1.399061e-01 1.369842e+00 1.454474e+00 -1.073215e-01 -1.199364e+00 7.514954e-01 -4.646466e-01
8.152000e+01 1.391173e+00 -8.759742e-01 9.113117e-01 -1.539759e+00 1.536809e+00 -2.612687e-02 1.328827e+00 1.400100e+00 -1.187583e-01 -1.258073e+00 7.069715e-01 -5.167192e-01
8.160000e+01 1.278321e+00 -6.280239e-01 8.686627e-01 -1.610654e+00 1.537699e+00 8.521662e-02 1.285707e+00 1.353227e+00 -1.307541e-01 -1.321183e+00 6.617412e-01 -5.738921e-01
8.168000e+01 1.188847e+00 -4.269960e-01 8.244096e-01 -1.675296e+00 1.536221e+00 1.910144e-01 1.241087e+00 1.297900e+00 -1.389579e-01 -1.392371e+00 6.227842e-01 -6.324572e-01
8.176000e+01 1.115656e+00 -2.390719e-01 7.834040e-01 -1.718173e+00 1.532974e+00 3.010974e-01 1.190978e+00 1.243429e+00 -1.476180e-01 -1.477941e+00 5.845358e-01 -6.896977e-01
8.184000e+01 1.058488e+00 -2.701119e-02 7.515081e-01 -1.744345e+00 1.530875e+00 4.136671e-01 1.137909e+00 1.193753e+00 -1.585995e-01 -1.562591e+00 5.412701e-01 -7.442858e-01
8.192000e+01 1.013547e+00 1.871515e-01 7.269956e-01 -1.758709e+00 1.531103e+00 5.275652e-01 1.081362e+00 1.150888e+00 -1.721430e-01 -1.651572e+00 4.921253e-01 -7.978770e-01
8.200000e+01 9.816160e-01 3.666235e-01 7.003686e-01 -1.765176e+00 1.527039e+00 6.385012e-01 1.021637e+00 1.100806e+00 -1.837212e-01 -1.748991e+00 4.491608e-01 -8.530000e-01
8.208000e+01 9.623804e-01 5.179347e-01 6.733933e-01 -1.758694e+00 1.522773e+00 7.326295e-01 9.637625e-01 1.053053e+00 -1.938682e-01 -1.854599e+00 4.112484e-01 -9.086315e-01
8.216000e+01 9.521491e-01 6.556643e-01 6.463548e-01 -1.740490e+00 1.516342e+00 8.207496e-01 9.041710e-01 1.000866e+00 -2.040227e-01 -1.971674e+00 3.755365e-01 -9.693659e-01
8.224000e+01 9.478631e-01 7.692580e-01 6.199748e-01 -1.710088e+00 1.510419e+00 9.011135e-01 8.437533e-01 9.569407e-01 -2.176061e-01 -2.094203e+00 3.407210e-01 -1.032437e+00
8.232000e+01 9.471938e-01 8.715570e-01 5.964522e-01 -1.662968e+00 1.505508e+00 9.647736e-01 7.836648e-01 9.140934e-01 -2.336950e-01 -2.221726e+00 3.049951e-01 -1.096698e+00
8.240000e+01 9.435220e-01 9.530711e-01 5.715555e-01 -1.595090e+00 1.498307e+00 1.025847e+00 7.201811e-01 8.812402e-01 -2.560791e-01 -2.360144e+00 2.678903e-01 -1.164866e+00
8.248000e+01 9.399207e-01 1.005307e+00 5.423384e-01 -1.526716e+00 1.487240e+00 1.071125e+00 6.559829e-01 8.418093e-01 -2.791854e-01 -2.509201e+00 2.364034e-01 -1.234085e+00
8.256000e+01 9.370776e-01 1.035229e+00 5.134696e-01 -1.453962e+00 1.473635e+00 1.094064e+00 5.968510e-01 7.982946e-01 -3.024930e-01 -2.652701e+00 2.088026e-01 -1.301582e+00
8.264000e+01 9.324752e-01 1.065053e+00 4.853590e-01 -1.378046e+00 1.454638e+00 1.106253e+00 5.390748e-01 7.597026e-01 -3.307210e-01 -2.801966e+00 1.789676e-01 -1.377403e+00
8.272000e+01 9.268060e-01 1.052336e+00 4.528710e-01 -1.287887e+00 1.428364e+00 1.104598e+00 4.846342e-01 7.215988e-01 -3.614487e-01 -2.949823e+00 1.540177e-01 -1.458993e+00
8.280000e+01 9.185623e-01 1.033432e+00 4.218923e-01 -1.205358e+00 1.395519e+00 1.087283e+00 4.320813e-01 6.828000e-01 -3.954600e-01 -3.111516e+00 1.313238e-01 -1.542193e+00
8.288000e+01 9.052390e-01 9.927638e-01 3.884332e-01 -1.121888e+00 1.355676e+00 1.057387e+00 3.827024e-01 6.440151e-01 -4.330955e-01 -3.273742e+00 1.134852e-01 -1.635617e+00
8.296000e+01 8.865252e-01 9.311829e-01 3.528480e-01 -1.037468e+00 1.309464e+00 1.020865e+00 3.343045e-01 6.061972e-01 -4.756896e-01 -3.445211e+00 9.908995e-02 -1.731933e+00
8.304000e+01 8.614987e-01 8.806926e-01 3.212251e-01 -9.500151e-01 1.259216e+00 9.894847e-01 2.860183e-01 5.725455e-01 -5.278798e-01 -3.613106e+00 8.183509e-02 -1.841105e+00
8.312000e+01 8.294941e-01 8.001303e-01 2.870157e-01 -8.698159e-01 1.204299e+00 9.421190e-01 2.418478e-01 5.365425e-01 -5.833382e-01 -3.782380e+00 7.145040e-02 -1.959419e+00
8.320000e+01 7.888946e-01 7.033850e-01 2.538052e-01 -7.853738e-01 1.147859e+00 8.886361e-01 2.024941e-01 5.032121e-01 -6.447234e-01 -3.948244e+00 6.434392e-02 -2.076492e+00
8.328000e+01 7.399409e-01 5.981496e-01 2.220682e-01 -7.010764e-01 1.087482e+00 8.351256e-01 1.652254e-01 4.728993e-01 -7.134753e-01 -4.114887e+00 5.807605e-02 -2.203535e+00
8.336000e+01 6.804840e-01 4.855692e-01 1.904804e-01 -6.167318e-01 1.025469e+00 7.738610e-01 1.321770e-01 4.448908e-01 -7.891101e-01 -4.273326e+00 5.459349e-02 -2.338438e+00
8.344000e+01 6.175431e-01 3.637177e-01 1.620241e-01 -5.416704e-01 9.666605e-01 7.100289e-01 1.061698e-01 4.208778e-01 -8.706816e-01 -4.410851e+00 5.426521e-02 -2.472557e+00
8.352000e+01 5.426361e-01 2.130030e-01 1.271977e-01 -4.555326e-01 9.033527e-01 6.572422e-01 7.806597e-02 3.993118e-01 -9.596364e-01 -4.554948e+00 5.563519e-02 -2.615101e+00
8.360000e+01 4.621247e-01 4.541762e-02 9.138568e-02 -3.805321e-01 8.392149e-01 5.941009e-01 5.658015e-02 3.779367e-01 -1.054156e+00 -4.678542e+00 6.330551e-02 -2.761297e+00
8.368000e+01 3.773169e-01 -1.472145e-01 5.381145e-02 -3.078526e-01 7.758326e-01 5.337910e-01 4.191750e-02 3.611275e-01 -1.156017e+00 -4.769920e+00 7.586517e-02 -2.916135e+00
8.376000e+01 2.867749e-01 -3.509743e-01 1.350908e-02 -2.380048e-01 7.115982e-01 4.742985e-01 3.000295e-02 3.467470e-01 -1.266209e+00 -4.857438e+00 9.213925e-02 -3.070784e+00
8.384000e+01 1.962456e-01 -5.698641e-01 -2.545847e-02 -1.665218e-01 6.517913e-01 4.183941e-01 2.766598e-02 3.356910e-01 -1.385369e+00 -4.894536e+00 1.122637e-01 -3.220278e+00
8.392000e+01 1.022892e-01 -7.668398e-01 -6.330039e-02 -1.015857e-01 5.935309e-01 3.667115e-01 3.016346e-02 3.278603e-01 -1.512087e+00 -4.909520e+00 1.304435e-01 -3.380209e+00
8.400000e+01 1.107634e-02 -9.841184e-01 -1.048382e-01 -3.845603e-02 5.380679e-01 3.160594e-01 4.027633e-02 3.258477e-01 -1.644276e+00 -4.894435e+00 1.534496e-01 -3.536951e+00
8.408000e+01 -7.554510e-02 -1.172614e+00 -1.428132e-01 1.280063e-02 4.850087e-01 2.694959e-01 5.567746e-02 3.252160e-01 -1.784431e+00 -4.866933e+00 1.750413e-01 -3.680657e+00
8.416000e+01 -1.583620e-01 -1.370748e+00 -1.844576e-01 6.838645e-02 4.328021e-01 2.206386e-01 7.936527e-02 3.177797e-01 -1.926023e+00 -4.816933e+00 2.009924e-01 -3.803423e+00
8.424000e+01 -2.302858e-01 -1.588406e+00 -2.315090e-01 9.285525e-02 3.835561e-01 1.637124e-01 1.165184e-01 3.121907e-01 -2.067000e+00 -4.729700e+00 2.377536e-01 -3.930758e+00
8.432000e+01 -2.977434e-01 -1.766562e+00 -2.742104e-01 1.240818e-01 3.368364e-01 1.136018e-01 1.576730e-01 3.082168e-01 -2.212183e+00 -4.637187e+00 2.708661e-01 -4.043269e+00
8.440000e+01 -3.545478e-01 -1.950815e+00 -3.106700e-01 1.537025e-01 3.027683e-01 5.778939e-02 2.185501e-01 3.146356e-01 -2.358782e+00 -4.475971e+00 3.067490e-01 -4.128642e+00
8.448000e+01 -4.068688e-01 -2.114162e+00 -3.447953e-01 1.596380e-01 2.721204e-01 7.698007e-03 2.846990e-01 3.185464e-01 -2.503829e+00 -4.310215e+00 3.379548e-01 -4.210042e+00
8.456000e+01 -4.588418e-01 -2.218941e+00 -3.646568e-01 1.751596e-01 2.508175e-01 -2.840305e-02 3.601296e-01 3.336306e-01 -2.651081e+00 -4.103081e+00 3.573471e-01 -4.291337e+00
8.464000e+01 -5.092842e-01 -2.317157e+00 -3.799424e-01 1.808339e-01 2.341330e-01 -6.415930e-02 4.450645e-01 3.404762e-01 -2.789185e+00 -3.865585e+00 3.733404e-01 -4.362319e+00
8.472000e+01 -5.603826e-01 -2.411724e+00 -3.938977e-01 1.812749e-01 2.194618e-01 -9.487471e-02 5.347070e-01 3.411948e-01 -2.911535e+00 -3.623451e+00 3.822025e-01 -4.437328e+00
8.480000e+01 -6.109075e-01 -2.473417e+00 -3.961328e-01 1.779576e-01 2.112965e-01 -1.234845e-01 6.301292e-01 3.441083e-01 -3.018352e+00 -3.388106e+00 3.767651e-01 -4.504740e+00
8.488000e+01 -6.651206e-01 -2.507341e+00 -3.842906e-01 1.533380e-01 2.104326e-01 -1.494834e-01 7.341568e-01 3.457153e-01 -3.107880e+00 -3.157922e+00 3.539639e-01 -4.565136e+00
8.496000e+01 -7.300117e-01 -2.550079e+00 -3.631694e-01 1.312242e-01 2.141936e-01 -1.769180e-01 8.398548e-01 3.459631e-01 -3.173505e+00 -2.982879e+00 3.143887e-01 -4.622745e+00
8.504000e+01 -8.025815e-01 -2.580431e+00 -3.211639e-01 9.874297e-02 2.334859e-01 -1.965996e-01 9.555356e-01 3.614119e-01 -3.214956e+00 -2.796831e+00 2.534419e-01 -4.695847e+00
8.512000e+01 -8.900836e-01 -2.581309e+00 -2.583425e-01 5.806986e-02 2.650589e-01 -2.070709e-01 1.074796e+00 3.795242e-01 -3.222158e+00 -2.620256e+00 1.613860e-01 -4.801797e+00
8.520000e+01 -9.923311e-01 -2.588232e+00 -1.874896e-01 5.636100e-03 3.033190e-01 -2.133222e-01 1.186327e+00 4.040864e-01 -3.197115e+00 -2.520000e+00 4.796268e-02 -4.921419e+00
8.528000e+01 -1.101218e+00 -2.614226e+00 -9.987889e-02 -5.536239e-02 3.565400e-01 -2.086856e-01 1.301283e+00 4.363733e-01 -3.137266e+00 -2.433272e+00 -8.491360e-02 -5.022235e+00
8.536000e+01 -1.215646e+00 -2.625479e+00 5.504945e-03 -1.268149e-01 4.214892e-01 -2.063577e-01 1.420832e+00 4.637784e-01 -3.033902e+00 -2.355582e+00 -2.342446e-01 -5.099793e+00
8.544000e+01 -1.341099e+00 -2.644432e+00 1.135781e-01 -2.031840e-01 4.903300e-01 -2.037217e-01 1.526531e+00 5.060741e-01 -2.887963e+00 -2.354553e+00 -3.884529e-01 -5.168690e+00
8.552000e+01 -1.473529e+00 -2.677636e+00 2.338652e-01 -2.789168e-01 5.688881e-01 -1.901522e-01 1.633976e+00 5.507562e-01 -2.706395e+00 -2.340280e+00 -5.398134e-01 -5.259078e+00
8.560000e+01 -1.611209e+00 -2.703451e+00 3.669996e-01 -3.621265e-01 6.575018e-01 -1.716176e-01 1.735800e+00 6.076378e-01 -2.488569e+00 -2.337555e+00 -6.756249e-01 -5.351053e+00
8.568000e+01 -1.749621e+00 -2.713693e+00 5.059725e-01 -4.537744e-01 7.501548e-01 -1.475228e-01 1.827712e+00 6.642939e-01 -2.236366e+00 -2.361508e+00 -7.711695e-01 -5.455192e+00
8.576000e+01 -1.867712e+00 -2.768002e+00 6.543641e-01 -5.576607e-01 8.484479e-01 -1.114142e-01 1.907111e+00 7.219786e-01 -1.960055e+00 -2.445031e+00 -7.851452e-01 -5.415314e+00
8.584000e+01 -1.972196e+00 -2.843407e+00 8.112684e-01 -6.965743e-01 9.632334e-01 -7.321726e-02 2.001357e+00 7.878412e-01 -1.666891e+00 -2.454849e+00 -6.808547e-01 -5.281575e+00
8.592000e+01 -2.086248e+00 -2.903098e+00 9.590742e-01 -8.124073e-01 1.079812e+00 -2.902971e-02 2.084173e+00 8.525991e-01 -1.338515e+00 -2.433336e+00 -4.611099e-01 -5.123691e+00
8.600000e+01 -2.190307e+00 -3.004089e+00 1.080553e+00 -9.408263e-01 1.186499e+00 1.293319e-02 2.137461e+00 9.120276e-01 -9.800194e-01 -2.522159e+00 -1.612231e-01 -4.890945e+00
8.608000e+01 -2.274697e+00 -3.111138e+00 1.193011e+00 -1.051762e+00 1.297916e+00 6.004883e-02 2.186355e+00 9.782993e-01 -6.263468e-01 -2.601585e+00 1.443104e-01 -4.638130e+00
8.616000e+01 -2.364193e+00 -3.248799e+00 1.271039e+00 -1.142135e+00 1.389423e+00 9.210894e-02 2.210860e+00 1.022737e+00 -2.766709e-01 -2.758246e+00 4.324901e-01 -4.471478e+00
8.624000e+01 -2.440713e+00 -3.388601e+00 1.350105e+00 -1.199900e+00 1.490555e+00 1.292550e-01 2.238634e+00 1.095903e+00 4.087839e-02 -2.841751e+00 6.952854e-01 -4.265622e+00
8.632000e+01 -2.543357e+00 -3.460393e+00 1.406375e+00 -1.223691e+00 1.569792e+00 1.631443e-01 2.242933e+00 1.145966e+00 3.253308e-01 -2.942227e+00 9.536510e-01 -4.059560e+00
8.640000e+01 -2.664278e+00 -3.508024e+00 1.438014e+00 -1.237099e+00 1.627761e+00 1.862805e-01 2.229816e+00 1.194763e+00 5.701981e-01 -3.067774e+00 1.204347e+00 -3.838016e+00
8.648000e+01 -2.798121e+00 -3.539267e+00 1.450926e+00 -1.219364e+00 1.662339e+00 1.952867e-01 2.196024e+00 1.225113e+00 7.646627e-01 -3.241147e+00 1.427028e+00 -3.567920e+00
8.656000e+01 -2.943993e+00 -3.544527e+00 1.453334e+00 -1.181112e+00 1.683605e+00 1.971105e-01 2.161928e+00 1.240684e+00 8.758055e-01 -3.374589e+00 1.621404e+00 -3.372203e+00
8.664000e+01 -3.085221e+00 -3.564229e+00 1.453104e+00 -1.142713e+00 1.698999e+00 1.933192e-01 2.125764e+00 1.267999e+00 8.887333e-01 -3.488081e+00 1.805135e+00 -3.218022e+00
8.672000e+01 -3.229571e+00 -3.562000e+00 1.457421e+00 -1.065368e+00 1.704791e+00 1.898788e-01 2.083005e+00 1.292045e+00 8.272702e-01 -3.575702e+00 1.984223e+00 -3.123301e+00
8.680000e+01 -3.374050e+00 -3.560997e+00 1.459334e+00 -9.886950e-01 1.698167e+00 1.785760e-01 2.033748e+00 1.317089e+00 7.161671e-01 -3.638363e+00 2.126931e+00 -3.258551e+00
8.688000e+01 -3.510126e+00 -3.537559e+00 1.473076e+00 -8.943851e-01 1.680710e+00 1.748524e-01 1.985463e+00 1.318305e+00 5.834359e-01 -3.632201e+00 2.194314e+00 -3.622966e+00
8.696000e+01 -3.620881e+00 -3.530369e+00 1.504572e+00 -7.992264e-01 1.664793e+00 1.701592e-01 1.946260e+00 1.331979e+00 4.444937e-01 -3.524194e+00 2.234118e+00 -4.030538e+00
8.704000e+01 -3.712732e+00 -3.496322e+00 1.552804e+00 -7.015815e-01 1.645274e+00 1.639144e-01 1.908390e+00 1.340221e+00 3.141861e-01 -3.376277e+00 2.282718e+00 -4.370890e+00
8.712000e+01 -3.787975e+00 -3.468583e+00 1.598463e+00 -6.085274e-01 1.612051e+00 1.426422e-01 1.870541e+00 1.326599e+00 1.952836e-01 -3.229873e+00 2.345265e+00 -4.757584e+00
8.720000e+01 -3.837713e+00 -3.410471e+00 1.659315e+00 -4.946667e-01 1.579023e+00 1.500031e-01 1.837084e+00 1.321577e+00 7.087227e-02 -3.053046e+00 2.383656e+00 -5.151680e+00
8.728000e+01 -3.851918e+00 -3.380692e+00 1.716750e+00 -4.011990e-01 1.543351e+00 1.484149e-01 1.809875e+00 1.304862e+00 -5.235670e-02 -2.840812e+00 2.403657e+00 -5.596525e+00
8.736000e+01 -3.836258e+00 -3.374298e+00 1.769455e+00 -3.012133e-01 1.503171e+00 1.505949e-01 1.779844e+00 1.271419e+00 -1.726199e-01 -2.646323e+00 2.396503e+00 -5.993943e+00
8.744000e+01 -3.785801e+00 -3.366541e+00 1.819207e+00 -2.187039e-01 1.465802e+00 1.524539e-01 1.754811e+00 1.233150e+00 -2.896902e-01 -2.426057e+00 2.358400e+00 -6.358269e+00
8.752000e+01 -3.711775e+00 -3.354459e+00 1.859007e+00 -1.334025e-01 1.423645e+00 1.576676e-01 1.722993e+00 1.179587e+00 -3.923260e-01 -2.226918e+00 2.288919e+00 -6.701757e+00
8.760000e+01 -3.590510e+00 -3.345788e+00 1.902601e+00 -7.681470e-02 1.386241e+00 1.654554e-01 1.698313e+00 1.103695e+00 -4.757273e-01 -2.014087e+00 2.194984e+00 -6.960666e+00
8.768000e+01 -3.461032e+00 -3.320242e+00 1.929749e+00 -1.669159e-02 1.343583e+00 1.667791e-01 1.668629e+00 1.016392e+00 -5.342999e-01 -1.824591e+00 2.109536e+00 -7.245187e+00
8.776000e+01 -3.314250e+00 -3.308146e+00 1.943489e+00 2.582985e-02 1.301087e+00 1.584937e-01 1.640277e+00 9.239203e-01 -5.674008e-01 -1.654923e+00 2.022248e+00 -7.529286e+00
8.784000e+01 -3.139478e+00 -3.292004e+00 1.964706e+00 6.323447e-02 1.269552e+00 1.528190e-01 1.616073e+00 8.367243e-01 -5.798582e-01 -1.497958e+00 1.921050e+00 -7.680799e+00
8.792000e+01 -2.958334e+00 -3.251716e+00 1.982628e+00 9.286014e-02 1.244415e+00 1.491872e-01 1.596174e+00 7.455990e-01 -5.733952e-01 -1.347918e+00 1.807183e+00 -7.815062e+00
8.800000e+01 -2.773804e+00 -3.191766e+00 1.991663e+00 1.098765e-01 1.216293e+00 1.503264e-01 1.570494e+00 6.368879e-01 -5.414456e-01 -1.236063e+00 1.691143e+00 -7.912349e+00
8.808000e+01 -2.581118e+00 -3.129039e+00 1.997301e+00 1.307835e-01 1.192279e+00 1.476986e-01 1.545042e+00 5.331020e-01 -4.968399e-01 -1.151086e+00 1.572912e+00 -7.924064e+00
8.816000e+01 -2.389215e+00 -3.063549e+00 1.997900e+00 1.401777e-01 1.171219e+00 1.522718e-01 1.519132e+00 4.282768e-01 -4.428673e-01 -1.076352e+00 1.471939e+00 -7.892884e+00
8.824000e+01 -2.208439e+00 -2.982705e+00 1.987161e+00 1.430472e-01 1.147188e+00 1.443367e-01 1.490934e+00 3.217461e-01 -3.799357e-01 -1.025524e+00 1.413702e+00 -7.874909e+00
8.832000e+01 -2.038570e+00 -2.889476e+00 1.964299e+00 1.416747e-01 1.119812e+00 1.360039e-01 1.458482e+00 2.132515e-01 -3.134915e-01 -1.009017e+00 1.381877e+00 -7.855577e+00
8.840000e+01 -1.864205e+00 -2.780385e+00 1.942692e+00 1.328770e-01 1.096395e+00 1.150237e-01 1.428997e+00 1.109533e-01 -2.503842e-01 -1.004136e+00 1.341679e+00 -7.721862e+00
8.848000e+01 -1.703681e+00 -2.673808e+00 1.909958e+00 1.144353e-01 1.073044e+00 9.338048e-02 1.397238e+00 1.588839e-02 -1.937645e-01 -1.016982e+00 1.269800e+00 -7.539923e+00
8.856000e+01 -1.548139e+00 -2.556919e+00 1.873674e+00 1.022458e-01 1.049346e+00 7.442901e-02 1.365082e+00 -8.039807e-02 -1.456774e-01 -1.033291e+00 1.149843e+00 -7.314454e+00
8.864000e+01 -1.396427e+00 -2.437432e+00 1.830644e+00 7.236819e-02 1.023493e+00 5.267524e-02 1.334571e+00 -1.852671e-01 -1.023376e-01 -1.052700e+00 9.956161e-01 -7.048072e+00
8.872000e+01 -1.249897e+00 -2.323469e+00 1.784428e+00 3.785836e-02 1.000418e+00 2.356239e-02 1.309425e+00 -2.805791e-01 -6.233824e-02 -1.056016e+00 8.141507e-01 -6.784293e+00
8.880000e+01 -1.104201e+00 -2.206292e+00 1.741645e+00 -3.386247e-03 9.810952e-01 -9.713663e-03 1.290728e+00 -3.744289e-01 -2.100150e-02 -1.030595e+00 6.204313e-01 -6.499707e+00
8.888000e+01 -9.594074e-01 -2.095963e+00 1.697694e+00 -6.873714e-02 9.635753e-01 -5.005656e-02 1.277753e+00 -4.704581e-01 2.804880e-02 -9.906490e-01 4.297679e-01 -6.231221e+00
8.896000e+01 -8.192999e-01 -1.993066e+00 1.652163e+00 -1.375898e-01 9.473410e-01 -9.609675e-02 1.266139e+00 -5.590745e-01 8.524658e-02 -9.626389e-01 2.484832e-01 -5.987347e+00
8.904000e+01 -6.791423e-01 -1.909208e+00 1.608851e+00 -2.090432e-01 9.370536e-01 -1.384953e-01 1.260581e+00 -6.361806e-01 1.505548e-01 -9.114398e-01 8.942883e-02 -5.714196e+00
8.912000e+01 -5.531523e-01 -1.821045e+00 1.559684e+00 -2.853612e-01 9.241032e-01 -1.782725e-01 1.252011e+00 -7.127966e-01 2.260548e-01 -8.769521e-01 -4.177176e-02 -5.475484e+00
8.920000e+01 -4.343301e-01 -1.737730e+00 1.509489e+00 -3.630815e-01 9.122713e-01 -2.261030e-01 1.245807e+00 -7.836769e-01 3.110763e-01 -8.418041e-01 -1.370451e-01 -5.218301e+00
8.928000e+01 -3.169948e-01 -1.658830e+00 1.462372e+00 -4.485046e-01 9.033277e-01 -2.713936e-01 1.241116e+00 -8.457816e-01 3.997827e-01 -8.119067e-01 -2.062998e-01 -4.935940e+00
8.936000e+01 -2.187904e-01 -1.575257e+00 1.410111e+00 -5.340795e-01 8.901447e-01 -3.191377e-01 1.232733e+00 -9.096424e-01 4.932021e-01 -8.061937e-01 -2.461190e-01 -4.699520e+00
8.944000e+01 -1.184192e-01 -1.499923e+00 1.365679e+00 -6.298062e-01 8.796576e-01 -3.750334e-01 1.229390e+00 -9.737471e-01 5.876239e-01 -7.901090e-01 -2.588411e-01 -4.454005e+00
8.952000e+01 -2.425945e-02 -1.440106e+00 1.316106e+00 -7.372425e-01 8.697299e-01 -4.313539e-01 1.224155e+00 -1.029804e+00 6.795087e-01 -7.824320e-01 -2.428258e-01 -4.212029e+00
8.960000e+01 6.517981e-02 -1.384058e+00 1.266179e+00 -8.367803e-01 8.603331e-01 -4.824765e-01 1.215751e+00 -1.075891e+00 7.648039e-01 -7.852606e-01 -2.030618e-01 -3.948946e+00
8.968000e+01 1.452088e-01 -1.334421e+00 1.212233e+00 -9.346361e-01 8.482623e-01 -5.340682e-01 1.206613e+00 -1.126233e+00 8.466206e-01 -7.868513e-01 -1.380209e-01 -3.695162e+00
8.976000e+01 2.164092e-01 -1.275936e+00 1.156316e+00 -1.043499e+00 8.349894e-01 -5.809948e-01 1.196694e+00 -1.169190e+00 9.220897e-01 -7.830624e-01 -5.449117e-02 -3.476913e+00
8.984000e+01 2.802831e-01 -1.228970e+00 1.099391e+00 -1.144464e+00 8.222630e-01 -6.298324e-01 1.186257e+00 -1.203372e+00 9.901629e-01 -7.735062e-01 3.975318e-02 -3.276683e+00
8.992000e+01 3.352135e-01 -1.186397e+00 1.042799e+00 -1.232945e+00 8.088043e-01 -6.760374e-01 1.175339e+00 -1.234269e+00 1.050709e+00 -7.592682e-01 1.455502e-01 -3.072028e+00
9.000000e+01 3.786351e-01 -1.146194e+00 9.853393e-01 -1.327504e+00 7.963635e-01 -7.118583e-01 1.164996e+00 -1.254209e+00 1.103735e+00 -7.187915e-01 2.553606e-01 -2.904189e+00
9.008000e+01 4.285565e-01 -1.124073e+00 9.354682e-01 -1.424768e+00 7.875898e-01 -7.522479e-01 1.155912e+00 -1.267592e+00 1.149571e+00 -6.606170e-01 3.614310e-01 -2.696317e+00
9.016000e+01 4.558226e-01 -1.103304e+00 8.777150e-01 -1.515411e+00 7.713222e-01 -7.973219e-01 1.143810e+00 -1.286303e+00 1.193777e+00 -6.031942e-01 4.722463e-01 -2.556856e+00
9.024000e+01 4.820718e-01 -1.097395e+00 8.242189e-01 -1.600051e+00 7.571350e-01 -8.384819e-01 1.134334e+00 -1.294474e+00 1.230289e+00 -5.257885e-01 5.714312e-01 -2.415107e+00
9.032000e+01 5.062569e-01 -1.100222e+00 7.753451e-01 -1.685463e+00 7.452566e-01 -8.773879e-01 1.127675e+00 -1.295485e+00 1.259725e+00 -4.355151e-01 6.633988e-01 -2.261339e+00
9.040000e+01 5.255495e-01 -1.103996e+00 7.303870e-01 -1.759477e+00 7.332562e-01 -9.204354e-01 1.123587e+00 -1.292468e+00 1.284328e+00 -3.488239e-01 7.473810e-01 -2.110578e+00
9.048000e+01 5.396909e-01 -1.127244e+00 6.846161e-01 -1.828668e+00 7.199994e-01 -9.615100e-01 1.120769e+00 -1.286375e+00 1.302186e+00 -2.650660e-01 8.216395e-01 -1.985385e+00
9.056000e+01 5.513023e-01 -1.160326e+00 6.385928e-01 -1.890176e+00 7.037026e-01 -9.965718e-01 1.117889e+00 -1.284938e+00 1.313671e+00 -1.937095e-01 8.870862e-01 -1.871339e+00
9.064000e+01 5.637173e-01 -1.205171e+00 5.950681e-01 -1.945041e+00 6.892536e-01 -1.035119e+00 1.119594e+00 -1.273143e+00 1.317247e+00 -1.249252e-01 9.428199e-01 -1.763055e+00
9.072000e+01 5.758263e-01 -1.263343e+00 5.528021e-01 -1.995458e+00 6.756585e-01 -1.065764e+00 1.122243e+00 -1.256693e+00 1.314242e+00 -6.051048e-02 9.881834e-01 -1.680935e+00
9.080000e+01 5.910397e-01 -1.331207e+00 5.145244e-01 -2.039220e+00 6.634598e-01 -1.090086e+00 1.125175e+00 -1.234349e+00 1.307454e+00 -1.556575e-02 1.023392e+00 -1.592871e+00
9.088000e+01 6.035241e-01 -1.402713e+00 4.763237e-01 -2.076337e+00 6.510614e-01 -1.113356e+00 1.128152e+00 -1.209390e+00 1.298343e+00 1.391718e-02 1.053524e+00 -1.525383e+00
9.096000e+01 6.167604e-01 -1.482954e+00 4.391538e-01 -2.107824e+00 6.399224e-01 -1.133273e+00 1.129151e+00 -1.175458e+00 1.286704e+00 2.307237e-02 1.075009e+00 -1.467141e+00
9.104000e+01 6.366164e-01 -1.567844e+00 4.055730e-01 -2.130875e+00 6.306906e-01 -1.155585e+00 1.133552e+00 -1.139028e+00 1.276134e+00 2.319816e-02 1.090848e+00 -1.390924e+00
9.112000e+01 6.567812e-01 -1.651709e+00 3.734034e-01 -2.146440e+00 6.210183e-01 -1.177499e+00 1.139896e+00 -1.108492e+00 1.270853e+00 1.797250e-02 1.104765e+00 -1.324460e+00
9.120000e+01 6.739576e-01 -1.715702e+00 3.428478e-01 -2.156450e+00 6.128772e-01 -1.189837e+00 1.144101e+00 -1.066128e+00 1.267658e+00 -8.907653e-03 1.110724e+00 -1.271879e+00
9.128000e+01 6.883376e-01 -1.770175e+00 3.105792e-01 -2.159539e+00 6.020343e-01 -1.197418e+00 1.143826e+00 -1.024563e+00 1.267992e+00 -6.079969e-02 1.114690e+00 -1.230974e+00
9.136000e+01 7.028944e-01 -1.820154e+00 2.775354e-01 -2.158192e+00 5.920437e-01 -1.200478e+00 1.143739e+00 -9.756308e-01 1.271021e+00 -1.241206e-01 1.116793e+00 -1.196082e+00
9.144000e+01 7.147260e-01 -1.840570e+00 2.451143e-01 -2.149392e+00 5.821596e-01 -1.196936e+00 1.143155e+00 -9.277475e-01 1.276664e+00 -1.997493e-01 1.114378e+00 -1.173976e+00
9.152000e+01 7.238334e-01 -1.835915e+00 2.128128e-01 -2.131268e+00 5.717653e-01 -1.184671e+00 1.138963e+00 -8.785443e-01 1.283092e+00 -2.974750e-01 1.104519e+00 -1.161791e+00
9.160000e+01 7.324744e-01 -1.807706e+00 1.823318e-01 -2.113844e+00 5.628558e-01 -1.166845e+00 1.133773e+00 -8.276461e-01 1.289336e+00 -3.993902e-01 1.085893e+00 -1.164582e+00
9.168000e+01 7.418633e-01 -1.760302e+00 1.541087e-01 -2.100004e+00 5.558122e-01 -1.144815e+00 1.127982e+00 -7.764967e-01 1.296771e+00 -5.085425e-01 1.058180e+00 -1.176731e+00
9.176000e+01 7.496115e-01 -1.707040e+00 1.241841e-01 -2.079015e+00 5.486931e-01 -1.112646e+00 1.116947e+00 -7.257637e-01 1.303106e+00 -6.435750e-01 1.019925e+00 -1.193227e+00
9.184000e+01 7.570522e-01 -1.645563e+00 9.405682e-02 -2.051954e+00 5.431157e-01 -1.073499e+00 1.105094e+00 -6.808975e-01 1.307488e+00 -7.732131e-01 9.737738e-01 -1.214650e+00
9.192000e+01 7.636696e-01 -1.573811e+00 6.485563e-02 -2.019600e+00 5.413082e-01 -1.027409e+00 1.091853e+00 -6.310134e-01 1.308055e+00 -9.065005e-01 9.195366e-01 -1.238227e+00
9.200000e+01 7.699898e-01 -1.502941e+00 3.529834e-02 -1.984582e+00 5.422060e-01 -9.696119e-01 1.074368e+00 -5.808659e-01 1.305446e+00 -1.049898e+00 8.609437e-01 -1.257868e+00
9.208000e+01 7.753000e-01 -1.428708e+00 5.235604e-03 -1.945375e+00 5.464699e-01 -9.101086e-01 1.054438e+00 -5.320205e-01 1.298689e+00 -1.206023e+00 8.020917e-01 -1.275102e+00
9.216000e+01 7.823028e-01 -1.354601e+00 -2.001607e-02 -1.902001e+00 5.595701e-01 -8.447128e-01 1.037932e+00 -4.672338e-01 1.284180e+00 -1.343642e+00 7.427290e-01 -1.294818e+00
9.224000e+01 7.934400e-01 -1.291852e+00 -4.378622e-02 -1.869701e+00 5.780352e-01 -7.673292e-01 1.023352e+00 -4.106305e-01 1.265569e+00 -1.471984e+00 6.904228e-01 -1.304492e+00
9.232000e+01 8.044011e-01 -1.235270e+00 -6.818638e-02 -1.839824e+00 6.001513e-01 -6.899938e-01 1.007039e+00 -3.567255e-01 1.242523e+00 -1.599993e+00 6.460304e-01 -1.333497e+00
9.240000e+01 8.195318e-01 -1.191598e+00 -9.002141e-02 -1.805786e+00 6.283846e-01 -6.090773e-01 9.932356e-01 -3.016418e-01 1.216653e+00 -1.708913e+00 6.085099e-01 -1.351462e+00
9.248000e+01 8.345045e-01 -1.154031e+00 -1.112247e-01 -1.771887e+00 6.608418e-01 -5.200754e-01 9.785765e-01 -2.482477e-01 1.185577e+00 -1.808779e+00 5.797285e-01 -1.379756e+00
9.256000e+01 8.483357e-01 -1.104554e+00 -1.289134e-01 -1.735846e+00 6.991265e-01 -4.279066e-01 9.658382e-01 -2.021586e-01 1.150733e+00 -1.887352e+00 5.581204e-01 -1.418743e+00
9.264000e+01 8.584206e-01 -1.059284e+00 -1.482962e-01 -1.699329e+00 7.376949e-01 -3.333170e-01 9.528786e-01 -1.655819e-01 1.112802e+00 -1.957700e+00 5.489468e-01 -1.469993e+00
9.272000e+01 8.690312e-01 -1.013031e+00 -1.636954e-01 -1.660389e+00 7.811725e-01 -2.378706e-01 9.424642e-01 -1.277365e-01 1.072541e+00 -2.009008e+00 5.493455e-01 -1.502972e+00
9.280000e+01 8.770013e-01 -9.697152e-01 -1.772167e-01 -1.624729e+00 8.289013e-01 -1.366973e-01 9.327045e-01 -8.302148e-02 1.027754e+00 -2.047451e+00 5.583241e-01 -1.540527e+00
9.288000e+01 8.802732e-01 -9.248928e-01 -1.905543e-01 -1.587851e+00 8.767913e-01 -3.971542e-02 9.259923e-01 -4.810176e-02 9.823190e-01 -2.071014e+00 5.765360e-01 -1.579723e+00
9.296000e+01 8.781536e-01 -8.700909e-01 -2.000504e-01 -1.543411e+00 9.257188e-01 6.082834e-02 9.180891e-01 -1.176270e-02 9.350956e-01 -2.085183e+00 5.984529e-01 -1.603576e+00
9.304000e+01 8.714385e-01 -8.194877e-01 -2.084242e-01 -1.498894e+00 9.761600e-01 1.601083e-01 9.095852e-01 2.474888e-02 8.868677e-01 -2.080324e+00 6.260678e-01 -1.629948e+00
9.312000e+01 8.576924e-01 -7.796169e-01 -2.187350e-01 -1.454309e+00 1.026137e+00 2.528211e-01 8.996714e-01 5.786275e-02 8.402642e-01 -2.070565e+00 6.582502e-01 -1.662964e+00
9.320000e+01 8.366359e-01 -7.432527e-01 -2.261225e-01 -1.412203e+00 1.077165e+00 3.663693e-01 8.839960e-01 9.338309e-02 7.907325e-01 -2.050066e+00 6.861991e-01 -1.693461e+00
9.328000e+01 8.090840e-01 -7.083589e-01 -2.302595e-01 -1.369664e+00 1.131326e+00 4.716448e-01 8.710102e-01 1.296543e-01 7.425557e-01 -2.007229e+00 7.110675e-01 -1.728369e+00
9.336000e+01 7.739586e-01 -6.779534e-01 -2.328310e-01 -1.328413e+00 1.184202e+00 5.788970e-01 8.582857e-01 1.648771e-01 6.972913e-01 -1.952843e+00 7.324100e-01 -1.774312e+00
9.344000e+01 7.350059e-01 -6.431836e-01 -2.275743e-01 -1.280142e+00 1.238281e+00 6.801262e-01 8.487656e-01 2.031495e-01 6.555136e-01 -1.876605e+00 7.491291e-01 -1.810483e+00
9.352000e+01 6.911020e-01 -6.173430e-01 -2.178417e-01 -1.232924e+00 1.293546e+00 7.810995e-01 8.384627e-01 2.508567e-01 6.171936e-01 -1.789709e+00 7.614693e-01 -1.848130e+00
9.360000e+01 6.466212e-01 -5.977619e-01 -2.020646e-01 -1.179402e+00 1.350073e+00 8.729766e-01 8.315322e-01 2.992246e-01 5.857554e-01 -1.686720e+00 7.717999e-01 -1.874811e+00
9.368000e+01 5.973304e-01 -5.867569e-01 -1.834104e-01 -1.114099e+00 1.404869e+00 9.586663e-01 8.265009e-01 3.462189e-01 5.619218e-01 -1.573247e+00 7.799555e-01 -1.911178e+00
9.376000e+01 5.502967e-01 -5.834567e-01 -1.572515e-01 -1.051157e+00 1.460372e+00 1.036707e+00 8.245441e-01 3.984305e-01 5.469299e-01 -1.450572e+00 7.853732e-01 -1.933871e+00
9.384000e+01 5.077236e-01 -5.863015e-01 -1.198685e-01 -9.823552e-01 1.517360e+00 1.110221e+00 8.264973e-01 4.547282e-01 5.391841e-01 -1.312523e+00 7.887153e-01 -1.923501e+00
9.392000e+01 4.654611e-01 -5.939917e-01 -7.460349e-02 -9.198227e-01 1.571084e+00 1.173846e+00 8.310841e-01 5.057075e-01 5.408982e-01 -1.159517e+00 7.932168e-01 -1.914000e+00
9.400000e+01 4.250063e-01 -6.056165e-01 -1.902584e-02 -8.475120e-01 1.623773e+00 1.231932e+00 8.381344e-01 5.627383e-01 5.485212e-01 -9.957208e-01 7.970306e-01 -1.890179e+00
9.408000e+01 3.853950e-01 -6.182333e-01 4.486423e-02 -7.794286e-01 1.671709e+00 1.288902e+00 8.437526e-01 6.194363e-01 5.626042e-01 -8.390479e-01 7.993749e-01 -1.861629e+00
9.416000e+01 3.483032e-01 -6.509834e-01 1.160101e-01 -7.088252e-01 1.716204e+00 1.333350e+00 8.517352e-01 6.772487e-01 5.841600e-01 -6.759560e-01 7.988451e-01 -1.825877e+00
9.424000e+01 3.116500e-01 -6.801868e-01 1.961434e-01 -6.429635e-01 1.756432e+00 1.366867e+00 8.625090e-01 7.350675e-01 6.126271e-01 -5.072625e-01 7.934703e-01 -1.804685e+00
9.432000e+01 2.793758e-01 -7.122083e-01 2.898931e-01 -5.781765e-01 1.797480e+00 1.391188e+00 8.804419e-01 7.987094e-01 6.485513e-01 -3.135821e-01 7.784078e-01 -1.772941e+00
9.440000e+01 2.435960e-01 -7.491370e-01 3.871702e-01 -5.099504e-01 1.831479e+00 1.405444e+00 8.972286e-01 8.611406e-01 6.910307e-01 -1.357085e-01 7.542674e-01 -1.763673e+00
9.448000e+01 2.070560e-01 -7.856460e-01 4.894295e-01 -4.428753e-01 1.859975e+00 1.409866e+00 9.157915e-01 9.204745e-01 7.423737e-01 3.766817e-02 7.166690e-01 -1.771468e+00
9.456000e+01 1.689142e-01 -8.237437e-01 5.974079e-01 -3.632645e-01 1.883520e+00 1.406589e+00 9.351364e-01 9.824353e-01 8.000884e-01 2.064514e-01 6.631489e-01 -1.790721e+00
9.464000e+01 1.300445e-01 -8.600730e-01 7.106323e-01 -2.908524e-01 1.901100e+00 1.391651e+00 9.553899e-01 1.043320e+00 8.653241e-01 3.655279e-01 5.963488e-01 -1.825020e+00
9.472000e+01 8.166955e-02 -8.943833e-01 8.244585e-01 -2.025974e-01 1.910403e+00 1.367500e+00 9.728253e-01 1.101787e+00 9.343548e-01 5.024834e-01 5.148672e-01 -1.878592e+00
9.480000e+01 3.355308e-02 -9.310555e-01 9.418376e-01 -1.234448e-01 1.916975e+00 1.330801e+00 9.928116e-01 1.164174e+00 1.003621e+00 6.400828e-01 4.234762e-01 -1.916060e+00
9.488000e+01 -1.813038e-02 -9.683632e-01 1.061490e+00 -4.751943e-02 1.917470e+00 1.298371e+00 1.011221e+00 1.224000e+00 1.073175e+00 7.676509e-01 3.233786e-01 -1.933661e+00
9.496000e+01 -7.355745e-02 -1.003367e+00 1.180278e+00 2.410319e-02 1.910014e+00 1.243873e+00 1.029749e+00 1.278381e+00 1.144100e+00 8.802097e-01 2.228191e-01 -1.953707e+00
9.504000e+01 -1.276391e-01 -1.039282e+00 1.304130e+00 8.903532e-02 1.900879e+00 1.181142e+00 1.051098e+00 1.333370e+00 1.214772e+00 9.922342e-01 1.264776e-01 -1.955163e+00
9.512000e+01 -1.801009e-01 -1.073996e+00 1.432839e+00 1.523182e-01 1.890903e+00 1.111943e+00 1.074254e+00 1.390528e+00 1.285020e+00 1.107071e+00 4.369377e-02 -1.942649e+00
9.520000e+01 -2.313463e-01 -1.107951e+00 1.564012e+00 2.221072e-01 1.879960e+00 1.038239e+00 1.097769e+00 1.447617e+00 1.351911e+00 1.216286e+00 -1.612653e-02 -1.921246e+00
9.528000e+01 -2.755448e-01 -1.156673e+00 1.699203e+00 2.785489e-01 1.871833e+00 9.545862e-01 1.127149e+00 1.507046e+00 1.418282e+00 1.338557e+00 -4.210382e-02 -1.876515e+00
9.536000e+01 -3.170068e-01 -1.205366e+00 1.835002e+00 3.269466e-01 1.863392e+00 8.670605e-01 1.155251e+00 1.562417e+00 1.485087e+00 1.446115e+00 -2.997323e-02 -1.822096e+00
9.544000e+01 -3.525652e-01 -1.256140e+00 1.973200e+00 3.760688e-01 1.856593e+00 7.623680e-01 1.186717e+00 1.614950e+00 1.551692e+00 1.548978e+00 1.823999e-02 -1.743140e+00
9.552000e+01 -3.837865e-01 -1.310076e+00 2.110801e+00 4.173362e-01 1.850890e+00 6.550164e-01 1.218638e+00 1.664702e+00 1.614768e+00 1.645486e+00 9.681826e-02 -1.648652e+00
9.560000e+01 -4.084696e-01 -1.364883e+00 2.244871e+00 4.355691e-01 1.848669e+00 5.388517e-01 1.252291e+00 1.712977e+00 1.672225e+00 1.737887e+00 2.011588e-01 -1.535837e+00
9.568000e+01 -4.319073e-01 -1.419643e+00 2.372162e+00 4.616494e-01 1.846647e+00 4.029705e-01 1.288390e+00 1.751547e+00 1.723455e+00 1.825049e+00 3.251471e-01 -1.415328e+00
9.576000e+01 -4.549597e-01 -1.474719e+00 2.493013e+00 4.758465e-01 1.843476e+00 2.642640e-01 1.324081e+00 1.787800e+00 1.764317e+00 1.903810e+00 4.603054e-01 -1.304936e+00
9.584000e+01 -4.764987e-01 -1.525894e+00 2.604182e+00 4.680564e-01 1.841107e+00 1.204222e-01 1.359820e+00 1.813414e+00 1.795219e+00 1.974107e+00 5.964540e-01 -1.200152e+00
9.592000e+01 -4.985504e-01 -1.567087e+00 2.701733e+00 4.571000e-01 1.837553e+00 -4.319602e-02 1.395757e+00 1.827054e+00 1.815182e+00 2.028196e+00 7.232332e-01 -1.111958e+00
9.600000e+01 -5.154805e-01 -1.606515e+00 2.787355e+00 4.213976e-01 1.834739e+00 -2.105472e-01 1.435378e+00 1.831512e+00 1.825523e+00 2.090543e+00 8.312705e-01 -1.026362e+00
9.608000e+01 -5.320742e-01 -1.626376e+00 2.856300e+00 3.523138e-01 1.832377e+00 -3.853808e-01 1.477257e+00 1.813321e+00 1.827641e+00 2.150600e+00 9.218549e-01 -9.910847e-01
9.616000e+01 -5.563883e-01 -1.645843e+00 2.901299e+00 3.013889e-01 1.827918e+00 -5.591514e-01 1.518215e+00 1.786653e+00 1.816224e+00 2.209845e+00 9.891262e-01 -1.014854e+00
9.624000e+01 -5.770047e-01 -1.662946e+00 2.928021e+00 2.167336e-01 1.824194e+00 -7.295382e-01 1.562308e+00 1.748559e+00 1.798048e+00 2.274115e+00 1.044489e+00 -1.070799e+00
9.632000e+01 -5.970540e-01 -1.660164e+00 2.936142e+00 1.213432e-01 1.822952e+00 -9.054669e-01 1.609930e+00 1.701790e+00 1.775190e+00 2.342354e+00 1.094194e+00 -1.183891e+00
9.640000e+01 -6.127725e-01 -1.653512e+00 2.930101e+00 7.729585e-03 1.828488e+00 -1.067839e+00 1.659698e+00 1.654376e+00 1.748638e+00 2.426322e+00 1.144374e+00 -1.330086e+00
9.648000e+01 -6.347689e-01 -1.624821e+00 2.902760e+00 -1.233363e-01 1.832156e+00 -1.239334e+00 1.711517e+00 1.583562e+00 1.727237e+00 2.502347e+00 1.230718e+00 -1.526334e+00
9.656000e+01 -6.457126e-01 -1.598243e+00 2.865775e+00 -2.521292e-01 1.838879e+00 -1.385476e+00 1.765264e+00 1.503057e+00 1.705923e+00 2.591620e+00 1.360460e+00 -1.646794e+00
9.664000e+01 -6.582393e-01 -1.567105e+00 2.812046e+00 -3.865387e-01 1.845766e+00 -1.523253e+00 1.816900e+00 1.414591e+00 1.688635e+00 2.668601e+00 1.560543e+00 -1.723713e+00
9.672000e+01 -6.663685e-01 -1.526369e+00 2.749191e+00 -5.211438e-01 1.851423e+00 -1.637905e+00 1.866670e+00 1.316499e+00 1.673423e+00 2.737990e+00 1.793888e+00 -1.771131e+00
9.680000e+01 -6.707945e-01 -1.478749e+00 2.673693e+00 -6.834441e-01 1.854955e+00 -1.733148e+00 1.915586e+00 1.197891e+00 1.662482e+00 2.810125e+00 2.032589e+00 -1.857850e+00
9.688000e+01 -6.665701e-01 -1.432837e+00 2.591869e+00 -8.410998e-01 1.862833e+00 -1.812751e+00 1.962759e+00 1.078907e+00 1.649856e+00 2.876086e+00 2.262387e+00 -1.938848e+00
9.696000e+01 -6.640981e-01 -1.385850e+00 2.499268e+00 -9.789423e-01 1.868749e+00 -1.878866e+00 2.005870e+00 9.437296e-01 1.636062e+00 2.931347e+00 2.474052e+00 -2.041879e+00
9.704000e+01 -6.549574e-01 -1.334813e+00 2.401395e+00 -1.136150e+00 1.875293e+00 -1.923995e+00 2.043282e+00 8.081605e-01 1.619581e+00 2.970489e+00 2.651917e+00 -2.173278e+00
9.712000e+01 -6.406477e-01 -1.280662e+00 2.296426e+00 -1.282217e+00 1.876678e+00 -1.946777e+00 2.074931e+00 6.624823e-01 1.604304e+00 2.998678e+00 2.788212e+00 -2.327683e+00
9.720000e+01 -6.204834e-01 -1.232330e+00 2.187836e+00 -1.395057e+00 1.874697e+00 -1.939778e+00 2.098724e+00 5.180940e-01 1.587421e+00 3.021229e+00 2.869763e+00 -2.490711e+00
9.728000e+01 -5.928837e-01 -1.178295e+00 2.078257e+00 -1.501461e+00 1.868643e+00 -1.912478e+00 2.114776e+00 3.769183e-01 1.569850e+00 3.027479e+00 2.904430e+00 -2.650948e+00
9.736000e+01 -5.534419e-01 -1.120570e+00 1.972886e+00 -1.615498e+00 1.861596e+00 -1.869018e+00 2.129101e+00 2.414583e-01 1.553789e+00 3.035952e+00 2.894843e+00 -2.812098e+00
9.744000e+01 -5.104398e-01 -1.059641e+00 1.878072e+00 -1.691097e+00 1.854550e+00 -1.790733e+00 2.136638e+00 1.228326e-01 1.531793e+00 3.040248e+00 2.835742e+00 -2.954351e+00
9.752000e+01 -4.567450e-01 -1.017637e+00 1.791893e+00 -1.795588e+00 1.844566e+00 -1.693669e+00 2.139795e+00 -2.738971e-04 1.514787e+00 3.031250e+00 2.747094e+00 -3.062839e+00
9.760000e+01 -4.037992e-01 -9.714968e-01 1.712685e+00 -1.879321e+00 1.827041e+00 -1.570192e+00 2.133422e+00 -1.135849e-01 1.498254e+00 3.007344e+00 2.625278e+00 -3.181637e+00
9.768000e+01 -3.498277e-01 -9.314263e-01 1.645931e+00 -1.952417e+00 1.806734e+00 -1.417893e+00 2.118498e+00 -2.145068e-01 1.482003e+00 2.973514e+00 2.478559e+00 -3.297044e+00
9.776000e+01 -2.836770e-01 -8.939405e-01 1.592240e+00 -2.042375e+00 1.787313e+00 -1.273458e+00 2.098814e+00 -2.970377e-01 1.470915e+00 2.931545e+00 2.313926e+00 -3.381603e+00
9.784000e+01 -2.187343e-01 -8.780047e-01 1.546918e+00 -2.088814e+00 1.765403e+00 -1.103541e+00 2.070573e+00 -3.561918e-01 1.460098e+00 2.882969e+00 2.133444e+00 -3.434242e+00
9.792000e+01 -1.520604e-01 -8.743961e-01 1.509199e+00 -2.097370e+00 1.743879e+00 -9.133241e-01 2.034213e+00 -3.936898e-01 1.448790e+00 2.826925e+00 1.941385e+00 -3.446251e+00
9.800000e+01 -9.533826e-02 -8.849964e-01 1.463182e+00 -2.037942e+00 1.716816e+00 -7.217267e-01 1.989488e+00 -4.145566e-01 1.437585e+00 2.753556e+00 1.739008e+00 -3.461619e+00
9.808000e+01 -3.456545e-02 -9.070857e-01 1.410905e+00 -1.940175e+00 1.687506e+00 -5.225904e-01 1.939922e+00 -4.173648e-01 1.427482e+00 2.674398e+00 1.534633e+00 -3.421191e+00
9.816000e+01 2.158092e-02 -9.381194e-01 1.332358e+00 -1.812454e+00 1.649064e+00 -3.264675e-01 1.882359e+00 -4.114172e-01 1.421626e+00 2.562917e+00 1.337352e+00 -3.400083e+00
9.824000e+01 8.877931e-02 -9.652780e-01 1.242861e+00 -1.660552e+00 1.612238e+00 -1.380056e-01 1.823623e+00 -3.845134e-01 1.415530e+00 2.452159e+00 1.148491e+00 -3.345693e+00
9.832000e+01 1.641266e-01 -1.002034e+00 1.138930e+00 -1.501693e+00 1.572852e+00 5.008779e-02 1.762403e+00 -3.442567e-01 1.410550e+00 2.329198e+00 9.662853e-01 -3.265886e+00
9.840000e+01 2.520520e-01 -1.028944e+00 1.028547e+00 -1.359936e+00 1.532762e+00 2.358923e-01 1.701274e+00 -2.912041e-01 1.408595e+00 2.200426e+00 7.906829e-01 -3.162579e+00
9.848000e+01 3.501563e-01 -1.057731e+00 9.155505e-01 -1.205246e+00 1.489118e+00 3.576272e-01 1.644510e+00 -2.314946e-01 1.414206e+00 2.053928e+00 6.311887e-01 -3.047860e+00
9.856000e+01 4.573251e-01 -1.082723e+00 8.031329e-01 -1.078772e+00 1.446862e+00 4.870129e-01 1.585893e+00 -1.645671e-01 1.423247e+00 1.898305e+00 4.820788e-01 -2.926047e+00
9.864000e+01 5.726730e-01 -1.099704e+00 6.933495e-01 -9.812314e-01 1.407576e+00 6.179616e-01 1.526116e+00 -9.617475e-02 1.432581e+00 1.741865e+00 3.474666e-01 -2.810574e+00
9.872000e+01 6.891977e-01 -1.110185e+00 5.851535e-01 -8.883018e-01 1.370707e+00 7.325600e-01 1.464256e+00 -2.750776e-02 1.442254e+00 1.580492e+00 2.314027e-01 -2.703838e+00
9.880000e+01 8.149064e-01 -1.106081e+00 4.872610e-01 -8.400924e-01 1.339608e+00 8.413780e-01 1.405037e+00 3.885216e-02 1.451659e+00 1.407341e+00 1.330687e-01 -2.581964e+00
9.888000e+01 9.328518e-01 -1.082044e+00 4.001253e-01 -7.903573e-01 1.315323e+00 9.449181e-01 1.345744e+00 1.191837e-01 1.456093e+00 1.229801e+00 5.090312e-02 -2.480300e+00
9.896000e+01 1.049049e+00 -1.036802e+00 3.283818e-01 -7.633597e-01 1.296881e+00 1.036640e+00 1.289144e+00 1.962256e-01 1.457481e+00 1.045145e+00 -1.072466e-02 -2.370398e+00
9.904000e+01 1.151709e+00 -9.492652e-01 2.728813e-01 -7.426637e-01 1.283888e+00 1.126297e+00 1.230548e+00 2.757703e-01 1.456210e+00 8.506081e-01 -5.414076e-02 -2.270644e+00
9.912000e+01 1.245843e+00 -8.650059e-01 2.317252e-01 -7.393424e-01 1.276349e+00 1.195132e+00 1.176067e+00 3.497018e-01 1.459000e+00 6.664413e-01 -7.303536e-02 -2.179668e+00
9.920000e+01 1.328458e+00 -7.713156e-01 2.104034e-01 -7.512900e-01 1.279556e+00 1.271039e+00 1.119692e+00 4.381258e-01 1.454076e+00 4.793207e-01 -7.968764e-02 -2.086368e+00
9.928000e+01 1.390046e+00 -6.594573e-01 2.081972e-01 -7.377964e-01 1.289719e+00 1.329989e+00 1.067643e+00 5.038812e-01 1.449516e+00 2.936917e-01 -7.721801e-02 -2.000258e+00
9.936000e+01 1.433649e+00 -5.729367e-01 2.233101e-01 -7.142032e-01 1.304936e+00 1.377898e+00 1.018770e+00 5.699292e-01 1.440660e+00 1.186168e-01 -6.253570e-02 -1.896814e+00
9.944000e+01 1.459468e+00 -5.092278e-01 2.475825e-01 -6.880525e-01 1.319937e+00 1.418279e+00 9.696348e-01 6.269713e-01 1.430148e+00 -6.256746e-02 -3.444462e-02 -1.787514e+00
9.952000e+01 1.469398e+00 -4.743377e-01 2.771808e-01 -6.569637e-01 1.333980e+00 1.445500e+00 9.214490e-01 6.761583e-01 1.419864e+00 -2.456224e-01 4.540692e-03 -1.672467e+00
9.960000e+01 1.468842e+00 -4.566529e-01 3.106906e-01 -6.247237e-01 1.347156e+00 1.461895e+00 8.733814e-01 7.186725e-01 1.405135e+00 -4.307366e-01 5.108286e-02 -1.538172e+00
9.968000e+01 1.458880e+00 -4.464008e-01 3.431330e-01 -5.868809e-01 1.359981e+00 1.477110e+00 8.284423e-01 7.578123e-01 1.385802e+00 -5.961036e-01 1.012867e-01 -1.401340e+00
9.976000e+01 1.445162e+00 -4.329113e-01 3.673979e-01 -5.589351e-01 1.365704e+00 1.471766e+00 7.839244e-01 7.785062e-01 1.367010e+00 -7.749117e-01 1.606500e-01 -1.253163e+00
9.984000e+01 1.432091e+00 -3.964855e-01 3.866761e-01 -5.437737e-01 1.369987e+00 1.466751e+00 7.406467e-01 7.991514e-01 1.344233e+00 -9.467484e-01 2.191269e-01 -1.100537e+00
9.992000e+01 1.425517e+00 -3.222823e-01 4.067781e-01 -5.223183e-01 1.377175e+00 1.449945e+00 7.041005e-01 8.217131e-01 1.316439e+00 -1.099498e+00 2.719646e-01 -9.181824e-01
1.000000e+02 1.425948e+00 -2.358407e-01 4.222417e-01 -5.045178e-01 1.383217e+00 1.415794e+00 6.741107e-01 8.328288e-01 1.288371e+00 -1.239448e+00 3.257542e-01 -7.329948e-01
1.000800e+02 1.431673e+00 -1.433131e-01 4.341370e-01 -4.812166e-01 1.389835e+00 1.373382e+00 6.490375e-01 8.425773e-01 1.256747e+00 -1.372886e+00 3.735428e-01 -5.439654e-01
1.001600e+02 1.442801e+00 -6.242344e-02 4.426809e-01 -4.517645e-01 1.395263e+00 1.325582e+00 6.274393e-01 8.458539e-01 1.223313e+00 -1.493489e+00 4.156287e-01 -3.526052e-01
1.002400e+02 1.456997e+00 3.744149e-02 4.545761e-01 -4.116498e-01 1.400612e+00 1.270534e+00 6.086925e-01 8.500687e-01 1.185655e+00 -1.604218e+00 4.462354e-01 -1.601511e-01
1.003200e+02 1.471862e+00 1.228465e-01 4.601819e-01 -3.762946e-01 1.403897e+00 1.209610e+00 5.904112e-01 8.509946e-01 1.147523e+00 -1.710612e+00 4.747030e-01 2.458225e-02
1.004000e+02 1.484548e+00 1.984357e-01 4.605355e-01 -3.397915e-01 1.405651e+00 1.136783e+00 5.764481e-01 8.449402e-01 1.110983e+00 -1.806862e+00 4.989676e-01 2.051233e-01
1.004800e+02 1.494611e+00 2.709680e-01 4.606547e-01 -3.006244e-01 1.405448e+00 1.051114e+00 5.664227e-01 8.355401e-01 1.075982e+00 -1.893323e+00 5.163762e-01 3.791683e-01
1.005600e+02 1.495752e+00 3.535546e-01 4.627132e-01 -2.552867e-01 1.403359e+00 9.634069e-01 5.575087e-01 8.260481e-01 1.040613e+00 -1.971472e+00 5.201076e-01 5.514264e-01
1.006400e+02 1.486661e+00 4.163969e-01 4.643126e-01 -2.075856e-01 1.400588e+00 8.737777e-01 5.514788e-01 8.151804e-01 1.006575e+00 -2.038293e+00 5.152855e-01 7.244367e-01
1.007200e+02 1.467426e+00 4.155925e-01 4.572024e-01 -1.638809e-01 1.393334e+00 7.727771e-01 5.475565e-01 7.969630e-01 9.778643e-01 -2.101660e+00 5.166274e-01 8.879654e-01
1.008000e+02 1.434848e+00 3.632413e-01 4.432297e-01 -1.139790e-01 1.382044e+00 6.642615e-01 5.448587e-01 7.740468e-01 9.530774e-01 -2.160927e+00 5.190284e-01 1.029678e+00
1.008800e+02 1.396295e+00 2.647228e-01 4.250201e-01 -6.179179e-02 1.370026e+00 5.504714e-01 5.453725e-01 7.495431e-01 9.317679e-01 -2.210678e+00 5.209671e-01 1.170462e+00
1.009600e+02 1.355526e+00 1.336635e-01 4.060084e-01 -1.039443e-02 1.355899e+00 4.251985e-01 5.483735e-01 7.235425e-01 9.142093e-01 -2.259038e+00 5.237356e-01 1.316011e+00
1.010400e+02 1.310411e+00 -1.783261e-02 3.822516e-01 4.448078e-02 1.341295e+00 2.992493e-01 5.514923e-01 6.939615e-01 8.995465e-01 -2.308100e+00 5.281305e-01 1.449414e+00
1.011200e+02 1.263611e+00 -1.887023e-01 3.548670e-01 1.007974e-01 1.325154e+00 1.605423e-01 5.587784e-01 6.626940e-01 8.884101e-01 -2.347880e+00 5.367761e-01 1.566848e+00
1.012000e+02 1.218375e+00 -3.598141e-01 3.280631e-01 1.608933e-01 1.310695e+00 2.429787e-02 5.682686e-01 6.350974e-01 8.784883e-01 -2.377518e+00 5.470245e-01 1.686291e+00
1.012800e+02 1.175818e+00 -5.210229e-01 3.010882e-01 2.186499e-01 1.297385e+00 -1.143703e-01 5.797157e-01 6.082268e-01 8.705663e-01 -2.401245e+00 5.576267e-01 1.794270e+00
1.013600e+02 1.134740e+00 -6.755875e-01 2.756919e-01 2.873012e-01 1.286801e+00 -2.612147e-01 5.954207e-01 5.816968e-01 8.661431e-01 -2.412677e+00 5.681837e-01 1.899695e+00
1.014400e+02 1.092595e+00 -8.354880e-01 2.455057e-01 3.592855e-01 1.278488e+00 -4.005573e-01 6.115349e-01 5.537467e-01 8.648482e-01 -2.421022e+00 5.817111e-01 1.991168e+00
1.015200e+02 1.056896e+00 -9.867731e-01 2.144302e-01 4.282984e-01 1.272425e+00 -5.480370e-01 6.314423e-01 5.241666e-01 8.685198e-01 -2.424165e+00 5.991350e-01 2.078096e+00
1.016000e+02 1.021492e+00 -1.138863e+00 1.794655e-01 4.998045e-01 1.265672e+00 -6.929001e-01 6.518897e-01 4.932858e-01 8.758937e-01 -2.425411e+00 6.194963e-01 2.143593e+00
1.016800e+02 9.870970e-01 -1.282109e+00 1.430497e-01 5.866905e-01 1.259764e+00 -8.382157e-01 6.743260e-01 4.638463e-01 8.859848e-01 -2.419446e+00 6.396404e-01 2.200731e+00
1.017600e+02 9.529939e-01 -1.428875e+00 1.034575e-01 6.795928e-01 1.254039e+00 -9.639614e-01 6.936642e-01 4.362875e-01 8.967527e-01 -2.411927e+00 6.572031e-01 2.243354e+00
1.018400e+02 9.220998e-01 -1.564531e+00 6.470801e-02 7.810241e-01 1.252988e+00 -1.076268e+00 7.136238e-01 4.098181e-01 9.086376e-01 -2.381661e+00 6.702228e-01 2.273656e+00
1.019200e+02 8.985858e-01 -1.707566e+00 2.443993e-02 8.743324e-01 1.256426e+00 -1.181695e+00 7.329382e-01 3.836754e-01 9.224903e-01 -2.351154e+00 6.795146e-01 2.293754e+00
1.020000e+02 8.876256e-01 -1.870246e+00 -1.667257e-02 9.656603e-01 1.263232e+00 -1.290840e+00 7.551271e-01 3.565262e-01 9.400847e-01 -2.303925e+00 6.886964e-01 2.303280e+00
1.020800e+02 8.884450e-01 -2.036773e+00 -6.117283e-02 1.068734e+00 1.272164e+00 -1.401397e+00 7.790507e-01 3.298703e-01 9.590342e-01 -2.252088e+00 6.947855e-01 2.301414e+00
1.021600e+02 8.993193e-01 -2.207855e+00 -1.102460e-01 1.180480e+00 1.284962e+00 -1.502322e+00 8.038184e-01 3.042557e-01 9.781866e-01 -2.190817e+00 6.966125e-01 2.284661e+00
1.022400e+02 9.249481e-01 -2.372422e+00 -1.613459e-01 1.290233e+00 1.299515e+00 -1.593734e+00 8.274817e-01 2.795020e-01 9.977469e-01 -2.125825e+00 6.941204e-01 2.271899e+00
1.023200e+02 9.599536e-01 -2.517006e+00 -2.134003e-01 1.419732e+00 1.316198e+00 -1.671776e+00 8.491372e-01 2.605901e-01 1.014778e+00 -2.053592e+00 6.830903e-01 2.251641e+00
1.024000e+02 1.007277e+00 -2.645115e+00 -2.599606e-01 1.559760e+00 1.336636e+00 -1.742786e+00 8.711128e-01 2.468883e-01 1.030549e+00 -1.968254e+00 6.664595e-01 2.235386e+00
1.024800e+02 1.056893e+00 -2.749280e+00 -3.053574e-01 1.702771e+00 1.358387e+00 -1.805826e+00 8.914721e-01 2.351247e-01 1.045082e+00 -1.880339e+00 6.458006e-01 2.199140e+00
1.025600e+02 1.104323e+00 -2.834733e+00 -3.482711e-01 1.855635e+00 1.381497e+00 -1.862266e+00 9.102478e-01 2.265834e-01 1.058629e+00 -1.793768e+00 6.236344e-01 2.153013e+00
1.026400e+02 1.149353e+00 -2.889488e+00 -3.854491e-01 2.012475e+00 1.405622e+00 -1.903541e+00 9.269763e-01 2.155571e-01 1.069848e+00 -1.697237e+00 5.993952e-01 2.103043e+00
1.027200e+02 1.186548e+00 -2.919729e+00 -4.141243e-01 2.172448e+00 1.432773e+00 -1.936607e+00 9.425297e-01 2.125162e-01 1.078673e+00 -1.592981e+00 5.740999e-01 2.048078e+00
1.028000e+02 1.206160e+00 -2.944866e+00 -4.398197e-01 2.347983e+00 1.460302e+00 -1.957112e+00 9.548619e-01 2.151320e-01 1.084875e+00 -1.486548e+00 5.509643e-01 1.976020e+00
1.028800e+02 1.213522e+00 -2.964608e+00 -4.612262e-01 2.519421e+00 1.488083e+00 -1.967464e+00 9.652055e-01 2.186944e-01 1.089271e+00 -1.376608e+00 5.307481e-01 1.895325e+00
1.029600e+02 1.205552e+00 -2.994337e+00 -4.825047e-01 2.697276e+00 1.514646e+00 -1.967008e+00 9.727372e-01 2.239005e-01 1.091801e+00 -1.263612e+00 5.139827e-01 1.801752e+00
1.030400e+02 1.189540e+00 -3.013981e+00 -5.007704e-01 2.862403e+00 1.541883e+00 -1.950084e+00 9.778577e-01 2.335786e-01 1.092500e+00 -1.146835e+00 4.961176e-01 1.705835e+00
1.031200e+02 1.163247e+00 -3.014725e+00 -5.172400e-01 3.018502e+00 1.569070e+00 -1.923364e+00 9.813266e-01 2.453171e-01 1.092263e+00 -1.026593e+00 4.777072e-01 1.607728e+00
1.032000e+02 1.128743e+00 -3.028151e+00 -5.396747e-01 3.162570e+00 1.595135e+00 -1.886096e+00 9.822786e-01 2.588654e-01 1.091926e+00 -9.086723e-01 4.641097e-01 1.505436e+00
1.032800e+02 1.086848e+00 -3.025157e+00 -5.641713e-01 3.294940e+00 1.623159e+00 -1.837792e+00 9.827104e-01 2.821359e-01 1.089591e+00 -7.816323e-01 4.478809e-01 1.399730e+00
1.033600e+02 1.034492e+00 -3.009623e+00 -5.938808e-01 3.425409e+00 1.651063e+00 -1.771736e+00 9.800350e-01 3.080683e-01 1.086938e+00 -6.550148e-01 4.285710e-01 1.292212e+00
1.034400e+02 9.770793e-01 -2.981317e+00 -6.287617e-01 3.532404e+00 1.678712e+00 -1.699320e+00 9.784099e-01 3.348043e-01 1.084619e+00 -5.193742e-01 4.094924e-01 1.182707e+00
1.035200e+02 9.144178e-01 -2.947769e+00 -6.700214e-01 3.634135e+00 1.703808e+00 -1.617504e+00 9.749626e-01 3.621549e-01 1.084131e+00 -3.931056e-01 3.887208e-01 1.068938e+00
1.036000e+02 8.522111e-01 -2.913521e+00 -7.134803e-01 3.716472e+00 1.727839e+00 -1.530914e+00 9.740731e-01 3.942822e-01 1.085886e+00 -2.550126e-01 3.682960e-01 9.548767e-01
1.036800e+02 7.875646e-01 -2.877360e+00 -7.569595e-01 3.801426e+00 1.747781e+00 -1.433007e+00 9.712529e-01 4.263729e-01 1.088870e+00 -1.229537e-01 3.455002e-01 8.436715e-01
1.037600e+02 7.192291e-01 -2.843140e+00 -7.968448e-01 3.873709e+00 1.763221e+00 -1.317830e+00 9.668436e-01 4.589523e-01 1.091067e+00 1.010639e-02 3.216211e-01 7.257003e-01
1.038400e+02 6.467211e-01 -2.815598e+00 -8.302708e-01 3.956467e+00 1.777118e+00 -1.202559e+00 9.619908e-01 4.974083e-01 1.093033e+00 1.384863e-01 2.959666e-01 6.201363e-01
1.039200e+02 5.715959e-01 -2.784598e+00 -8.544600e-01 4.026447e+00 1.781307e+00 -1.079977e+00 9.568319e-01 5.313473e-01 1.097631e+00 2.602066e-01 2.721006e-01 5.097084e-01
1.040000e+02 4.923952e-01 -2.754538e+00 -8.673948e-01 4.114173e+00 1.777753e+00 -9.563787e-01 9.515007e-01 5.665100e-01 1.103291e+00 3.799958e-01 2.476813e-01 4.058659e-01
1.040800e+02 4.096267e-01 -2.727097e+00 -8.673335e-01 4.192602e+00 1.768039e+00 -8.226546e-01 9.438583e-01 5.994410e-01 1.110734e+00 4.933996e-01 2.246317e-01 2.942619e-01
1.041600e+02 3.264772e-01 -2.703518e+00 -8.498634e-01 4.263430e+00 1.749909e+00 -6.819475e-01 9.380859e-01 6.318753e-01 1.120403e+00 6.094981e-01 2.040645e-01 1.879383e-01
1.042400e+02 2.476126e-01 -2.673636e+00 -8.125519e-01 4.310941e+00 1.723745e+00 -5.404004e-01 9.323657e-01 6.627321e-01 1.133200e+00 7.202083e-01 1.847611e-01 8.630651e-02
1.043200e+02 1.766782e-01 -2.663295e+00 -7.562502e-01 4.343457e+00 1.691973e+00 -4.046525e-01 9.275682e-01 6.913311e-01 1.149351e+00 8.264648e-01 1.693543e-01 -1.178033e-02
1.044000e+02 1.075858e-01 -2.646311e+00 -6.767210e-01 4.371364e+00 1.656262e+00 -2.697583e-01 9.246392e-01 7.215161e-01 1.166723e+00 9.369647e-01 1.528271e-01 -1.027777e-01
1.044800e+02 4.214861e-02 -2.634189e+00 -5.795591e-01 4.385950e+00 1.614815e+00 -1.543388e-01 9.230478e-01 7.468465e-01 1.188971e+00 1.033307e+00 1.410990e-01 -1.930308e-01
1.045600e+02 -1.945019e-02 -2.619570e+00 -4.642904e-01 4.372338e+00 1.572442e+00 -4.180398e-02 9.228854e-01 7.707178e-01 1.213823e+00 1.123926e+00 1.345086e-01 -2.752386e-01
1.046400e+02 -8.041674e-02 -2.607074e+00 -3.336981e-01 4.348397e+00 1.527938e+00 7.005768e-02 9.235290e-01 7.933944e-01 1.239906e+00 1.214498e+00 1.318319e-01 -3.604177e-01
1.047200e+02 -1.379252e-01 -2.602199e+00 -1.918504e-01 4.296765e+00 1.481218e+00 1.744028e-01 9.255489e-01 8.134317e-01 1.269300e+00 1.301139e+00 1.345740e-01 -4.454970e-01
1.048000e+02 -1.950162e-01 -2.594257e+00 -4.233555e-02 4.227867e+00 1.432164e+00 2.664320e-01 9.273025e-01 8.312995e-01 1.300398e+00 1.375270e+00 1.406611e-01 -5.297552e-01
1.048800e+02 -2.496927e-01 -2.589750e+00 1.102346e-01 4.139735e+00 1.384568e+00 3.486203e-01 9.303084e-01 8.479376e-01 1.332580e+00 1.445052e+00 1.521659e-01 -6.015568e-01
1.049600e+02 -3.019178e-01 -2.599211e+00 2.583176e-01 4.014851e+00 1.338062e+00 4.242440e-01 9.329868e-01 8.595028e-01 1.365922e+00 1.504683e+00 1.729865e-01 -6.795962e-01
1.050400e+02 -3.547517e-01 -2.601674e+00 4.035282e-01 3.885078e+00 1.295164e+00 4.934261e-01 9.369361e-01 8.713295e-01 1.398898e+00 1.560643e+00 1.973935e-01 -7.489008e-01
1.051200e+02 -4.062816e-01 -2.606249e+00 5.384579e-01 3.726784e+00 1.255259e+00 5.488043e-01 9.434039e-01 8.745197e-01 1.433956e+00 1.610501e+00 2.282363e-01 -8.200730e-01
1.052000e+02 -4.597370e-01 -2.613922e+00 6.606851e-01 3.573295e+00 1.219632e+00 6.005958e-01 9.507575e-01 8.800047e-01 1.467962e+00 1.653273e+00 2.613755e-01 -8.930613e-01
1.052800e+02 -5.140570e-01 -2.618023e+00 7.686882e-01 3.403630e+00 1.189730e+00 6.500769e-01 9.583521e-01 8.852382e-01 1.500836e+00 1.692674e+00 2.963494e-01 -9.623695e-01
1.053600e+02 -5.719234e-01 -2.623572e+00 8.589507e-01 3.234100e+00 1.165449e+00 6.922721e-01 9.658572e-01 8.883796e-01 1.532213e+00 1.724660e+00 3.328852e-01 -1.036999e+00
1.054400e+02 -6.305230e-01 -2.638904e+00 9.273104e-01 3.054674e+00 1.144110e+00 7.279520e-01 9.734136e-01 8.845474e-01 1.563537e+00 1.746022e+00 3.720531e-01 -1.113390e+00
1.055200e+02 -6.909619e-01 -2.647086e+00 9.769638e-01 2.879233e+00 1.127216e+00 7.663992e-01 9.797315e-01 8.816198e-01 1.591374e+00 1.760577e+00 4.065601e-01 -1.197442e+00
1.056000e+02 -7.579501e-01 -2.654783e+00 1.009655e+00 2.724831e+00 1.115038e+00 8.167129e-01 9.826460e-01 8.804240e-01 1.613519e+00 1.770797e+00 4.321091e-01 -1.284953e+00
1.056800e+02 -8.308814e-01 -2.652177e+00 1.025104e+00 2.584620e+00 1.106442e+00 8.624014e-01 9.840553e-01 8.753682e-01 1.632625e+00 1.773266e+00 4.498543e-01 -1.377479e+00
1.057600e+02 -9.113176e-01 -2.645772e+00 1.024614e+00 2.469415e+00 1.101560e+00 9.233015e-01 9.801695e-01 8.707345e-01 1.645490e+00 1.769238e+00 4.544985e-01 -1.471440e+00
1.058400e+02 -1.000093e+00 -2.638871e+00 1.006941e+00 2.381147e+00 1.098675e+00 9.695847e-01 9.746309e-01 8.585325e-01 1.656219e+00 1.752338e+00 4.496763e-01 -1.576326e+00
1.059200e+02 -1.093379e+00 -2.626178e+00 9.757091e-01 2.302681e+00 1.096945e+00 1.014705e+00 9.675534e-01 8.427120e-01 1.664519e+00 1.725781e+00 4.339731e-01 -1.672649e+00
1.060000e+02 -1.191732e+00 -2.605711e+00 9.359154e-01 2.251546e+00 1.094989e+00 1.054438e+00 9.597639e-01 8.240624e-01 1.669269e+00 1.696119e+00 4.064133e-01 -1.764031e+00
1.060800e+02 -1.294758e+00 -2.583166e+00 8.881389e-01 2.228115e+00 1.092977e+00 1.092725e+00 9.509796e-01 8.037499e-01 1.670320e+00 1.661718e+00 3.671220e-01 -1.836148e+00
1.061600e+02 -1.402281e+00 -2.544452e+00 8.350808e-01 2.220663e+00 1.090739e+00 1.131258e+00 9.407871e-01 7.820490e-01 1.666503e+00 1.621309e+00 3.168721e-01 -1.893713e+00
1.062400e+02 -1.505552e+00 -2.498765e+00 7.814671e-01 2.215933e+00 1.089102e+00 1.173975e+00 9.290942e-01 7.561999e-01 1.658888e+00 1.578688e+00 2.602816e-01 -1.928553e+00
1.063200e+02 -1.609277e+00 -2.465311e+00 7.262634e-01 2.230800e+00 1.087492e+00 1.221408e+00 9.133836e-01 7.278270e-01 1.646150e+00 1.529102e+00 2.028824e-01 -1.961570e+00
1.064000e+02 -1.710570e+00 -2.421998e+00 6.782518e-01 2.249221e+00 1.086282e+00 1.259419e+00 9.000394e-01 6.968915e-01 1.630657e+00 1.479885e+00 1.473557e-01 -1.976794e+00
1.064800e+02 -1.807618e+00 -2.377402e+00 6.361027e-01 2.269974e+00 1.083737e+00 1.291767e+00 8.881694e-01 6.634969e-01 1.611818e+00 1.429159e+00 9.792236e-02 -1.979168e+00
1.065600e+02 -1.902670e+00 -2.342128e+00 5.983857e-01 2.310768e+00 1.077718e+00 1.321760e+00 8.758595e-01 6.280794e-01 1.588551e+00 1.375601e+00 5.780998e-02 -1.977777e+00
1.066400e+02 -1.986825e+00 -2.297440e+00 5.730636e-01 2.343656e+00 1.071622e+00 1.358583e+00 8.634401e-01 5.941861e-01 1.559664e+00 1.327722e+00 2.613833e-02 -1.950286e+00
1.067200e+02 -2.065766e+00 -2.235483e+00 5.577517e-01 2.390641e+00 1.062769e+00 1.387155e+00 8.513152e-01 5.628926e-01 1.524785e+00 1.277524e+00 2.964014e-03 -1.918070e+00
1.068000e+02 -2.138866e+00 -2.177756e+00 5.501442e-01 2.439374e+00 1.051071e+00 1.420408e+00 8.370564e-01 5.270503e-01 1.484921e+00 1.226064e+00 -3.131811e-03 -1.872309e+00
1.068800e+02 -2.201209e+00 -2.103189e+00 5.511527e-01 2.484301e+00 1.038157e+00 1.439237e+00 8.242613e-01 4.889020e-01 1.442227e+00 1.171863e+00 1.504933e-02 -1.814819e+00
1.069600e+02 -2.248838e+00 -2.036214e+00 5.584525e-01 2.537691e+00 1.024778e+00 1.465015e+00 8.114073e-01 4.538951e-01 1.394380e+00 1.131835e+00 6.136642e-02 -1.740880e+00
1.070400e+02 -2.276838e+00 -1.964666e+00 5.734309e-01 2.564834e+00 1.013413e+00 1.474862e+00 8.060885e-01 4.162075e-01 1.345340e+00 1.102335e+00 1.402822e-01 -1.645093e+00
1.071200e+02 -2.292802e+00 -1.906768e+00 5.901531e-01 2.605794e+00 1.001147e+00 1.484947e+00 8.035930e-01 3.791851e-01 1.291795e+00 1.083017e+00 2.467221e-01 -1.543091e+00
1.072000e+02 -2.298482e+00 -1.857961e+00 6.063780e-01 2.644637e+00 9.880218e-01 1.495247e+00 8.008415e-01 3.409155e-01 1.235453e+00 1.066786e+00 3.785378e-01 -1.431621e+00
1.072800e+02 -2.292527e+00 -1.812621e+00 6.224833e-01 2.679774e+00 9.762022e-01 1.498614e+00 8.012371e-01 3.026184e-01 1.177706e+00 1.056195e+00 5.328417e-01 -1.304757e+00
1.073600e+02 -2.279539e+00 -1.758633e+00 6.334007e-01 2.704629e+00 9.646822e-01 1.488594e+00 8.037578e-01 2.605193e-01 1.119683e+00 1.044247e+00 7.060154e-01 -1.195086e+00
1.074400e+02 -2.262527e+00 -1.690356e+00 6.399757e-01 2.743629e+00 9.543683e-01 1.474462e+00 8.071743e-01 2.206023e-01 1.059370e+00 1.037791e+00 8.853905e-01 -1.084488e+00
1.075200e+02 -2.238102e+00 -1.636064e+00 6.404905e-01 2.779989e+00 9.471154e-01 1.446646e+00 8.141177e-01 1.800223e-01 1.000603e+00 1.033447e+00 1.070987e+00 -9.442079e-01
1.076000e+02 -2.208914e+00 -1.593886e+00 6.334535e-01 2.826557e+00 9.452856e-01 1.412216e+00 8.248624e-01 1.413241e-01 9.432102e-01 1.039396e+00 1.256061e+00 -7.900710e-01
1.076800e+02 -2.181233e+00 -1.554844e+00 6.164909e-01 2.886559e+00 9.467320e-01 1.369086e+00 8.374667e-01 1.009044e-01 8.868368e-01 1.043917e+00 1.438233e+00 -6.403278e-01
1.077600e+02 -2.159366e+00 -1.517178e+00 5.864033e-01 2.959595e+00 9.498948e-01 1.316083e+00 8.494166e-01 5.646644e-02 8.320789e-01 1.037542e+00 1.614187e+00 -5.102182e-01
1.078400e+02 -2.138550e+00 -1.476709e+00 5.505610e-01 3.051881e+00 9.614591e-01 1.259717e+00 8.652970e-01 1.608530e-02 7.799689e-01 1.048514e+00 1.776309e+00 -3.593900e-01
1.079200e+02 -2.125097e+00 -1.413288e+00 5.065760e-01 3.165926e+00 9.788725e-01 1.189755e+00 8.824017e-01 -2.577186e-02 7.290293e-01 1.053307e+00 1.922705e+00 -2.332057e-01
1.080000e+02 -2.117001e+00 -1.348807e+00 4.511521e-01 3.304136e+00 1.005086e+00 1.124387e+00 9.008592e-01 -6.470807e-02 6.795117e-01 1.062121e+00 2.051699e+00 -1.247477e-01
1.080800e+02 -2.117017e+00 -1.296627e+00 3.822775e-01 3.469878e+00 1.035193e+00 1.051825e+00 9.180805e-01 -1.071716e-01 6.323141e-01 1.057571e+00 2.165202e+00 -4.097601e-02
1.081600e+02 -2.121108e+00 -1.236785e+00 3.073735e-01 3.649063e+00 1.073401e+00 9.754330e-01 9.367247e-01 -1.509476e-01 5.897573e-01 1.055679e+00 2.259959e+00 3.123082e-02
1.082400e+02 -2.134126e+00 -1.169808e+00 2.225321e-01 3.850912e+00 1.116133e+00 8.956726e-01 9.535142e-01 -1.953149e-01 5.503632e-01 1.044870e+00 2.334298e+00 5.784420e-02
1.083200e+02 -2.153546e+00 -1.104812e+00 1.292203e-01 4.083113e+00 1.162670e+00 8.104570e-01 9.703061e-01 -2.386884e-01 5.155652e-01 1.031551e+00 2.385067e+00 6.487272e-02
1.084000e+02 -2.173587e+00 -1.035091e+00 3.303583e-02 4.310616e+00 1.215241e+00 7.274765e-01 9.875816e-01 -2.803678e-01 4.853900e-01 1.015484e+00 2.412966e+00 5.419092e-02
1.084800e+02 -2.194156e+00 -9.613520e-01 -6.679926e-02 4.538637e+00 1.272114e+00 6.546112e-01 1.003484e+00 -3.209829e-01 4.596342e-01 9.928236e-01 2.416382e+00 1.955023e-02
1.085600e+02 -2.216656e+00 -8.832894e-01 -1.667912e-01 4.780054e+00 1.332252e+00 5.836582e-01 1.018859e+00 -3.597454e-01 4.390093e-01 9.676394e-01 2.397077e+00 -3.204999e-02
1.086400e+02 -2.234743e+00 -7.940771e-01 -2.674201e-01 5.000823e+00 1.392883e+00 5.023019e-01 1.035526e+00 -4.026484e-01 4.264092e-01 9.282570e-01 2.361856e+00 -9.564339e-02
1.087200e+02 -2.246403e+00 -6.880942e-01 -3.691866e-01 5.197489e+00 1.451065e+00 4.249128e-01 1.051330e+00 -4.455851e-01 4.217568e-01 8.788452e-01 2.310652e+00 -1.698097e-01
1.088000e+02 -2.262072e+00 -5.747455e-01 -4.731151e-01 5.395119e+00 1.506108e+00 3.563325e-01 1.061692e+00 -4.876283e-01 4.207149e-01 8.155141e-01 2.242835e+00 -2.916518e-01
1.088800e+02 -2.268860e+00 -4.523618e-01 -5.681742e-01 5.560704e+00 1.559329e+00 2.988318e-01 1.067953e+00 -5.282004e-01 4.235693e-01 7.435895e-01 2.158840e+00 -4.157811e-01
1.089600e+02 -2.267528e+00 -3.167413e-01 -6.547287e-01 5.698823e+00 1.606278e+00 2.409018e-01 1.071787e+00 -5.705846e-01 4.337841e-01 6.571580e-01 2.063412e+00 -5.442846e-01
1.090400e+02 -2.260193e+00 -1.744308e-01 -7.232107e-01 5.825020e+00 1.649699e+00 1.865065e-01 1.073215e+00 -6.081102e-01 4.508385e-01 5.711171e-01 1.954904e+00 -6.752794e-01
1.091200e+02 -2.248209e+00 -1.744958e-02 -7.666883e-01 5.923418e+00 1.687745e+00 1.339672e-01 1.074427e+00 -6.437108e-01 4.739808e-01 4.878134e-01 1.836463e+00 -8.247222e-01
1.092000e+02 -2.224456e+00 1.435089e-01 -7.823142e-01 5.995321e+00 1.721344e+00 8.989499e-02 1.074683e+00 -6.759823e-01 5.006361e-01 4.017046e-01 1.713423e+00 -9.586199e-01
1.092800e+02 -2.194447e+00 3.038283e-01 -7.697103e-01 6.032852e+00 1.746865e+00 5.263942e-02 1.072223e+00 -7.134541e-01 5.308719e-01 3.083304e-01 1.586975e+00 -1.107782e+00
1.093600e+02 -2.156926e+00 4.635156e-01 -7.174518e-01 6.054120e+00 1.770944e+00 2.623996e-02 1.068516e+00 -7.377096e-01 5.612388e-01 2.193411e-01 1.454619e+00 -1.226043e+00
1.094400e+02 -2.113719e+00 6.312886e-01 -6.220640e-01 6.044530e+00 1.791256e+00 9.521974e-04 1.063155e+00 -7.586616e-01 5.925473e-01 1.287748e-01 1.321947e+00 -1.343139e+00
1.095200e+02 -2.065601e+00 8.007063e-01 -4.844237e-01 5.989323e+00 1.808919e+00 7.837480e-03 1.050751e+00 -7.711459e-01 6.203794e-01 3.820014e-02 1.186796e+00 -1.452500e+00
1.096000e+02 -2.007566e+00 9.689839e-01 -3.112011e-01 5.874060e+00 1.823951e+00 -9.082959e-03 1.041899e+00 -7.869099e-01 6.531402e-01 -5.442804e-02 1.062058e+00 -1.549315e+00
1.096800e+02 -1.947746e+00 1.147831e+00 -1.076377e-01 5.726897e+00 1.828295e+00 -1.219427e-02 1.029611e+00 -7.981270e-01 6.842015e-01 -1.490134e-01 9.421964e-01 -1.659684e+00
1.097600e+02 -1.878302e+00 1.305899e+00 1.256597e-01 5.512593e+00 1.821006e+00 -1.534588e-02 1.016948e+00 -8.077351e-01 7.169217e-01 -2.457868e-01 8.367047e-01 -1.762804e+00
1.098400e+02 -1.810644e+00 1.462187e+00 3.770306e-01 5.292505e+00 1.798773e+00 -4.028454e-03 9.985110e-01 -8.102451e-01 7.439682e-01 -3.437546e-01 7.374780e-01 -1.875925e+00
1.099200e+02 -1.746424e+00 1.617310e+00 6.405769e-01 5.063245e+00 1.763191e+00 1.284094e-02 9.754491e-01 -8.056604e-01 7.648448e-01 -4.440944e-01 6.451542e-01 -1.977150e+00
1.100000e+02 -1.680087e+00 1.722459e+00 8.909724e-01 4.783775e+00 1.710955e+00 1.915862e-02 9.512900e-01 -8.049542e-01 7.860057e-01 -5.505658e-01 5.752046e-01 -2.076694e+00
1.100800e+02 -1.625427e+00 1.838887e+00 1.127656e+00 4.524453e+00 1.645922e+00 2.516508e-02 9.242427e-01 -7.938694e-01 7.990639e-01 -6.537836e-01 5.084468e-01 -2.165377e+00
1.101600e+02 -1.577146e+00 1.930064e+00 1.337190e+00 4.279277e+00 1.570540e+00 3.003800e-02 8.926038e-01 -7.813883e-01 8.065591e-01 -7.567123e-01 4.505332e-01 -2.236317e+00
1.102400e+02 -1.537724e+00 2.031826e+00 1.518473e+00 4.060420e+00 1.490832e+00 3.393311e-02 8.602525e-01 -7.557727e-01 8.079449e-01 -8.451730e-01 3.900430e-01 -2.284761e+00
1.103200e+02 -1.506062e+00 2.105541e+00 1.654595e+00 3.877777e+00 1.407472e+00 3.272277e-02 8.262372e-01 -7.286670e-01 8.043613e-01 -9.362187e-01 3.336634e-01 -2.317742e+00
1.104000e+02 -1.477206e+00 2.168575e+00 1.744728e+00 3.724301e+00 1.319395e+00 -1.881601e-03 7.960560e-01 -7.160296e-01 8.039722e-01 -1.030525e+00 2.865154e-01 -2.334931e+00
1.104800e+02 -1.460034e+00 2.234801e+00 1.790608e+00 3.614541e+00 1.233123e+00 -3.314149e-02 7.620324e-01 -6.901674e-01 7.978978e-01 -1.127087e+00 2.341187e-01 -2.353272e+00
1.105600e+02 -1.447134e+00 2.280959e+00 1.792092e+00 3.534600e+00 1.157720e+00 -7.351872e-02 7.324926e-01 -6.528768e-01 7.873475e-01 -1.206771e+00 1.793871e-01 -2.348699e+00
1.106400e+02 -1.438002e+00 2.309431e+00 1.745701e+00 3.492626e+00 1.091027e+00 -1.268946e-01 7.053530e-01 -6.170011e-01 7.725253e-01 -1.287582e+00 1.221834e-01 -2.339293e+00
1.107200e+02 -1.436463e+00 2.338503e+00 1.658006e+00 3.495530e+00 1.037969e+00 -1.790411e-01 6.787020e-01 -5.690595e-01 7.505006e-01 -1.366218e+00 5.927176e-02 -2.330809e+00
1.108000e+02 -1.444898e+00 2.356949e+00 1.533939e+00 3.553138e+00 9.986055e-01 -2.360577e-01 6.554970e-01 -5.234605e-01 7.247671e-01 -1.439433e+00 -8.607433e-03 -2.317297e+00
1.108800e+02 -1.455113e+00 2.362474e+00 1.374775e+00 3.632485e+00 9.715975e-01 -3.097012e-01 6.358985e-01 -4.850270e-01 7.006702e-01 -1.511075e+00 -7.439640e-02 -2.303546e+00
1.109600e+02 -1.469975e+00 2.368974e+00 1.190174e+00 3.734883e+00 9.621410e-01 -3.838479e-01 6.186706e-01 -4.416174e-01 6.744253e-01 -1.573076e+00 -1.421047e-01 -2.296231e+00
1.110400e+02 -1.482853e+00 2.370177e+00 9.822578e-01 3.835951e+00 9.634559e-01 -4.579741e-01 6.034869e-01 -3.995856e-01 6.485932e-01 -1.635766e+00 -2.054497e-01 -2.284136e+00
1.111200e+02 -1.496704e+00 2.350214e+00 7.521437e-01 3.933864e+00 9.745041e-01 -5.359835e-01 5.904523e-01 -3.529352e-01 6.224378e-01 -1.699899e+00 -2.596864e-01 -2.280565e+00
1.112000e+02 -1.510778e+00 2.356739e+00 5.133761e-01 4.025813e+00 9.953692e-01 -6.116462e-01 5.813196e-01 -3.087222e-01 5.964231e-01 -1.755605e+00 -3.128701e-01 -2.270077e+00
1.112800e+02 -1.527124e+00 2.358054e+00 2.656745e-01 4.118384e+00 1.021351e+00 -6.881327e-01 5.726602e-01 -2.667118e-01 5.705157e-01 -1.810611e+00 -3.593528e-01 -2.275931e+00
1.113600e+02 -1.547351e+00 2.353582e+00 1.758888e-02 4.227905e+00 1.052603e+00 -7.752032e-01 5.645272e-01 -2.246113e-01 5.437755e-01 -1.869664e+00 -3.999092e-01 -2.287221e+00
1.114400e+02 -1.570990e+00 2.342299e+00 -2.289561e-01 4.345727e+00 1.089207e+00 -8.562799e-01 5.551242e-01 -1.821184e-01 5.142708e-01 -1.927546e+00 -4.334271e-01 -2.295297e+00
1.115200e+02 -1.589520e+00 2.302326e+00 -4.716403e-01 4.418510e+00 1.129599e+00 -9.424652e-01 5.479074e-01 -1.405216e-01 4.857412e-01 -1.981731e+00 -4.511694e-01 -2.301504e+00
1.116000e+02 -1.602906e+00 2.256725e+00 -6.979793e-01 4.439575e+00 1.170949e+00 -1.045667e+00 5.451237e-01 -1.065461e-01 4.611828e-01 -2.031624e+00 -4.528125e-01 -2.307821e+00
1.116800e+02 -1.620388e+00 2.220804e+00 -8.877959e-01 4.434277e+00 1.213523e+00 -1.142016e+00 5.415618e-01 -6.799278e-02 4.354012e-01 -2.084569e+00 -4.464891e-01 -2.307201e+00
1.117600e+02 -1.634258e+00 2.168471e+00 -1.025672e+00 4.376828e+00 1.258001e+00 -1.237041e+00 5.414306e-01 -3.183839e-02 4.127801e-01 -2.127735e+00 -4.260412e-01 -2.291513e+00
1.118400e+02 -1.644975e+00 2.110990e+00 -1.101245e+00 4.276377e+00 1.302610e+00 -1.336267e+00 5.438552e-01 1.496219e-03 3.921003e-01 -2.168158e+00 -3.953495e-01 -2.270680e+00
1.119200e+02 -1.653294e+00 2.058387e+00 -1.116282e+00 4.129079e+00 1.345880e+00 -1.440345e+00 5.488437e-01 2.956937e-02 3.756055e-01 -2.208155e+00 -3.528348e-01 -2.255762e+00
1.120000e+02 -1.659794e+00 2.012054e+00 -1.076939e+00 3.975802e+00 1.391850e+00 -1.546496e+00 5.575398e-01 6.997792e-02 3.582475e-01 -2.241171e+00 -3.038887e-01 -2.218711e+00
1.120800e+02 -1.663713e+00 1.967165e+00 -1.009328e+00 3.807273e+00 1.436435e+00 -1.648717e+00 5.688174e-01 1.014377e-01 3.445860e-01 -2.269621e+00 -2.474142e-01 -2.179452e+00
1.121600e+02 -1.672110e+00 1.916066e+00 -9.192658e-01 3.621013e+00 1.477504e+00 -1.751148e+00 5.794713e-01 1.290092e-01 3.340791e-01 -2.302463e+00 -1.871155e-01 -2.149332e+00
1.122400e+02 -1.693284e+00 1.854408e+00 -8.118936e-01 3.487893e+00 1.518299e+00 -1.846475e+00 5.907037e-01 1.619903e-01 3.230469e-01 -2.319772e+00 -1.284457e-01 -2.107623e+00
1.123200e+02 -1.732672e+00 1.784164e+00 -6.903932e-01 3.413302e+00 1.556243e+00 -1.938836e+00 6.001969e-01 1.966514e-01 3.107624e-01 -2.331162e+00 -7.238275e-02 -2.069592e+00
1.124000e+02 -1.776689e+00 1.696439e+00 -5.728122e-01 3.343404e+00 1.589569e+00 -2.040021e+00 6.114249e-01 2.251128e-01 3.040733e-01 -2.339989e+00 -1.020723e-02 -2.032481e+00
1.124800e+02 -1.837399e+00 1.600035e+00 -4.563332e-01 3.311580e+00 1.620492e+00 -2.127426e+00 6.194661e-01 2.572475e-01 2.966793e-01 -2.345444e+00 4.730756e-02 -2.006033e+00
1.125600e+02 -1.895724e+00 1.489321e+00 -3.445950e-01 3.262904e+00 1.649488e+00 -2.230418e+00 6.312772e-01 2.823220e-01 2.990193e-01 -2.345627e+00 1.116864e-01 -1.963223e+00
1.126400e+02 -1.970034e+00 1.382586e+00 -2.309332e-01 3.250400e+00 1.677744e+00 -2.318080e+00 6.406304e-01 3.124734e-01 3.024636e-01 -2.343181e+00 1.712563e-01 -1.931226e+00
1.127200e+02 -2.042946e+00 1.288954e+00 -1.065089e-01 3.208764e+00 1.703154e+00 -2.409771e+00 6.512045e-01 3.344516e-01 3.149368e-01 -2.340102e+00 2.351622e-01 -1.903448e+00
1.128000e+02 -2.121337e+00 1.168487e+00 3.082384e-02 3.199169e+00 1.725495e+00 -2.491306e+00 6.602344e-01 3.559772e-01 3.314160e-01 -2.336730e+00 2.978508e-01 -1.886672e+00
1.128800e+02 -2.191419e+00 1.036112e+00 1.894433e-01 3.128741e+00 1.743855e+00 -2.566959e+00 6.698645e-01 3.706239e-01 3.571141e-01 -2.333408e+00 3.637643e-01 -1.882048e+00
1.129600e+02 -2.262188e+00 8.951261e-01 3.699434e-01 3.030851e+00 1.756739e+00 -2.637563e+00 6.808127e-01 3.834107e-01 3.898422e-01 -2.328835e+00 4.253191e-01 -1.888076e+00
1.130400e+02 -2.316106e+00 7.834024e-01 5.728774e-01 2.820599e+00 1.759157e+00 -2.737706e+00 7.026294e-01 3.829309e-01 4.395681e-01 -2.326341e+00 4.913663e-01 -1.910923e+00
1.131200e+02 -2.374125e+00 6.714952e-01 8.087102e-01 2.555312e+00 1.751510e+00 -2.798796e+00 7.243547e-01 3.903956e-01 4.914031e-01 -2.319240e+00 5.466398e-01 -1.949257e+00
1.132000e+02 -2.425974e+00 5.682120e-01 1.073381e+00 2.208989e+00 1.734881e+00 -2.857476e+00 7.478193e-01 3.897928e-01 5.526497e-01 -2.319035e+00 5.986691e-01 -2.016358e+00
1.132800e+02 -2.489756e+00 4.625202e-01 1.343932e+00 1.914683e+00 1.712398e+00 -2.893494e+00 7.690968e-01 3.998628e-01 6.119477e-01 -2.316828e+00 6.380385e-01 -2.094393e+00
1.133600e+02 -2.568464e+00 3.356564e-01 1.597301e+00 1.703253e+00 1.682237e+00 -2.903078e+00 7.841134e-01 4.145543e-01 6.673301e-01 -2.313143e+00 6.672603e-01 -2.218404e+00
1.134400e+02 -2.656434e+00 1.981320e-01 1.820073e+00 1.581727e+00 1.647988e+00 -2.895851e+00 7.975633e-01 4.360705e-01 7.199396e-01 -2.292842e+00 6.912951e-01 -2.364991e+00
1.135200e+02 -2.743805e+00 8.154873e-02 2.007989e+00 1.480594e+00 1.608045e+00 -2.883472e+00 8.082957e-01 4.572491e-01 7.735706e-01 -2.273824e+00 7.161698e-01 -2.536044e+00
1.136000e+02 -2.837949e+00 -4.874317e-02 2.167291e+00 1.393195e+00 1.562609e+00 -2.849757e+00 8.140065e-01 4.819520e-01 8.239361e-01 -2.255945e+00 7.439438e-01 -2.744699e+00
1.136800e+02 -2.926443e+00 -1.647515e-01 2.302351e+00 1.322902e+00 1.518020e+00 -2.805347e+00 8.205983e-01 5.192622e-01 8.716310e-01 -2.222474e+00 7.708352e-01 -2.965561e+00
1.137600e+02 -3.011656e+00 -2.720144e-01 2.406814e+00 1.272035e+00 1.471558e+00 -2.745322e+00 8.226275e-01 5.579219e-01 9.170241e-01 -2.187231e+00 8.006953e-01 -3.205824e+00
1.138400e+02 -3.092418e+00 -3.631676e-01 2.478906e+00 1.236828e+00 1.422856e+00 -2.670938e+00 8.182609e-01 5.987260e-01 9.595279e-01 -2.165763e+00 8.323559e-01 -3.471854e+00
1.139200e+02 -3.163946e+00 -4.432533e-01 2.520748e+00 1.212664e+00 1.377236e+00 -2.579128e+00 8.135156e-01 6.460680e-01 9.995920e-01 -2.130044e+00 8.625991e-01 -3.747773e+00
1.140000e+02 -3.224206e+00 -5.516632e-01 2.530895e+00 1.189593e+00 1.333597e+00 -2.472080e+00 8.067896e-01 6.957142e-01 1.036955e+00 -2.092049e+00 8.882697e-01 -4.032181e+00
1.140800e+02 -3.274290e+00 -6.225688e-01 2.513602e+00 1.159991e+00 1.291205e+00 -2.369412e+00 8.012682e-01 7.465539e-01 1.075244e+00 -2.052900e+00 8.955490e-01 -4.338973e+00
1.141600e+02 -3.307360e+00 -6.711143e-01 2.467145e+00 1.115810e+00 1.252143e+00 -2.256600e+00 7.971729e-01 8.011412e-01 1.114703e+00 -2.011314e+00 8.863067e-01 -4.648711e+00
1.142400e+02 -3.319579e+00 -7.074926e-01 2.395667e+00 1.061949e+00 1.217755e+00 -2.139669e+00 7.944378e-01 8.576701e-01 1.155784e+00 -1.971961e+00 8.560109e-01 -4.968609e+00
1.143200e+02 -3.310064e+00 -7.934051e-01 2.294667e+00 1.006970e+00 1.186774e+00 -2.009783e+00 7.913542e-01 9.145964e-01 1.199512e+00 -1.937031e+00 8.088174e-01 -5.293601e+00
1.144000e+02 -3.262494e+00 -8.445379e-01 2.175448e+00 9.367593e-01 1.164444e+00 -1.874748e+00 7.925365e-01 9.767680e-01 1.245996e+00 -1.899006e+00 7.298144e-01 -5.598183e+00
1.144800e+02 -3.185602e+00 -8.773235e-01 2.040126e+00 8.564158e-01 1.147386e+00 -1.728926e+00 7.940514e-01 1.044555e+00 1.293298e+00 -1.866447e+00 6.250948e-01 -5.903718e+00
1.145600e+02 -3.081989e+00 -9.176046e-01 1.885517e+00 8.001298e-01 1.136026e+00 -1.583306e+00 7.942650e-01 1.114687e+00 1.341575e+00 -1.855011e+00 4.979802e-01 -6.181838e+00
1.146400e+02 -2.945493e+00 -9.823917e-01 1.709092e+00 7.257144e-01 1.125008e+00 -1.447094e+00 8.010993e-01 1.172521e+00 1.393604e+00 -1.833935e+00 3.660180e-01 -6.456007e+00
1.147200e+02 -2.791657e+00 -1.021238e+00 1.530847e+00 6.795172e-01 1.126460e+00 -1.301470e+00 8.101296e-01 1.244205e+00 1.436786e+00 -1.823497e+00 2.056713e-01 -6.697933e+00
1.148000e+02 -2.627640e+00 -1.089645e+00 1.332948e+00 6.281751e-01 1.129544e+00 -1.147584e+00 8.138998e-01 1.311923e+00 1.475027e+00 -1.832020e+00 3.236707e-02 -6.954365e+00
1.148800e+02 -2.443492e+00 -1.167276e+00 1.136644e+00 5.621668e-01 1.148109e+00 -1.004629e+00 8.256012e-01 1.384125e+00 1.505534e+00 -1.841401e+00 -1.478481e-01 -7.131705e+00
1.149600e+02 -2.264913e+00 -1.250979e+00 9.296009e-01 4.774336e-01 1.166275e+00 -8.602761e-01 8.343070e-01 1.450278e+00 1.526154e+00 -1.887245e+00 -3.358320e-01 -7.357529e+00
1.150400e+02 -2.096032e+00 -1.329430e+00 7.267228e-01 4.167897e-01 1.190746e+00 -7.025329e-01 8.444986e-01 1.521782e+00 1.530222e+00 -1.940658e+00 -5.287741e-01 -7.545527e+00
1.151200e+02 -1.935767e+00 -1.414992e+00 5.278397e-01 3.729303e-01 1.222390e+00 -5.378419e-01 8.543895e-01 1.596288e+00 1.511348e+00 -2.020239e+00 -7.382780e-01 -7.657367e+00
1.152000e+02 -1.783207e+00 -1.490221e+00 3.341070e-01 3.277068e-01 1.256620e+00 -3.658418e-01 8.609946e-01 1.668684e+00 1.464636e+00 -2.136600e+00 -9.762948e-01 -7.714070e+00
1.152800e+02 -1.630457e+00 -1.586846e+00 1.456633e-01 2.709455e-01 1.300562e+00 -2.045766e-01 8.778625e-01 1.748029e+00 1.382809e+00 -2.229738e+00 -1.241237e+00 -7.726757e+00
1.153600e+02 -1.473667e+00 -1.714377e+00 -4.594838e-02 2.039947e-01 1.346304e+00 -4.060575e-02 8.907994e-01 1.816196e+00 1.256245e+00 -2.371331e+00 -1.529571e+00 -7.669231e+00
1.154400e+02 -1.320792e+00 -1.817143e+00 -2.257671e-01 1.352033e-01 1.401405e+00 1.224995e-01 9.105356e-01 1.884011e+00 1.078154e+00 -2.501470e+00 -1.834614e+00 -7.535956e+00
1.155200e+02 -1.179018e+00 -1.929298e+00 -4.043873e-01 6.873911e-02 1.461746e+00 2.782184e-01 9.357185e-01 1.944497e+00 8.490779e-01 -2.595876e+00 -2.152519e+00 -7.427155e+00
1.156000e+02 -1.030702e+00 -2.042353e+00 -5.696139e-01 -9.358406e-03 1.534444e+00 4.188160e-01 9.705606e-01 2.002625e+00 5.692704e-01 -2.635469e+00 -2.468468e+00 -7.270463e+00
1.156800e+02 -8.913329e-01 -2.124670e+00 -7.195745e-01 -1.031100e-01 1.617754e+00 5.532839e-01 1.017666e+00 2.058204e+00 2.608883e-01 -2.551832e+00 -2.773047e+00 -7.167635e+00
1.157600e+02 -7.573316e-01 -2.184386e+00 -8.542857e-01 -1.962080e-01 1.708066e+00 6.692181e-01 1.069990e+00 2.106790e+00 -3.777292e-02 -2.401499e+00 -3.056547e+00 -7.095442e+00
1.158400e+02 -6.179179e-01 -2.237263e+00 -9.581895e-01 -3.038251e-01 1.814562e+00 7.746554e-01 1.140282e+00 2.163945e+00 -2.560827e-01 -2.103278e+00 -3.296656e+00 -7.014355e+00
1.159200e+02 -4.822516e-01 -2.288668e+00 -1.030319e+00 -4.184587e-01 1.935053e+00 8.744504e-01 1.227113e+00 2.231356e+00 -3.561014e-01 -1.697827e+00 -3.483572e+00 -6.975295e+00
1.160000e+02 -3.634055e-01 -2.341472e+00 -1.076487e+00 -5.383342e-01 2.056695e+00 9.527841e-01 1.318871e+00 2.299227e+00 -3.296385e-01 -1.307886e+00 -3.594825e+00 -6.988158e+00
1.160800e+02 -2.101234e-01 -2.435715e+00 -1.059022e+00 -6.705899e-01 2.208758e+00 1.033684e+00 1.433332e+00 2.405968e+00 -2.172697e-01 -8.906474e-01 -3.629588e+00 -6.773266e+00
1.161600e+02 -9.619034e-02 -2.516411e+00 -1.034162e+00 -8.012907e-01 2.339271e+00 1.085061e+00 1.528809e+00 2.483071e+00 -4.393738e-02 -5.979513e-01 -3.553081e+00 -6.681845e+00
1.162400e+02 1.408883e-03 -2.599770e+00 -9.850906e-01 -9.419256e-01 2.459148e+00 1.120774e+00 1.610065e+00 2.558791e+00 1.481842e-01 -4.055025e-01 -3.363319e+00 -6.608634e+00
1.163200e+02 7.130758e-02 -2.689696e+00 -9.191087e-01 -1.089221e+00 2.563902e+00 1.148232e+00 1.672297e+00 2.640745e+00 3.363966e-01 -2.843008e-01 -3.089462e+00 -6.679925e+00
1.164000e+02 1.423656e-01 -2.781924e+00 -8.166506e-01 -1.234316e+00 2.664752e+00 1.165662e+00 1.728833e+00 2.729038e+00 5.133072e-01 -1.761915e-01 -2.732429e+00 -6.710518e+00
1.164800e+02 1.819395e-01 -2.897512e+00 -7.138218e-01 -1.379952e+00 2.738582e+00 1.152657e+00 1.766929e+00 2.799803e+00 6.814204e-01 -1.429821e-01 -2.275733e+00 -6.774886e+00
1.165600e+02 1.888316e-01 -3.017117e+00 -6.174743e-01 -1.525892e+00 2.782225e+00 1.127494e+00 1.786287e+00 2.852352e+00 8.304211e-01 -1.861880e-01 -1.691413e+00 -6.837638e+00
1.166400e+02 1.627321e-01 -3.121144e+00 -5.326587e-01 -1.682490e+00 2.797723e+00 1.084771e+00 1.790708e+00 2.889438e+00 9.497722e-01 -2.983603e-01 -9.991467e-01 -6.912186e+00
1.167200e+02 1.203679e-01 -3.226979e+00 -4.564897e-01 -1.842951e+00 2.794015e+00 1.030707e+00 1.787954e+00 2.919265e+00 1.026249e+00 -4.545634e-01 -2.848739e-01 -6.963702e+00
1.168000e+02 6.772682e-02 -3.396609e+00 -3.971087e-01 -2.011741e+00 2.776783e+00 9.616381e-01 1.784025e+00 2.943016e+00 1.053825e+00 -6.279025e-01 5.191958e-01 -6.785536e+00
1.168800e+02 -1.138580e-02 -3.546712e+00 -3.619860e-01 -2.180646e+00 2.741103e+00 8.806715e-01 1.772013e+00 2.962526e+00 1.032745e+00 -8.270629e-01 1.381661e+00 -6.527319e+00
1.169600e+02 -9.881500e-02 -3.707524e+00 -3.386847e-01 -2.342748e+00 2.701846e+00 7.731872e-01 1.771785e+00 2.978319e+00 9.636123e-01 -1.008267e+00 2.225706e+00 -6.203513e+00
1.170400e+02 -1.844716e-01 -3.876530e+00 -3.266175e-01 -2.498491e+00 2.653113e+00 6.682586e-01 1.773424e+00 2.993879e+00 8.518467e-01 -1.186928e+00 3.001595e+00 -5.840754e+00
1.171200e+02 -2.800799e-01 -4.062591e+00 -3.292138e-01 -2.642019e+00 2.599369e+00 5.626674e-01 1.778659e+00 3.006780e+00 7.105788e-01 -1.335876e+00 3.655736e+00 -5.518327e+00
1.172000e+02 -3.598602e-01 -4.277288e+00 -3.261436e-01 -2.776228e+00 2.557173e+00 4.625289e-01 1.798704e+00 3.032997e+00 5.511946e-01 -1.417494e+00 4.154032e+00 -5.157118e+00
1.172800e+02 -4.694148e-01 -4.503252e+00 -3.457378e-01 -2.897659e+00 2.505401e+00 3.549999e-01 1.818173e+00 3.042492e+00 3.988310e-01 -1.489972e+00 4.529772e+00 -4.908360e+00
1.173600e+02 -6.200508e-01 -4.701908e+00 -3.904068e-01 -2.984455e+00 2.441363e+00 2.399116e-01 1.836583e+00 3.033042e+00 2.632133e-01 -1.564836e+00 4.820642e+00 -4.797328e+00
1.174400e+02 -8.001529e-01 -4.855658e+00 -4.516833e-01 -3.048482e+00 2.366785e+00 1.275906e-01 1.854001e+00 3.007291e+00 1.509112e-01 -1.661404e+00 5.019004e+00 -4.772625e+00
1.175200e+02 -9.792905e-01 -4.968638e+00 -5.032252e-01 -3.080526e+00 2.300412e+00 3.610695e-02 1.882859e+00 2.988118e+00 5.554089e-02 -1.717106e+00 5.117208e+00 -4.768233e+00
1.176000e+02 -1.154106e+00 -5.064838e+00 -5.401186e-01 -3.096651e+00 2.244254e+00 -4.751342e-02 1.919685e+00 2.969271e+00 -1.948294e-02 -1.759686e+00 5.109047e+00 -4.726775e+00
1.176800e+02 -1.345553e+00 -5.152827e+00 -5.790667e-01 -3.116970e+00 2.181502e+00 -1.237311e-01 1.950259e+00 2.928883e+00 -7.077945e-02 -1.836167e+00 5.054757e+00 -4.734639e+00
1.177600e+02 -1.548087e+00 -5.229085e+00 -6.110124e-01 -3.109139e+00 2.117182e+00 -1.791402e-01 1.976831e+00 2.877864e+00 -1.059359e-01 -1.928731e+00 4.951349e+00 -4.875627e+00
1.178400e+02 -1.736330e+00 -5.266761e+00 -6.119727e-01 -3.082936e+00 2.067525e+00 -2.009181e-01 2.011039e+00 2.822104e+00 -1.360165e-01 -1.977784e+00 4.744756e+00 -5.215212e+00
1.179200e+02 -1.926093e+00 -5.297748e+00 -5.961886e-01 -3.053746e+00 2.025329e+00 -2.073550e-01 2.041635e+00 2.763732e+00 -1.593327e-01 -2.004511e+00 4.474034e+00 -5.738534e+00
1.180000e+02 -2.124224e+00 -5.315190e+00 -5.729388e-01 -3.014426e+00 1.982508e+00 -1.958920e-01 2.066310e+00 2.681073e+00 -1.768898e-01 -2.024116e+00 4.212336e+00 -6.181820e+00
1.180800e+02 -2.334494e+00 -5.336542e+00 -5.548212e-01 -2.958149e+00 1.935057e+00 -1.701399e-01 2.080562e+00 2.581671e+00 -1.973177e-01 -2.065293e+00 3.928966e+00 -6.686041e+00
1.181600e+02 -2.518415e+00 -5.347224e+00 -5.163410e-01 -2.894128e+00 1.903582e+00 -1.181857e-01 2.099400e+00 2.485732e+00 -2.350561e-01 -2.065935e+00 3.614453e+00 -7.111945e+00
1.182400e+02 -2.688937e+00 -5.348698e+00 -4.631690e-01 -2.841675e+00 1.884634e+00 -5.154355e-02 2.116937e+00 2.383599e+00 -2.786253e-01 -2.038975e+00 3.280979e+00 -7.414298e+00
1.183200e+02 -2.860697e+00 -5.323829e+00 -4.057972e-01 -2.793228e+00 1.873549e+00 1.928130e-02 2.129902e+00 2.273088e+00 -3.268044e-01 -1.990945e+00 2.937714e+00 -7.621252e+00
1.184000e+02 -3.036882e+00 -5.309067e+00 -3.571937e-01 -2.754629e+00 1.868181e+00 9.737301e-02 2.134232e+00 2.153980e+00 -3.727192e-01 -1.931268e+00 2.613887e+00 -7.775170e+00
1.184800e+02 -3.205588e+00 -5.270742e+00 -3.234361e-01 -2.713719e+00 1.859451e+00 1.704760e-01 2.127428e+00 2.013652e+00 -4.077671e-01 -1.874740e+00 2.400354e+00 -7.882099e+00
1.185600e+02 -3.337467e+00 -5.198763e+00 -2.755889e-01 -2.669087e+00 1.870707e+00 2.648722e-01 2.123844e+00 1.895289e+00 -4.335166e-01 -1.754981e+00 2.338597e+00 -7.734837e+00
1.186400e+02 -3.455885e+00 -5.174702e+00 -2.410993e-01 -2.637074e+00 1.886248e+00 3.616914e-01 2.110391e+00 1.766662e+00 -4.364030e-01 -1.631890e+00 2.381627e+00 -7.568471e+00
1.187200e+02 -3.529264e+00 -5.193639e+00 -1.994171e-01 -2.604677e+00 1.915804e+00 4.571226e-01 2.093493e+00 1.652439e+00 -4.285705e-01 -1.483773e+00 2.440134e+00 -7.476362e+00
1.188000e+02 -3.563057e+00 -5.216613e+00 -1.419593e-01 -2.568081e+00 1.959014e+00 5.547833e-01 2.069511e+00 1.547189e+00 -4.114963e-01 -1.328614e+00 2.559526e+00 -7.378469e+00
1.188800e+02 -3.585173e+00 -5.234511e+00 -8.620653e-02 -2.530002e+00 1.999601e+00 6.407033e-01 2.032319e+00 1.439465e+00 -3.837323e-01 -1.194098e+00 2.819146e+00 -7.252800e+00
1.189600e+02 -3.594742e+00 -5.275548e+00 -3.513182e-02 -2.494129e+00 2.036689e+00 7.262099e-01 1.985292e+00 1.335755e+00 -3.578321e-01 -1.066246e+00 3.141258e+00 -7.196543e+00
1.190400e+02 -3.568685e+00 -5.313133e+00 2.524014e-02 -2.450190e+00 2.076128e+00 7.950653e-01 1.934243e+00 1.241542e+00 -3.375261e-01 -9.334098e-01 3.456324e+00 -7.189453e+00
1.191200e+02 -3.524813e+00 -5.363499e+00 9.247240e-02 -2.402202e+00 2.112201e+00 8.509708e-01 1.877200e+00 1.167979e+00 -3.266243e-01 -8.064306e-01 3.766124e+00 -7.197871e+00
1.192000e+02 -3.479569e+00 -5.424288e+00 1.535132e-01 -2.340924e+00 2.133466e+00 8.918584e-01 1.814644e+00 1.083083e+00 -3.169952e-01 -6.848674e-01 4.080956e+00 -7.280017e+00
1.192800e+02 -3.442854e+00 -5.459768e+00 2.074060e-01 -2.272536e+00 2.138220e+00 9.146364e-01 1.743049e+00 9.938796e-01 -3.101213e-01 -5.840598e-01 4.376518e+00 -7.493760e+00
1.193600e+02 -3.398175e+00 -5.493418e+00 2.596882e-01 -2.167370e+00 2.127887e+00 9.315385e-01 1.665423e+00 9.043204e-01 -3.077668e-01 -5.110391e-01 4.620501e+00 -7.658599e+00
1.194400e+02 -3.349612e+00 -5.510907e+00 3.088064e-01 -2.071639e+00 2.102286e+00 9.472980e-01 1.582740e+00 8.210949e-01 -3.038977e-01 -4.537027e-01 4.791317e+00 -7.777096e+00
1.195200e+02 -3.287892e+00 -5.507697e+00 3.707877e-01 -1.980675e+00 2.072465e+00 9.473220e-01 1.504644e+00 7.612093e-01 -3.014645e-01 -3.857976e-01 4.881259e+00 -7.747313e+00
1.196000e+02 -3.226752e+00 -5.479197e+00 4.366723e-01 -1.883784e+00 2.032548e+00 9.376282e-01 1.430610e+00 7.047993e-01 -2.921134e-01 -3.117103e-01 4.888071e+00 -7.632913e+00
1.196800e+02 -3.169361e+00 -5.432372e+00 4.991672e-01 -1.795799e+00 1.980463e+00 9.137595e-01 1.358473e+00 6.506219e-01 -2.694809e-01 -2.569008e-01 4.817793e+00 -7.496707e+00
1.197600e+02 -3.107612e+00 -5.376601e+00 5.667593e-01 -1.708987e+00 1.926754e+00 8.860913e-01 1.298625e+00 6.029922e-01 -2.324799e-01 -1.801790e-01 4.661694e+00 -7.328437e+00
1.198400e+02 -3.052640e+00 -5.298984e+00 6.336990e-01 -1.624607e+00 1.868155e+00 8.489452e-01 1.245537e+00 5.558085e-01 -1.768829e-01 -1.139101e-01 4.423463e+00 -7.202032e+00
1.199200e+02 -2.990905e+00 -5.230753e+00 7.053480e-01 -1.553583e+00 1.810159e+00 8.017328e-01 1.203849e+00 5.079673e-01 -1.016967e-01 -5.276679e-02 4.128466e+00 -7.073119e+00
1.200000e+02 -2.928775e+00 -5.176412e+00 7.788277e-01 -1.456162e+00 1.753934e+00 7.496758e-01 1.170000e+00 4.702745e-01 -1.226129e-02 -5.111353e-03 3.793646e+00 -6.957514e+00
1.200800e+02 -2.873269e+00 -5.105277e+00 8.511727e-01 -1.368959e+00 1.694829e+00 7.216020e-01 1.136194e+00 4.357178e-01 8.753218e-02 1.266501e-02 3.453325e+00 -6.856812e+00
1.201600e+02 -2.807279e+00 -5.047151e+00 9.245927e-01 -1.298737e+00 1.639422e+00 6.935311e-01 1.110082e+00 4.061078e-01 1.942677e-01 1.632192e-02 3.123785e+00 -6.747979e+00
1.202400e+02 -2.734411e+00 -4.983965e+00 1.008013e+00 -1.232852e+00 1.593521e+00 6.635067e-01 1.092138e+00 3.843690e-01 3.009809e-01 1.919718e-02 2.814521e+00 -6.593291e+00
1.203200e+02 -2.678609e+00 -4.894068e+00 1.089646e+00 -1.136485e+00 1.547762e+00 6.329231e-01 1.075307e+00 3.623897e-01 4.022171e-01 3.029613e-03 2.537980e+00 -6.465405e+00
1.204000e+02 -2.626780e+00 -4.763879e+00 1.172458e+00 -1.051870e+00 1.500210e+00 6.026899e-01 1.057580e+00 3.362680e-01 4.952001e-01 -3.601212e-02 2.302104e+00 -6.349154e+00
1.204800e+02 -2.568237e+00 -4.634763e+00 1.252458e+00 -9.643097e-01 1.456551e+00 5.741977e-01 1.042131e+00 3.125385e-01 5.752806e-01 -7.391203e-02 2.107926e+00 -6.188044e+00
1.205600e+02 -2.515422e+00 -4.498839e+00 1.324395e+00 -8.692978e-01 1.411959e+00 5.351022e-01 1.025413e+00 2.859294e-01 6.413272e-01 -1.238266e-01 1.946788e+00 -6.063774e+00
1.206400e+02 -2.450226e+00 -4.380443e+00 1.396042e+00 -7.822138e-01 1.375525e+00 5.010395e-01 1.013458e+00 2.612720e-01 6.911705e-01 -1.583177e-01 1.811944e+00 -5.910300e+00
1.207200e+02 -2.385955e+00 -4.266501e+00 1.459486e+00 -6.998642e-01 1.338937e+00 4.640555e-01 1.000679e+00 2.313268e-01 7.272953e-01 -1.935727e-01 1.706568e+00 -5.768804e+00
1.208000e+02 -2.311679e+00 -4.174611e+00 1.522087e+00 -6.220530e-01 1.307807e+00 4.273014e-01 9.905019e-01 2.040094e-01 7.478731e-01 -2.187351e-01 1.626104e+00 -5.606253e+00
1.208800e+02 -2.232295e+00 -4.106924e+00 1.577309e+00 -5.431880e-01 1.279642e+00 3.879438e-01 9.829634e-01 1.751269e-01 7.585334e-01 -2.244356e-01 1.576618e+00 -5.430701e+00
1.209600e+02 -2.145393e+00 -4.071643e+00 1.619964e+00 -4.604589e-01 1.252263e+00 3.353498e-01 9.786085e-01 1.414663e-01 7.644500e-01 -2.206244e-01 1.558785e+00 -5.256879e+00
1.210400e+02 -2.049407e+00 -4.069815e+00 1.654323e+00 -3.993823e-01 1.229943e+00 2.809438e-01 9.792924e-01 1.132939e-01 7.663848e-01 -1.997793e-01 1.567635e+00 -5.076172e+00
1.211200e+02 -1.960370e+00 -4.093427e+00 1.675269e+00 -3.382061e-01 1.206987e+00 2.133141e-01 9.839978e-01 7.648148e-02 7.704706e-01 -1.763104e-01 1.603340e+00 -4.916414e+00
1.212000e+02 -1.877835e+00 -4.131476e+00 1.686877e+00 -2.720312e-01 1.183867e+00 1.416385e-01 9.912318e-01 3.707699e-02 7.760860e-01 -1.455028e-01 1.653626e+00 -4.767906e+00
1.212800e+02 -1.801847e+00 -4.174620e+00 1.687512e+00 -2.235546e-01 1.160658e+00 6.948926e-02 1.000779e+00 -1.220620e-02 7.857572e-01 -1.108457e-01 1.715566e+00 -4.632754e+00
1.213600e+02 -1.736062e+00 -4.214961e+00 1.681873e+00 -1.776029e-01 1.137601e+00 -4.879733e-03 1.012076e+00 -5.913370e-02 7.971056e-01 -7.684698e-02 1.781464e+00 -4.505778e+00
1.214400e+02 -1.687510e+00 -4.259020e+00 1.667216e+00 -1.249773e-01 1.112503e+00 -6.303768e-02 1.020380e+00 -1.051374e-01 8.087971e-01 -3.393528e-02 1.845832e+00 -4.406454e+00
1.215200e+02 -1.654896e+00 -4.264269e+00 1.647393e+00 -6.919150e-02 1.087215e+00 -1.387998e-01 1.028849e+00 -1.547657e-01 8.245741e-01 5.411480e-03 1.902225e+00 -4.342162e+00
1.216000e+02 -1.630408e+00 -4.263680e+00 1.620728e+00 -1.910266e-02 1.060925e+00 -2.118199e-01 1.037409e+00 -2.094608e-01 8.429817e-01 5.055213e-02 1.943090e+00 -4.291634e+00
1.216800e+02 -1.618943e+00 -4.247144e+00 1.587708e+00 2.913254e-02 1.033487e+00 -2.863061e-01 1.046019e+00 -2.613763e-01 8.634883e-01 9.647895e-02 1.970826e+00 -4.265758e+00
1.217600e+02 -1.611312e+00 -4.219231e+00 1.554805e+00 7.619899e-02 1.007599e+00 -3.570280e-01 1.054931e+00 -3.173535e-01 8.858841e-01 1.493383e-01 1.977583e+00 -4.216547e+00
1.218400e+02 -1.614583e+00 -4.174777e+00 1.516383e+00 1.168760e-01 9.798134e-01 -4.317645e-01 1.060758e+00 -3.709045e-01 9.100975e-01 1.981877e-01 1.971232e+00 -4.185923e+00
1.219200e+02 -1.627495e+00 -4.108577e+00 1.473189e+00 1.598438e-01 9.504392e-01 -5.112403e-01 1.065353e+00 -4.234597e-01 9.361770e-01 2.430117e-01 1.950404e+00 -4.171251e+00
1.220000e+02 -1.646639e+00 -4.025055e+00 1.428578e+00 1.984764e-01 9.216520e-01 -5.798708e-01 1.069086e+00 -4.701106e-01 9.615005e-01 2.903336e-01 1.909681e+00 -4.166552e+00
1.220800e+02 -1.666533e+00 -3.922798e+00 1.383768e+00 2.390262e-01 8.947295e-01 -6.493201e-01 1.072127e+00 -5.091185e-01 9.857401e-01 3.344489e-01 1.853165e+00 -4.159245e+00
1.221600e+02 -1.681653e+00 -3.798438e+00 1.341131e+00 2.821324e-01 8.695564e-01 -7.185374e-01 1.075251e+00 -5.453091e-01 1.009718e+00 3.788924e-01 1.788550e+00 -4.147883e+00
1.222400e+02 -1.686729e+00 -3.677793e+00 1.295886e+00 3.211692e-01 8.454764e-01 -7.840446e-01 1.077888e+00 -5.809217e-01 1.034635e+00 4.178555e-01 1.713580e+00 -4.123691e+00
1.223200e+02 -1.682593e+00 -3.523921e+00 1.258311e+00 3.633169e-01 8.262212e-01 -8.428492e-01 1.081365e+00 -6.049778e-01 1.056372e+00 4.640683e-01 1.620230e+00 -4.093064e+00
1.224000e+02 -1.662717e+00 -3.369707e+00 1.220370e+00 4.005214e-01 8.082309e-01 -8.918767e-01 1.083560e+00 -6.302262e-01 1.077788e+00 5.091282e-01 1.513963e+00 -4.070355e+00
1.224800e+02 -1.631207e+00 -3.205272e+00 1.182085e+00 4.394223e-01 7.911719e-01 -9.523267e-01 1.085588e+00 -6.503168e-01 1.100638e+00 5.491363e-01 1.406779e+00 -4.058365e+00
1.225600e+02 -1.579696e+00 -3.051601e+00 1.140762e+00 4.741203e-01 7.765124e-01 -1.007841e+00 1.087408e+00 -6.646628e-01 1.124240e+00 5.876205e-01 1.299749e+00 -4.055101e+00
1.226400e+02 -1.509390e+00 -2.887659e+00 1.111452e+00 5.111849e-01 7.692307e-01 -1.056173e+00 1.091470e+00 -6.644990e-01 1.143526e+00 6.345862e-01 1.180702e+00 -4.014517e+00
1.227200e+02 -1.412591e+00 -2.765355e+00 1.084455e+00 5.347278e-01 7.675560e-01 -1.105030e+00 1.099540e+00 -6.581573e-01 1.162748e+00 6.851385e-01 1.062506e+00 -3.909086e+00
1.228000e+02 -1.315929e+00 -2.639147e+00 1.058022e+00 5.628916e-01 7.673075e-01 -1.155524e+00 1.108216e+00 -6.490021e-01 1.181995e+00 7.296758e-01 9.474793e-01 -3.810548e+00
1.228800e+02 -1.209991e+00 -2.532977e+00 1.032386e+00 5.882514e-01 7.708536e-01 -1.203989e+00 1.117885e+00 -6.265464e-01 1.199727e+00 7.723622e-01 8.311872e-01 -3.705822e+00
1.229600e+02 -1.089982e+00 -2.450942e+00 1.009450e+00 6.000711e-01 7.790836e-01 -1.251760e+00 1.130208e+00 -5.969084e-01 1.217210e+00 8.168850e-01 7.209753e-01 -3.567335e+00
1.230400e+02 -9.677389e-01 -2.391936e+00 9.865193e-01 6.025255e-01 7.889858e-01 -1.299090e+00 1.145377e+00 -5.670095e-01 1.235814e+00 8.585050e-01 6.244519e-01 -3.414262e+00
1.231200e+02 -8.536065e-01 -2.332662e+00 9.616330e-01 6.114948e-01 7.980643e-01 -1.343000e+00 1.158375e+00 -5.344889e-01 1.254551e+00 8.841142e-01 5.405022e-01 -3.261185e+00
1.232000e+02 -7.449688e-01 -2.282283e+00 9.358341e-01 6.194045e-01 8.087480e-01 -1.388716e+00 1.173786e+00 -4.955384e-01 1.272013e+00 9.087903e-01 4.703379e-01 -3.110784e+00
1.232800e+02 -6.390990e-01 -2.231660e+00 9.145580e-01 6.265950e-01 8.248195e-01 -1.429418e+00 1.192716e+00 -4.444020e-01 1.285748e+00 9.436044e-01 4.118602e-01 -2.944519e+00
1.233600e+02 -5.481941e-01 -2.187814e+00 8.865851e-01 6.290775e-01 8.382117e-01 -1.474447e+00 1.208971e+00 -3.924006e-01 1.296526e+00 9.560692e-01 3.758302e-01 -2.808737e+00
1.234400e+02 -4.629455e-01 -2.139826e+00 8.586027e-01 6.219167e-01 8.519996e-01 -1.516135e+00 1.228712e+00 -3.434292e-01 1.307369e+00 9.741800e-01 3.561000e-01 -2.673170e+00
1.235200e+02 -3.870428e-01 -2.083270e+00 8.292458e-01 6.158947e-01 8.644336e-01 -1.554798e+00 1.246517e+00 -2.919339e-01 1.318005e+00 9.781349e-01 3.485026e-01 -2.549744e+00
1.236000e+02 -3.135739e-01 -2.033647e+00 8.026447e-01 6.063861e-01 8.783731e-01 -1.589029e+00 1.265555e+00 -2.377811e-01 1.326933e+00 9.851906e-01 3.511056e-01 -2.413643e+00
1.236800e+02 -2.488687e-01 -1.994407e+00 7.728928e-01 5.959992e-01 8.896049e-01 -1.620905e+00 1.282386e+00 -1.865112e-01 1.335964e+00 9.798484e-01 3.653443e-01 -2.279549e+00
1.237600e+02 -1.864658e-01 -1.951905e+00 7.453792e-01 5.850760e-01 8.993386e-01 -1.647101e+00 1.296702e+00 -1.365051e-01 1.343541e+00 9.618988e-01 3.870884e-01 -2.135049e+00
1.238400e+02 -1.305178e-01 -1.920889e+00 7.160605e-01 5.686894e-01 9.071140e-01 -1.670952e+00 1.309469e+00 -8.851553e-02 1.349937e+00 9.358907e-01 4.186808e-01 -1.994985e+00
1.239200e+02 -7.785013e-02 -1.882826e+00 6.910585e-01 5.474608e-01 9.147989e-01 -1.688851e+00 1.321207e+00 -4.083741e-02 1.354604e+00 9.038481e-01 4.564797e-01 -1.857588e+00
1.240000e+02 -2.962916e-02 -1.842003e+00 6.687132e-01 5.235964e-01 9.214265e-01 -1.701584e+00 1.329624e+00 7.498077e-03 1.357089e+00 8.555036e-01 4.990695e-01 -1.722407e+00
1.240800e+02 1.280739e-02 -1.813138e+00 6.417258e-01 4.993964e-01 9.235946e-01 -1.715358e+00 1.335047e+00 4.684406e-02 1.359483e+00 7.944778e-01 5.489334e-01 -1.618680e+00
1.241600e+02 5.597782e-02 -1.793835e+00 6.179792e-01 4.750398e-01 9.243118e-01 -1.717719e+00 1.338337e+00 8.563325e-02 1.359810e+00 7.269267e-01 5.990019e-01 -1.509330e+00
1.242400e+02 1.013479e-01 -1.784794e+00 5.983881e-01 4.434243e-01 9.256302e-01 -1.712858e+00 1.340999e+00 1.183586e-01 1.360656e+00 6.581304e-01 6.506080e-01 -1.385238e+00
1.243200e+02 1.416418e-01 -1.783646e+00 5.797748e-01 4.132433e-01 9.263288e-01 -1.701849e+00 1.340865e+00 1.482305e-01 1.360129e+00 5.785903e-01 7.047512e-01 -1.271542e+00
1.244000e+02 1.797389e-01 -1.793971e+00 5.623678e-01 3.866091e-01 9.273812e-01 -1.682454e+00 1.337961e+00 1.750675e-01 1.357332e+00 4.897009e-01 7.570496e-01 -1.158865e+00
1.244800e+02 2.128813e-01 -1.817710e+00 5.395793e-01 3.586705e-01 9.243331e-01 -1.658246e+00 1.327315e+00 1.920318e-01 1.353713e+00 3.691486e-01 8.104520e-01 -1.060032e+00
1.245600e+02 2.422949e-01 -1.842412e+00 5.178899e-01 3.308239e-01 9.223637e-01 -1.620329e+00 1.313606e+00 2.078380e-01 1.349170e+00 2.531462e-01 8.600977e-01 -9.731052e-01
1.246400e+02 2.699992e-01 -1.869343e+00 4.954672e-01 2.980848e-01 9.218820e-01 -1.580036e+00 1.295840e+00 2.178977e-01 1.342776e+00 1.245981e-01 9.080975e-01 -8.837407e-01
1.247200e+02 2.937823e-01 -1.900306e+00 4.715059e-01 2.739105e-01 9.206437e-01 -1.531827e+00 1.274443e+00 2.229974e-01 1.333091e+00 -1.909313e-02 9.534491e-01 -7.893325e-01
1.248000e+02 3.123934e-01 -1.932058e+00 4.440996e-01 2.525222e-01 9.184554e-01 -1.475448e+00 1.250395e+00 2.194510e-01 1.320595e+00 -1.594556e-01 9.959061e-01 -7.092614e-01
1.248800e+02 3.260491e-01 -1.963242e+00 4.126325e-01 2.330016e-01 9.155006e-01 -1.413964e+00 1.222715e+00 2.122573e-01 1.305063e+00 -3.114283e-01 1.035073e+00 -6.383306e-01
1.249600e+02 3.360472e-01 -1.995094e+00 3.782109e-01 2.114092e-01 9.120870e-01 -1.339596e+00 1.190597e+00 2.007786e-01 1.285189e+00 -4.615242e-01 1.069832e+00 -5.781233e-01
1.250400e+02 3.423389e-01 -2.024951e+00 3.408294e-01 1.872635e-01 9.083062e-01 -1.259244e+00 1.154779e+00 1.864268e-01 1.262072e+00 -6.117083e-01 1.099288e+00 -5.262018e-01
1.251200e+02 3.451227e-01 -2.057908e+00 3.009435e-01 1.582968e-01 9.043364e-01 -1.167203e+00 1.115053e+00 1.708225e-01 1.233611e+00 -7.601428e-01 1.123495e+00 -4.819263e-01
1.252000e+02 3.438048e-01 -2.076793e+00 2.603303e-01 1.284906e-01 8.993113e-01 -1.071612e+00 1.071493e+00 1.498432e-01 1.202159e+00 -9.120887e-01 1.140304e+00 -4.453257e-01
1.252800e+02 3.402793e-01 -2.096727e+00 2.187109e-01 9.597027e-02 8.939619e-01 -9.694635e-01 1.023150e+00 1.263913e-01 1.166850e+00 -1.068368e+00 1.150265e+00 -3.989108e-01
1.253600e+02 3.353156e-01 -2.119334e+00 1.754031e-01 6.032269e-02 8.898294e-01 -8.668119e-01 9.756135e-01 1.015315e-01 1.129293e+00 -1.203344e+00 1.156547e+00 -3.582030e-01
1.254400e+02 3.309777e-01 -2.140132e+00 1.320092e-01 2.221347e-02 8.873028e-01 -7.618052e-01 9.288507e-01 7.242484e-02 1.090910e+00 -1.331289e+00 1.157188e+00 -3.076047e-01
1.255200e+02 3.261513e-01 -2.159627e+00 8.716260e-02 -1.823528e-02 8.862533e-01 -6.593833e-01 8.813137e-01 4.746386e-02 1.049914e+00 -1.457642e+00 1.152979e+00 -2.607161e-01
1.256000e+02 3.213180e-01 -2.173636e+00 4.192499e-02 -5.825650e-02 8.846037e-01 -5.529258e-01 8.323991e-01 1.981647e-02 1.007425e+00 -1.582826e+00 1.144149e+00 -2.120975e-01
1.256800e+02 3.171677e-01 -2.184682e+00 -2.237091e-03 -1.029395e-01 8.857740e-01 -4.402380e-01 7.821713e-01 2.431388e-03 9.619002e-01 -1.704241e+00 1.129891e+00 -1.642472e-01
1.257600e+02 3.140169e-01 -2.191544e+00 -4.673549e-02 -1.491001e-01 8.876963e-01 -3.301492e-01 7.315937e-01 -2.012295e-02 9.160053e-01 -1.821898e+00 1.112154e+00 -1.172853e-01
1.258400e+02 3.139480e-01 -2.200194e+00 -8.846238e-02 -1.996070e-01 8.916840e-01 -2.109546e-01 6.828124e-01 -4.114766e-02 8.688061e-01 -1.916608e+00 1.090655e+00 -7.291288e-02
1.259200e+02 3.137967e-01 -2.202987e+00 -1.298797e-01 -2.529357e-01 8.975544e-01 -9.510021e-02 6.361987e-01 -6.199821e-02 8.227028e-01 -2.001738e+00 1.066627e+00 -3.965096e-02
1.260000e+02 3.138623e-01 -2.200430e+00 -1.709165e-01 -3.091494e-01 9.005074e-01 2.982245e-02 5.892161e-01 -9.232689e-02 7.790052e-01 -2.085481e+00 1.040975e+00 -9.236247e-03
1.260800e+02 3.171378e-01 -2.190011e+00 -2.072184e-01 -3.694308e-01 9.071472e-01 1.548324e-01 5.449141e-01 -1.118051e-01 7.354842e-01 -2.160758e+00 1.011673e+00 2.696311e-02
1.261600e+02 3.212379e-01 -2.188326e+00 -2.424507e-01 -4.347438e-01 9.141064e-01 2.823622e-01 5.034668e-01 -1.273326e-01 6.949162e-01 -2.223353e+00 9.830881e-01 6.580014e-02
1.262400e+02 3.221596e-01 -2.178877e+00 -2.763782e-01 -4.930586e-01 9.193729e-01 4.092102e-01 4.625472e-01 -1.416230e-01 6.559754e-01 -2.284084e+00 9.552159e-01 9.499471e-02
1.263200e+02 3.219956e-01 -2.162772e+00 -3.077047e-01 -5.554911e-01 9.236429e-01 5.385586e-01 4.223553e-01 -1.537694e-01 6.190554e-01 -2.338328e+00 9.285867e-01 1.221329e-01
1.264000e+02 3.170405e-01 -2.141252e+00 -3.398643e-01 -6.206058e-01 9.249274e-01 6.659415e-01 3.838614e-01 -1.709253e-01 5.867497e-01 -2.382666e+00 9.056377e-01 1.252153e-01
1.264800e+02 3.111193e-01 -2.115745e+00 -3.686253e-01 -6.737875e-01 9.266606e-01 7.623939e-01 3.516032e-01 -1.847672e-01 5.590753e-01 -2.422997e+00 8.862119e-01 1.302996e-01
1.265600e+02 3.001997e-01 -2.089685e+00 -3.952086e-01 -7.349060e-01 9.285907e-01 8.713120e-01 3.202433e-01 -1.922295e-01 5.335356e-01 -2.453720e+00 8.703757e-01 1.117526e-01
1.266400e+02 2.925863e-01 -2.066944e+00 -4.165942e-01 -7.993136e-01 9.328893e-01 9.676009e-01 2.944972e-01 -1.928926e-01 5.110277e-01 -2.474340e+00 8.592290e-01 1.104318e-01
1.267200e+02 2.807300e-01 -2.048483e+00 -4.370441e-01 -8.665672e-01 9.357213e-01 1.074162e+00 2.696179e-01 -1.953801e-01 4.916926e-01 -2.490289e+00 8.534452e-01 9.713767e-02
1.268000e+02 2.694435e-01 -2.039509e+00 -4.544826e-01 -9.428469e-01 9.393343e-01 1.178192e+00 2.482477e-01 -1.939288e-01 4.759937e-01 -2.496615e+00 8.544477e-01 8.515380e-02
1.268800e+02 2.529480e-01 -2.033193e+00 -4.697389e-01 -1.019409e+00 9.428416e-01 1.280917e+00 2.284395e-01 -1.859772e-01 4.624827e-01 -2.499650e+00 8.602577e-01 4.857939e-02
1.269600e+02 2.354572e-01 -2.032439e+00 -4.820661e-01 -1.104709e+00 9.463894e-01 1.389303e+00 2.115268e-01 -1.820059e-01 4.522904e-01 -2.494240e+00 8.716559e-01 3.193735e-03
1.270400e+02 2.182814e-01 -2.047371e+00 -4.919743e-01 -1.185010e+00 9.503559e-01 1.485144e+00 1.985330e-01 -1.752394e-01 4.459590e-01 -2.480572e+00 8.885615e-01 -5.213994e-02
1.271200e+02 2.002341e-01 -2.067255e+00 -4.987476e-01 -1.265721e+00 9.559900e-01 1.586120e+00 1.870346e-01 -1.670954e-01 4.413708e-01 -2.460397e+00 9.048862e-01 -1.240064e-01
1.272000e+02 1.792075e-01 -2.092322e+00 -5.050764e-01 -1.344688e+00 9.621641e-01 1.686815e+00 1.745474e-01 -1.566309e-01 4.386855e-01 -2.446447e+00 9.206091e-01 -2.137199e-01
1.272800e+02 1.586812e-01 -2.126501e+00 -5.088398e-01 -1.423702e+00 9.719976e-01 1.791493e+00 1.637150e-01 -1.419810e-01 4.368192e-01 -2.421849e+00 9.360115e-01 -3.103950e-01
1.273600e+02 1.370965e-01 -2.169785e+00 -5.110193e-01 -1.490965e+00 9.848741e-01 1.902704e+00 1.531110e-01 -1.227179e-01 4.342811e-01 -2.389697e+00 9.458863e-01 -4.138822e-01
1.274400e+02 1.176870e-01 -2.219413e+00 -5.120651e-01 -1.556739e+00 1.001852e+00 2.008130e+00 1.445527e-01 -1.011946e-01 4.328909e-01 -2.351267e+00 9.503469e-01 -5.188575e-01
1.275200e+02 9.840501e-02 -2.275164e+00 -5.124981e-01 -1.609936e+00 1.022884e+00 2.109044e+00 1.376174e-01 -7.742556e-02 4.322924e-01 -2.308112e+00 9.464076e-01 -6.295523e-01
1.276000e+02 7.912533e-02 -2.337242e+00 -5.121426e-01 -1.661960e+00 1.049008e+00 2.220759e+00 1.300105e-01 -4.825204e-02 4.306402e-01 -2.259908e+00 9.322160e-01 -7.471476e-01
1.276800e+02 6.088617e-02 -2.398580e+00 -5.096435e-01 -1.707151e+00 1.081112e+00 2.332370e+00 1.237715e-01 -1.698231e-02 4.293885e-01 -2.204880e+00 9.077058e-01 -8.581990e-01
1.277600e+02 4.381851e-02 -2.462848e+00 -5.068666e-01 -1.747507e+00 1.117844e+00 2.431577e+00 1.206095e-01 1.527909e-02 4.305363e-01 -2.147490e+00 8.760155e-01 -9.612785e-01
1.278400e+02 2.593677e-02 -2.535530e+00 -5.037267e-01 -1.765239e+00 1.159127e+00 2.531000e+00 1.196055e-01 5.215963e-02 4.316603e-01 -2.077580e+00 8.364316e-01 -1.059010e+00
1.279200e+02 6.598720e-03 -2.599555e+00 -4.983586e-01 -1.770812e+00 1.204973e+00 2.625866e+00 1.209200e-01 9.425791e-02 4.344744e-01 -1.998670e+00 7.887185e-01 -1.147575e+00
1.280000e+02 -1.486753e-02 -2.666866e+00 -4.922397e-01 -1.771405e+00 1.253770e+00 2.710963e+00 1.251684e-01 1.383036e-01 4.396039e-01 -1.914247e+00 7.392779e-01 -1.224202e+00
1.280800e+02 -3.913615e-02 -2.733045e+00 -4.839976e-01 -1.763803e+00 1.304375e+00 2.786950e+00 1.322681e-01 1.852420e-01 4.472929e-01 -1.823590e+00 6.883076e-01 -1.292785e+00
1.281600e+02 -6.706866e-02 -2.798909e+00 -4.725713e-01 -1.744933e+00 1.356459e+00 2.855693e+00 1.425745e-01 2.367914e-01 4.576299e-01 -1.722648e+00 6.355657e-01 -1.350534e+00
1.282400e+02 -1.004305e-01 -2.861912e+00 -4.596239e-01 -1.723585e+00 1.407450e+00 2.915239e+00 1.552541e-01 2.906261e-01 4.715628e-01 -1.618160e+00 5.826235e-01 -1.408235e+00
1.283200e+02 -1.381572e-01 -2.925023e+00 -4.433385e-01 -1.696459e+00 1.459503e+00 2.967114e+00 1.713823e-01 3.540299e-01 4.887269e-01 -1.505009e+00 5.291537e-01 -1.455325e+00
1.284000e+02 -1.844399e-01 -2.984968e+00 -4.267548e-01 -1.662931e+00 1.507946e+00 3.008463e+00 1.876167e-01 4.177914e-01 5.108381e-01 -1.398199e+00 4.776790e-01 -1.504539e+00
1.284800e+02 -2.389232e-01 -3.046685e+00 -4.067277e-01 -1.615345e+00 1.555646e+00 3.047864e+00 2.064134e-01 4.881085e-01 5.369179e-01 -1.284747e+00 4.249211e-01 -1.546621e+00
1.285600e+02 -3.011685e-01 -3.107706e+00 -3.831788e-01 -1.571335e+00 1.601576e+00 3.076633e+00 2.283875e-01 5.618730e-01 5.688394e-01 -1.169595e+00 3.736286e-01 -1.584958e+00
1.286400e+02 -3.707533e-01 -3.167040e+00 -3.548064e-01 -1.523982e+00 1.644980e+00 3.079933e+00 2.581580e-01 6.302245e-01 6.107442e-01 -1.043067e+00 3.272821e-01 -1.619766e+00
1.287200e+02 -4.522115e-01 -3.229421e+00 -3.229412e-01 -1.481143e+00 1.683294e+00 3.090714e+00 2.845755e-01 7.081330e-01 6.529036e-01 -9.306487e-01 2.821346e-01 -1.661189e+00
1.288000e+02 -5.447459e-01 -3.300303e+00 -2.877546e-01 -1.440977e+00 1.717383e+00 3.084230e+00 3.128362e-01 7.917487e-01 6.973166e-01 -8.236118e-01 2.448791e-01 -1.705658e+00
1.288800e+02 -6.498522e-01 -3.367934e+00 -2.460383e-01 -1.389123e+00 1.748957e+00 3.071276e+00 3.410804e-01 8.803839e-01 7.424876e-01 -7.294794e-01 2.133016e-01 -1.745218e+00
1.289600e+02 -7.653034e-01 -3.436771e+00 -1.985515e-01 -1.341105e+00 1.776901e+00 3.050210e+00 3.708934e-01 9.661649e-01 7.897217e-01 -6.389925e-01 1.942798e-01 -1.781496e+00
1.290400e+02 -8.885725e-01 -3.499906e+00 -1.425222e-01 -1.294251e+00 1.805032e+00 3.017176e+00 4.040878e-01 1.061604e+00 8.367445e-01 -5.478379e-01 1.883918e-01 -1.817970e+00
1.291200e+02 -1.019979e+00 -3.559985e+00 -7.880970e-02 -1.249546e+00 1.831531e+00 2.976619e+00 4.386138e-01 1.162570e+00 8.834268e-01 -4.690290e-01 1.987546e-01 -1.851311e+00
1.292000e+02 -1.162352e+00 -3.604919e+00 -5.910273e-03 -1.193522e+00 1.857178e+00 2.930889e+00 4.740008e-01 1.271364e+00 9.255933e-01 -3.940028e-01 2.258408e-01 -1.877478e+00
1.292800e+02 -1.314522e+00 -3.655649e+00 7.045326e-02 -1.137962e+00 1.880778e+00 2.875237e+00 5.100336e-01 1.384386e+00 9.634912e-01 -3.242016e-01 2.762386e-01 -1.906422e+00
1.293600e+02 -1.472634e+00 -3.698294e+00 1.601363e-01 -1.070738e+00 1.905662e+00 2.815260e+00 5.479963e-01 1.507925e+00 9.945500e-01 -2.472123e-01 3.469109e-01 -1.911413e+00
1.294400e+02 -1.645076e+00 -3.740762e+00 2.517435e-01 -1.016020e+00 1.925114e+00 2.740835e+00 5.854497e-01 1.630583e+00 1.025664e+00 -1.826261e-01 4.505617e-01 -1.929688e+00
1.295200e+02 -1.824198e+00 -3.757524e+00 3.558349e-01 -9.551806e-01 1.943939e+00 2.660874e+00 6.223825e-01 1.755729e+00 1.053898e+00 -1.229142e-01 5.764990e-01 -1.933999e+00
1.296000e+02 -2.010380e+00 -3.800388e+00 4.644899e-01 -8.967388e-01 1.961679e+00 2.566177e+00 6.612632e-01 1.887904e+00 1.079475e+00 -6.160878e-02 7.327341e-01 -1.917221e+00
1.296800e+02 -2.205584e+00 -3.786196e+00 5.845562e-01 -8.416344e-01 1.977419e+00 2.464954e+00 6.966696e-01 2.028594e+00 1.100328e+00 -1.164438e-02 9.094421e-01 -1.926631e+00
1.297600e+02 -2.411032e+00 -3.743357e+00 7.154126e-01 -7.906568e-01 1.993113e+00 2.357610e+00 7.301032e-01 2.174105e+00 1.117852e+00 3.087203e-02 1.105080e+00 -1.925988e+00
1.298400e+02 -2.628742e+00 -3.660411e+00 8.580665e-01 -7.249000e-01 2.009502e+00 2.237154e+00 7.630849e-01 2.329121e+00 1.129614e+00 7.489931e-02 1.305394e+00 -1.928269e+00
1.299200e+02 -2.866025e+00 -3.556542e+00 1.001143e+00 -6.601826e-01 2.020384e+00 2.110197e+00 7.920744e-01 2.480262e+00 1.137184e+00 1.064853e-01 1.512221e+00 -1.961392e+00
1.300000e+02 -3.092029e+00 -3.426718e+00 1.165800e+00 -6.023743e-01 2.041111e+00 1.979259e+00 8.247389e-01 2.646065e+00 1.137105e+00 1.492241e-01 1.699515e+00 -1.924285e+00
1.300800e+02 -3.326315e+00 -3.305362e+00 1.328010e+00 -5.443773e-01 2.055194e+00 1.835787e+00 8.517931e-01 2.807096e+00 1.130203e+00 1.692598e-01 1.853506e+00 -1.949134e+00
1.301600e+02 -3.557089e+00 -3.184384e+00 1.494855e+00 -4.801545e-01 2.069580e+00 1.672059e+00 8.778908e-01 2.972274e+00 1.116240e+00 1.712800e-01 1.953466e+00 -2.016438e+00
1.302400e+02 -3.776708e+00 -2.980278e+00 1.677176e+00 -4.290168e-01 2.088032e+00 1.517305e+00 9.023006e-01 3.138470e+00 1.088234e+00 1.877119e-01 1.980880e+00 -2.126964e+00
1.303200e+02 -3.976149e+00 -2.811322e+00 1.844487e+00 -3.745783e-01 2.103766e+00 1.353674e+00 9.193341e-01 3.299682e+00 1.049587e+00 1.848743e-01 1.947460e+00 -2.299539e+00
1.304000e+02 -4.152351e+00 -2.654519e+00 2.005507e+00 -3.227923e-01 2.118926e+00 1.188118e+00 9.329897e-01 3.451424e+00 1.001448e+00 1.763388e-01 1.860230e+00 -2.504962e+00
1.304800e+02 -4.300857e+00 -2.483902e+00 2.166963e+00 -2.708463e-01 2.137181e+00 1.005173e+00 9.460180e-01 3.608276e+00 9.432722e-01 1.664961e-01 1.731656e+00 -2.670077e+00
1.305600e+02 -4.410186e+00 -2.336043e+00 2.317684e+00 -2.300100e-01 2.151771e+00 8.115921e-01 9.554541e-01 3.743875e+00 8.810491e-01 1.548379e-01 1.583447e+00 -2.762730e+00
1.306400e+02 -4.480236e+00 -2.191820e+00 2.455704e+00 -2.085584e-01 2.163783e+00 6.186528e-01 9.616806e-01 3.873034e+00 8.144079e-01 1.386606e-01 1.412384e+00 -2.831622e+00
1.307200e+02 -4.487709e+00 -2.084452e+00 2.585039e+00 -2.100453e-01 2.181342e+00 4.199663e-01 9.712142e-01 3.993365e+00 7.486733e-01 1.303163e-01 1.232262e+00 -2.833008e+00
1.308000e+02 -4.434053e+00 -1.892036e+00 2.722228e+00 -2.127474e-01 2.208417e+00 2.237978e-01 9.867818e-01 4.118128e+00 6.797627e-01 1.443999e-01 1.036650e+00 -2.802322e+00
1.308800e+02 -4.322226e+00 -1.773322e+00 2.827398e+00 -2.491189e-01 2.229734e+00 1.689284e-02 1.000203e+00 4.223053e+00 6.196689e-01 1.491794e-01 8.580967e-01 -2.811978e+00
1.309600e+02 -4.164505e+00 -1.685565e+00 2.909352e+00 -2.883072e-01 2.245546e+00 -1.856643e-01 1.013531e+00 4.313185e+00 5.654194e-01 1.471812e-01 6.892517e-01 -2.871193e+00
1.310400e+02 -3.962330e+00 -1.648664e+00 2.969561e+00 -3.034224e-01 2.260669e+00 -3.701891e-01 1.026312e+00 4.396479e+00 5.103050e-01 1.559705e-01 5.122613e-01 -2.939661e+00
1.311200e+02 -3.713332e+00 -1.665040e+00 3.015312e+00 -3.260981e-01 2.277749e+00 -5.409922e-01 1.040284e+00 4.468412e+00 4.572762e-01 1.633293e-01 3.397341e-01 -2.932436e+00
1.312000e+02 -3.426228e+00 -1.690245e+00 3.043179e+00 -3.586949e-01 2.296652e+00 -7.168183e-01 1.058269e+00 4.523493e+00 4.104384e-01 1.818998e-01 1.823698e-01 -2.921953e+00
1.312800e+02 -3.104968e+00 -1.779486e+00 3.044213e+00 -4.153340e-01 2.317370e+00 -8.787495e-01 1.077519e+00 4.561880e+00 3.672460e-01 2.088923e-01 6.729090e-02 -2.886354e+00
1.313600e+02 -2.761038e+00 -1.886544e+00 3.031680e+00 -4.709533e-01 2.343360e+00 -1.016155e+00 1.099184e+00 4.589367e+00 3.242142e-01 2.584696e-01 1.280360e-03 -2.832056e+00
1.314400e+02 -2.409473e+00 -1.996194e+00 2.998271e+00 -5.548514e-01 2.367506e+00 -1.128596e+00 1.118357e+00 4.595698e+00 2.849920e-01 2.936055e-01 -9.248745e-03 -2.796247e+00
1.315200e+02 -2.054739e+00 -2.086053e+00 2.949961e+00 -6.179367e-01 2.394853e+00 -1.215267e+00 1.138813e+00 4.590220e+00 2.489442e-01 3.483072e-01 2.493055e-02 -2.796552e+00
1.316000e+02 -1.691331e+00 -2.112629e+00 2.902146e+00 -6.959786e-01 2.431709e+00 -1.267050e+00 1.161580e+00 4.573551e+00 2.140485e-01 4.259433e-01 9.197623e-02 -2.793974e+00
1.316800e+02 -1.324109e+00 -2.087686e+00 2.841601e+00 -7.804409e-01 2.466539e+00 -1.292399e+00 1.183988e+00 4.541611e+00 1.846271e-01 5.095436e-01 1.914635e-01 -2.812075e+00
1.317600e+02 -9.541415e-01 -2.058528e+00 2.766276e+00 -8.474015e-01 2.502230e+00 -1.287937e+00 1.204877e+00 4.500959e+00 1.592099e-01 6.054653e-01 2.940028e-01 -2.821674e+00
1.318400e+02 -5.991011e-01 -2.024099e+00 2.684309e+00 -9.016024e-01 2.538390e+00 -1.252263e+00 1.223733e+00 4.446090e+00 1.373281e-01 7.077224e-01 3.822342e-01 -2.847510e+00
1.319200e+02 -2.532783e-01 -2.030056e+00 2.595254e+00 -9.462782e-01 2.575742e+00 -1.185765e+00 1.239851e+00 4.379187e+00 1.195430e-01 8.191178e-01 4.403699e-01 -2.866436e+00
1.320000e+02 8.254255e-02 -2.030124e+00 2.516061e+00 -1.000086e+00 2.621481e+00 -1.092247e+00 1.257057e+00 4.309166e+00 1.043975e-01 9.518071e-01 4.493343e-01 -2.854918e+00
1.320800e+02 3.981670e-01 -2.049621e+00 2.435834e+00 -1.050454e+00 2.670190e+00 -9.606329e-01 1.270495e+00 4.237626e+00 9.235525e-02 1.106508e+00 4.277631e-01 -2.812062e+00
1.321600e+02 6.827710e-01 -2.080466e+00 2.355079e+00 -1.122193e+00 2.717399e+00 -8.008484e-01 1.277881e+00 4.152794e+00 8.680534e-02 1.267808e+00 3.815537e-01 -2.761646e+00
1.322400e+02 9.322599e-01 -2.118121e+00 2.274641e+00 -1.199534e+00 2.763552e+00 -6.327607e-01 1.287270e+00 4.055212e+00 9.003383e-02 1.441478e+00 3.177549e-01 -2.695210e+00
1.323200e+02 1.130256e+00 -2.150135e+00 2.190791e+00 -1.265385e+00 2.806891e+00 -4.473554e-01 1.291363e+00 3.952464e+00 9.876753e-02 1.611770e+00 2.460469e-01 -2.625609e+00
1.324000e+02 1.285092e+00 -2.179305e+00 2.101417e+00 -1.381814e+00 2.847868e+00 -2.359873e-01 1.287688e+00 3.840811e+00 1.134402e-01 1.782120e+00 1.768277e-01 -2.552660e+00
1.324800e+02 1.396122e+00 -2.206303e+00 2.014545e+00 -1.474127e+00 2.885800e+00 -3.180890e-02 1.285501e+00 3.719576e+00 1.367598e-01 1.956643e+00 1.201460e-01 -2.437363e+00
1.325600e+02 1.453260e+00 -2.220714e+00 1.919426e+00 -1.547265e+00 2.914380e+00 1.612932e-01 1.278583e+00 3.596152e+00 1.640297e-01 2.120894e+00 7.978028e-02 -2.351393e+00
1.326400e+02 1.469465e+00 -2.229092e+00 1.823646e+00 -1.591885e+00 2.933135e+00 3.907997e-01 1.260679e+00 3.477599e+00 1.872400e-01 2.287193e+00 4.845928e-02 -2.233266e+00
1.327200e+02 1.441789e+00 -2.221759e+00 1.723248e+00 -1.594630e+00 2.944455e+00 5.939154e-01 1.241417e+00 3.370505e+00 2.088806e-01 2.442103e+00 3.767739e-02 -2.106138e+00
1.328000e+02 1.373643e+00 -2.210605e+00 1.609491e+00 -1.544563e+00 2.944858e+00 7.927974e-01 1.217270e+00 3.257580e+00 2.285048e-01 2.583848e+00 3.363368e-02 -2.026820e+00
1.328800e+02 1.294519e+00 -2.190786e+00 1.486603e+00 -1.459066e+00 2.934733e+00 9.736167e-01 1.200366e+00 3.148251e+00 2.477790e-01 2.727089e+00 3.578921e-02 -1.907952e+00
1.329600e+02 1.212743e+00 -2.184448e+00 1.352232e+00 -1.365388e+00 2.915810e+00 1.141863e+00 1.188270e+00 3.043960e+00 2.662568e-01 2.868149e+00 3.966322e-02 -1.777186e+00
1.330400e+02 1.125599e+00 -2.129798e+00 1.216045e+00 -1.257120e+00 2.888759e+00 1.310605e+00 1.173042e+00 2.945890e+00 2.770599e-01 3.000220e+00 3.506584e-02 -1.687937e+00
1.331200e+02 1.051622e+00 -2.087884e+00 1.080286e+00 -1.131226e+00 2.862081e+00 1.448809e+00 1.165820e+00 2.855236e+00 2.841111e-01 3.137700e+00 3.711609e-02 -1.585438e+00
1.332000e+02 9.866740e-01 -2.016547e+00 9.521569e-01 -1.028783e+00 2.833645e+00 1.574917e+00 1.161903e+00 2.765122e+00 2.850134e-01 3.270202e+00 3.603743e-02 -1.532252e+00
1.332800e+02 9.475261e-01 -1.962690e+00 8.321213e-01 -9.352183e-01 2.811036e+00 1.646770e+00 1.172250e+00 2.674370e+00 2.855173e-01 3.401681e+00 4.290019e-02 -1.461635e+00
1.333600e+02 9.170825e-01 -1.893704e+00 7.244670e-01 -8.573524e-01 2.791902e+00 1.710921e+00 1.193156e+00 2.582208e+00 2.810088e-01 3.546489e+00 5.246024e-02 -1.426796e+00
1.334400e+02 8.961975e-01 -1.806811e+00 6.398411e-01 -8.065668e-01 2.774730e+00 1.796254e+00 1.218440e+00 2.494634e+00 2.671829e-01 3.700314e+00 5.885588e-02 -1.415880e+00
1.335200e+02 8.896309e-01 -1.709354e+00 5.791557e-01 -7.600770e-01 2.762411e+00 1.832201e+00 1.259105e+00 2.402483e+00 2.521439e-01 3.855111e+00 6.835499e-02 -1.402840e+00
1.336000e+02 9.005538e-01 -1.621132e+00 5.445605e-01 -7.187503e-01 2.754836e+00 1.859379e+00 1.309897e+00 2.324687e+00 2.289365e-01 4.013234e+00 7.698968e-02 -1.385490e+00
1.336800e+02 9.385867e-01 -1.529199e+00 5.397211e-01 -7.080631e-01 2.749658e+00 1.858241e+00 1.373544e+00 2.241965e+00 2.036730e-01 4.169799e+00 8.653207e-02 -1.380219e+00
1.337600e+02 1.007712e+00 -1.448815e+00 5.669558e-01 -6.701707e-01 2.750972e+00 1.829937e+00 1.450987e+00 2.171831e+00 1.749822e-01 4.321606e+00 9.381079e-02 -1.365453e+00
1.338400e+02 1.103791e+00 -1.347078e+00 6.227301e-01 -5.960525e-01 2.754989e+00 1.777969e+00 1.534733e+00 2.116011e+00 1.431134e-01 4.455159e+00 9.847979e-02 -1.360283e+00
1.339200e+02 1.233655e+00 -1.191119e+00 6.963368e-01 -5.194933e-01 2.765503e+00 1.698446e+00 1.626199e+00 2.079220e+00 1.108350e-01 4.587955e+00 1.033556e-01 -1.355225e+00
1.340000e+02 1.398502e+00 -9.739496e-01 7.695497e-01 -4.608317e-01 2.778360e+00 1.597847e+00 1.722211e+00 2.040002e+00 8.121360e-02 4.724067e+00 1.070494e-01 -1.328125e+00
1.340800e+02 1.578320e+00 -7.007344e-01 8.198577e-01 -4.285479e-01 2.787421e+00 1.479623e+00 1.813185e+00 2.005486e+00 5.248073e-02 4.836008e+00 1.073989e-01 -1.315144e+00
1.341600e+02 1.776786e+00 -3.708119e-01 8.669142e-01 -4.362745e-01 2.801551e+00 1.341425e+00 1.905943e+00 1.982031e+00 2.725994e-02 4.957745e+00 9.713260e-02 -1.287319e+00
1.342400e+02 1.972272e+00 -6.983505e-02 8.997822e-01 -4.114908e-01 2.816443e+00 1.180171e+00 1.996885e+00 1.981483e+00 4.535712e-03 5.072349e+00 8.475369e-02 -1.259845e+00
1.343200e+02 2.158871e+00 1.139136e-01 9.244454e-01 -3.574968e-01 2.832095e+00 1.021014e+00 2.082217e+00 2.007570e+00 -1.499788e-02 5.174475e+00 7.863590e-02 -1.220092e+00
1.344000e+02 2.327163e+00 1.962823e-01 9.484703e-01 -2.593067e-01 2.848153e+00 8.635849e-01 2.159761e+00 2.031159e+00 -2.975821e-02 5.261488e+00 6.975882e-02 -1.168192e+00
1.344800e+02 2.482289e+00 2.019458e-01 9.801505e-01 -1.226528e-01 2.873233e+00 7.063610e-01 2.233275e+00 2.058670e+00 -3.744682e-02 5.354876e+00 5.771579e-02 -1.082486e+00
1.345600e+02 2.613654e+00 4.732888e-02 9.929544e-01 4.934243e-02 2.898849e+00 5.503577e-01 2.296691e+00 2.104583e+00 -3.927535e-02 5.399546e+00 6.268974e-02 -1.002436e+00
1.346400e+02 2.731907e+00 -2.060291e-01 9.934196e-01 2.605192e-01 2.924295e+00 4.046290e-01 2.350208e+00 2.146824e+00 -3.370372e-02 5.433063e+00 7.797540e-02 -9.157572e-01
1.347200e+02 2.838419e+00 -4.596665e-01 9.704316e-01 5.028508e-01 2.946200e+00 2.719585e-01 2.389705e+00 2.194501e+00 -2.068371e-02 5.449904e+00 1.003638e-01 -8.676539e-01
1.348000e+02 2.949564e+00 -6.836805e-01 9.225020e-01 7.631394e-01 2.964770e+00 1.351518e-01 2.419571e+00 2.247013e+00 2.193251e-03 5.431862e+00 1.300363e-01 -7.979276e-01
1.348800e+02 3.047094e+00 -8.668574e-01 8.614823e-01 1.053602e+00 2.984163e+00 2.615101e-02 2.437331e+00 2.308147e+00 2.883375e-02 5.410135e+00 1.552063e-01 -7.171557e-01
1.349600e+02 3.122321e+00 -9.764368e-01 7.825343e-01 1.377522e+00 3.003347e+00 -5.152492e-02 2.443307e+00 2.374564e+00 5.903956e-02 5.369389e+00 1.767236e-01 -6.428240e-01
1.350400e+02 3.192829e+00 -1.023555e+00 6.958276e-01 1.641657e+00 3.024861e+00 -1.241340e-01 2.445550e+00 2.432484e+00 1.009452e-01 5.312731e+00 2.134136e-01 -5.746143e-01
1.351200e+02 3.241656e+00 -1.069789e+00 5.910742e-01 1.949360e+00 3.042723e+00 -1.655271e-01 2.437423e+00 2.504689e+00 1.441819e-01 5.242780e+00 2.627940e-01 -5.106133e-01
1.352000e+02 3.274241e+00 -1.085605e+00 4.865781e-01 2.240853e+00 3.057259e+00 -1.897953e-01 2.420480e+00 2.548207e+00 1.980488e-01 5.159867e+00 3.279111e-01 -4.515455e-01
1.352800e+02 3.294153e+00 -1.057004e+00 3.907293e-01 2.519764e+00 3.070813e+00 -1.848397e-01 2.388896e+00 2.591746e+00 2.512928e-01 5.047258e+00 3.981915e-01 -4.007128e-01
1.353600e+02 3.303135e+00 -9.704050e-01 3.244079e-01 2.765554e+00 3.088018e+00 -1.573370e-01 2.357081e+00 2.626602e+00 3.045272e-01 4.938442e+00 4.679697e-01 -3.375262e-01
1.354400e+02 3.301815e+00 -8.772401e-01 2.823687e-01 2.952179e+00 3.106764e+00 -1.298743e-01 2.325112e+00 2.647673e+00 3.656529e-01 4.818581e+00 5.469569e-01 -2.721115e-01
1.355200e+02 3.274036e+00 -7.850607e-01 2.723932e-01 3.089159e+00 3.125287e+00 -9.086318e-02 2.285669e+00 2.664725e+00 4.298677e-01 4.672787e+00 6.309946e-01 -2.235737e-01
1.356000e+02 3.227446e+00 -6.838249e-01 3.029394e-01 3.152188e+00 3.144545e+00 -4.273807e-02 2.237446e+00 2.670475e+00 4.949820e-01 4.494328e+00 7.070981e-01 -1.672423e-01
1.356800e+02 3.172746e+00 -5.641171e-01 3.713624e-01 3.120386e+00 3.165909e+00 7.024620e-03 2.186507e+00 2.668357e+00 5.613919e-01 4.286742e+00 7.794218e-01 -9.500559e-02
1.357600e+02 3.097711e+00 -4.808779e-01 4.617411e-01 3.046574e+00 3.186763e+00 7.118579e-02 2.134706e+00 2.643802e+00 6.335105e-01 4.082056e+00 8.507534e-01 -7.301042e-03
1.358400e+02 3.002643e+00 -3.518310e-01 5.920048e-01 2.914755e+00 3.213641e+00 1.449731e-01 2.085020e+00 2.607589e+00 7.058700e-01 3.892727e+00 9.020456e-01 1.083392e-01
1.359200e+02 2.895932e+00 -3.345148e-01 7.076006e-01 2.739451e+00 3.228705e+00 2.090171e-01 2.034129e+00 2.538018e+00 7.918273e-01 3.664193e+00 9.689058e-01 2.470710e-01
1.360000e+02 2.773727e+00 -3.317231e-01 8.224745e-01 2.585299e+00 3.242805e+00 2.898850e-01 1.987067e+00 2.465086e+00 8.796315e-01 3.459604e+00 1.012695e+00 3.816549e-01
1.360800e+02 2.657441e+00 -3.557096e-01 9.089035e-01 2.403030e+00 3.249436e+00 3.762082e-01 1.943016e+00 2.369408e+00 9.763048e-01 3.253734e+00 1.047554e+00 5.326512e-01
1.361600e+02 2.539634e+00 -3.589696e-01 9.791220e-01 2.226875e+00 3.244650e+00 4.982813e-01 1.898030e+00 2.273728e+00 1.070522e+00 3.042409e+00 1.049144e+00 6.829909e-01
1.362400e+02 2.417684e+00 -3.864403e-01 1.027455e+00 2.060333e+00 3.225376e+00 6.157097e-01 1.854685e+00 2.165619e+00 1.162028e+00 2.826890e+00 1.027472e+00 8.058406e-01
1.363200e+02 2.311498e+00 -4.437844e-01 1.056762e+00 1.859023e+00 3.201069e+00 7.245733e-01 1.816907e+00 2.068117e+00 1.253843e+00 2.613497e+00 9.788067e-01 9.424915e-01
1.364000e+02 2.215480e+00 -4.912981e-01 1.076645e+00 1.656127e+00 3.172388e+00 8.503536e-01 1.784672e+00 1.972984e+00 1.347649e+00 2.437143e+00 9.063336e-01 1.090183e+00
1.364800e+02 2.136380e+00 -5.795881e-01 1.086773e+00 1.429568e+00 3.138861e+00 9.837130e-01 1.754760e+00 1.889828e+00 1.445083e+00 2.283258e+00 8.200763e-01 1.256459e+00
1.365600e+02 2.077231e+00 -6.719100e-01 1.086190e+00 1.211718e+00 3.097243e+00 1.112788e+00 1.728211e+00 1.810722e+00 1.547161e+00 2.153265e+00 7.259131e-01 1.434818e+00
1.366400e+02 2.053167e+00 -7.729310e-01 1.078469e+00 9.677752e-01 3.051085e+00 1.250074e+00 1.704475e+00 1.751452e+00 1.651284e+00 2.052264e+00 6.357668e-01 1.641521e+00
1.367200e+02 2.051610e+00 -8.371583e-01 1.069572e+00 7.305032e-01 3.000711e+00 1.395692e+00 1.682496e+00 1.710697e+00 1.754153e+00 1.980075e+00 5.427300e-01 1.818323e+00
1.368000e+02 2.078207e+00 -9.103150e-01 1.047225e+00 4.864872e-01 2.944120e+00 1.520580e+00 1.665309e+00 1.689571e+00 1.859823e+00 1.926694e+00 4.702944e-01 1.982897e+00
1.368800e+02 2.134146e+00 -9.857109e-01 1.019674e+00 2.245336e-01 2.877857e+00 1.635802e+00 1.645189e+00 1.656197e+00 1.965841e+00 1.880660e+00 4.153366e-01 2.150033e+00
1.369600e+02 2.211629e+00 -1.079480e+00 9.923643e-01 -2.792404e-02 2.810968e+00 1.744628e+00 1.625697e+00 1.643241e+00 2.064246e+00 1.872383e+00 3.749484e-01 2.308888e+00
1.370400e+02 2.314181e+00 -1.128116e+00 9.628776e-01 -3.081422e-01 2.735345e+00 1.828320e+00 1.603804e+00 1.616993e+00 2.159437e+00 1.868628e+00 3.583508e-01 2.463673e+00
1.371200e+02 2.435243e+00 -1.141224e+00 9.407716e-01 -6.090216e-01 2.659816e+00 1.885988e+00 1.586121e+00 1.596676e+00 2.243582e+00 1.886492e+00 3.642763e-01 2.607801e+00
1.372000e+02 2.567873e+00 -1.117443e+00 9.236946e-01 -9.206784e-01 2.588471e+00 1.922972e+00 1.570735e+00 1.582556e+00 2.313023e+00 1.922042e+00 3.891641e-01 2.714878e+00
1.372800e+02 2.710622e+00 -1.065342e+00 9.117144e-01 -1.260468e+00 2.524192e+00 1.935714e+00 1.561063e+00 1.572170e+00 2.367171e+00 1.982649e+00 4.401418e-01 2.808508e+00
1.373600e+02 2.844259e+00 -1.049885e+00 9.001155e-01 -1.574507e+00 2.465491e+00 1.947473e+00 1.548036e+00 1.568260e+00 2.396542e+00 2.051380e+00 5.072055e-01 2.859987e+00
1.374400e+02 2.971083e+00 -1.088433e+00 8.864432e-01 -1.903297e+00 2.415553e+00 1.921704e+00 1.545850e+00 1.569089e+00 2.409190e+00 2.133666e+00 6.014129e-01 2.900189e+00
1.375200e+02 3.080772e+00 -1.174952e+00 8.859678e-01 -2.206594e+00 2.378155e+00 1.887812e+00 1.552335e+00 1.584584e+00 2.395535e+00 2.247212e+00 6.992493e-01 2.922196e+00
1.376000e+02 3.171741e+00 -1.319505e+00 8.908816e-01 -2.471870e+00 2.350961e+00 1.843563e+00 1.559859e+00 1.608975e+00 2.357537e+00 2.353125e+00 7.943758e-01 2.916984e+00
1.376800e+02 3.254095e+00 -1.543312e+00 8.987901e-01 -2.692116e+00 2.329559e+00 1.784324e+00 1.571644e+00 1.634421e+00 2.300272e+00 2.457025e+00 8.958580e-01 2.875354e+00
1.377600e+02 3.308831e+00 -1.752716e+00 9.095823e-01 -2.874380e+00 2.306234e+00 1.717836e+00 1.577980e+00 1.654244e+00 2.224284e+00 2.533407e+00 1.002973e+00 2.751690e+00
1.378400e+02 3.336643e+00 -1.860371e+00 9.378961e-01 -3.010365e+00 2.285631e+00 1.646238e+00 1.580470e+00 1.680052e+00 2.129124e+00 2.596986e+00 1.102556e+00 2.608734e+00
1.379200e+02 3.336260e+00 -1.830843e+00 9.866067e-01 -3.078927e+00 2.273015e+00 1.574160e+00 1.585931e+00 1.712743e+00 2.023396e+00 2.680825e+00 1.196145e+00 2.454422e+00
1.380000e+02 3.318734e+00 -1.735007e+00 1.012876e+00 -3.095099e+00 2.256681e+00 1.496399e+00 1.584252e+00 1.734130e+00 1.916076e+00 2.720023e+00 1.302089e+00 2.244359e+00
1.380800e+02 3.317036e+00 -1.411656e+00 1.053836e+00 -3.043758e+00 2.254347e+00 1.437216e+00 1.579828e+00 1.777821e+00 1.793468e+00 2.772812e+00 1.373180e+00 2.071121e+00
1.381600e+02 3.355101e+00 -1.029156e+00 1.065768e+00 -2.954957e+00 2.256722e+00 1.375830e+00 1.574318e+00 1.819465e+00 1.674835e+00 2.804505e+00 1.445108e+00 1.903021e+00
1.382400e+02 3.430469e+00 -5.927027e-01 1.061690e+00 -2.781361e+00 2.267808e+00 1.337725e+00 1.561905e+00 1.876741e+00 1.551066e+00 2.826780e+00 1.496182e+00 1.766220e+00
1.383200e+02 3.533812e+00 -1.855136e-01 1.014100e+00 -2.594579e+00 2.277003e+00 1.294762e+00 1.542504e+00 1.923306e+00 1.439568e+00 2.789840e+00 1.558817e+00 1.671946e+00
1.384000e+02 3.657869e+00 1.245427e-01 9.208501e-01 -2.412755e+00 2.283237e+00 1.241518e+00 1.523636e+00 1.959567e+00 1.349743e+00 2.751556e+00 1.642925e+00 1.598374e+00
1.384800e+02 3.751325e+00 4.549864e-01 8.162841e-01 -2.222417e+00 2.289604e+00 1.194830e+00 1.499818e+00 1.997422e+00 1.269596e+00 2.697294e+00 1.726047e+00 1.555080e+00
1.385600e+02 3.781181e+00 7.501727e-01 6.913709e-01 -2.021750e+00 2.290914e+00 1.144503e+00 1.468489e+00 2.032493e+00 1.200479e+00 2.599630e+00 1.819470e+00 1.494114e+00
1.386400e+02 3.742889e+00 9.957845e-01 5.647587e-01 -1.801551e+00 2.294506e+00 1.102732e+00 1.440559e+00 2.064281e+00 1.143469e+00 2.516558e+00 1.921652e+00 1.408893e+00
1.387200e+02 3.647584e+00 1.212140e+00 4.510648e-01 -1.559168e+00 2.304017e+00 1.071728e+00 1.408970e+00 2.102888e+00 1.092657e+00 2.432587e+00 2.018270e+00 1.318160e+00
1.388000e+02 3.508317e+00 1.402750e+00 3.435703e-01 -1.324106e+00 2.316810e+00 1.053292e+00 1.374432e+00 2.136995e+00 1.050076e+00 2.335098e+00 2.105312e+00 1.194145e+00
1.388800e+02 3.336788e+00 1.605027e+00 2.645927e-01 -1.075824e+00 2.338824e+00 1.051473e+00 1.339577e+00 2.178092e+00 1.008196e+00 2.245239e+00 2.164724e+00 1.079400e+00
1.389600e+02 3.157013e+00 1.691034e+00 1.744933e-01 -8.542534e-01 2.358793e+00 1.038246e+00 1.308161e+00 2.203393e+00 9.838453e-01 2.133277e+00 2.230811e+00 9.824782e-01
1.390400e+02 2.990973e+00 1.834242e+00 1.092536e-01 -6.122523e-01 2.380947e+00 1.048126e+00 1.275805e+00 2.227385e+00 9.627392e-01 2.033723e+00 2.261930e+00 9.296171e-01
1.391200e+02 2.863132e+00 1.955573e+00 5.252387e-02 -3.815314e-01 2.400858e+00 1.051799e+00 1.244159e+00 2.242708e+00 9.528459e-01 1.922881e+00 2.281265e+00 8.991498e-01
1.392000e+02 2.785128e+00 2.062063e+00 9.370954e-03 -1.746528e-01 2.420054e+00 1.056937e+00 1.213643e+00 2.245664e+00 9.528756e-01 1.815737e+00 2.282766e+00 8.762515e-01
1.392800e+02 2.744407e+00 2.129590e+00 -1.838889e-02 1.490976e-02 2.440166e+00 1.062473e+00 1.184546e+00 2.253390e+00 9.582243e-01 1.709174e+00 2.265536e+00 8.405927e-01
1.393600e+02 2.718443e+00 2.181909e+00 -4.493197e-02 1.636772e-01 2.457317e+00 1.061634e+00 1.159233e+00 2.236534e+00 9.744192e-01 1.609027e+00 2.243297e+00 8.033252e-01
1.394400e+02 2.679174e+00 2.271268e+00 -6.919229e-02 2.705362e-01 2.470475e+00 1.056163e+00 1.137550e+00 2.201633e+00 1.002394e+00 1.510053e+00 2.220124e+00 7.977888e-01
1.395200e+02 2.629661e+00 2.328214e+00 -9.442923e-02 3.338583e-01 2.479587e+00 1.043525e+00 1.121067e+00 2.158505e+00 1.041219e+00 1.418334e+00 2.190678e+00 8.081128e-01
1.396000e+02 2.572945e+00 2.358436e+00 -9.824304e-02 3.642309e-01 2.492061e+00 1.039733e+00 1.108849e+00 2.113110e+00 1.082426e+00 1.344498e+00 2.139212e+00 8.532762e-01
1.396800e+02 2.515250e+00 2.235773e+00 -9.531781e-02 3.636950e-01 2.505399e+00 1.036745e+00 1.101391e+00 2.063510e+00 1.128608e+00 1.278107e+00 2.082836e+00 9.206108e-01
1.397600e+02 2.461723e+00 1.932916e+00 -9.637472e-02 3.190883e-01 2.513871e+00 1.022237e+00 1.101256e+00 2.000633e+00 1.184625e+00 1.212833e+00 2.034550e+00 1.007794e+00
1.398400e+02 2.419858e+00 1.542934e+00 -9.183120e-02 2.549240e-01 2.519022e+00 1.008388e+00 1.103650e+00 1.933618e+00 1.242530e+00 1.145856e+00 1.981027e+00 1.111186e+00
1.399200e+02 2.386270e+00 1.077112e+00 -9.940340e-02 1.469492e-01 2.515119e+00 9.794833e-01 1.112107e+00 1.851567e+00 1.308968e+00 1.084237e+00 1.953207e+00 1.211443e+00
1.400000e+02 2.353053e+00 5.956486e-01 -1.167475e-01 3.285640e-03 2.499957e+00 9.427422e-01 1.123013e+00 1.759740e+00 1.380074e+00 1.023416e+00 1.946828e+00 1.317226e+00
1.400800e+02 2.328090e+00 1.031858e-01 -1.361839e-01 -1.676613e-01 2.476638e+00 9.034566e-01 1.135988e+00 1.665696e+00 1.452128e+00 9.728766e-01 1.953327e+00 1.436343e+00
1.401600e+02 2.326635e+00 -3.907777e-01 -1.472672e-01 -3.487663e-01 2.447787e+00 8.667701e-01 1.153348e+00 1.568535e+00 1.525899e+00 9.411896e-01 1.968316e+00 1.601020e+00
1.402400e+02 2.362357e+00 -7.954296e-01 -1.358905e-01 -5.329610e-01 2.418919e+00 8.417171e-01 1.172939e+00 1.484073e+00 1.590868e+00 9.286001e-01 1.970048e+00 1.771191e+00
1.403200e+02 2.437057e+00 -1.006522e+00 -9.566793e-02 -7.226417e-01 2.388348e+00 8.305342e-01 1.193035e+00 1.403972e+00 1.647194e+00 9.197169e-01 1.954929e+00 1.942214e+00
1.404000e+02 2.542539e+00 -1.122467e+00 -4.013429e-02 -9.148872e-01 2.357468e+00 8.216214e-01 1.218934e+00 1.342545e+00 1.697967e+00 9.245271e-01 1.937679e+00 2.101848e+00
1.404800e+02 2.663576e+00 -1.204971e+00 3.909814e-02 -1.091949e+00 2.327145e+00 8.251811e-01 1.245767e+00 1.296171e+00 1.738237e+00 9.444181e-01 1.910624e+00 2.261687e+00
1.405600e+02 2.786089e+00 -1.237794e+00 1.436620e-01 -1.266442e+00 2.296683e+00 8.243789e-01 1.275060e+00 1.260225e+00 1.769562e+00 9.725644e-01 1.875601e+00 2.403710e+00
1.406400e+02 2.897162e+00 -1.314550e+00 2.452972e-01 -1.452171e+00 2.259764e+00 8.200480e-01 1.300957e+00 1.224797e+00 1.797233e+00 9.975031e-01 1.856128e+00 2.519071e+00
1.407200e+02 3.000083e+00 -1.344923e+00 3.661517e-01 -1.636755e+00 2.220565e+00 8.348432e-01 1.322759e+00 1.196360e+00 1.812303e+00 1.039292e+00 1.831587e+00 2.630906e+00
1.408000e+02 3.093180e+00 -1.337232e+00 4.952057e-01 -1.819351e+00 2.181145e+00 8.549864e-01 1.340811e+00 1.180531e+00 1.817182e+00 1.082579e+00 1.810206e+00 2.719969e+00
1.408800e+02 3.183565e+00 -1.320242e+00 6.286756e-01 -1.995358e+00 2.140452e+00 8.767516e-01 1.356468e+00 1.175328e+00 1.814239e+00 1.131556e+00 1.798659e+00 2.804053e+00
1.409600e+02 3.266857e+00 -1.255857e+00 7.720161e-01 -2.172057e+00 2.100375e+00 9.132440e-01 1.365098e+00 1.182991e+00 1.798417e+00 1.179092e+00 1.786717e+00 2.863082e+00
1.410400e+02 3.342325e+00 -1.185622e+00 9.116041e-01 -2.347543e+00 2.058754e+00 9.596795e-01 1.369340e+00 1.196355e+00 1.775793e+00 1.224938e+00 1.789187e+00 2.893229e+00
1.411200e+02 3.408701e+00 -1.083905e+00 1.053690e+00 -2.500545e+00 2.018218e+00 1.011091e+00 1.369807e+00 1.220528e+00 1.743947e+00 1.271985e+00 1.798468e+00 2.899375e+00
1.412000e+02 3.461851e+00 -9.636247e-01 1.183493e+00 -2.657796e+00 1.978724e+00 1.053182e+00 1.367074e+00 1.253116e+00 1.707678e+00 1.309892e+00 1.825704e+00 2.872021e+00
1.412800e+02 3.496072e+00 -8.176842e-01 1.301092e+00 -2.778564e+00 1.938794e+00 1.098236e+00 1.358584e+00 1.290297e+00 1.663878e+00 1.340851e+00 1.858885e+00 2.808338e+00
1.413600e+02 3.518753e+00 -6.335188e-01 1.409478e+00 -2.896333e+00 1.902785e+00 1.141045e+00 1.345665e+00 1.332689e+00 1.614630e+00 1.368882e+00 1.901362e+00 2.726058e+00
1.414400e+02 3.523204e+00 -4.420209e-01 1.494909e+00 -2.986478e+00 1.867588e+00 1.183374e+00 1.326787e+00 1.377114e+00 1.562898e+00 1.388685e+00 1.957895e+00 2.625032e+00
1.415200e+02 3.505601e+00 -2.279970e-01 1.555977e+00 -3.048047e+00 1.833740e+00 1.234254e+00 1.298255e+00 1.426729e+00 1.505775e+00 1.394135e+00 2.020338e+00 2.491063e+00
1.416000e+02 3.477013e+00 1.317368e-02 1.592340e+00 -3.094708e+00 1.808881e+00 1.288078e+00 1.265786e+00 1.479536e+00 1.446835e+00 1.407866e+00 2.085147e+00 2.348728e+00
1.416800e+02 3.441793e+00 2.644657e-01 1.601596e+00 -3.149337e+00 1.791565e+00 1.334158e+00 1.230556e+00 1.537861e+00 1.389303e+00 1.406126e+00 2.157037e+00 2.196936e+00
1.417600e+02 3.401994e+00 5.385546e-01 1.587832e+00 -3.188788e+00 1.778942e+00 1.379721e+00 1.192801e+00 1.591912e+00 1.332318e+00 1.402210e+00 2.227443e+00 2.048175e+00
1.418400e+02 3.357502e+00 7.900765e-01 1.543175e+00 -3.209241e+00 1.766493e+00 1.422125e+00 1.151720e+00 1.649269e+00 1.276135e+00 1.386720e+00 2.300132e+00 1.878993e+00
1.419200e+02 3.302900e+00 1.029243e+00 1.481183e+00 -3.215975e+00 1.754220e+00 1.466514e+00 1.108480e+00 1.695552e+00 1.220387e+00 1.366879e+00 2.364943e+00 1.705975e+00
1.420000e+02 3.256767e+00 1.209526e+00 1.402551e+00 -3.230504e+00 1.746105e+00 1.511781e+00 1.065040e+00 1.742256e+00 1.168729e+00 1.345708e+00 2.428291e+00 1.553746e+00
1.420800e+02 3.213545e+00 1.417087e+00 1.326313e+00 -3.258305e+00 1.747037e+00 1.557410e+00 1.022839e+00 1.791126e+00 1.117353e+00 1.326213e+00 2.470836e+00 1.409665e+00
1.421600e+02 3.160533e+00 1.624393e+00 1.252767e+00 -3.256285e+00 1.754442e+00 1.605749e+00 9.822850e-01 1.840530e+00 1.066869e+00 1.308658e+00 2.500601e+00 1.282989e+00
1.422400e+02 3.091769e+00 1.800757e+00 1.175659e+00 -3.239184e+00 1.762709e+00 1.651109e+00 9.439754e-01 1.882467e+00 1.021239e+00 1.284333e+00 2.527292e+00 1.176083e+00
1.423200e+02 3.025377e+00 1.889155e+00 1.080608e+00 -3.232751e+00 1.767973e+00 1.679614e+00 9.098456e-01 1.916317e+00 9.862223e-01 1.252867e+00 2.560417e+00 1.089004e+00
1.424000e+02 2.972076e+00 1.995714e+00 9.795092e-01 -3.199737e+00 1.772409e+00 1.713337e+00 8.748049e-01 1.939638e+00 9.545883e-01 1.220191e+00 2.579011e+00 1.018346e+00
1.424800e+02 2.948446e+00 2.126099e+00 8.740223e-01 -3.143503e+00 1.776245e+00 1.744549e+00 8.399287e-01 1.955313e+00 9.259267e-01 1.181051e+00 2.586560e+00 9.734637e-01
1.425600e+02 2.947272e+00 2.190947e+00 7.460946e-01 -3.082387e+00 1.774292e+00 1.759897e+00 8.094300e-01 1.952501e+00 9.098502e-01 1.138639e+00 2.601771e+00 9.395092e-01
1.426400e+02 2.962326e+00 2.184553e+00 6.089151e-01 -2.993243e+00 1.770389e+00 1.772964e+00 7.805194e-01 1.944868e+00 8.966499e-01 1.094912e+00 2.606859e+00 9.239430e-01
1.427200e+02 2.985843e+00 2.220735e+00 4.840011e-01 -2.923988e+00 1.773069e+00 1.783324e+00 7.580125e-01 1.938159e+00 8.835952e-01 1.061928e+00 2.583919e+00 9.456521e-01
1.428000e+02 2.994756e+00 2.160241e+00 3.484297e-01 -2.822576e+00 1.775060e+00 1.789050e+00 7.402543e-01 1.921258e+00 8.761813e-01 1.028586e+00 2.557688e+00 9.743609e-01
1.428800e+02 2.988840e+00 2.067611e+00 2.220138e-01 -2.702988e+00 1.784524e+00 1.795768e+00 7.273793e-01 1.916457e+00 8.665320e-01 1.005022e+00 2.509771e+00 1.036554e+00
1.429600e+02 2.966623e+00 1.913205e+00 9.110581e-02 -2.581300e+00 1.793882e+00 1.795228e+00 7.191385e-01 1.892058e+00 8.641850e-01 9.770408e-01 2.458394e+00 1.116851e+00
1.430400e+02 2.927228e+00 1.714913e+00 -4.420279e-02 -2.462037e+00 1.800645e+00 1.788421e+00 7.136579e-01 1.856175e+00 8.671383e-01 9.448125e-01 2.402713e+00 1.205028e+00
1.431200e+02 2.865981e+00 1.525350e+00 -1.741730e-01 -2.327551e+00 1.808193e+00 1.773780e+00 7.108120e-01 1.825136e+00 8.689458e-01 9.123477e-01 2.333535e+00 1.287710e+00
1.432000e+02 2.798431e+00 1.296966e+00 -2.993757e-01 -2.203799e+00 1.813845e+00 1.757101e+00 7.136928e-01 1.772197e+00 8.797646e-01 8.865680e-01 2.272985e+00 1.403495e+00
1.432800e+02 2.721774e+00 1.071347e+00 -4.135085e-01 -2.093139e+00 1.819879e+00 1.731494e+00 7.237282e-01 1.721240e+00 8.937457e-01 8.657673e-01 2.214283e+00 1.521242e+00
1.433600e+02 2.630519e+00 8.823552e-01 -5.162011e-01 -1.970767e+00 1.823295e+00 1.706319e+00 7.367315e-01 1.665044e+00 9.084195e-01 8.465383e-01 2.149638e+00 1.644820e+00
1.434400e+02 2.544859e+00 6.720421e-01 -6.150307e-01 -1.852232e+00 1.820525e+00 1.678133e+00 7.542703e-01 1.591086e+00 9.296069e-01 8.263731e-01 2.091175e+00 1.765777e+00
1.435200e+02 2.465712e+00 4.425836e-01 -7.082636e-01 -1.745592e+00 1.814933e+00 1.641857e+00 7.752897e-01 1.523861e+00 9.534033e-01 8.026052e-01 2.043560e+00 1.876778e+00
1.436000e+02 2.401748e+00 3.093205e-01 -7.747130e-01 -1.646206e+00 1.810541e+00 1.611517e+00 7.976490e-01 1.455525e+00 9.739312e-01 7.889934e-01 1.983623e+00 1.986390e+00
1.436800e+02 2.376927e+00 2.220363e-01 -8.261196e-01 -1.572245e+00 1.806878e+00 1.573464e+00 8.232766e-01 1.383122e+00 9.977463e-01 7.779329e-01 1.929148e+00 2.095282e+00
1.437600e+02 2.388983e+00 1.900202e-01 -8.542302e-01 -1.534030e+00 1.805119e+00 1.534255e+00 8.504960e-01 1.313617e+00 1.021249e+00 7.676168e-01 1.872921e+00 2.195422e+00
1.438400e+02 2.437261e+00 1.689797e-01 -8.622663e-01 -1.510689e+00 1.803362e+00 1.497112e+00 8.785315e-01 1.247866e+00 1.043311e+00 7.586114e-01 1.817352e+00 2.278362e+00
1.439200e+02 2.516718e+00 1.892450e-01 -8.441078e-01 -1.492363e+00 1.805393e+00 1.465230e+00 9.083772e-01 1.192966e+00 1.060858e+00 7.592113e-01 1.753733e+00 2.364128e+00
1.440000e+02 2.618766e+00 2.305250e-01 -8.079213e-01 -1.482824e+00 1.808703e+00 1.432781e+00 9.386864e-01 1.145826e+00 1.077098e+00 7.569544e-01 1.689683e+00 2.424152e+00
1.440800e+02 2.734279e+00 2.829984e-01 -7.594543e-01 -1.482551e+00 1.810113e+00 1.397223e+00 9.686150e-01 1.098572e+00 1.093810e+00 7.507453e-01 1.629401e+00 2.458699e+00
1.441600e+02 2.857957e+00 3.373194e-01 -7.001328e-01 -1.502247e+00 1.810780e+00 1.360471e+00 9.991494e-01 1.055704e+00 1.111578e+00 7.433927e-01 1.574183e+00 2.492300e+00
1.442400e+02 2.969494e+00 4.419539e-01 -6.295631e-01 -1.520940e+00 1.809557e+00 1.325386e+00 1.026056e+00 1.020089e+00 1.125955e+00 7.290169e-01 1.513005e+00 2.503017e+00
1.443200e+02 3.070572e+00 5.447686e-01 -5.514383e-01 -1.534986e+00 1.808504e+00 1.286577e+00 1.053820e+00 9.906476e-01 1.141081e+00 7.196529e-01 1.458218e+00 2.519052e+00
1.444000e+02 3.157692e+00 6.503973e-01 -4.724961e-01 -1.569314e+00 1.803949e+00 1.242101e+00 1.079656e+00 9.622958e-01 1.159013e+00 7.016704e-01 1.409619e+00 2.508587e+00
1.444800e+02 3.226178e+00 7.602491e-01 -3.937014e-01 -1.612685e+00 1.795823e+00 1.189323e+00 1.103865e+00 9.367457e-01 1.178715e+00 6.796540e-01 1.364470e+00 2.476871e+00
1.445600e+02 3.279741e+00 8.378320e-01 -3.211468e-01 -1.672207e+00 1.779821e+00 1.132808e+00 1.125364e+00 9.044991e-01 1.203398e+00 6.516280e-01 1.329715e+00 2.440126e+00
1.446400e+02 3.312605e+00 9.152031e-01 -2.503292e-01 -1.749219e+00 1.761044e+00 1.068141e+00 1.144020e+00 8.778320e-01 1.228106e+00 6.194744e-01 1.298734e+00 2.383857e+00
1.447200e+02 3.327124e+00 9.813573e-01 -1.845378e-01 -1.838986e+00 1.739176e+00 1.001574e+00 1.159611e+00 8.568376e-01 1.253047e+00 5.862372e-01 1.275993e+00 2.320203e+00
1.448000e+02 3.323878e+00 1.033825e+00 -1.242810e-01 -1.931575e+00 1.716117e+00 9.374045e-01 1.171414e+00 8.331317e-01 1.279449e+00 5.558860e-01 1.260323e+00 2.256444e+00
1.448800e+02 3.302590e+00 1.073081e+00 -6.940026e-02 -2.037070e+00 1.690925e+00 8.761142e-01 1.176885e+00 8.183319e-01 1.304935e+00 5.128573e-01 1.251276e+00 2.185059e+00
1.449600e+02 3.264277e+00 1.120788e+00 -1.604936e-02 -2.138259e+00 1.664037e+00 8.163715e-01 1.175980e+00 8.069050e-01 1.329552e+00 4.626909e-01 1.244017e+00 2.123674e+00
1.450400e+02 3.211541e+00 1.150289e+00 2.982704e-02 -2.246566e+00 1.637468e+00 7.543094e-01 1.175371e+00 7.997992e-01 1.355623e+00 4.195715e-01 1.245355e+00 2.052086e+00
1.451200e+02 3.142761e+00 1.200352e+00 8.074962e-02 -2.336539e+00 1.612829e+00 6.975760e-01 1.173045e+00 8.050024e-01 1.377351e+00 3.840030e-01 1.243422e+00 1.983046e+00
1.452000e+02 3.069237e+00 1.229422e+00 1.289519e-01 -2.429295e+00 1.588667e+00 6.415802e-01 1.168342e+00 8.147085e-01 1.398177e+00 3.475786e-01 1.249997e+00 1.907741e+00
1.452800e+02 2.989743e+00 1.249844e+00 1.752117e-01 -2.523219e+00 1.562176e+00 5.889577e-01 1.158811e+00 8.282813e-01 1.417451e+00 3.015555e-01 1.261587e+00 1.829036e+00
1.453600e+02 2.912377e+00 1.244303e+00 2.226808e-01 -2.615969e+00 1.536940e+00 5.306365e-01 1.149695e+00 8.555274e-01 1.433784e+00 2.609230e-01 1.281171e+00 1.754716e+00
1.454400e+02 2.839986e+00 1.246999e+00 2.749702e-01 -2.697244e+00 1.512686e+00 4.827104e-01 1.138736e+00 8.897957e-01 1.445463e+00 2.252705e-01 1.300628e+00 1.687421e+00
1.455200e+02 2.777961e+00 1.247409e+00 3.287104e-01 -2.766458e+00 1.490777e+00 4.410235e-01 1.126027e+00 9.345831e-01 1.452261e+00 1.939712e-01 1.323271e+00 1.621493e+00
1.456000e+02 2.729227e+00 1.248012e+00 3.793236e-01 -2.827814e+00 1.469036e+00 3.891502e-01 1.116339e+00 9.787422e-01 1.458612e+00 1.665381e-01 1.351623e+00 1.560303e+00
1.456800e+02 2.692579e+00 1.254042e+00 4.298156e-01 -2.879154e+00 1.448460e+00 3.487370e-01 1.103130e+00 1.031450e+00 1.459227e+00 1.429519e-01 1.379314e+00 1.494417e+00
1.457600e+02 2.668790e+00 1.260285e+00 4.771464e-01 -2.898478e+00 1.430035e+00 3.208689e-01 1.085867e+00 1.094074e+00 1.452530e+00 1.182351e-01 1.405162e+00 1.439844e+00
1.458400e+02 2.656944e+00 1.250195e+00 5.164693e-01 -2.914877e+00 1.411157e+00 2.962743e-01 1.067063e+00 1.145508e+00 1.446073e+00 9.603416e-02 1.436622e+00 1.378769e+00
1.459200e+02 2.647833e+00 1.220919e+00 5.460548e-01 -2.899316e+00 1.396462e+00 2.832837e-01 1.046125e+00 1.206088e+00 1.432911e+00 8.263830e-02 1.467330e+00 1.333022e+00
1.460000e+02 2.636522e+00 1.173885e+00 5.627621e-01 -2.851991e+00 1.385621e+00 2.845040e-01 1.023787e+00 1.272726e+00 1.413105e+00 8.044283e-02 1.495139e+00 1.291680e+00
1.460800e+02 2.625442e+00 1.106041e+00 5.638881e-01 -2.796713e+00 1.379194e+00 2.762866e-01 1.004043e+00 1.338204e+00 1.392541e+00 7.871526e-02 1.524295e+00 1.256310e+00
1.461600e+02 2.615736e+00 1.018231e+00 5.495646e-01 -2.754881e+00 1.378580e+00 2.743561e-01 9.859227e-01 1.407306e+00 1.369899e+00 7.958629e-02 1.555964e+00 1.226575e+00
1.462400e+02 2.607703e+00 9.208688e-01 5.196505e-01 -2.719623e+00 1.381034e+00 2.530637e-01 9.752204e-01 1.472365e+00 1.348725e+00 8.682727e-02 1.588304e+00 1.207478e+00
1.463200e+02 2.594675e+00 8.135750e-01 4.772825e-01 -2.668637e+00 1.386068e+00 2.570447e-01 9.623100e-01 1.540331e+00 1.322805e+00 1.024810e-01 1.614640e+00 1.197245e+00
1.464000e+02 2.575817e+00 7.085386e-01 4.202730e-01 -2.603372e+00 1.394184e+00 2.655469e-01 9.482221e-01 1.606615e+00 1.293008e+00 1.155698e-01 1.633743e+00 1.193880e+00
1.464800e+02 2.559130e+00 5.909207e-01 3.503440e-01 -2.553792e+00 1.406362e+00 2.615506e-01 9.388496e-01 1.677101e+00 1.262633e+00 1.351475e-01 1.653613e+00 1.198101e+00
1.465600e+02 2.541395e+00 4.729126e-01 2.689670e-01 -2.494169e+00 1.421516e+00 2.666859e-01 9.280789e-01 1.746303e+00 1.228871e+00 1.604544e-01 1.666229e+00 1.207955e+00
1.466400e+02 2.536317e+00 3.352820e-01 1.739287e-01 -2.455035e+00 1.438700e+00 2.664994e-01 9.206499e-01 1.808386e+00 1.198315e+00 1.887105e-01 1.684009e+00 1.223218e+00
1.467200e+02 2.542377e+00 2.000374e-01 6.927566e-02 -2.425496e+00 1.457574e+00 2.706893e-01 9.156008e-01 1.869603e+00 1.168359e+00 2.227707e-01 1.699760e+00 1.244637e+00
1.468000e+02 2.557642e+00 6.114168e-02 -4.515240e-02 -2.403308e+00 1.475404e+00 2.732241e-01 9.120695e-01 1.926937e+00 1.138949e+00 2.550203e-01 1.714134e+00 1.259961e+00
1.468800e+02 2.576152e+00 -7.186080e-02 -1.653486e-01 -2.382893e+00 1.493949e+00 2.778012e-01 9.100655e-01 1.982281e+00 1.109629e+00 2.894862e-01 1.725407e+00 1.273363e+00
1.469600e+02 2.605108e+00 -1.724144e-01 -2.916703e-01 -2.388559e+00 1.510309e+00 2.777786e-01 9.090513e-01 2.030043e+00 1.081751e+00 3.141693e-01 1.736531e+00 1.277270e+00
1.470400e+02 2.642272e+00 -2.499734e-01 -4.101907e-01 -2.383706e+00 1.532351e+00 2.866487e-01 9.105282e-01 2.085710e+00 1.051431e+00 3.526986e-01 1.740262e+00 1.296880e+00
1.471200e+02 2.675691e+00 -3.086001e-01 -5.310320e-01 -2.367950e+00 1.554790e+00 2.983507e-01 9.126375e-01 2.136407e+00 1.020880e+00 3.936599e-01 1.743673e+00 1.309422e+00
1.472000e+02 2.711404e+00 -3.191270e-01 -6.421602e-01 -2.349288e+00 1.581591e+00 3.160429e-01 9.163342e-01 2.187629e+00 9.878269e-01 4.406715e-01 1.736043e+00 1.332017e+00
1.472800e+02 2.745545e+00 -3.081575e-01 -7.547093e-01 -2.348078e+00 1.606519e+00 3.296454e-01 9.207593e-01 2.229012e+00 9.567744e-01 4.813605e-01 1.732108e+00 1.344677e+00
1.473600e+02 2.783842e+00 -2.780235e-01 -8.577363e-01 -2.364523e+00 1.634572e+00 3.445190e-01 9.277461e-01 2.267396e+00 9.258060e-01 5.302634e-01 1.724792e+00 1.350799e+00
1.474400e+02 2.819266e+00 -2.413235e-01 -9.545340e-01 -2.368724e+00 1.661546e+00 3.657026e-01 9.344891e-01 2.299553e+00 8.958978e-01 5.764096e-01 1.715200e+00 1.357166e+00
1.475200e+02 2.848217e+00 -1.953275e-01 -1.044576e+00 -2.356222e+00 1.685802e+00 3.928108e-01 9.405977e-01 2.312656e+00 8.667356e-01 6.242769e-01 1.702304e+00 1.367714e+00
1.476000e+02 2.871573e+00 -1.402686e-01 -1.123661e+00 -2.345540e+00 1.708435e+00 4.203844e-01 9.456947e-01 2.313638e+00 8.379128e-01 6.710749e-01 1.687547e+00 1.379103e+00
1.476800e+02 2.896288e+00 -7.505598e-02 -1.191852e+00 -2.365899e+00 1.731583e+00 4.454307e-01 9.517871e-01 2.302026e+00 8.114980e-01 7.164634e-01 1.672845e+00 1.398479e+00
1.477600e+02 2.918702e+00 -1.994176e-02 -1.253651e+00 -2.392815e+00 1.752288e+00 4.704753e-01 9.586788e-01 2.282379e+00 7.867038e-01 7.586297e-01 1.659911e+00 1.419222e+00
1.478400e+02 2.943915e+00 7.859368e-02 -1.298107e+00 -2.442777e+00 1.775601e+00 4.970300e-01 9.686380e-01 2.258397e+00 7.623552e-01 8.061167e-01 1.637995e+00 1.440425e+00
1.479200e+02 2.967594e+00 1.103406e-01 -1.345566e+00 -2.499936e+00 1.795061e+00 5.188924e-01 9.816687e-01 2.221352e+00 7.442909e-01 8.519163e-01 1.629253e+00 1.463426e+00
1.480000e+02 2.985492e+00 1.786748e-01 -1.379509e+00 -2.562621e+00 1.813605e+00 5.575674e-01 9.927088e-01 2.174181e+00 7.230088e-01 8.947649e-01 1.609992e+00 1.481121e+00
1.480800e+02 2.994998e+00 2.386638e-01 -1.411360e+00 -2.639767e+00 1.828482e+00 5.984810e-01 1.000837e+00 2.117591e+00 7.035578e-01 9.300147e-01 1.594869e+00 1.491981e+00
1.481600e+02 2.999059e+00 3.241040e-01 -1.437230e+00 -2.725213e+00 1.841732e+00 6.356147e-01 1.011519e+00 2.052038e+00 6.867150e-01 9.619110e-01 1.575757e+00 1.495385e+00
1.482400e+02 3.008361e+00 4.284685e-01 -1.458254e+00 -2.816955e+00 1.854987e+00 6.679836e-01 1.024472e+00 1.979731e+00 6.723752e-01 9.927901e-01 1.556234e+00 1.506497e+00
1.483200e+02 3.031964e+00 5.549281e-01 -1.471494e+00 -2.921411e+00 1.869132e+00 7.001079e-01 1.039647e+00 1.903183e+00 6.601806e-01 1.024423e+00 1.534952e+00 1.527922e+00
1.484000e+02 3.074101e+00 6.907630e-01 -1.478000e+00 -3.049931e+00 1.884898e+00 7.305755e-01 1.056563e+00 1.823507e+00 6.507085e-01 1.052572e+00 1.512382e+00 1.549431e+00
1.484800e+02 3.130022e+00 8.088736e-01 -1.480258e+00 -3.186662e+00 1.900123e+00 7.592820e-01 1.074125e+00 1.734445e+00 6.434709e-01 1.079007e+00 1.487598e+00 1.576034e+00
1.485600e+02 3.197088e+00 8.820607e-01 -1.482338e+00 -3.323685e+00 1.912548e+00 7.876324e-01 1.092983e+00 1.634051e+00 6.411820e-01 1.109211e+00 1.465847e+00 1.596848e+00
1.486400e+02 3.277433e+00 9.493284e-01 -1.471122e+00 -3.467340e+00 1.928567e+00 8.177994e-01 1.113917e+00 1.545053e+00 6.377565e-01 1.138335e+00 1.434910e+00 1.622513e+00
1.487200e+02 3.364677e+00 9.949208e-01 -1.457213e+00 -3.627099e+00 1.944412e+00 8.416962e-01 1.137187e+00 1.453512e+00 6.365821e-01 1.163851e+00 1.406624e+00 1.653811e+00
1.488000e+02 3.461341e+00 1.027820e+00 -1.441881e+00 -3.828402e+00 1.961079e+00 8.561994e-01 1.163898e+00 1.359380e+00 6.400519e-01 1.184741e+00 1.380412e+00 1.682892e+00
1.488800e+02 3.547553e+00 9.699322e-01 -1.443085e+00 -4.002977e+00 1.970670e+00 8.706255e-01 1.189216e+00 1.264649e+00 6.456880e-01 1.198640e+00 1.366411e+00 1.712600e+00
1.489600e+02 3.621810e+00 8.770388e-01 -1.452325e+00 -4.183263e+00 1.978308e+00 8.790742e-01 1.215331e+00 1.173132e+00 6.533805e-01 1.210511e+00 1.355399e+00 1.740405e+00
1.490400e+02 3.693960e+00 7.384106e-01 -1.473033e+00 -4.355574e+00 1.978082e+00 8.844152e-01 1.240443e+00 1.062841e+00 6.678637e-01 1.216621e+00 1.352956e+00 1.766488e+00
1.491200e+02 3.767044e+00 5.857537e-01 -1.496742e+00 -4.514407e+00 1.974614e+00 8.866465e-01 1.263117e+00 9.628978e-01 6.829450e-01 1.215310e+00 1.354047e+00 1.791494e+00
1.492000e+02 3.846615e+00 4.365028e-01 -1.527186e+00 -4.677402e+00 1.968235e+00 8.799789e-01 1.285783e+00 8.709313e-01 7.012654e-01 1.202580e+00 1.362092e+00 1.813657e+00
1.492800e+02 3.918662e+00 3.372039e-01 -1.539342e+00 -4.793623e+00 1.961168e+00 8.847249e-01 1.306834e+00 7.922055e-01 7.165684e-01 1.194543e+00 1.362130e+00 1.848829e+00
1.493600e+02 3.969030e+00 1.588150e-01 -1.548109e+00 -4.868751e+00 1.944252e+00 8.840546e-01 1.326527e+00 6.936274e-01 7.395694e-01 1.173424e+00 1.377948e+00 1.871169e+00
1.494400e+02 3.983233e+00 -1.075327e-01 -1.537503e+00 -4.857443e+00 1.923328e+00 9.089436e-01 1.337979e+00 6.207176e-01 7.555686e-01 1.148743e+00 1.385389e+00 1.890760e+00
1.495200e+02 3.980234e+00 -3.899043e-01 -1.499062e+00 -4.809628e+00 1.907940e+00 9.200902e-01 1.350252e+00 5.550746e-01 7.719910e-01 1.120780e+00 1.385038e+00 1.912018e+00
1.496000e+02 3.976166e+00 -6.596004e-01 -1.421216e+00 -4.698616e+00 1.894047e+00 9.399876e-01 1.358353e+00 5.047967e-01 7.838393e-01 1.090476e+00 1.366809e+00 1.936244e+00
1.496800e+02 3.986333e+00 -9.559211e-01 -1.308240e+00 -4.549556e+00 1.880214e+00 9.524597e-01 1.365210e+00 4.628578e-01 7.966427e-01 1.054004e+00 1.343919e+00 1.962534e+00
1.497600e+02 3.997527e+00 -1.244320e+00 -1.159960e+00 -4.349761e+00 1.863468e+00 9.640862e-01 1.367943e+00 4.284584e-01 8.100105e-01 1.008052e+00 1.312111e+00 1.989380e+00
1.498400e+02 4.008806e+00 -1.520952e+00 -9.881088e-01 -4.077299e+00 1.841242e+00 9.746979e-01 1.366085e+00 4.023029e-01 8.245475e-01 9.581120e-01 1.275249e+00 2.012040e+00
1.499200e+02 4.014374e+00 -1.719390e+00 -7.923375e-01 -3.742667e+00 1.817321e+00 9.866190e-01 1.359373e+00 3.898655e-01 8.351027e-01 9.062298e-01 1.225604e+00 2.035601e+00
1.500000e+02 4.011774e+00 -1.854362e+00 -5.886774e-01 -3.382893e+00 1.790399e+00 9.890957e-01 1.349726e+00 3.843688e-01 8.455858e-01 8.475643e-01 1.174687e+00 2.056864e+00
1.500800e+02 4.002190e+00 -2.018820e+00 -4.065474e-01 -3.025080e+00 1.755742e+00 9.693857e-01 1.339061e+00 3.771353e-01 8.633861e-01 7.717960e-01 1.141481e+00 2.075298e+00
1.501600e+02 3.975498e+00 -2.129362e+00 -2.277765e-01 -2.695007e+00 1.721303e+00 9.402684e-01 1.328323e+00 3.777201e-01 8.826936e-01 6.954287e-01 1.105249e+00 2.098155e+00
1.502400e+02 3.920000e+00 -2.139198e+00 -5.882554e-02 -2.359894e+00 1.687889e+00 9.167128e-01 1.312937e+00 3.963383e-01 8.965704e-01 6.159241e-01 1.056973e+00 2.124351e+00
1.503200e+02 3.844228e+00 -2.150614e+00 7.196932e-02 -2.061058e+00 1.651389e+00 8.774981e-01 1.297754e+00 4.098341e-01 9.164295e-01 5.270413e-01 1.021360e+00 2.148850e+00
1.504000e+02 3.755777e+00 -2.041642e+00 1.972419e-01 -1.758219e+00 1.620311e+00 8.447554e-01 1.278468e+00 4.352740e-01 9.298231e-01 4.409854e-01 9.633024e-01 2.182941e+00
1.504800e+02 3.639911e+00 -1.871730e+00 3.114832e-01 -1.440963e+00 1.595930e+00 8.144972e-01 1.257720e+00 4.659893e-01 9.379528e-01 3.621671e-01 8.848915e-01 2.218179e+00
1.505600e+02 3.507924e+00 -1.725156e+00 3.997901e-01 -1.115201e+00 1.575612e+00 7.810011e-01 1.235840e+00 5.002910e-01 9.447502e-01 2.774229e-01 7.963689e-01 2.256882e+00
1.506400e+02 3.368380e+00 -1.552719e+00 4.808510e-01 -7.873597e-01 1.563502e+00 7.562542e-01 1.212169e+00 5.415918e-01 9.470312e-01 1.975360e-01 6.899834e-01 2.291437e+00
1.507200e+02 3.246273e+00 -1.398492e+00 5.370419e-01 -4.751395e-01 1.555394e+00 7.109095e-01 1.189212e+00 5.820210e-01 9.545884e-01 1.075036e-01 5.875658e-01 2.316924e+00
1.508000e+02 3.177906e+00 -1.215877e+00 5.701007e-01 -1.810506e-01 1.549214e+00 6.569202e-01 1.165986e+00 6.162433e-01 9.678116e-01 1.588973e-02 4.888403e-01 2.350534e+00
1.508800e+02 3.145971e+00 -1.006618e+00 5.887460e-01 1.269058e-01 1.544093e+00 5.990626e-01 1.141332e+00 6.476148e-01 9.846119e-01 -7.971901e-02 3.897613e-01 2.376537e+00
1.509600e+02 3.131851e+00 -7.856066e-01 5.950629e-01 4.082455e-01 1.539844e+00 5.266053e-01 1.117506e+00 6.715955e-01 1.008204e+00 -1.807650e-01 2.968052e-01 2.394962e+00
1.510400e+02 3.117333e+00 -5.877780e-01 5.931530e-01 6.823411e-01 1.538042e+00 4.422094e-01 1.094178e+00 6.973735e-01 1.036202e+00 -2.866082e-01 2.100897e-01 2.421323e+00
1.511200e+02 3.089408e+00 -3.979743e-01 5.857951e-01 9.531473e-01 1.539257e+00 3.503132e-01 1.071259e+00 7.240788e-01 1.066969e+00 -3.903112e-01 1.282682e-01 2.441619e+00
1.512000e+02 3.038064e+00 -2.231924e-01 5.753510e-01 1.203308e+00 1.544228e+00 2.603539e-01 1.048643e+00 7.410642e-01 1.102720e+00 -4.912313e-01 5.375659e-02 2.465311e+00
1.512800e+02 2.965447e+00 -4.582789e-02 5.696729e-01 1.436166e+00 1.554324e+00 1.714576e-01 1.026140e+00 7.589746e-01 1.139323e+00 -5.871132e-01 -2.164312e-02 2.485479e+00
1.513600e+02 2.880664e+00 1.406906e-01 5.699807e-01 1.646040e+00 1.568810e+00 7.120249e-02 1.006324e+00 7.723720e-01 1.178572e+00 -6.784327e-01 -9.393555e-02 2.506212e+00
1.514400e+02 2.788522e+00 2.361870e-01 5.584268e-01 1.826164e+00 1.582257e+00 -3.721071e-02 9.881395e-01 7.737052e-01 1.224929e+00 -7.743082e-01 -1.468225e-01 2.517894e+00
1.515200e+02 2.694335e+00 3.475858e-01 5.695498e-01 1.977600e+00 1.603268e+00 -1.380205e-01 9.707990e-01 7.785340e-01 1.267961e+00 -8.589832e-01 -2.041706e-01 2.532700e+00
1.516000e+02 2.603028e+00 4.370555e-01 5.951710e-01 2.103230e+00 1.628734e+00 -2.297548e-01 9.519285e-01 7.792017e-01 1.310044e+00 -9.501415e-01 -2.591318e-01 2.546796e+00
1.516800e+02 2.514742e+00 5.035282e-01 6.413899e-01 2.204710e+00 1.659529e+00 -3.206686e-01 9.351714e-01 7.792857e-01 1.349973e+00 -1.027437e+00 -3.145331e-01 2.557298e+00
1.517600e+02 2.432709e+00 5.555614e-01 6.982404e-01 2.268799e+00 1.693790e+00 -4.106391e-01 9.208865e-01 7.739560e-01 1.389895e+00 -1.100146e+00 -3.631155e-01 2.563114e+00
1.518400e+02 2.345947e+00 6.229825e-01 7.703729e-01 2.317006e+00 1.734367e+00 -4.844848e-01 9.071917e-01 7.715255e-01 1.424165e+00 -1.162479e+00 -4.153627e-01 2.565951e+00
1.519200e+02 2.259102e+00 6.485106e-01 8.321613e-01 2.338839e+00 1.778106e+00 -5.525946e-01 8.959475e-01 7.607385e-01 1.459689e+00 -1.222809e+00 -4.554895e-01 2.562333e+00
1.520000e+02 2.172696e+00 6.747747e-01 8.894847e-01 2.359158e+00 1.821838e+00 -5.949790e-01 8.839040e-01 7.430121e-01 1.491427e+00 -1.274611e+00 -4.916619e-01 2.555362e+00
1.520800e+02 2.084674e+00 6.823811e-01 9.386891e-01 2.337300e+00 1.863972e+00 -6.357714e-01 8.750131e-01 7.236477e-01 1.522500e+00 -1.323571e+00 -5.169393e-01 2.537048e+00
1.521600e+02 1.991205e+00 6.958625e-01 9.888196e-01 2.269694e+00 1.907741e+00 -6.556285e-01 8.662741e-01 7.076890e-01 1.547919e+00 -1.362751e+00 -5.384293e-01 2.515503e+00
1.522400e+02 1.897657e+00 7.306337e-01 1.028655e+00 2.165301e+00 1.947103e+00 -6.614777e-01 8.570180e-01 6.861203e-01 1.571062e+00 -1.406402e+00 -5.488217e-01 2.490169e+00
1.523200e+02 1.799132e+00 7.404299e-01 1.045024e+00 2.099053e+00 1.979800e+00 -6.674283e-01 8.508771e-01 6.622442e-01 1.590340e+00 -1.436975e+00 -5.467473e-01 2.456918e+00
1.524000e+02 1.700732e+00 7.444694e-01 1.040890e+00 2.039713e+00 2.006991e+00 -6.551163e-01 8.411034e-01 6.370099e-01 1.605706e+00 -1.474132e+00 -5.334364e-01 2.418233e+00
1.524800e+02 1.611103e+00 7.501487e-01 1.018683e+00 1.977059e+00 2.024074e+00 -6.268906e-01 8.289433e-01 6.088576e-01 1.618984e+00 -1.510379e+00 -5.086397e-01 2.373901e+00
1.525600e+02 1.528218e+00 7.575227e-01 9.840080e-01 1.905095e+00 2.030046e+00 -5.850513e-01 8.179114e-01 5.788040e-01 1.629242e+00 -1.533115e+00 -4.715649e-01 2.315759e+00
1.526400e+02 1.442200e+00 7.428124e-01 9.374917e-01 1.845306e+00 2.021380e+00 -5.288963e-01 8.029828e-01 5.489425e-01 1.632156e+00 -1.559616e+00 -4.237632e-01 2.221852e+00
1.527200e+02 1.361947e+00 7.259380e-01 8.905941e-01 1.772786e+00 2.000676e+00 -4.594498e-01 7.866120e-01 5.181924e-01 1.630119e+00 -1.578428e+00 -3.644783e-01 2.122848e+00
1.528000e+02 1.281240e+00 6.922454e-01 8.512411e-01 1.710979e+00 1.969289e+00 -3.731527e-01 7.672959e-01 4.911977e-01 1.620619e+00 -1.590297e+00 -2.967417e-01 2.019652e+00
1.528800e+02 1.201466e+00 6.705971e-01 8.266884e-01 1.660142e+00 1.929822e+00 -2.818356e-01 7.473734e-01 4.669376e-01 1.605154e+00 -1.593871e+00 -2.221675e-01 1.914466e+00
1.529600e+02 1.127406e+00 6.415566e-01 8.174697e-01 1.581666e+00 1.879620e+00 -1.854126e-01 7.259987e-01 4.435222e-01 1.586813e+00 -1.599963e+00 -1.347830e-01 1.796291e+00
1.530400e+02 1.055775e+00 6.093384e-01 8.299311e-01 1.478610e+00 1.820900e+00 -8.464047e-02 7.039005e-01 4.240203e-01 1.564017e+00 -1.595807e+00 -3.862860e-02 1.666708e+00
1.531200e+02 9.902565e-01 5.929602e-01 8.711788e-01 1.346001e+00 1.757967e+00 1.960551e-02 6.817376e-01 4.047851e-01 1.538076e+00 -1.586610e+00 6.359137e-02 1.537291e+00
1.532000e+02 9.275704e-01 5.575111e-01 9.387309e-01 1.216589e+00 1.689307e+00 1.235260e-01 6.597777e-01 3.866274e-01 1.509140e+00 -1.571355e+00 1.732719e-01 1.407023e+00
1.532800e+02 8.667153e-01 5.527773e-01 1.036428e+00 1.082904e+00 1.617345e+00 2.306815e-01 6.352764e-01 3.717160e-01 1.474845e+00 -1.560976e+00 2.806932e-01 1.262349e+00
1.533600e+02 8.104855e-01 5.509436e-01 1.163444e+00 9.563392e-01 1.543002e+00 3.415134e-01 6.098493e-01 3.602143e-01 1.436357e+00 -1.545013e+00 3.889842e-01 1.124509e+00
1.534400e+02 7.566553e-01 5.536420e-01 1.309450e+00 8.332062e-01 1.467525e+00 4.593126e-01 5.826183e-01 3.540854e-01 1.394201e+00 -1.525762e+00 4.978279e-01 9.723633e-01
1.535200e+02 7.145480e-01 5.731256e-01 1.470503e+00 6.810322e-01 1.394819e+00 5.750305e-01 5.592888e-01 3.506494e-01 1.352699e+00 -1.494686e+00 6.082425e-01 8.252170e-01
1.536000e+02 6.790581e-01 5.894616e-01 1.640236e+00 5.479862e-01 1.323381e+00 6.769047e-01 5.371885e-01 3.494683e-01 1.310760e+00 -1.460300e+00 7.200865e-01 6.676550e-01
1.536800e+02 6.525099e-01 5.911814e-01 1.812605e+00 4.219820e-01 1.258898e+00 7.822122e-01 5.162777e-01 3.529370e-01 1.268445e+00 -1.417168e+00 8.307904e-01 5.138044e-01
1.537600e+02 6.304765e-01 5.808432e-01 1.977524e+00 3.198851e-01 1.196206e+00 8.960982e-01 4.938186e-01 3.623404e-01 1.224650e+00 -1.367347e+00 9.393142e-01 3.572588e-01
1.538400e+02 6.150305e-01 5.508801e-01 2.123096e+00 1.943268e-01 1.135465e+00 9.832935e-01 4.738562e-01 3.663659e-01 1.187207e+00 -1.327907e+00 1.053178e+00 1.971852e-01
1.539200e+02 6.070050e-01 5.103759e-01 2.252911e+00 8.353153e-02 1.076905e+00 1.070896e+00 4.558842e-01 3.768505e-01 1.149953e+00 -1.276095e+00 1.161155e+00 4.245210e-02
1.540000e+02 6.149253e-01 4.330766e-01 2.356871e+00 -2.444167e-02 1.021546e+00 1.150932e+00 4.418908e-01 3.878390e-01 1.118175e+00 -1.208571e+00 1.271098e+00 -9.662678e-02
1.540800e+02 6.273456e-01 3.766485e-01 2.438869e+00 -9.377032e-02 9.705184e-01 1.226149e+00 4.275867e-01 4.062734e-01 1.086039e+00 -1.144894e+00 1.368840e+00 -2.415731e-01
1.541600e+02 6.501375e-01 3.286732e-01 2.496046e+00 -1.657221e-01 9.261636e-01 1.313330e+00 4.150078e-01 4.350942e-01 1.054611e+00 -1.065540e+00 1.462047e+00 -3.719610e-01
1.542400e+02 6.763432e-01 2.826623e-01 2.529203e+00 -2.186864e-01 8.890008e-01 1.403241e+00 4.031097e-01 4.687938e-01 1.024333e+00 -9.742335e-01 1.546332e+00 -5.042791e-01
1.543200e+02 7.042215e-01 2.246523e-01 2.536944e+00 -2.366683e-01 8.606817e-01 1.493353e+00 3.925734e-01 5.096301e-01 9.966752e-01 -8.739009e-01 1.621604e+00 -6.256532e-01
1.544000e+02 7.356423e-01 1.734029e-01 2.521960e+00 -2.579813e-01 8.397954e-01 1.576296e+00 3.849582e-01 5.525692e-01 9.759214e-01 -7.702367e-01 1.688905e+00 -7.342889e-01
1.544800e+02 7.615499e-01 1.252625e-01 2.488978e+00 -2.498751e-01 8.264556e-01 1.652840e+00 3.793854e-01 6.033919e-01 9.584779e-01 -6.600508e-01 1.743196e+00 -8.275123e-01
1.545600e+02 7.824299e-01 2.795114e-02 2.427772e+00 -2.554217e-01 8.161334e-01 1.732357e+00 3.749807e-01 6.530530e-01 9.488017e-01 -5.488149e-01 1.795781e+00 -9.168961e-01
1.546400e+02 8.040178e-01 -5.887561e-02 2.352293e+00 -2.638142e-01 8.124618e-01 1.809154e+00 3.730625e-01 7.075825e-01 9.421397e-01 -4.257716e-01 1.835903e+00 -1.004233e+00
1.547200e+02 8.176196e-01 -1.574542e-01 2.266778e+00 -2.498318e-01 8.173298e-01 1.897596e+00 3.729865e-01 7.723548e-01 9.387743e-01 -2.816562e-01 1.860258e+00 -1.085506e+00
1.548000e+02 8.250418e-01 -2.390814e-01 2.174268e+00 -2.142403e-01 8.276208e-01 1.986180e+00 3.728107e-01 8.427352e-01 9.367744e-01 -1.416364e-01 1.868736e+00 -1.149566e+00
1.548800e+02 8.260005e-01 -3.204696e-01 2.067796e+00 -1.801268e-01 8.414887e-01 2.073426e+00 3.732654e-01 9.106667e-01 9.403017e-01 3.947343e-04 1.867255e+00 -1.220372e+00
1.549600e+02 8.241869e-01 -3.979882e-01 1.958399e+00 -1.420261e-01 8.635064e-01 2.160278e+00 3.758143e-01 9.895022e-01 9.498095e-01 1.555033e-01 1.851764e+00 -1.279395e+00
1.550400e+02 8.203661e-01 -4.744542e-01 1.843892e+00 -1.101988e-01 8.899343e-01 2.234586e+00 3.807708e-01 1.066469e+00 9.664608e-01 3.008026e-01 1.827004e+00 -1.330806e+00
1.551200e+02 8.156055e-01 -5.305041e-01 1.731204e+00 -6.282798e-02 9.205599e-01 2.309619e+00 3.876518e-01 1.149203e+00 9.858878e-01 4.519793e-01 1.788246e+00 -1.377121e+00
1.552000e+02 8.087739e-01 -5.974655e-01 1.614359e+00 -1.764826e-02 9.515617e-01 2.373281e+00 3.958336e-01 1.230031e+00 1.010399e+00 5.924057e-01 1.745189e+00 -1.419910e+00
1.552800e+02 8.033928e-01 -6.549793e-01 1.502022e+00 8.347648e-03 9.852850e-01 2.430345e+00 4.060163e-01 1.311855e+00 1.040042e+00 7.302820e-01 1.695451e+00 -1.465847e+00
1.553600e+02 7.899273e-01 -7.102458e-01 1.397097e+00 7.525780e-02 1.021361e+00 2.485926e+00 4.167060e-01 1.398221e+00 1.070705e+00 8.714430e-01 1.634987e+00 -1.510899e+00
1.554400e+02 7.681644e-01 -7.580797e-01 1.298997e+00 1.605445e-01 1.057497e+00 2.538042e+00 4.251230e-01 1.488183e+00 1.103458e+00 9.980980e-01 1.564243e+00 -1.555173e+00
1.555200e+02 7.449281e-01 -7.994095e-01 1.208310e+00 2.138890e-01 1.094318e+00 2.576126e+00 4.347178e-01 1.575674e+00 1.139917e+00 1.117250e+00 1.490434e+00 -1.604827e+00
1.556000e+02 7.172109e-01 -8.404298e-01 1.129128e+00 2.809976e-01 1.132446e+00 2.607899e+00 4.451394e-01 1.667198e+00 1.177186e+00 1.237958e+00 1.410543e+00 -1.649631e+00
1.556800e+02 6.811849e-01 -8.769918e-01 1.057105e+00 3.481169e-01 1.170354e+00 2.630707e+00 4.555709e-01 1.759805e+00 1.215638e+00 1.353293e+00 1.324542e+00 -1.708718e+00
1.557600e+02 6.352068e-01 -8.994213e-01 9.901800e-01 3.995962e-01 1.207800e+00 2.649522e+00 4.615858e-01 1.858641e+00 1.251815e+00 1.453094e+00 1.231633e+00 -1.786743e+00
1.558400e+02 5.863265e-01 -9.150293e-01 9.265179e-01 4.235489e-01 1.246027e+00 2.664621e+00 4.662454e-01 1.955023e+00 1.287897e+00 1.550218e+00 1.136818e+00 -1.852283e+00
1.559200e+02 5.324866e-01 -9.307516e-01 8.578441e-01 3.992920e-01 1.279818e+00 2.669234e+00 4.688358e-01 2.046799e+00 1.323627e+00 1.635818e+00 1.043487e+00 -1.939913e+00
1.560000e+02 4.762408e-01 -9.391125e-01 7.876977e-01 3.501334e-01 1.311041e+00 2.654753e+00 4.723609e-01 2.141953e+00 1.358627e+00 1.714749e+00 9.494272e-01 -2.025982e+00
1.560800e+02 4.174025e-01 -9.460348e-01 7.149842e-01 2.842555e-01 1.340840e+00 2.630347e+00 4.769937e-01 2.234233e+00 1.393961e+00 1.790408e+00 8.558979e-01 -2.114951e+00
1.561600e+02 3.629446e-01 -9.500309e-01 6.436532e-01 1.917397e-01 1.370539e+00 2.588960e+00 4.834534e-01 2.320743e+00 1.431713e+00 1.855124e+00 7.684989e-01 -2.202590e+00
1.562400e+02 3.040553e-01 -9.526598e-01 5.744784e-01 1.229107e-01 1.399579e+00 2.538503e+00 4.892610e-01 2.405417e+00 1.467821e+00 1.910552e+00 6.798279e-01 -2.302999e+00
1.563200e+02 2.488392e-01 -9.525130e-01 5.124239e-01 6.103928e-02 1.429694e+00 2.476763e+00 4.964845e-01 2.486626e+00 1.504860e+00 1.958698e+00 5.945497e-01 -2.395444e+00
1.564000e+02 1.958361e-01 -9.478689e-01 4.581394e-01 2.468874e-02 1.461753e+00 2.407739e+00 5.048216e-01 2.566244e+00 1.540958e+00 2.003541e+00 5.113618e-01 -2.482789e+00
1.564800e+02 1.445002e-01 -9.439078e-01 4.078039e-01 1.318240e-02 1.494013e+00 2.324344e+00 5.142703e-01 2.641488e+00 1.576599e+00 2.037273e+00 4.291021e-01 -2.566393e+00
1.565600e+02 9.499376e-02 -9.432876e-01 3.624134e-01 3.341526e-02 1.526396e+00 2.232179e+00 5.249528e-01 2.714274e+00 1.609937e+00 2.067067e+00 3.436576e-01 -2.635820e+00
1.566400e+02 4.788008e-02 -9.429220e-01 3.200072e-01 6.256481e-02 1.558184e+00 2.133635e+00 5.337358e-01 2.782345e+00 1.640191e+00 2.085139e+00 2.544042e-01 -2.704455e+00
1.567200e+02 4.867017e-03 -9.379934e-01 2.833642e-01 9.603487e-02 1.590919e+00 2.029390e+00 5.427173e-01 2.845345e+00 1.667973e+00 2.094448e+00 1.618770e-01 -2.758890e+00
1.568000e+02 -3.549128e-02 -9.335623e-01 2.509677e-01 1.489459e-01 1.623349e+00 1.898154e+00 5.569247e-01 2.901301e+00 1.694113e+00 2.098447e+00 6.789076e-02 -2.810123e+00
1.568800e+02 -7.440833e-02 -9.352203e-01 2.229027e-01 2.116038e-01 1.654698e+00 1.770418e+00 5.689888e-01 2.953956e+00 1.714000e+00 2.095146e+00 -2.742287e-02 -2.864490e+00
1.569600e+02 -1.140652e-01 -9.386569e-01 1.986531e-01 2.878549e-01 1.685448e+00 1.636873e+00 5.815366e-01 2.995253e+00 1.729623e+00 2.085698e+00 -1.202965e-01 -2.924791e+00
1.570400e+02 -1.544668e-01 -9.462263e-01 1.781091e-01 3.860779e-01 1.714852e+00 1.505325e+00 5.927106e-01 3.031586e+00 1.737367e+00 2.065358e+00 -2.090690e-01 -2.990068e+00
1.571200e+02 -1.920033e-01 -9.572521e-01 1.624125e-01 4.924967e-01 1.745289e+00 1.377326e+00 6.047263e-01 3.068724e+00 1.735229e+00 2.042289e+00 -2.956558e-01 -3.043143e+00
1.572000e+02 -2.277329e-01 -9.725015e-01 1.484770e-01 6.147022e-01 1.773888e+00 1.255703e+00 6.131179e-01 3.094659e+00 1.723642e+00 2.006276e+00 -3.772283e-01 -3.078310e+00
1.572800e+02 -2.644623e-01 -9.829185e-01 1.360863e-01 7.342210e-01 1.800300e+00 1.134595e+00 6.222312e-01 3.111238e+00 1.704726e+00 1.970037e+00 -4.536800e-01 -3.123636e+00
1.573600e+02 -2.990209e-01 -1.001305e+00 1.237452e-01 8.633159e-01 1.824654e+00 1.016667e+00 6.332543e-01 3.121808e+00 1.675391e+00 1.939284e+00 -5.231046e-01 -3.155290e+00
1.574400e+02 -3.328706e-01 -1.020967e+00 1.103954e-01 1.012379e+00 1.844614e+00 8.911173e-01 6.458336e-01 3.122694e+00 1.636932e+00 1.899122e+00 -5.850275e-01 -3.167190e+00
1.575200e+02 -3.707441e-01 -1.043446e+00 9.547657e-02 1.170336e+00 1.861095e+00 7.866683e-01 6.585042e-01 3.119631e+00 1.587675e+00 1.871484e+00 -6.418723e-01 -3.181056e+00
1.576000e+02 -4.082987e-01 -1.072374e+00 7.976227e-02 1.353268e+00 1.878266e+00 6.817993e-01 6.758502e-01 3.107857e+00 1.526724e+00 1.862702e+00 -6.920615e-01 -3.182820e+00
1.576800e+02 -4.435216e-01 -1.103277e+00 6.196433e-02 1.553088e+00 1.895981e+00 5.600452e-01 7.027939e-01 3.087898e+00 1.458194e+00 1.871834e+00 -7.320081e-01 -3.167083e+00
1.577600e+02 -4.779206e-01 -1.129779e+00 4.023556e-02 1.759922e+00 1.906440e+00 4.529016e-01 7.302906e-01 3.059641e+00 1.383006e+00 1.887538e+00 -7.620660e-01 -3.134485e+00
1.578400e+02 -5.160172e-01 -1.160523e+00 8.817330e-03 1.986835e+00 1.912981e+00 3.276369e-01 7.627795e-01 3.022154e+00 1.306196e+00 1.912319e+00 -7.779016e-01 -3.116725e+00
1.579200e+02 -5.571105e-01 -1.194015e+00 -3.035181e-02 2.229729e+00 1.922638e+00 2.488283e-01 7.928574e-01 2.984455e+00 1.219025e+00 1.954609e+00 -7.860146e-01 -3.090519e+00
1.580000e+02 -5.977091e-01 -1.234638e+00 -7.341024e-02 2.476518e+00 1.936544e+00 1.636806e-01 8.269002e-01 2.934046e+00 1.130591e+00 2.013319e+00 -7.799185e-01 -3.050188e+00
1.580800e+02 -6.387998e-01 -1.276837e+00 -1.226719e-01 2.734676e+00 1.950289e+00 7.691016e-02 8.644694e-01 2.876717e+00 1.040852e+00 2.088483e+00 -7.607420e-01 -3.007251e+00
1.581600e+02 -6.813273e-01 -1.321909e+00 -1.795638e-01 3.001450e+00 1.962230e+00 -2.719216e-03 9.051977e-01 2.815211e+00 9.511125e-01 2.182990e+00 -7.307323e-01 -2.962013e+00
1.582400e+02 -7.257703e-01 -1.369366e+00 -2.437052e-01 3.286212e+00 1.972504e+00 -6.895257e-02 9.475589e-01 2.739051e+00 8.644226e-01 2.294266e+00 -6.914479e-01 -2.901846e+00
1.583200e+02 -7.695351e-01 -1.417339e+00 -3.111241e-01 3.565365e+00 1.984527e+00 -1.381248e-01 9.944719e-01 2.658602e+00 7.826635e-01 2.419284e+00 -6.408253e-01 -2.836695e+00
1.584000e+02 -8.122735e-01 -1.467761e+00 -3.785154e-01 3.849643e+00 2.004229e+00 -2.035273e-01 1.048305e+00 2.580216e+00 7.041125e-01 2.577137e+00 -5.823035e-01 -2.768044e+00
1.584800e+02 -8.500312e-01 -1.510165e+00 -4.491349e-01 4.120107e+00 2.026176e+00 -2.828470e-01 1.106747e+00 2.473569e+00 6.380195e-01 2.744825e+00 -5.086349e-01 -2.704553e+00
1.585600e+02 -8.904101e-01 -1.561130e+00 -5.107039e-01 4.394769e+00 2.058345e+00 -3.098508e-01 1.160197e+00 2.378139e+00 5.679626e-01 2.930248e+00 -4.350935e-01 -2.624425e+00
1.586400e+02 -9.301076e-01 -1.607763e+00 -5.667788e-01 4.644809e+00 2.102861e+00 -3.534257e-01 1.218534e+00 2.281780e+00 5.026632e-01 3.128154e+00 -3.514460e-01 -2.556677e+00
1.587200e+02 -9.694464e-01 -1.648764e+00 -6.202446e-01 4.895446e+00 2.159182e+00 -3.899427e-01 1.279299e+00 2.189663e+00 4.393605e-01 3.330191e+00 -2.618341e-01 -2.475336e+00
1.588000e+02 -1.006438e+00 -1.697304e+00 -6.816793e-01 5.137991e+00 2.226548e+00 -4.250264e-01 1.343627e+00 2.093140e+00 3.800251e-01 3.535941e+00 -1.617056e-01 -2.395508e+00
1.588800e+02 -1.034662e+00 -1.732620e+00 -7.479101e-01 5.356554e+00 2.305228e+00 -4.451067e-01 1.407957e+00 2.001254e+00 3.212675e-01 3.739860e+00 -5.629874e-02 -2.297060e+00
1.589600e+02 -1.060808e+00 -1.764383e+00 -8.226034e-01 5.554567e+00 2.395332e+00 -4.387436e-01 1.472179e+00 1.917570e+00 2.622101e-01 3.949068e+00 5.246386e-02 -2.176322e+00
1.590400e+02 -1.089532e+00 -1.787003e+00 -9.163633e-01 5.763985e+00 2.493478e+00 -4.354616e-01 1.539099e+00 1.841327e+00 2.032325e-01 4.152044e+00 1.703930e-01 -2.063166e+00
1.591200e+02 -1.124626e+00 -1.800923e+00 -1.019243e+00 5.959392e+00 2.597644e+00 -4.170954e-01 1.604671e+00 1.775985e+00 1.420782e-01 4.346920e+00 2.920484e-01 -1.967506e+00
1.592000e+02 -1.152500e+00 -1.805327e+00 -1.124687e+00 6.145875e+00 2.708251e+00 -3.612908e-01 1.666858e+00 1.728290e+00 7.519039e-02 4.536825e+00 4.124418e-01 -1.831023e+00
1.592800e+02 -1.177910e+00 -1.806102e+00 -1.233486e+00 6.330620e+00 2.818278e+00 -3.068674e-01 1.732594e+00 1.689712e+00 7.755873e-03 4.711610e+00 5.349047e-01 -1.702819e+00
1.593600e+02 -1.193494e+00 -1.789629e+00 -1.330085e+00 6.493850e+00 2.919277e+00 -2.423704e-01 1.796286e+00 1.651528e+00 -5.662497e-02 4.870505e+00 6.604362e-01 -1.592678e+00
1.594400e+02 -1.202776e+00 -1.768408e+00 -1.378270e+00 6.630362e+00 3.015123e+00 -1.658796e-01 1.855681e+00 1.629142e+00 -1.206347e-01 5.018016e+00 7.772449e-01 -1.497201e+00
1.595200e+02 -1.200021e+00 -1.730711e+00 -1.371943e+00 6.732766e+00 3.096313e+00 -7.896716e-02 1.911586e+00 1.579723e+00 -1.745086e-01 5.146905e+00 8.906676e-01 -1.408307e+00
1.596000e+02 -1.182158e+00 -1.675203e+00 -1.298285e+00 6.771564e+00 3.163028e+00 1.018570e-02 1.965721e+00 1.532452e+00 -2.204839e-01 5.265512e+00 9.986979e-01 -1.344897e+00
1.596800e+02 -1.151687e+00 -1.626759e+00 -1.162700e+00 6.746067e+00 3.212853e+00 1.411800e-01 2.009800e+00 1.508767e+00 -2.654927e-01 5.366992e+00 1.098537e+00 -1.310977e+00
1.597600e+02 -1.113809e+00 -1.571183e+00 -9.530791e-01 6.673060e+00 3.241285e+00 2.719344e-01 2.049423e+00 1.499221e+00 -3.055424e-01 5.451648e+00 1.189039e+00 -1.303220e+00
1.598400e+02 -1.059308e+00 -1.513321e+00 -6.636955e-01 6.452532e+00 3.243104e+00 4.034360e-01 2.085136e+00 1.488979e+00 -3.319774e-01 5.515078e+00 1.279345e+00 -1.313140e+00
1.599200e+02 -1.010749e+00 -1.459664e+00 -3.119969e-01 6.278963e+00 3.216758e+00 5.646583e-01 2.102550e+00 1.507032e+00 -3.620176e-01 5.558606e+00 1.345161e+00 -1.340950e+00
1.600000e+02 -9.356346e-01 -1.384486e+00 1.065142e-01 5.900688e+00 3.162900e+00 6.952838e-01 2.119163e+00 1.523373e+00 -3.726910e-01 5.577610e+00 1.422808e+00 -1.383473e+00
1.600800e+02 -8.686356e-01 -1.309056e+00 5.641838e-01 5.479343e+00 3.076693e+00 8.432766e-01 2.122184e+00 1.545130e+00 -3.764121e-01 5.583648e+00 1.485857e+00 -1.479996e+00
1.601600e+02 -8.071702e-01 -1.252674e+00 1.069566e+00 5.044997e+00 2.980383e+00 9.890404e-01 2.115328e+00 1.601262e+00 -3.817285e-01 5.580661e+00 1.523492e+00 -1.568035e+00
1.602400e+02 -7.437270e-01 -1.197102e+00 1.584036e+00 4.535974e+00 2.869469e+00 1.111098e+00 2.099198e+00 1.654554e+00 -3.727867e-01 5.551330e+00 1.552476e+00 -1.668910e+00
1.603200e+02 -6.990111e-01 -1.167329e+00 2.088373e+00 4.075368e+00 2.751814e+00 1.223899e+00 2.070360e+00 1.720295e+00 -3.606301e-01 5.508583e+00 1.559350e+00 -1.784766e+00
1.604000e+02 -6.251866e-01 -1.121119e+00 2.562455e+00 3.400993e+00 2.630648e+00 1.253795e+00 2.052501e+00 1.761434e+00 -3.156859e-01 5.446554e+00 1.582778e+00 -1.900907e+00
1.604800e+02 -5.675455e-01 -1.103632e+00 2.999241e+00 2.885238e+00 2.505006e+00 1.285925e+00 2.024075e+00 1.829864e+00 -2.707475e-01 5.399112e+00 1.572213e+00 -2.020370e+00
1.605600e+02 -5.124171e-01 -1.088190e+00 3.390784e+00 2.379206e+00 2.383420e+00 1.273692e+00 1.990245e+00 1.900875e+00 -2.160195e-01 5.341826e+00 1.552825e+00 -2.151963e+00
1.606400e+02 -4.716329e-01 -1.115445e+00 3.702372e+00 1.973258e+00 2.268850e+00 1.280266e+00 1.942933e+00 1.976270e+00 -1.591605e-01 5.280167e+00 1.516269e+00 -2.293787e+00
1.607200e+02 -4.131823e-01 -1.163138e+00 3.921820e+00 1.534531e+00 2.163369e+00 1.253062e+00 1.899146e+00 2.040310e+00 -8.714819e-02 5.214636e+00 1.478325e+00 -2.409030e+00
1.608000e+02 -3.649866e-01 -1.236919e+00 4.039058e+00 1.181648e+00 2.071956e+00 1.241725e+00 1.846626e+00 2.118899e+00 -1.803400e-02 5.155036e+00 1.417315e+00 -2.506543e+00
1.608800e+02 -3.179977e-01 -1.335285e+00 4.055594e+00 8.768837e-01 1.994178e+00 1.216492e+00 1.792505e+00 2.185733e+00 5.813776e-02 5.084728e+00 1.354786e+00 -2.586786e+00
1.609600e+02 -2.874950e-01 -1.465644e+00 3.983783e+00 6.548058e-01 1.929279e+00 1.191640e+00 1.731568e+00 2.249336e+00 1.355693e-01 4.988690e+00 1.287854e+00 -2.662547e+00
1.610400e+02 -2.608780e-01 -1.633371e+00 3.860911e+00 4.925691e-01 1.883372e+00 1.193663e+00 1.667876e+00 2.312729e+00 2.089088e-01 4.904593e+00 1.215571e+00 -2.689743e+00
1.611200e+02 -2.427581e-01 -1.837374e+00 3.690135e+00 3.781202e-01 1.859688e+00 1.203425e+00 1.603758e+00 2.400011e+00 2.748095e-01 4.814555e+00 1.144028e+00 -2.682928e+00
1.612000e+02 -2.303522e-01 -2.056687e+00 3.478323e+00 2.720733e-01 1.854685e+00 1.210320e+00 1.542111e+00 2.484344e+00 3.376324e-01 4.708959e+00 1.083139e+00 -2.644269e+00
1.612800e+02 -2.452780e-01 -2.287123e+00 3.222427e+00 2.467361e-01 1.858291e+00 1.236545e+00 1.479405e+00 2.549978e+00 3.944447e-01 4.594575e+00 1.028654e+00 -2.620669e+00
1.613600e+02 -2.552639e-01 -2.531249e+00 2.932049e+00 2.138609e-01 1.871477e+00 1.259794e+00 1.418606e+00 2.595035e+00 4.517938e-01 4.469171e+00 9.924797e-01 -2.557090e+00
1.614400e+02 -2.562606e-01 -2.752296e+00 2.624142e+00 1.598278e-01 1.893484e+00 1.271869e+00 1.365016e+00 2.637790e+00 5.106182e-01 4.341368e+00 9.721958e-01 -2.474874e+00
1.615200e+02 -2.594692e-01 -2.967501e+00 2.310842e+00 1.274570e-01 1.916883e+00 1.295118e+00 1.312545e+00 2.664145e+00 5.662009e-01 4.214385e+00 9.632749e-01 -2.403942e+00
1.616000e+02 -2.573136e-01 -3.172377e+00 2.006348e+00 1.227760e-01 1.947040e+00 1.328252e+00 1.262652e+00 2.686123e+00 6.140237e-01 4.083565e+00 9.601297e-01 -2.321292e+00
1.616800e+02 -2.432819e-01 -3.367094e+00 1.716645e+00 1.255307e-01 1.977357e+00 1.359551e+00 1.218613e+00 2.689119e+00 6.600194e-01 3.959615e+00 9.635271e-01 -2.235300e+00
1.617600e+02 -2.258675e-01 -3.550570e+00 1.446114e+00 1.863024e-01 2.004088e+00 1.399070e+00 1.176469e+00 2.675143e+00 6.987183e-01 3.834451e+00 9.650688e-01 -2.139448e+00
1.618400e+02 -1.859470e-01 -3.716707e+00 1.204676e+00 2.207270e-01 2.030986e+00 1.431371e+00 1.145712e+00 2.644038e+00 7.332866e-01 3.724551e+00 9.713178e-01 -1.983511e+00
1.619200e+02 -1.478559e-01 -3.834868e+00 9.800154e-01 2.582314e-01 2.048074e+00 1.462696e+00 1.118481e+00 2.594432e+00 7.635727e-01 3.609230e+00 9.914118e-01 -1.856584e+00
1.620000e+02 -1.111840e-01 -3.946645e+00 7.658032e-01 3.076561e-01 2.057248e+00 1.489357e+00 1.096027e+00 2.525906e+00 7.897104e-01 3.494170e+00 1.036807e+00 -1.729347e+00
1.620800e+02 -7.886999e-02 -4.023549e+00 5.663900e-01 3.827239e-01 2.056825e+00 1.518422e+00 1.076888e+00 2.446191e+00 8.077568e-01 3.380691e+00 1.100302e+00 -1.614859e+00
1.621600e+02 -4.677525e-02 -4.077522e+00 3.713782e-01 4.363832e-01 2.046842e+00 1.525059e+00 1.066797e+00 2.345594e+00 8.255890e-01 3.268630e+00 1.194395e+00 -1.504160e+00
1.622400e+02 -1.948661e-02 -4.116476e+00 1.759342e-01 4.993620e-01 2.025061e+00 1.531944e+00 1.060877e+00 2.231556e+00 8.384854e-01 3.157523e+00 1.307411e+00 -1.395591e+00
1.623200e+02 5.310356e-03 -4.139364e+00 -2.439093e-02 5.522679e-01 1.996995e+00 1.528124e+00 1.059727e+00 2.110460e+00 8.465563e-01 3.047791e+00 1.431558e+00 -1.288311e+00
1.624000e+02 2.526967e-02 -4.173697e+00 -2.320452e-01 6.069531e-01 1.966027e+00 1.507341e+00 1.066073e+00 1.989597e+00 8.508639e-01 2.940600e+00 1.563297e+00 -1.174198e+00
1.624800e+02 4.513347e-02 -4.157130e+00 -4.294764e-01 6.450061e-01 1.932266e+00 1.478021e+00 1.074560e+00 1.867662e+00 8.505854e-01 2.826866e+00 1.691005e+00 -1.057989e+00
1.625600e+02 5.533374e-02 -4.163013e+00 -6.203989e-01 6.995432e-01 1.898258e+00 1.454203e+00 1.083964e+00 1.745322e+00 8.477108e-01 2.721626e+00 1.815586e+00 -9.459349e-01
1.626400e+02 5.862459e-02 -4.169675e+00 -7.984537e-01 7.590455e-01 1.866626e+00 1.421358e+00 1.098081e+00 1.625061e+00 8.446502e-01 2.621438e+00 1.935151e+00 -8.460689e-01
1.627200e+02 5.138907e-02 -4.167443e+00 -9.570632e-01 8.514444e-01 1.838037e+00 1.391708e+00 1.113032e+00 1.506765e+00 8.383772e-01 2.528105e+00 2.046508e+00 -7.403707e-01
1.628000e+02 3.099502e-02 -4.176127e+00 -1.103715e+00 9.545287e-01 1.807601e+00 1.364152e+00 1.130569e+00 1.367041e+00 8.386466e-01 2.444270e+00 2.157897e+00 -6.477082e-01
1.628800e+02 -1.230743e-02 -4.185411e+00 -1.237655e+00 1.087629e+00 1.779013e+00 1.329435e+00 1.150835e+00 1.258855e+00 8.382710e-01 2.359624e+00 2.271097e+00 -6.038280e-01
1.629600e+02 -6.620847e-02 -4.208213e+00 -1.351885e+00 1.221971e+00 1.757271e+00 1.312814e+00 1.167882e+00 1.170160e+00 8.332345e-01 2.287212e+00 2.384628e+00 -5.460828e-01
1.630400e+02 -1.467847e-01 -4.236974e+00 -1.458899e+00 1.357079e+00 1.734567e+00 1.283523e+00 1.185136e+00 1.084515e+00 8.341169e-01 2.204344e+00 2.503667e+00 -5.548722e-01
1.631200e+02 -2.571193e-01 -4.284724e+00 -1.561868e+00 1.502367e+00 1.708293e+00 1.239966e+00 1.197008e+00 1.004751e+00 8.381901e-01 2.113924e+00 2.631807e+00 -6.457477e-01
1.632000e+02 -3.770026e-01 -4.362413e+00 -1.651538e+00 1.639103e+00 1.685201e+00 1.198141e+00 1.204734e+00 9.400484e-01 8.406941e-01 2.032894e+00 2.756399e+00 -7.634467e-01
1.632800e+02 -5.213719e-01 -4.443538e+00 -1.739725e+00 1.773816e+00 1.656363e+00 1.142728e+00 1.203977e+00 8.771483e-01 8.480600e-01 1.932376e+00 2.864811e+00 -9.965982e-01
1.633600e+02 -6.701990e-01 -4.534055e+00 -1.818689e+00 1.906618e+00 1.626300e+00 1.084568e+00 1.196174e+00 8.184018e-01 8.562385e-01 1.833908e+00 2.916795e+00 -1.302824e+00
1.634400e+02 -8.126812e-01 -4.637056e+00 -1.891790e+00 2.026106e+00 1.593862e+00 1.034324e+00 1.178648e+00 7.609861e-01 8.671955e-01 1.731430e+00 2.886336e+00 -1.681633e+00
1.635200e+02 -9.323330e-01 -4.766789e+00 -1.954794e+00 2.129015e+00 1.564196e+00 9.851790e-01 1.157554e+00 7.180713e-01 8.787895e-01 1.630520e+00 2.756809e+00 -2.063758e+00
1.636000e+02 -1.037916e+00 -4.896177e+00 -2.006526e+00 2.239293e+00 1.537881e+00 9.397418e-01 1.133282e+00 6.837887e-01 8.931111e-01 1.533777e+00 2.526414e+00 -2.435929e+00
1.636800e+02 -1.119989e+00 -5.025618e+00 -2.046260e+00 2.341862e+00 1.515358e+00 8.991398e-01 1.106828e+00 6.603707e-01 9.091533e-01 1.437644e+00 2.223965e+00 -2.736310e+00
1.637600e+02 -1.175000e+00 -5.149188e+00 -2.070569e+00 2.436743e+00 1.501935e+00 8.799762e-01 1.080160e+00 6.560178e-01 9.231619e-01 1.361851e+00 1.891029e+00 -2.900904e+00
1.638400e+02 -1.220805e+00 -5.257799e+00 -2.086464e+00 2.523941e+00 1.491212e+00 8.565185e-01 1.058660e+00 6.499599e-01 9.419413e-01 1.294539e+00 1.567531e+00 -2.987376e+00
1.639200e+02 -1.262973e+00 -5.345955e+00 -2.094414e+00 2.596173e+00 1.484841e+00 8.371010e-01 1.037005e+00 6.595831e-01 9.614300e-01 1.228103e+00 1.285112e+00 -2.994599e+00
1.640000e+02 -1.313835e+00 -5.409175e+00 -2.096539e+00 2.669617e+00 1.479360e+00 8.247060e-01 1.012469e+00 6.746154e-01 9.803988e-01 1.168930e+00 1.053139e+00 -2.969420e+00
1.640800e+02 -1.369332e+00 -5.448522e+00 -2.090330e+00 2.734965e+00 1.476290e+00 8.194121e-01 9.856339e-01 6.949344e-01 9.955936e-01 1.108426e+00 8.823142e-01 -2.880996e+00
1.641600e+02 -1.431443e+00 -5.470937e+00 -2.077434e+00 2.791218e+00 1.476652e+00 8.273282e-01 9.547782e-01 7.298792e-01 1.005302e+00 1.049445e+00 7.740155e-01 -2.752888e+00
1.642400e+02 -1.505999e+00 -5.478438e+00 -2.067237e+00 2.831701e+00 1.475285e+00 8.314765e-01 9.240871e-01 7.582986e-01 1.015430e+00 9.938461e-01 7.263655e-01 -2.654356e+00
1.643200e+02 -1.582521e+00 -5.473204e+00 -2.055403e+00 2.872305e+00 1.472366e+00 8.438233e-01 8.912182e-01 7.886672e-01 1.019275e+00 9.444042e-01 7.236041e-01 -2.572282e+00
1.644000e+02 -1.652567e+00 -5.443646e+00 -2.039709e+00 2.881260e+00 1.465143e+00 8.581620e-01 8.573871e-01 8.114071e-01 1.021330e+00 8.960377e-01 7.634908e-01 -2.501996e+00
1.644800e+02 -1.720475e+00 -5.413529e+00 -2.021658e+00 2.903325e+00 1.456643e+00 8.827715e-01 8.214047e-01 8.388970e-01 1.017222e+00 8.537747e-01 8.344255e-01 -2.423602e+00
1.645600e+02 -1.793135e+00 -5.370160e+00 -1.997469e+00 2.952011e+00 1.446498e+00 9.180107e-01 7.820359e-01 8.714020e-01 1.005088e+00 8.150484e-01 9.259339e-01 -2.359185e+00
1.646400e+02 -1.865638e+00 -5.331096e+00 -1.972262e+00 2.995780e+00 1.432187e+00 9.547808e-01 7.417385e-01 9.009545e-01 9.901364e-01 7.751887e-01 1.041178e+00 -2.303144e+00
1.647200e+02 -1.929772e+00 -5.277742e+00 -1.941714e+00 3.034837e+00 1.416421e+00 9.960600e-01 7.009064e-01 9.324252e-01 9.701374e-01 7.411381e-01 1.166311e+00 -2.248425e+00
1.648000e+02 -1.993643e+00 -5.199278e+00 -1.903850e+00 3.087025e+00 1.401315e+00 1.047762e+00 6.592244e-01 9.685132e-01 9.447803e-01 7.158602e-01 1.290064e+00 -2.187038e+00
1.648800e+02 -2.058329e+00 -5.127882e+00 -1.871807e+00 3.142550e+00 1.383207e+00 1.090900e+00 6.169047e-01 1.000412e+00 9.183261e-01 6.847921e-01 1.416087e+00 -2.160861e+00
1.649600e+02 -2.121465e+00 -5.039420e+00 -1.840925e+00 3.196157e+00 1.362769e+00 1.132234e+00 5.746916e-01 1.025108e+00 8.907980e-01 6.558296e-01 1.534935e+00 -2.154145e+00
1.650400e+02 -2.183973e+00 -4.946602e+00 -1.809155e+00 3.267606e+00 1.342907e+00 1.173077e+00 5.306672e-01 1.050943e+00 8.602434e-01 6.243125e-01 1.638112e+00 -2.148052e+00
1.651200e+02 -2.251163e+00 -4.832969e+00 -1.770900e+00 3.359256e+00 1.325734e+00 1.217245e+00 4.854781e-01 1.076552e+00 8.266486e-01 6.005384e-01 1.720655e+00 -2.153369e+00
1.652000e+02 -2.319841e+00 -4.690512e+00 -1.722909e+00 3.456908e+00 1.314168e+00 1.261337e+00 4.420625e-01 1.102475e+00 7.918244e-01 5.906375e-01 1.784415e+00 -2.152160e+00
1.652800e+02 -2.395241e+00 -4.528906e+00 -1.669535e+00 3.564216e+00 1.305325e+00 1.303341e+00 3.984406e-01 1.127210e+00 7.578835e-01 5.781006e-01 1.831320e+00 -2.168503e+00
1.653600e+02 -2.475281e+00 -4.362713e+00 -1.614017e+00 3.672652e+00 1.295737e+00 1.340484e+00 3.551048e-01 1.138954e+00 7.275685e-01 5.657741e-01 1.865917e+00 -2.209321e+00
1.654400e+02 -2.544104e+00 -4.167524e+00 -1.550618e+00 3.736179e+00 1.287541e+00 1.365519e+00 3.154494e-01 1.146887e+00 7.010852e-01 5.571270e-01 1.889532e+00 -2.268333e+00
1.655200e+02 -2.615295e+00 -3.979314e+00 -1.480055e+00 3.796612e+00 1.281686e+00 1.417278e+00 2.713096e-01 1.159813e+00 6.711634e-01 5.563589e-01 1.895576e+00 -2.332291e+00
1.656000e+02 -2.678406e+00 -3.765021e+00 -1.388976e+00 3.841900e+00 1.284570e+00 1.453902e+00 2.348800e-01 1.175573e+00 6.435755e-01 5.712727e-01 1.885060e+00 -2.347027e+00
1.656800e+02 -2.744498e+00 -3.562522e+00 -1.295977e+00 3.885448e+00 1.283004e+00 1.503721e+00 1.967386e-01 1.191192e+00 6.148434e-01 5.864651e-01 1.860759e+00 -2.390925e+00
1.657600e+02 -2.810102e+00 -3.374168e+00 -1.205624e+00 3.891316e+00 1.274975e+00 1.535947e+00 1.618577e-01 1.196033e+00 5.931670e-01 6.021654e-01 1.831560e+00 -2.468507e+00
1.658400e+02 -2.868024e+00 -3.158717e+00 -1.107341e+00 3.888799e+00 1.265505e+00 1.574167e+00 1.273983e-01 1.207604e+00 5.686398e-01 6.263656e-01 1.785518e+00 -2.533388e+00
1.659200e+02 -2.918999e+00 -2.948637e+00 -1.013734e+00 3.843056e+00 1.252118e+00 1.597478e+00 9.717682e-02 1.217212e+00 5.487694e-01 6.525974e-01 1.733191e+00 -2.608955e+00
1.660000e+02 -2.970761e+00 -2.724726e+00 -9.229232e-01 3.814426e+00 1.240050e+00 1.625727e+00 6.932481e-02 1.233880e+00 5.266215e-01 7.009225e-01 1.661011e+00 -2.687205e+00
1.660800e+02 -3.016158e+00 -2.519701e+00 -8.385093e-01 3.782579e+00 1.228734e+00 1.645244e+00 4.520772e-02 1.251060e+00 5.058520e-01 7.540606e-01 1.580333e+00 -2.757221e+00
1.661600e+02 -3.057919e+00 -2.302413e+00 -7.649388e-01 3.726039e+00 1.218647e+00 1.650354e+00 2.539650e-02 1.265789e+00 4.890899e-01 8.120217e-01 1.494399e+00 -2.845764e+00
1.662400e+02 -3.094719e+00 -2.085486e+00 -7.014655e-01 3.709561e+00 1.212495e+00 1.655945e+00 6.295874e-03 1.282665e+00 4.701753e-01 8.759703e-01 1.398800e+00 -2.925349e+00
1.663200e+02 -3.120501e+00 -1.875226e+00 -6.521642e-01 3.642548e+00 1.210918e+00 1.639512e+00 -6.208925e-03 1.294007e+00 4.584149e-01 9.395629e-01 1.307203e+00 -3.002291e+00
1.664000e+02 -3.131689e+00 -1.666884e+00 -6.206974e-01 3.566424e+00 1.218163e+00 1.606947e+00 -1.176773e-02 1.312239e+00 4.506324e-01 1.016510e+00 1.216610e+00 -3.059867e+00
1.664800e+02 -3.139321e+00 -1.418884e+00 -5.989598e-01 3.520569e+00 1.233550e+00 1.569931e+00 -1.506888e-02 1.334413e+00 4.432828e-01 1.097392e+00 1.117206e+00 -3.116700e+00
1.665600e+02 -3.139843e+00 -1.197040e+00 -5.940952e-01 3.456280e+00 1.257502e+00 1.510925e+00 -1.347117e-02 1.352071e+00 4.420131e-01 1.180659e+00 1.027894e+00 -3.175776e+00
1.666400e+02 -3.131460e+00 -9.856517e-01 -5.972798e-01 3.388365e+00 1.295298e+00 1.446441e+00 -6.145821e-03 1.375893e+00 4.426072e-01 1.288044e+00 9.377534e-01 -3.219457e+00
1.667200e+02 -3.121047e+00 -7.858508e-01 -6.050395e-01 3.337565e+00 1.346353e+00 1.370979e+00 5.582613e-03 1.403152e+00 4.454230e-01 1.402948e+00 8.489155e-01 -3.245335e+00
1.668000e+02 -3.109843e+00 -5.987041e-01 -6.215569e-01 3.296173e+00 1.407505e+00 1.292521e+00 1.704488e-02 1.431327e+00 4.496747e-01 1.504642e+00 7.626800e-01 -3.255986e+00
1.668800e+02 -3.094267e+00 -4.253472e-01 -6.442975e-01 3.263569e+00 1.482244e+00 1.203837e+00 3.273459e-02 1.461447e+00 4.581162e-01 1.620915e+00 6.810953e-01 -3.251281e+00
1.669600e+02 -3.069828e+00 -2.508516e-01 -6.674588e-01 3.243679e+00 1.571488e+00 1.107790e+00 5.336883e-02 1.497190e+00 4.679662e-01 1.751064e+00 6.008038e-01 -3.210282e+00
1.670400e+02 -3.045110e+00 -1.007320e-01 -6.976105e-01 3.247586e+00 1.672552e+00 1.023111e+00 7.440964e-02 1.536734e+00 4.774649e-01 1.891653e+00 5.248992e-01 -3.167655e+00
1.671200e+02 -3.017117e+00 2.425327e-02 -7.334303e-01 3.254756e+00 1.783332e+00 9.378104e-01 9.732004e-02 1.575810e+00 4.901835e-01 2.036558e+00 4.549827e-01 -3.118445e+00
1.672000e+02 -2.978343e+00 1.531269e-01 -7.637295e-01 3.270274e+00 1.909326e+00 8.619747e-01 1.259603e-01 1.618867e+00 5.037054e-01 2.211275e+00 3.819316e-01 -3.025246e+00
1.672800e+02 -2.925067e+00 2.547200e-01 -7.967165e-01 3.274907e+00 2.045066e+00 7.969217e-01 1.577429e-01 1.665122e+00 5.177238e-01 2.394108e+00 3.141454e-01 -2.915565e+00
1.673600e+02 -2.869370e+00 3.580369e-01 -8.372232e-01 3.275349e+00 2.180830e+00 7.500022e-01 1.854938e-01 1.708543e+00 5.318740e-01 2.557076e+00 2.511944e-01 -2.814307e+00
1.674400e+02 -2.803493e+00 4.220676e-01 -8.791007e-01 3.303563e+00 2.317939e+00 7.116111e-01 2.148306e-01 1.745409e+00 5.479738e-01 2.734219e+00 1.941337e-01 -2.664649e+00
1.675200e+02 -2.742586e+00 4.551412e-01 -9.303348e-01 3.336154e+00 2.451133e+00 7.006377e-01 2.378451e-01 1.783574e+00 5.620004e-01 2.910654e+00 1.423256e-01 -2.543913e+00
1.676000e+02 -2.680450e+00 4.766877e-01 -9.802994e-01 3.394672e+00 2.577911e+00 7.173616e-01 2.593466e-01 1.824545e+00 5.716527e-01 3.088733e+00 9.333439e-02 -2.397480e+00
1.676800e+02 -2.615075e+00 4.958100e-01 -1.030689e+00 3.442759e+00 2.696162e+00 7.423261e-01 2.813150e-01 1.856586e+00 5.813392e-01 3.271593e+00 5.299430e-02 -2.246913e+00
1.677600e+02 -2.550156e+00 5.143803e-01 -1.085440e+00 3.477665e+00 2.800763e+00 8.063928e-01 2.946031e-01 1.887629e+00 5.856610e-01 3.442470e+00 1.616907e-02 -2.113770e+00
1.678400e+02 -2.492367e+00 5.352901e-01 -1.139975e+00 3.539022e+00 2.885649e+00 8.901479e-01 3.071693e-01 1.915717e+00 5.866129e-01 3.616859e+00 -1.797581e-02 -1.994716e+00
1.679200e+02 -2.430734e+00 5.322108e-01 -1.200776e+00 3.587492e+00 2.953730e+00 9.800952e-01 3.188926e-01 1.938299e+00 5.871195e-01 3.795125e+00 -4.400992e-02 -1.882007e+00
1.680000e+02 -2.373784e+00 5.343064e-01 -1.267404e+00 3.648215e+00 3.000998e+00 1.082477e+00 3.260426e-01 1.956599e+00 5.838660e-01 3.962086e+00 -6.888166e-02 -1.785591e+00
1.680800e+02 -2.310109e+00 5.334371e-01 -1.326600e+00 3.725110e+00 3.036513e+00 1.196478e+00 3.333574e-01 1.993961e+00 5.729238e-01 4.133411e+00 -9.734579e-02 -1.629990e+00
1.681600e+02 -2.246407e+00 5.586263e-01 -1.384186e+00 3.808693e+00 3.051497e+00 1.315280e+00 3.395666e-01 2.016027e+00 5.563914e-01 4.305559e+00 -1.265939e-01 -1.502092e+00
1.682400e+02 -2.179021e+00 5.894264e-01 -1.443419e+00 3.892204e+00 3.048021e+00 1.429549e+00 3.473706e-01 2.034280e+00 5.365166e-01 4.478176e+00 -1.526396e-01 -1.386009e+00
1.683200e+02 -2.106056e+00 6.320758e-01 -1.506401e+00 3.956211e+00 3.027558e+00 1.546308e+00 3.532506e-01 2.048392e+00 5.134964e-01 4.637584e+00 -1.749059e-01 -1.280391e+00
1.684000e+02 -2.037557e+00 6.893978e-01 -1.572472e+00 4.047819e+00 2.992855e+00 1.647220e+00 3.582994e-01 2.057977e+00 4.846675e-01 4.781511e+00 -1.993358e-01 -1.182737e+00
1.684800e+02 -1.965817e+00 7.608143e-01 -1.639892e+00 4.116556e+00 2.949966e+00 1.737805e+00 3.661019e-01 2.063481e+00 4.512143e-01 4.918304e+00 -2.209589e-01 -1.093183e+00
1.685600e+02 -1.891696e+00 8.354554e-01 -1.709695e+00 4.201485e+00 2.904713e+00 1.803931e+00 3.754158e-01 2.059756e+00 4.131223e-01 5.039130e+00 -2.404818e-01 -9.824028e-01
1.686400e+02 -1.819788e+00 8.822018e-01 -1.786678e+00 4.285815e+00 2.857722e+00 1.855806e+00 3.893367e-01 2.047674e+00 3.715776e-01 5.162429e+00 -2.494466e-01 -8.855441e-01
1.687200e+02 -1.756802e+00 9.432866e-01 -1.865648e+00 4.368763e+00 2.811500e+00 1.880209e+00 4.075083e-01 2.033564e+00 3.258964e-01 5.272819e+00 -2.525034e-01 -7.946065e-01
1.688000e+02 -1.699048e+00 1.015679e+00 -1.945697e+00 4.451658e+00 2.769557e+00 1.884957e+00 4.310183e-01 2.013560e+00 2.768665e-01 5.374607e+00 -2.494381e-01 -7.153060e-01
1.688800e+02 -1.633295e+00 1.097558e+00 -2.023035e+00 4.507120e+00 2.740342e+00 1.868215e+00 4.644978e-01 1.993731e+00 2.267230e-01 5.479532e+00 -2.423862e-01 -6.173045e-01
1.689600e+02 -1.573063e+00 1.151879e+00 -2.112779e+00 4.569147e+00 2.719432e+00 1.834872e+00 5.016060e-01 1.969562e+00 1.730517e-01 5.558444e+00 -2.251999e-01 -5.357769e-01
1.690400e+02 -1.508345e+00 1.212383e+00 -2.202642e+00 4.612874e+00 2.711430e+00 1.788848e+00 5.449674e-01 1.942724e+00 1.167919e-01 5.628785e+00 -2.036085e-01 -4.653587e-01
1.691200e+02 -1.434293e+00 1.271945e+00 -2.289172e+00 4.618101e+00 2.717329e+00 1.730057e+00 5.985808e-01 1.908025e+00 6.116219e-02 5.702591e+00 -1.764969e-01 -3.861386e-01
1.692000e+02 -1.360685e+00 1.316518e+00 -2.378250e+00 4.605032e+00 2.732774e+00 1.662214e+00 6.561706e-01 1.876199e+00 3.848784e-03 5.759862e+00 -1.435954e-01 -3.198612e-01
1.692800e+02 -1.284875e+00 1.319681e+00 -2.475007e+00 4.573424e+00 2.752143e+00 1.578817e+00 7.195583e-01 1.837706e+00 -5.348710e-02 5.796254e+00 -1.011160e-01 -2.625206e-01
1.693600e+02 -1.207303e+00 1.347798e+00 -2.569696e+00 4.517532e+00 2.773445e+00 1.486045e+00 7.912638e-01 1.800541e+00 -1.108904e-01 5.831707e+00 -5.659298e-02 -2.091248e-01
1.694400e+02 -1.135105e+00 1.371898e+00 -2.665033e+00 4.476683e+00 2.794526e+00 1.403923e+00 8.627166e-01 1.775141e+00 -1.690476e-01 5.847986e+00 -1.560323e-02 -1.576815e-01
1.695200e+02 -1.065902e+00 1.416520e+00 -2.755482e+00 4.462045e+00 2.814267e+00 1.301944e+00 9.402257e-01 1.755685e+00 -2.269613e-01 5.847257e+00 2.026535e-02 -9.669347e-02
1.696000e+02 -9.965751e-01 1.449219e+00 -2.848843e+00 4.448458e+00 2.826139e+00 1.167991e+00 1.022892e+00 1.738357e+00 -2.781850e-01 5.828613e+00 6.179252e-02 -3.521111e-02
1.696800e+02 -9.169457e-01 1.493990e+00 -2.948360e+00 4.358827e+00 2.827412e+00 1.022942e+00 1.102415e+00 1.719333e+00 -3.192994e-01 5.780256e+00 1.117402e-01 9.320905e-03
1.697600e+02 -8.537372e-01 1.515304e+00 -3.031488e+00 4.321193e+00 2.816515e+00 9.024803e-01 1.172701e+00 1.692092e+00 -3.543989e-01 5.722796e+00 1.564890e-01 5.131970e-02
1.698400e+02 -7.995231e-01 1.540614e+00 -3.100041e+00 4.299923e+00 2.797949e+00 7.954041e-01 1.236323e+00 1.682426e+00 -3.837608e-01 5.642506e+00 1.919391e-01 9.501533e-02
1.699200e+02 -7.416777e-01 1.558697e+00 -3.149228e+00 4.263106e+00 2.771998e+00 6.660991e-01 1.305216e+00 1.675377e+00 -3.942419e-01 5.554914e+00 2.298939e-01 1.545203e-01
1.700000e+02 -6.890931e-01 1.610138e+00 -3.166039e+00 4.234497e+00 2.749533e+00 5.437612e-01 1.369988e+00 1.685725e+00 -3.942874e-01 5.458094e+00 2.587412e-01 2.195800e-01
1.700800e+02 -6.395269e-01 1.653759e+00 -3.151391e+00 4.206020e+00 2.731177e+00 4.316880e-01 1.427371e+00 1.709338e+00 -3.847503e-01 5.353847e+00 2.812447e-01 2.881484e-01
1.701600e+02 -5.971845e-01 1.679870e+00 -3.108361e+00 4.212274e+00 2.719566e+00 2.896173e-01 1.489286e+00 1.741092e+00 -3.593420e-01 5.252931e+00 3.022466e-01 3.608135e-01
1.702400e+02 -5.536054e-01 1.706760e+00 -3.041316e+00 4.204462e+00 2.716903e+00 1.624161e-01 1.543195e+00 1.783697e+00 -3.244151e-01 5.149862e+00 3.203947e-01 4.366860e-01
1.703200e+02 -5.213208e-01 1.729900e+00 -2.939169e+00 4.226568e+00 2.726895e+00 5.143538e-02 1.587154e+00 1.838545e+00 -2.837272e-01 5.038016e+00 3.277096e-01 5.195576e-01
1.704000e+02 -4.936337e-01 1.767370e+00 -2.818212e+00 4.255470e+00 2.751402e+00 -6.045432e-02 1.625737e+00 1.897749e+00 -2.367428e-01 4.919866e+00 3.271970e-01 5.968332e-01
1.704800e+02 -4.703433e-01 1.772444e+00 -2.687863e+00 4.296647e+00 2.789501e+00 -1.467670e-01 1.650753e+00 1.962560e+00 -1.853174e-01 4.794112e+00 3.211106e-01 6.729576e-01
1.705600e+02 -4.376371e-01 1.804147e+00 -2.542167e+00 4.264168e+00 2.839489e+00 -2.216092e-01 1.669496e+00 2.023068e+00 -1.239035e-01 4.675659e+00 3.102752e-01 7.355254e-01
1.706400e+02 -3.981173e-01 1.833288e+00 -2.362700e+00 4.192239e+00 2.904660e+00 -2.586453e-01 1.679865e+00 2.098951e+00 -6.349471e-02 4.579385e+00 2.832114e-01 8.171849e-01
1.707200e+02 -3.554867e-01 1.861388e+00 -2.160368e+00 4.124185e+00 2.979588e+00 -2.607467e-01 1.681374e+00 2.180328e+00 -5.852032e-03 4.500525e+00 2.402415e-01 9.234147e-01
1.708000e+02 -3.182345e-01 1.883133e+00 -1.949063e+00 4.080099e+00 3.050000e+00 -2.285001e-01 1.673698e+00 2.260084e+00 4.557274e-02 4.429728e+00 1.820222e-01 1.009461e+00
1.708800e+02 -2.640775e-01 1.894710e+00 -1.729107e+00 3.989263e+00 3.110475e+00 -1.550151e-01 1.655528e+00 2.336961e+00 8.944547e-02 4.362607e+00 1.148051e-01 1.123710e+00
1.709600e+02 -1.983782e-01 1.905134e+00 -1.491871e+00 3.868499e+00 3.152984e+00 -6.002988e-02 1.635986e+00 2.404453e+00 1.258335e-01 4.320633e+00 3.787544e-02 1.261135e+00
1.710400e+02 -1.293870e-01 1.888360e+00 -1.230186e+00 3.730700e+00 3.177416e+00 6.863401e-02 1.610663e+00 2.468446e+00 1.467636e-01 4.290500e+00 -4.867215e-02 1.397667e+00
1.711200e+02 -5.082090e-02 1.859243e+00 -9.479887e-01 3.601876e+00 3.191471e+00 2.004219e-01 1.581245e+00 2.526337e+00 1.498664e-01 4.253870e+00 -1.474677e-01 1.554232e+00
1.712000e+02 3.947561e-02 1.793442e+00 -6.572726e-01 3.493299e+00 3.199918e+00 3.497001e-01 1.548384e+00 2.587093e+00 1.303559e-01 4.220987e+00 -2.484378e-01 1.752813e+00
1.712800e+02 1.431661e-01 1.705226e+00 -3.924123e-01 3.408290e+00 3.204607e+00 4.977907e-01 1.515305e+00 2.626307e+00 9.437752e-02 4.185595e+00 -3.464002e-01 1.966939e+00
1.713600e+02 2.845775e-01 1.599404e+00 -1.713397e-01 3.281914e+00 3.208179e+00 6.424570e-01 1.486815e+00 2.656020e+00 4.844027e-02 4.140643e+00 -4.308796e-01 2.212267e+00
1.714400e+02 4.495630e-01 1.500018e+00 5.376839e-02 3.122433e+00 3.211755e+00 7.919664e-01 1.460269e+00 2.674701e+00 -8.359987e-03 4.105775e+00 -5.131848e-01 2.448917e+00
1.715200e+02 6.192251e-01 1.374477e+00 3.033464e-01 2.966737e+00 3.215107e+00 9.648868e-01 1.434856e+00 2.683489e+00 -7.620294e-02 4.064818e+00 -5.948612e-01 2.671827e+00
1.716000e+02 8.063405e-01 1.230428e+00 5.643179e-01 2.794426e+00 3.216690e+00 1.136374e+00 1.414184e+00 2.678851e+00 -1.487405e-01 4.005979e+00 -6.700174e-01 2.907084e+00
1.716800e+02 9.950495e-01 1.031645e+00 8.078772e-01 2.710757e+00 3.224074e+00 1.321333e+00 1.401050e+00 2.676391e+00 -2.289069e-01 3.976558e+00 -7.507992e-01 3.151923e+00
1.717600e+02 1.193703e+00 8.062864e-01 1.010025e+00 2.636103e+00 3.226378e+00 1.484262e+00 1.393790e+00 2.659463e+00 -3.020018e-01 3.918907e+00 -8.215195e-01 3.379632e+00
1.718400e+02 1.376401e+00 5.306156e-01 1.168793e+00 2.604182e+00 3.221464e+00 1.658307e+00 1.385761e+00 2.632913e+00 -3.755252e-01 3.851659e+00 -8.955196e-01 3.564927e+00
1.719200e+02 1.556803e+00 2.543306e-01 1.306307e+00 2.542402e+00 3.212753e+00 1.805244e+00 1.384424e+00 2.598571e+00 -4.366667e-01 3.773232e+00 -9.763641e-01 3.749640e+00
1.720000e+02 1.725679e+00 -2.267552e-02 1.415498e+00 2.460652e+00 3.199237e+00 1.952416e+00 1.384491e+00 2.558242e+00 -4.852028e-01 3.685619e+00 -1.056368e+00 3.923018e+00
1.720800e+02 1.864893e+00 -2.766602e-01 1.496791e+00 2.375530e+00 3.169780e+00 2.055389e+00 1.389585e+00 2.500765e+00 -5.177909e-01 3.568726e+00 -1.137214e+00 4.038163e+00
1.721600e+02 1.978839e+00 -4.388234e-01 1.576245e+00 2.270926e+00 3.142883e+00 2.139999e+00 1.400425e+00 2.463538e+00 -5.401683e-01 3.456886e+00 -1.234970e+00 4.129562e+00
1.722400e+02 2.078348e+00 -5.486405e-01 1.652062e+00 2.109263e+00 3.120200e+00 2.191441e+00 1.422346e+00 2.460608e+00 -5.476226e-01 3.328903e+00 -1.340162e+00 4.223470e+00
1.723200e+02 2.164285e+00 -6.586133e-01 1.719539e+00 1.968708e+00 3.092275e+00 2.238153e+00 1.437120e+00 2.454378e+00 -5.353708e-01 3.195240e+00 -1.444194e+00 4.353229e+00
1.724000e+02 2.239710e+00 -6.941954e-01 1.795162e+00 1.812768e+00 3.062003e+00 2.298313e+00 1.439465e+00 2.443657e+00 -5.089751e-01 3.068271e+00 -1.559799e+00 4.486193e+00
1.724800e+02 2.312462e+00 -7.145647e-01 1.862172e+00 1.610948e+00 3.026142e+00 2.344406e+00 1.445454e+00 2.417251e+00 -4.527360e-01 2.933266e+00 -1.661307e+00 4.637037e+00
1.725600e+02 2.367021e+00 -6.731884e-01 1.924832e+00 1.533094e+00 2.980416e+00 2.378630e+00 1.441533e+00 2.398137e+00 -3.765218e-01 2.781480e+00 -1.761566e+00 4.784169e+00
1.726400e+02 2.402803e+00 -5.900023e-01 1.961524e+00 1.584447e+00 2.926756e+00 2.388079e+00 1.433347e+00 2.366609e+00 -2.700335e-01 2.635609e+00 -1.833166e+00 4.903082e+00
1.727200e+02 2.415473e+00 -4.044680e-01 1.990651e+00 1.702443e+00 2.870743e+00 2.377029e+00 1.421801e+00 2.337602e+00 -1.321360e-01 2.502925e+00 -1.888228e+00 5.022013e+00
1.728000e+02 2.408532e+00 -1.285637e-01 2.019522e+00 1.785451e+00 2.812951e+00 2.360767e+00 1.406562e+00 2.303788e+00 3.433075e-02 2.406181e+00 -1.922050e+00 5.140319e+00
1.728800e+02 2.373826e+00 1.941840e-01 2.051492e+00 1.888758e+00 2.753296e+00 2.348682e+00 1.387206e+00 2.269968e+00 2.118750e-01 2.360721e+00 -1.942698e+00 5.222400e+00
1.729600e+02 2.324421e+00 5.124629e-01 2.082572e+00 1.938084e+00 2.689246e+00 2.310941e+00 1.371478e+00 2.224639e+00 3.985914e-01 2.341172e+00 -1.943860e+00 5.264784e+00
1.730400e+02 2.255602e+00 7.515843e-01 2.133590e+00 1.981721e+00 2.629215e+00 2.284517e+00 1.358363e+00 2.187169e+00 5.750029e-01 2.381759e+00 -1.935133e+00 5.286612e+00
1.731200e+02 2.167598e+00 9.249200e-01 2.198988e+00 2.038738e+00 2.570165e+00 2.264222e+00 1.349821e+00 2.154802e+00 7.278497e-01 2.458321e+00 -1.918958e+00 5.274578e+00
1.732000e+02 2.062459e+00 1.025130e+00 2.261760e+00 2.109754e+00 2.508241e+00 2.229175e+00 1.350213e+00 2.121097e+00 8.550205e-01 2.546050e+00 -1.891694e+00 5.241413e+00
1.732800e+02 1.950237e+00 1.065903e+00 2.323209e+00 2.168926e+00 2.449792e+00 2.182537e+00 1.363101e+00 2.090749e+00 9.542737e-01 2.673838e+00 -1.849670e+00 5.184100e+00
1.733600e+02 1.833688e+00 1.115520e+00 2.378965e+00 2.256033e+00 2.388494e+00 2.121846e+00 1.382452e+00 2.070073e+00 1.014538e+00 2.793861e+00 -1.804818e+00 5.086118e+00
1.734400e+02 1.734083e+00 1.142640e+00 2.414863e+00 2.316934e+00 2.327201e+00 2.049776e+00 1.410470e+00 2.048187e+00 1.044886e+00 2.913488e+00 -1.745312e+00 4.969599e+00
1.735200e+02 1.645321e+00 1.142979e+00 2.423451e+00 2.398773e+00 2.264407e+00 1.942595e+00 1.448057e+00 2.026381e+00 1.045357e+00 3.015358e+00 -1.675905e+00 4.814244e+00
1.736000e+02 1.557261e+00 1.136572e+00 2.413352e+00 2.481325e+00 2.206178e+00 1.828162e+00 1.485020e+00 2.006141e+00 1.017119e+00 3.099133e+00 -1.609765e+00 4.628224e+00
1.736800e+02 1.463908e+00 1.134435e+00 2.396012e+00 2.619668e+00 2.157840e+00 1.694722e+00 1.527497e+00 1.992205e+00 9.670229e-01 3.176566e+00 -1.549868e+00 4.458094e+00
1.737600e+02 1.364282e+00 1.137721e+00 2.374803e+00 2.775808e+00 2.124991e+00 1.546814e+00 1.574151e+00 1.995062e+00 8.971675e-01 3.236130e+00 -1.488018e+00 4.290593e+00
1.738400e+02 1.234235e+00 1.132040e+00 2.358666e+00 3.052839e+00 2.113640e+00 1.454331e+00 1.604765e+00 2.032454e+00 7.969217e-01 3.284466e+00 -1.446538e+00 4.123689e+00
1.739200e+02 1.102237e+00 1.143855e+00 2.335468e+00 3.252398e+00 2.120583e+00 1.317237e+00 1.644205e+00 2.068947e+00 7.010530e-01 3.308126e+00 -1.395156e+00 3.952250e+00
1.740000e+02 9.549433e-01 1.177068e+00 2.326835e+00 3.396961e+00 2.143149e+00 1.210080e+00 1.668833e+00 2.126164e+00 5.968443e-01 3.300318e+00 -1.356665e+00 3.784305e+00
1.740800e+02 8.023138e-01 1.195174e+00 2.371144e+00 3.370991e+00 2.177588e+00 1.119371e+00 1.680358e+00 2.194840e+00 4.919677e-01 3.278417e+00 -1.320450e+00 3.611714e+00
1.741600e+02 6.398575e-01 1.224312e+00 2.464607e+00 3.271110e+00 2.222375e+00 1.056665e+00 1.676273e+00 2.273721e+00 3.893372e-01 3.233456e+00 -1.296675e+00 3.443822e+00
1.742400e+02 4.780528e-01 1.311716e+00 2.491289e+00 3.317814e+00 2.271124e+00 1.002117e+00 1.660757e+00 2.348109e+00 3.003691e-01 3.155010e+00 -1.274721e+00 3.285393e+00
1.743200e+02 3.424277e-01 1.446950e+00 2.445302e+00 3.471549e+00 2.319340e+00 9.125119e-01 1.651805e+00 2.409016e+00 2.442039e-01 3.087184e+00 -1.229236e+00 3.126148e+00
1.744000e+02 1.987598e-01 1.594530e+00 2.419233e+00 3.783048e+00 2.370751e+00 8.538586e-01 1.624215e+00 2.471031e+00 1.969045e-01 2.997902e+00 -1.190708e+00 2.999300e+00
1.744800e+02 7.121071e-02 1.784485e+00 2.395226e+00 4.042347e+00 2.423009e+00 7.885770e-01 1.593782e+00 2.519533e+00 1.724760e-01 2.898834e+00 -1.143196e+00 2.880843e+00
1.745600e+02 -4.342497e-02 2.036499e+00 2.359839e+00 4.120695e+00 2.478717e+00 7.279323e-01 1.559308e+00 2.579621e+00 1.590458e-01 2.795451e+00 -1.098630e+00 2.767450e+00
1.746400e+02 -1.396505e-01 2.291799e+00 2.286223e+00 4.086972e+00 2.531824e+00 6.974945e-01 1.512561e+00 2.638630e+00 1.561975e-01 2.696818e+00 -1.054172e+00 2.664121e+00
1.747200e+02 -2.141803e-01 2.541554e+00 2.213295e+00 3.959640e+00 2.582946e+00 6.845287e-01 1.461657e+00 2.690648e+00 1.620682e-01 2.600538e+00 -1.012001e+00 2.567333e+00
1.748000e+02 -2.516577e-01 2.792266e+00 2.189757e+00 3.726042e+00 2.629768e+00 6.844224e-01 1.408620e+00 2.735282e+00 1.784502e-01 2.508668e+00 -9.663333e-01 2.473656e+00
1.748800e+02 -2.546550e-01 3.026772e+00 2.242738e+00 3.408046e+00 2.671752e+00 6.865273e-01 1.355991e+00 2.776644e+00 2.030574e-01 2.420574e+00 -9.141616e-01 2.375537e+00
1.749600e+02 -2.242923e-01 3.251601e+00 2.379250e+00 3.038711e+00 2.708837e+00 6.915618e-01 1.305687e+00 2.818639e+00 2.326903e-01 2.328796e+00 -8.561576e-01 2.280795e+00
1.750400e+02 -1.870058e-01 3.451940e+00 2.593116e+00 2.745701e+00 2.738120e+00 7.357722e-01 1.245201e+00 2.850827e+00 2.595365e-01 2.233134e+00 -8.037899e-01 2.191548e+00
1.751200e+02 -1.444397e-01 3.647868e+00 2.863618e+00 2.501353e+00 2.759106e+00 8.069245e-01 1.179928e+00 2.867730e+00 2.878072e-01 2.137754e+00 -7.525014e-01 2.103214e+00
1.752000e+02 -1.105076e-01 3.819970e+00 3.168472e+00 2.331620e+00 2.773603e+00 8.813768e-01 1.115402e+00 2.867276e+00 3.185140e-01 2.048683e+00 -7.002323e-01 2.012830e+00
1.752800e+02 -9.822906e-02 3.952822e+00 3.466767e+00 2.243235e+00 2.780457e+00 9.625809e-01 1.044553e+00 2.865744e+00 3.464571e-01 1.938768e+00 -6.458967e-01 1.925612e+00
1.753600e+02 -1.175530e-01 4.044841e+00 3.756357e+00 2.284598e+00 2.779855e+00 1.066262e+00 9.720707e-01 2.847250e+00 3.675623e-01 1.851530e+00 -5.982947e-01 1.846566e+00
1.754400e+02 -1.640326e-01 4.122399e+00 4.014073e+00 2.389714e+00 2.771792e+00 1.181768e+00 8.962401e-01 2.813167e+00 3.846080e-01 1.759260e+00 -5.577561e-01 1.773869e+00
1.755200e+02 -2.343757e-01 4.169390e+00 4.227240e+00 2.560718e+00 2.756357e+00 1.295026e+00 8.263810e-01 2.767005e+00 3.993766e-01 1.689262e+00 -5.201421e-01 1.703770e+00
1.756000e+02 -3.217327e-01 4.203664e+00 4.391954e+00 2.756295e+00 2.733774e+00 1.416631e+00 7.622727e-01 2.706774e+00 4.119273e-01 1.620677e+00 -4.865827e-01 1.639257e+00
1.756800e+02 -4.454542e-01 4.186391e+00 4.490994e+00 3.101601e+00 2.708236e+00 1.601453e+00 6.898876e-01 2.652555e+00 4.071703e-01 1.564324e+00 -4.723658e-01 1.568903e+00
1.757600e+02 -5.637778e-01 4.151210e+00 4.494990e+00 3.415986e+00 2.672376e+00 1.781786e+00 6.309925e-01 2.574173e+00 4.079517e-01 1.504717e+00 -4.502233e-01 1.502533e+00
1.758400e+02 -6.764740e-01 4.109599e+00 4.441650e+00 3.679990e+00 2.626718e+00 1.933419e+00 5.885966e-01 2.479971e+00 4.137637e-01 1.445094e+00 -4.229472e-01 1.438186e+00
1.759200e+02 -7.774210e-01 4.056477e+00 4.359437e+00 3.875624e+00 2.568540e+00 2.056728e+00 5.598438e-01 2.370620e+00 4.263236e-01 1.381531e+00 -3.851479e-01 1.380900e+00
1.760000e+02 -8.812085e-01 3.998803e+00 4.276235e+00 4.073450e+00 2.497404e+00 2.192915e+00 5.363071e-01 2.249565e+00 4.374944e-01 1.332035e+00 -3.504567e-01 1.331249e+00
1.760800e+02 -9.848383e-01 3.945214e+00 4.199032e+00 4.246750e+00 2.416694e+00 2.282740e+00 5.314524e-01 2.125011e+00 4.519127e-01 1.289072e+00 -3.137426e-01 1.275272e+00
1.761600e+02 -1.086155e+00 3.853158e+00 4.114463e+00 4.388577e+00 2.322625e+00 2.347025e+00 5.409535e-01 1.996833e+00 4.731356e-01 1.244795e+00 -2.652462e-01 1.232926e+00
1.762400e+02 -1.194244e+00 3.777789e+00 4.019999e+00 4.525085e+00 2.218872e+00 2.402208e+00 5.579526e-01 1.868245e+00 4.960559e-01 1.195966e+00 -2.160946e-01 1.202956e+00
1.763200e+02 -1.317391e+00 3.684268e+00 3.910729e+00 4.687800e+00 2.115083e+00 2.442858e+00 5.877604e-01 1.762296e+00 5.153988e-01 1.168637e+00 -1.707642e-01 1.176604e+00
1.764000e+02 -1.436774e+00 3.622043e+00 3.790127e+00 4.775562e+00 2.010933e+00 2.447074e+00 6.340351e-01 1.651354e+00 5.432164e-01 1.146383e+00 -1.212270e-01 1.158669e+00
1.764800e+02 -1.553968e+00 3.537060e+00 3.651802e+00 4.812298e+00 1.902747e+00 2.434362e+00 6.916455e-01 1.550298e+00 5.765822e-01 1.125167e+00 -6.273049e-02 1.146481e+00
1.765600e+02 -1.670065e+00 3.476044e+00 3.510466e+00 4.834753e+00 1.790224e+00 2.397347e+00 7.590755e-01 1.431899e+00 6.180902e-01 1.113074e+00 -1.557410e-03 1.148360e+00
1.766400e+02 -1.785725e+00 3.392883e+00 3.366867e+00 4.855395e+00 1.679717e+00 2.342940e+00 8.331379e-01 1.332229e+00 6.586161e-01 1.097531e+00 6.608732e-02 1.141221e+00
1.767200e+02 -1.897706e+00 3.301285e+00 3.223950e+00 4.885242e+00 1.571981e+00 2.261089e+00 9.130739e-01 1.236695e+00 7.031395e-01 1.081798e+00 1.410324e-01 1.137787e+00
1.768000e+02 -2.007463e+00 3.219522e+00 3.085361e+00 4.928034e+00 1.469727e+00 2.175125e+00 9.901477e-01 1.154977e+00 7.455827e-01 1.068180e+00 2.145570e-01 1.135719e+00
1.768800e+02 -2.112139e+00 3.142022e+00 2.943396e+00 4.981248e+00 1.375099e+00 2.076835e+00 1.065789e+00 1.083561e+00 7.879180e-01 1.055766e+00 2.883679e-01 1.139215e+00
1.769600e+02 -2.208668e+00 3.055027e+00 2.788544e+00 4.980843e+00 1.285444e+00 1.931509e+00 1.145896e+00 1.016766e+00 8.374139e-01 1.038649e+00 3.722866e-01 1.139680e+00
1.770400e+02 -2.292088e+00 2.968602e+00 2.621620e+00 4.900815e+00 1.206349e+00 1.745913e+00 1.227372e+00 9.440714e-01 8.970145e-01 1.018747e+00 4.705080e-01 1.139849e+00
1.771200e+02 -2.374400e+00 2.869555e+00 2.459897e+00 4.822290e+00 1.134046e+00 1.557938e+00 1.297488e+00 8.848988e-01 9.533273e-01 1.001853e+00 5.709418e-01 1.145343e+00
1.772000e+02 -2.468542e+00 2.776958e+00 2.325778e+00 4.780584e+00 1.068743e+00 1.433002e+00 1.342953e+00 8.465880e-01 9.943331e-01 9.829119e-01 6.573395e-01 1.152328e+00
1.772800e+02 -2.560608e+00 2.666929e+00 2.228079e+00 4.712122e+00 1.001542e+00 1.330550e+00 1.386491e+00 8.156148e-01 1.033686e+00 9.684150e-01 7.429356e-01 1.154819e+00
1.773600e+02 -2.652873e+00 2.576256e+00 2.170728e+00 4.554590e+00 9.287229e-01 1.224144e+00 1.421350e+00 7.916559e-01 1.070829e+00 9.411330e-01 8.235356e-01 1.148828e+00
1.774400e+02 -2.753837e+00 2.459591e+00 2.158334e+00 4.420929e+00 8.451771e-01 1.141955e+00 1.446126e+00 7.799154e-01 1.097700e+00 9.309743e-01 8.918523e-01 1.147965e+00
1.775200e+02 -2.851827e+00 2.352085e+00 2.165524e+00 4.266462e+00 7.582768e-01 1.121120e+00 1.464346e+00 7.866930e-01 1.118170e+00 9.299604e-01 9.508635e-01 1.144521e+00
1.776000e+02 -2.962493e+00 2.233553e+00 2.162273e+00 4.187015e+00 6.590151e-01 1.196873e+00 1.461321e+00 8.121596e-01 1.118732e+00 9.255320e-01 9.860237e-01 1.117294e+00
1.776800e+02 -3.051793e+00 2.124741e+00 2.135763e+00 4.028176e+00 5.554975e-01 1.297847e+00 1.455995e+00 8.313863e-01 1.121068e+00 9.146919e-01 1.017628e+00 1.080384e+00
1.777600e+02 -3.120233e+00 2.025294e+00 2.090255e+00 3.879215e+00 4.637821e-01 1.427542e+00 1.444593e+00 8.417950e-01 1.122315e+00 9.012342e-01 1.042313e+00 1.030333e+00
1.778400e+02 -3.158681e+00 1.908361e+00 2.045985e+00 3.765653e+00 3.991194e-01 1.540444e+00 1.432390e+00 8.334110e-01 1.128424e+00 8.914637e-01 1.073363e+00 9.754189e-01
1.779200e+02 -3.175471e+00 1.810052e+00 2.027226e+00 3.701399e+00 3.626207e-01 1.697332e+00 1.406311e+00 8.378302e-01 1.122014e+00 8.869569e-01 1.096696e+00 9.066733e-01
1.780000e+02 -3.152529e+00 1.729370e+00 2.026274e+00 3.628829e+00 3.242580e-01 1.819238e+00 1.386324e+00 8.333200e-01 1.120074e+00 8.797055e-01 1.129705e+00 8.446697e-01
1.780800e+02 -3.114482e+00 1.649219e+00 2.037785e+00 3.609892e+00 2.807658e-01 1.923164e+00 1.363402e+00 8.357706e-01 1.109884e+00 8.779027e-01 1.160312e+00 7.703871e-01
1.781600e+02 -3.054679e+00 1.571346e+00 2.045937e+00 3.610023e+00 2.220066e-01 2.006262e+00 1.342884e+00 8.354670e-01 1.097915e+00 8.747864e-01 1.195933e+00 6.976611e-01
1.782400e+02 -2.975335e+00 1.512539e+00 2.055509e+00 3.601909e+00 1.579832e-01 2.080700e+00 1.321171e+00 8.420080e-01 1.080092e+00 8.756176e-01 1.234954e+00 6.303384e-01
1.783200e+02 -2.885182e+00 1.456033e+00 2.070526e+00 3.604420e+00 8.803954e-02 2.129456e+00 1.301402e+00 8.516534e-01 1.057845e+00 8.787315e-01 1.278883e+00 5.520398e-01
1.784000e+02 -2.790368e+00 1.410110e+00 2.094221e+00 3.648506e+00 2.214290e-02 2.174989e+00 1.278350e+00 8.726386e-01 1.026039e+00 8.859368e-01 1.321256e+00 4.773788e-01
1.784800e+02 -2.676471e+00 1.385873e+00 2.112972e+00 3.639285e+00 -4.575377e-02 2.206903e+00 1.256373e+00 8.996060e-01 9.927716e-01 8.902506e-01 1.371075e+00 4.065663e-01
1.785600e+02 -2.570505e+00 1.368381e+00 2.129176e+00 3.691010e+00 -1.080580e-01 2.238608e+00 1.227889e+00 9.406694e-01 9.471085e-01 8.971222e-01 1.410027e+00 3.494092e-01
1.786400e+02 -2.460787e+00 1.348234e+00 2.130594e+00 3.773178e+00 -1.675103e-01 2.295972e+00 1.192153e+00 9.935472e-01 8.924901e-01 9.113121e-01 1.443407e+00 2.961508e-01
1.787200e+02 -2.339488e+00 1.321375e+00 2.083242e+00 3.870403e+00 -2.268151e-01 2.332520e+00 1.155161e+00 1.051105e+00 8.383006e-01 9.119693e-01 1.480498e+00 2.515531e-01
1.788000e+02 -2.207695e+00 1.291479e+00 1.972674e+00 4.008222e+00 -2.865747e-01 2.343258e+00 1.118075e+00 1.101709e+00 7.876062e-01 9.114053e-01 1.522159e+00 2.161548e-01
1.788800e+02 -2.076040e+00 1.249520e+00 1.823701e+00 4.211792e+00 -3.438666e-01 2.343372e+00 1.077379e+00 1.155909e+00 7.361284e-01 9.120225e-01 1.561205e+00 1.894190e-01
1.789600e+02 -1.920845e+00 1.224921e+00 1.667511e+00 4.348453e+00 -4.001135e-01 2.315919e+00 1.038816e+00 1.202782e+00 6.929463e-01 9.070802e-01 1.607872e+00 1.719762e-01
1.790400e+02 -1.764865e+00 1.204084e+00 1.539662e+00 4.459477e+00 -4.482043e-01 2.277354e+00 9.981231e-01 1.255221e+00 6.498154e-01 9.050477e-01 1.648521e+00 1.663418e-01
1.791200e+02 -1.609336e+00 1.177822e+00 1.426772e+00 4.558849e+00 -4.890602e-01 2.232036e+00 9.546840e-01 1.309272e+00 6.077432e-01 9.019080e-01 1.684195e+00 1.621154e-01
1.792000e+02 -1.469539e+00 1.136701e+00 1.317086e+00 4.705149e+00 -5.169859e-01 2.206299e+00 9.058095e-01 1.374239e+00 5.603120e-01 9.114240e-01 1.706557e+00 1.743434e-01
1.792800e+02 -1.315527e+00 1.112746e+00 1.186819e+00 4.781317e+00 -5.406546e-01 2.161809e+00 8.622999e-01 1.427627e+00 5.249001e-01 9.126234e-01 1.734360e+00 2.015093e-01
1.793600e+02 -1.170356e+00 1.087610e+00 1.038224e+00 4.851083e+00 -5.526885e-01 2.111333e+00 8.184109e-01 1.481760e+00 4.928930e-01 9.150204e-01 1.754883e+00 2.337009e-01
1.794400e+02 -1.023311e+00 1.069533e+00 8.719493e-01 4.872229e+00 -5.545963e-01 2.050553e+00 7.784027e-01 1.524701e+00 4.691332e-01 9.208457e-01 1.775448e+00 2.723037e-01
1.795200e+02 -8.795750e-01 1.058469e+00 7.036176e-01 4.866613e+00 -5.422408e-01 1.996712e+00 7.386123e-01 1.569615e+00 4.483267e-01 9.256714e-01 1.790918e+00 3.265056e-01
1.796000e+02 -7.372916e-01 1.057150e+00 5.447899e-01 4.830229e+00 -5.148908e-01 1.931856e+00 7.025750e-01 1.609321e+00 4.334951e-01 9.300237e-01 1.804124e+00 3.917567e-01
1.796800e+02 -6.053145e-01 1.062741e+00 4.051094e-01 4.778897e+00 -4.695299e-01 1.895671e+00 6.627635e-01 1.651399e+00 4.180726e-01 9.351698e-01 1.806178e+00 4.577820e-01
1.797600e+02 -4.794615e-01 1.079534e+00 2.910147e-01 4.684195e+00 -4.117637e-01 1.868636e+00 6.261922e-01 1.688227e+00 4.070734e-01 9.412412e-01 1.802856e+00 5.295475e-01
1.798400e+02 -3.634146e-01 1.103404e+00 2.016955e-01 4.563919e+00 -3.430418e-01 1.853407e+00 5.904607e-01 1.720465e+00 3.988606e-01 9.443481e-01 1.793091e+00 6.009478e-01
1.799200e+02 -2.612804e-01 1.129271e+00 1.430121e-01 4.443436e+00 -2.610167e-01 1.863786e+00 5.526017e-01 1.754065e+00 3.897434e-01 9.495339e-01 1.773791e+00 6.779772e-01
1.800000e+02 -1.671671e-01 1.162538e+00 1.119770e-01 4.275981e+00 -1.718126e-01 1.877961e+00 5.207466e-01 1.780673e+00 3.866384e-01 9.575273e-01 1.750971e+00 7.601183e-01
1.800800e+02 -8.692985e-02 1.208876e+00 1.061322e-01 4.106931e+00 -7.702760e-02 1.897504e+00 4.923448e-01 1.809711e+00 3.848626e-01 9.649544e-01 1.718221e+00 8.402686e-01
1.801600e+02 -1.025228e-02 1.272271e+00 1.139361e-01 3.906093e+00 1.739551e-02 1.901773e+00 4.687965e-01 1.824897e+00 3.909594e-01 9.678960e-01 1.685575e+00 9.163241e-01
1.802400e+02 5.040940e-02 1.338369e+00 1.418415e-01 3.701079e+00 1.185267e-01 1.936915e+00 4.403976e-01 1.844223e+00 3.935885e-01 9.729729e-01 1.641985e+00 9.938893e-01
1.803200e+02 1.070908e-01 1.410058e+00 1.817967e-01 3.486044e+00 2.203573e-01 1.974239e+00 4.158661e-01 1.860047e+00 3.994983e-01 9.793452e-01 1.594968e+00 1.090545e+00
1.804000e+02 1.554139e-01 1.488102e+00 2.313004e-01 3.267193e+00 3.178912e-01 1.998843e+00 3.958151e-01 1.869873e+00 4.095551e-01 9.830129e-01 1.546882e+00 1.176205e+00
1.804800e+02 1.895040e-01 1.560449e+00 2.871494e-01 3.073879e+00 4.136758e-01 2.033174e+00 3.750807e-01 1.881036e+00 4.185237e-01 9.869003e-01 1.488955e+00 1.258620e+00
1.805600e+02 2.155685e-01 1.636016e+00 3.499647e-01 2.891547e+00 5.040004e-01 2.049370e+00 3.599038e-01 1.887558e+00 4.312663e-01 9.889743e-01 1.425729e+00 1.338628e+00
1.806400e+02 2.304688e-01 1.702876e+00 4.226303e-01 2.731661e+00 5.900911e-01 2.067814e+00 3.445345e-01 1.906462e+00 4.409525e-01 9.898215e-01 1.353593e+00 1.418287e+00
1.807200e+02 2.401329e-01 1.767361e+00 5.008019e-01 2.574146e+00 6.688670e-01 2.057500e+00 3.360647e-01 1.915333e+00 4.563477e-01 9.885960e-01 1.278098e+00 1.495027e+00
1.808000e+02 2.440151e-01 1.830178e+00 5.835859e-01 2.423316e+00 7.374856e-01 2.023265e+00 3.276681e-01 1.922229e+00 4.738049e-01 9.854797e-01 1.198363e+00 1.566955e+00
1.808800e+02 2.338033e-01 1.888100e+00 6.750434e-01 2.308418e+00 7.991857e-01 1.962406e+00 3.192766e-01 1.928739e+00 4.907627e-01 9.833180e-01 1.111087e+00 1.636809e+00
1.809600e+02 2.244222e-01 1.954286e+00 7.699138e-01 2.198309e+00 8.559344e-01 1.865340e+00 3.152948e-01 1.932321e+00 5.131482e-01 9.773769e-01 1.024458e+00 1.722748e+00
1.810400e+02 2.033812e-01 2.019638e+00 8.652792e-01 2.119898e+00 9.086889e-01 1.728766e+00 3.164673e-01 1.932172e+00 5.379398e-01 9.742925e-01 9.374793e-01 1.793511e+00
1.811200e+02 1.739798e-01 2.072504e+00 9.619362e-01 2.052020e+00 9.599931e-01 1.598102e+00 3.121065e-01 1.934811e+00 5.600313e-01 9.691178e-01 8.470207e-01 1.869709e+00
1.812000e+02 1.396493e-01 2.125344e+00 1.055248e+00 1.983170e+00 1.007433e+00 1.465700e+00 3.080522e-01 1.933566e+00 5.835846e-01 9.605396e-01 7.556375e-01 1.936783e+00
1.812800e+02 9.502661e-02 2.172955e+00 1.144720e+00 1.935233e+00 1.052929e+00 1.347494e+00 3.028026e-01 1.929074e+00 6.076495e-01 9.476214e-01 6.627217e-01 1.984308e+00
1.813600e+02 4.951666e-02 2.223827e+00 1.229859e+00 1.912132e+00 1.093400e+00 1.241562e+00 2.983313e-01 1.921575e+00 6.332637e-01 9.236135e-01 5.697825e-01 2.043772e+00
1.814400e+02 1.149154e-02 2.287613e+00 1.309912e+00 1.883531e+00 1.129793e+00 1.144868e+00 2.991028e-01 1.908978e+00 6.632038e-01 9.016563e-01 4.820480e-01 2.106727e+00
1.815200e+02 -2.962401e-02 2.348302e+00 1.382402e+00 1.884581e+00 1.162226e+00 1.069715e+00 3.008323e-01 1.894627e+00 6.939403e-01 8.795747e-01 3.948924e-01 2.157049e+00
1.816000e+02 -6.436423e-02 2.420486e+00 1.442791e+00 1.892108e+00 1.189560e+00 1.001411e+00 3.062927e-01 1.876346e+00 7.284824e-01 8.563547e-01 3.102726e-01 2.199715e+00
1.816800e+02 -9.862669e-02 2.506343e+00 1.495833e+00 1.914291e+00 1.213868e+00 9.437765e-01 3.128317e-01 1.857882e+00 7.636824e-01 8.340847e-01 2.248964e-01 2.233274e+00
1.817600e+02 -1.256086e-01 2.584946e+00 1.532687e+00 1.931768e+00 1.235865e+00 8.849687e-01 3.219877e-01 1.833540e+00 8.030660e-01 8.088403e-01 1.470253e-01 2.254432e+00
1.818400e+02 -1.553532e-01 2.660086e+00 1.553844e+00 1.973566e+00 1.258383e+00 8.284913e-01 3.314838e-01 1.806636e+00 8.429835e-01 7.799214e-01 7.276447e-02 2.265350e+00
1.819200e+02 -1.810316e-01 2.736640e+00 1.560261e+00 2.007230e+00 1.281806e+00 7.687411e-01 3.441252e-01 1.773354e+00 8.858997e-01 7.483256e-01 6.513917e-03 2.265432e+00
1.820000e+02 -2.089617e-01 2.834580e+00 1.560543e+00 2.054661e+00 1.309262e+00 7.289578e-01 3.568302e-01 1.742469e+00 9.254163e-01 7.224774e-01 -6.106025e-02 2.256861e+00
1.820800e+02 -2.357755e-01 2.927572e+00 1.550914e+00 2.106125e+00 1.339772e+00 6.913992e-01 3.722364e-01 1.707392e+00 9.654360e-01 6.960239e-01 -1.219240e-01 2.236657e+00
1.821600e+02 -2.664084e-01 3.021895e+00 1.536697e+00 2.196404e+00 1.374652e+00 6.680527e-01 3.897232e-01 1.668637e+00 1.003635e+00 6.781160e-01 -1.796013e-01 2.221275e+00
1.822400e+02 -2.954029e-01 3.085985e+00 1.502189e+00 2.285739e+00 1.408086e+00 6.449024e-01 4.116872e-01 1.627104e+00 1.044408e+00 6.569104e-01 -2.231871e-01 2.187743e+00
1.823200e+02 -3.185823e-01 3.165316e+00 1.463066e+00 2.361560e+00 1.442414e+00 6.298514e-01 4.355853e-01 1.583000e+00 1.084039e+00 6.348465e-01 -2.593224e-01 2.163545e+00
1.824000e+02 -3.401579e-01 3.223206e+00 1.416422e+00 2.424203e+00 1.475664e+00 6.125450e-01 4.649892e-01 1.531999e+00 1.124724e+00 6.184500e-01 -2.849151e-01 2.119340e+00
1.824800e+02 -3.583040e-01 3.270426e+00 1.365772e+00 2.482206e+00 1.507875e+00 5.934051e-01 4.971243e-01 1.476883e+00 1.163438e+00 6.046573e-01 -3.035810e-01 2.062494e+00
1.825600e+02 -3.632570e-01 3.286003e+00 1.309281e+00 2.502895e+00 1.536279e+00 5.725304e-01 5.328331e-01 1.412395e+00 1.203685e+00 5.899011e-01 -3.034418e-01 1.996698e+00
1.826400e+02 -3.551222e-01 3.290911e+00 1.247970e+00 2.504873e+00 1.560471e+00 5.636002e-01 5.692041e-01 1.342608e+00 1.241540e+00 5.772141e-01 -2.893160e-01 1.922756e+00
1.827200e+02 -3.331357e-01 3.276909e+00 1.188469e+00 2.496733e+00 1.581061e+00 5.652757e-01 6.084544e-01 1.268724e+00 1.276766e+00 5.683372e-01 -2.610388e-01 1.850291e+00
1.828000e+02 -2.963864e-01 3.227733e+00 1.124138e+00 2.478680e+00 1.595236e+00 5.722455e-01 6.503043e-01 1.188732e+00 1.310922e+00 5.592160e-01 -2.146946e-01 1.770659e+00
1.828800e+02 -2.491106e-01 3.142031e+00 1.059651e+00 2.496477e+00 1.602234e+00 5.776103e-01 6.954510e-01 1.095342e+00 1.343804e+00 5.584301e-01 -1.540671e-01 1.705824e+00
1.829600e+02 -1.926835e-01 3.009643e+00 9.938038e-01 2.532397e+00 1.601772e+00 5.843204e-01 7.416078e-01 9.967340e-01 1.374758e+00 5.593287e-01 -7.478007e-02 1.638174e+00
1.830400e+02 -1.248346e-01 2.863225e+00 9.393929e-01 2.551812e+00 1.595875e+00 5.948765e-01 7.890209e-01 8.955471e-01 1.401931e+00 5.657517e-01 1.318957e-02 1.573707e+00
1.831200e+02 -5.717558e-02 2.692287e+00 8.945779e-01 2.593536e+00 1.585221e+00 6.211833e-01 8.335007e-01 8.091092e-01 1.419890e+00 5.727063e-01 1.056090e-01 1.490580e+00
1.832000e+02 1.334938e-02 2.505011e+00 8.604569e-01 2.631971e+00 1.565613e+00 6.548905e-01 8.783890e-01 7.216097e-01 1.433006e+00 5.784722e-01 2.063496e-01 1.410762e+00
1.832800e+02 7.844038e-02 2.320316e+00 8.394902e-01 2.656658e+00 1.536721e+00 6.936078e-01 9.226419e-01 6.403771e-01 1.439605e+00 5.826160e-01 3.093574e-01 1.304416e+00
1.833600e+02 1.374735e-01 2.136216e+00 8.321636e-01 2.678545e+00 1.501263e+00 7.380885e-01 9.668299e-01 5.657632e-01 1.440592e+00 5.920056e-01 4.140568e-01 1.201567e+00
1.834400e+02 1.845652e-01 1.948359e+00 8.295803e-01 2.702985e+00 1.456204e+00 7.816763e-01 1.008592e+00 4.974443e-01 1.436067e+00 5.928970e-01 5.233695e-01 1.094692e+00
1.835200e+02 2.227775e-01 1.780332e+00 8.354384e-01 2.724005e+00 1.404959e+00 8.224990e-01 1.050006e+00 4.355250e-01 1.424882e+00 5.994462e-01 6.344278e-01 9.950967e-01
1.836000e+02 2.534005e-01 1.593366e+00 8.367710e-01 2.711770e+00 1.344061e+00 8.542188e-01 1.090158e+00 3.785780e-01 1.414626e+00 5.990334e-01 7.566986e-01 8.867636e-01
1.836800e+02 2.785675e-01 1.444650e+00 8.472460e-01 2.658606e+00 1.279147e+00 8.702871e-01 1.131478e+00 3.274363e-01 1.402865e+00 6.045673e-01 8.831182e-01 7.817187e-01
1.837600e+02 2.909749e-01 1.316511e+00 8.694250e-01 2.612285e+00 1.210416e+00 9.001455e-01 1.164381e+00 2.894335e-01 1.382340e+00 6.035750e-01 1.003524e+00 6.866069e-01
1.838400e+02 2.946246e-01 1.221729e+00 8.992643e-01 2.546616e+00 1.140485e+00 9.353412e-01 1.191434e+00 2.583916e-01 1.358257e+00 6.026629e-01 1.123018e+00 5.829678e-01
1.839200e+02 2.937310e-01 1.138459e+00 9.334527e-01 2.482568e+00 1.071183e+00 9.576401e-01 1.219833e+00 2.398050e-01 1.332634e+00 6.070380e-01 1.243285e+00 5.074502e-01
1.840000e+02 2.886049e-01 1.079090e+00 9.715972e-01 2.417906e+00 1.001174e+00 9.677277e-01 1.246079e+00 2.198978e-01 1.307196e+00 6.167173e-01 1.359323e+00 4.535221e-01
1.840800e+02 2.778028e-01 1.022941e+00 1.004143e+00 2.346549e+00 9.322091e-01 9.616292e-01 1.271584e+00 2.121607e-01 1.280910e+00 6.271401e-01 1.473326e+00 4.053707e-01
1.841600e+02 2.669957e-01 1.005841e+00 1.035141e+00 2.271108e+00 8.667530e-01 9.534139e-01 1.293073e+00 2.162488e-01 1.250725e+00 6.418288e-01 1.577943e+00 3.699714e-01
1.842400e+02 2.584758e-01 9.987812e-01 1.052740e+00 2.152432e+00 8.023073e-01 9.239217e-01 1.314318e+00 2.229484e-01 1.224247e+00 6.508495e-01 1.681030e+00 3.421294e-01
1.843200e+02 2.447279e-01 1.018145e+00 1.066506e+00 2.051444e+00 7.389312e-01 8.929674e-01 1.331553e+00 2.366814e-01 1.194007e+00 6.643618e-01 1.769454e+00 3.232638e-01
1.844000e+02 2.297364e-01 1.023519e+00 1.066250e+00 1.949192e+00 6.769752e-01 8.841199e-01 1.339733e+00 2.590047e-01 1.161106e+00 6.723422e-01 1.849492e+00 3.206745e-01
1.844800e+02 2.129418e-01 1.037928e+00 1.054357e+00 1.874283e+00 6.163892e-01 8.590122e-01 1.347339e+00 2.862828e-01 1.129101e+00 6.808234e-01 1.917443e+00 3.337032e-01
1.845600e+02 2.006400e-01 1.059356e+00 1.032335e+00 1.793844e+00 5.586056e-01 8.193312e-01 1.357771e+00 3.167587e-01 1.101872e+00 7.003156e-01 1.976156e+00 3.564602e-01
1.846400e+02 1.843102e-01 1.092213e+00 1.006676e+00 1.712380e+00 5.057164e-01 7.795403e-01 1.367198e+00 3.533870e-01 1.075763e+00 7.209412e-01 2.021009e+00 3.938971e-01
1.847200e+02 1.538049e-01 1.132713e+00 9.819143e-01 1.645747e+00 4.595303e-01 7.511748e-01 1.374582e+00 3.977720e-01 1.049083e+00 7.528969e-01 2.051330e+00 4.391376e-01
1.848000e+02 1.062019e-01 1.196101e+00 9.584846e-01 1.578316e+00 4.198594e-01 7.260796e-01 1.379340e+00 4.521895e-01 1.023775e+00 7.804304e-01 2.065465e+00 4.934216e-01
1.848800e+02 3.789208e-02 1.272445e+00 9.382817e-01 1.507785e+00 3.859095e-01 6.958726e-01 1.382376e+00 5.072339e-01 1.000798e+00 8.067158e-01 2.067492e+00 5.541367e-01
1.849600e+02 -4.834415e-02 1.341806e+00 9.228112e-01 1.437720e+00 3.608103e-01 6.716590e-01 1.381447e+00 5.638602e-01 9.791826e-01 8.312548e-01 2.058100e+00 6.183094e-01
1.850400e+02 -1.431343e-01 1.405211e+00 9.180914e-01 1.388732e+00 3.472300e-01 6.494677e-01 1.377878e+00 6.284724e-01 9.568034e-01 8.614429e-01 2.032705e+00 7.106893e-01
1.851200e+02 -2.447245e-01 1.454633e+00 9.185240e-01 1.346748e+00 3.441832e-01 6.274365e-01 1.370901e+00 6.946403e-01 9.362151e-01 8.882728e-01 1.995193e+00 7.973300e-01
1.852000e+02 -3.523685e-01 1.489027e+00 9.276453e-01 1.330408e+00 3.523833e-01 5.993030e-01 1.361273e+00 7.638415e-01 9.168266e-01 9.198665e-01 1.943661e+00 8.777940e-01
1.852800e+02 -4.574911e-01 1.517432e+00 9.453610e-01 1.306027e+00 3.669342e-01 5.681262e-01 1.347416e+00 8.319473e-01 8.997045e-01 9.400766e-01 1.882315e+00 9.551430e-01
1.853600e+02 -5.619496e-01 1.535713e+00 9.728831e-01 1.288100e+00 3.900677e-01 5.382556e-01 1.328728e+00 9.024906e-01 8.828326e-01 9.586778e-01 1.810556e+00 1.031392e+00
1.854400e+02 -6.555385e-01 1.554429e+00 1.011316e+00 1.263759e+00 4.204990e-01 5.140480e-01 1.304811e+00 9.750466e-01 8.665234e-01 9.741000e-01 1.729374e+00 1.106525e+00
1.855200e+02 -7.366323e-01 1.564626e+00 1.061310e+00 1.234125e+00 4.570543e-01 4.822519e-01 1.277968e+00 1.052079e+00 8.516300e-01 9.858634e-01 1.642588e+00 1.182879e+00
1.856000e+02 -8.061984e-01 1.547596e+00 1.111506e+00 1.204818e+00 4.948107e-01 4.481415e-01 1.246374e+00 1.124293e+00 8.400827e-01 9.891753e-01 1.555088e+00 1.242523e+00
1.856800e+02 -8.605558e-01 1.507992e+00 1.160937e+00 1.203309e+00 5.373454e-01 4.045560e-01 1.212561e+00 1.204022e+00 8.282841e-01 9.895526e-01 1.465093e+00 1.305585e+00
1.857600e+02 -8.974062e-01 1.450335e+00 1.201504e+00 1.225607e+00 5.823576e-01 3.655308e-01 1.175654e+00 1.281192e+00 8.184554e-01 9.870444e-01 1.375105e+00 1.366345e+00
1.858400e+02 -9.144500e-01 1.405529e+00 1.239536e+00 1.269035e+00 6.303791e-01 3.280536e-01 1.135416e+00 1.361682e+00 8.084736e-01 9.828744e-01 1.284043e+00 1.423624e+00
1.859200e+02 -9.251326e-01 1.323313e+00 1.269421e+00 1.362811e+00 6.799346e-01 2.948541e-01 1.089810e+00 1.450341e+00 7.958078e-01 9.712545e-01 1.192794e+00 1.463486e+00
1.860000e+02 -9.155743e-01 1.218090e+00 1.287659e+00 1.488163e+00 7.308534e-01 2.652704e-01 1.041925e+00 1.539617e+00 7.822048e-01 9.573493e-01 1.101928e+00 1.509960e+00
1.860800e+02 -8.791570e-01 1.105170e+00 1.291245e+00 1.588183e+00 7.778219e-01 2.217571e-01 9.947848e-01 1.612650e+00 7.754664e-01 9.351294e-01 1.019073e+00 1.540652e+00
1.861600e+02 -8.248330e-01 9.907184e-01 1.290632e+00 1.690985e+00 8.281318e-01 1.889504e-01 9.443914e-01 1.695116e+00 7.657970e-01 9.127517e-01 9.348343e-01 1.570910e+00
1.862400e+02 -7.467905e-01 8.714651e-01 1.280795e+00 1.768382e+00 8.809925e-01 1.664797e-01 8.920212e-01 1.790971e+00 7.539516e-01 8.849314e-01 8.546966e-01 1.597749e+00
1.863200e+02 -6.530664e-01 7.520334e-01 1.266229e+00 1.840962e+00 9.361325e-01 1.489120e-01 8.389576e-01 1.877935e+00 7.423575e-01 8.555981e-01 7.782205e-01 1.627470e+00
1.864000e+02 -5.376269e-01 6.343735e-01 1.244780e+00 1.885303e+00 9.907562e-01 1.405024e-01 7.852376e-01 1.963340e+00 7.322272e-01 8.232759e-01 7.101675e-01 1.662156e+00
1.864800e+02 -4.094244e-01 5.268191e-01 1.219122e+00 1.903636e+00 1.042975e+00 1.317394e-01 7.317947e-01 2.049589e+00 7.229427e-01 7.854125e-01 6.499994e-01 1.685394e+00
1.865600e+02 -2.744646e-01 4.204647e-01 1.188426e+00 1.909608e+00 1.091076e+00 1.191537e-01 6.797084e-01 2.131749e+00 7.163733e-01 7.435099e-01 5.982054e-01 1.701997e+00
1.866400e+02 -1.328340e-01 3.213795e-01 1.159087e+00 1.903111e+00 1.134378e+00 1.262623e-01 6.251965e-01 2.205088e+00 7.095271e-01 7.008308e-01 5.504985e-01 1.716994e+00
1.867200e+02 1.916907e-02 2.446105e-01 1.125025e+00 1.874445e+00 1.169825e+00 1.278203e-01 5.746450e-01 2.263051e+00 7.075936e-01 6.559681e-01 5.112869e-01 1.728433e+00
1.868000e+02 1.647076e-01 1.610726e-01 1.087175e+00 1.864964e+00 1.200325e+00 1.476718e-01 5.226079e-01 2.320072e+00 7.032655e-01 6.107891e-01 4.754405e-01 1.733907e+00
1.868800e+02 3.125634e-01 7.814932e-02 1.046740e+00 1.835916e+00 1.223382e+00 1.823126e-01 4.675354e-01 2.369250e+00 6.978486e-01 5.621189e-01 4.456893e-01 1.732308e+00
1.869600e+02 4.668504e-01 2.005941e-02 1.000847e+00 1.787421e+00 1.241074e+00 2.120007e-01 4.161676e-01 2.407116e+00 6.940653e-01 5.134901e-01 4.196478e-01 1.741097e+00
1.870400e+02 6.264399e-01 -4.771751e-02 9.431635e-01 1.725364e+00 1.250523e+00 2.201114e-01 3.717338e-01 2.438410e+00 6.934089e-01 4.624350e-01 4.026985e-01 1.740581e+00
1.871200e+02 7.827016e-01 -9.991217e-02 8.806989e-01 1.670409e+00 1.256320e+00 2.332411e-01 3.294266e-01 2.460667e+00 6.902012e-01 4.175868e-01 3.844857e-01 1.732169e+00
1.872000e+02 9.420868e-01 -1.524941e-01 8.091790e-01 1.615205e+00 1.258406e+00 2.160663e-01 2.946678e-01 2.466255e+00 6.906599e-01 3.670564e-01 3.747699e-01 1.728548e+00
1.872800e+02 1.102993e+00 -2.074909e-01 7.388925e-01 1.563502e+00 1.262804e+00 1.867015e-01 2.683538e-01 2.472364e+00 6.906126e-01 3.245643e-01 3.665698e-01 1.723782e+00
1.873600e+02 1.271551e+00 -2.752555e-01 6.678493e-01 1.487074e+00 1.265524e+00 1.575103e-01 2.493202e-01 2.460064e+00 6.953059e-01 2.818311e-01 3.653701e-01 1.717648e+00
1.874400e+02 1.436779e+00 -3.684034e-01 6.025086e-01 1.424596e+00 1.268832e+00 1.302417e-01 2.354203e-01 2.439156e+00 7.000131e-01 2.456952e-01 3.643944e-01 1.710230e+00
1.875200e+02 1.602986e+00 -4.858400e-01 5.352097e-01 1.338841e+00 1.271544e+00 1.007989e-01 2.288935e-01 2.396712e+00 7.112414e-01 2.124336e-01 3.716175e-01 1.704327e+00
1.876000e+02 1.757622e+00 -6.197924e-01 4.728121e-01 1.256584e+00 1.277532e+00 7.453799e-02 2.270536e-01 2.344582e+00 7.236536e-01 1.825283e-01 3.821559e-01 1.696927e+00
1.876800e+02 1.892584e+00 -7.369852e-01 4.146195e-01 1.184058e+00 1.287847e+00 5.917806e-02 2.291760e-01 2.284949e+00 7.355317e-01 1.550658e-01 3.930171e-01 1.687296e+00
1.877600e+02 2.000893e+00 -8.181574e-01 3.585307e-01 1.116840e+00 1.302537e+00 5.339275e-02 2.359855e-01 2.211783e+00 7.480423e-01 1.311710e-01 4.060669e-01 1.669686e+00
1.878400e+02 2.079344e+00 -8.625984e-01 3.042464e-01 1.059021e+00 1.321668e+00 5.435930e-02 2.474970e-01 2.134004e+00 7.606691e-01 1.090164e-01 4.218939e-01 1.643109e+00
1.879200e+02 2.133401e+00 -8.536364e-01 2.569072e-01 1.000412e+00 1.343772e+00 6.801936e-02 2.601190e-01 2.046705e+00 7.731214e-01 8.439730e-02 4.364561e-01 1.615658e+00
1.880000e+02 2.169938e+00 -8.300644e-01 2.114430e-01 9.434627e-01 1.367638e+00 9.270787e-02 2.765515e-01 1.946260e+00 7.878070e-01 6.718260e-02 4.523260e-01 1.584111e+00
1.880800e+02 2.194829e+00 -7.956350e-01 1.682242e-01 8.858993e-01 1.392276e+00 1.258580e-01 2.952299e-01 1.838987e+00 8.025820e-01 5.166215e-02 4.684610e-01 1.542493e+00
1.881600e+02 2.211544e+00 -7.489341e-01 1.284681e-01 8.240458e-01 1.416353e+00 1.861506e-01 3.131550e-01 1.722450e+00 8.154353e-01 3.862544e-02 4.818199e-01 1.493821e+00
1.882400e+02 2.223742e+00 -6.896281e-01 9.405312e-02 7.617483e-01 1.442053e+00 2.494903e-01 3.360513e-01 1.609965e+00 8.272319e-01 2.688953e-02 4.925329e-01 1.437784e+00
1.883200e+02 2.231472e+00 -6.282178e-01 6.094556e-02 6.995323e-01 1.464962e+00 3.231453e-01 3.598387e-01 1.490223e+00 8.396493e-01 9.391802e-03 5.016794e-01 1.382500e+00
1.884000e+02 2.235237e+00 -5.492398e-01 3.202044e-02 6.391149e-01 1.483464e+00 4.022235e-01 3.863057e-01 1.364405e+00 8.534885e-01 -1.157676e-03 5.069814e-01 1.319016e+00
1.884800e+02 2.236503e+00 -4.541537e-01 9.112994e-03 5.748017e-01 1.498231e+00 4.961287e-01 4.140363e-01 1.242285e+00 8.657310e-01 -9.078544e-03 5.071402e-01 1.257163e+00
1.885600e+02 2.233779e+00 -3.598371e-01 -1.224369e-02 5.118559e-01 1.506155e+00 5.968037e-01 4.435196e-01 1.121008e+00 8.782148e-01 -1.722836e-02 5.058287e-01 1.184899e+00
1.886400e+02 2.223507e+00 -2.571717e-01 -3.127822e-02 4.442059e-01 1.510946e+00 7.159061e-01 4.709017e-01 1.008982e+00 8.875937e-01 -2.743799e-02 5.011655e-01 1.107293e+00
1.887200e+02 2.207184e+00 -1.520314e-01 -5.168724e-02 3.763398e-01 1.506728e+00 8.255791e-01 5.022888e-01 8.918151e-01 9.001201e-01 -3.960347e-02 4.986201e-01 1.032007e+00
1.888000e+02 2.184620e+00 -1.056209e-02 -6.612459e-02 3.026087e-01 1.495545e+00 9.376741e-01 5.351553e-01 7.756226e-01 9.131428e-01 -5.001373e-02 4.909508e-01 9.583283e-01
1.888800e+02 2.157275e+00 1.287062e-01 -8.044964e-02 2.301391e-01 1.477927e+00 1.041685e+00 5.697522e-01 6.632822e-01 9.279367e-01 -6.241654e-02 4.859143e-01 8.836847e-01
1.889600e+02 2.120559e+00 2.823509e-01 -9.140201e-02 1.663734e-01 1.452843e+00 1.143619e+00 6.052518e-01 5.473456e-01 9.440402e-01 -7.244120e-02 4.792425e-01 8.130959e-01
1.890400e+02 2.075556e+00 4.441514e-01 -1.008868e-01 9.561391e-02 1.419865e+00 1.235302e+00 6.439893e-01 4.391375e-01 9.624391e-01 -8.475902e-02 4.745744e-01 7.382094e-01
1.891200e+02 2.022200e+00 6.111945e-01 -1.087830e-01 1.973201e-02 1.380732e+00 1.316141e+00 6.852059e-01 3.391116e-01 9.823148e-01 -9.821650e-02 4.723184e-01 6.667524e-01
1.892000e+02 1.960743e+00 8.206625e-01 -1.074207e-01 -5.790071e-02 1.340459e+00 1.388854e+00 7.270251e-01 2.591395e-01 9.993879e-01 -1.089296e-01 4.656488e-01 6.022754e-01
1.892800e+02 1.893966e+00 1.022665e+00 -1.054643e-01 -1.478082e-01 1.295518e+00 1.454741e+00 7.671757e-01 1.816139e-01 1.017450e+00 -1.228489e-01 4.639943e-01 5.337210e-01
1.893600e+02 1.820575e+00 1.246662e+00 -9.504316e-02 -2.396706e-01 1.244131e+00 1.520555e+00 8.061301e-01 1.041976e-01 1.034748e+00 -1.343072e-01 4.626826e-01 4.718777e-01
1.894400e+02 1.737458e+00 1.461646e+00 -8.168356e-02 -3.331353e-01 1.190590e+00 1.579491e+00 8.445651e-01 3.398788e-02 1.051779e+00 -1.472000e-01 4.648587e-01 4.072093e-01
1.895200e+02 1.648617e+00 1.667521e+00 -6.310555e-02 -4.345876e-01 1.134073e+00 1.631281e+00 8.833559e-01 -3.223201e-02 1.069484e+00 -1.590322e-01 4.723908e-01 3.469152e-01
1.896000e+02 1.555190e+00 1.855222e+00 -3.968446e-02 -5.414308e-01 1.069851e+00 1.669367e+00 9.226972e-01 -1.025782e-01 1.089859e+00 -1.694269e-01 4.867976e-01 2.908787e-01
1.896800e+02 1.458028e+00 2.004609e+00 -1.268013e-02 -6.560325e-01 9.991258e-01 1.699083e+00 9.615256e-01 -1.689472e-01 1.111184e+00 -1.825847e-01 5.099329e-01 2.305862e-01
1.897600e+02 1.362565e+00 2.136932e+00 2.144964e-02 -7.789125e-01 9.236819e-01 1.717115e+00 1.001039e+00 -2.323609e-01 1.133126e+00 -1.939371e-01 5.413538e-01 1.798538e-01
1.898400e+02 1.269915e+00 2.271732e+00 6.552426e-02 -9.068225e-01 8.404136e-01 1.720862e+00 1.043199e+00 -2.990621e-01 1.156758e+00 -2.009483e-01 5.766880e-01 1.314010e-01
1.899200e+02 1.180297e+00 2.363978e+00 1.138842e-01 -1.029430e+00 7.523448e-01 1.720014e+00 1.084010e+00 -3.535732e-01 1.178928e+00 -2.100070e-01 6.208923e-01 7.546788e-02
1.900000e+02 1.098556e+00 2.434116e+00 1.686255e-01 -1.167816e+00 6.621340e-01 1.711497e+00 1.122607e+00 -4.017664e-01 1.200789e+00 -2.234226e-01 6.730825e-01 2.743741e-02
1.900800e+02 1.023003e+00 2.456102e+00 2.241564e-01 -1.297419e+00 5.693358e-01 1.691484e+00 1.161429e+00 -4.513123e-01 1.223711e+00 -2.349983e-01 7.349688e-01 -1.958711e-02
1.901600e+02 9.544090e-01 2.447439e+00 2.817988e-01 -1.418227e+00 4.752602e-01 1.664363e+00 1.199902e+00 -4.998638e-01 1.246343e+00 -2.422760e-01 8.039342e-01 -6.512736e-02
1.902400e+02 8.925636e-01 2.412777e+00 3.418481e-01 -1.531765e+00 3.842167e-01 1.637121e+00 1.236187e+00 -5.398296e-01 1.265951e+00 -2.444684e-01 8.768722e-01 -1.033711e-01
1.903200e+02 8.390801e-01 2.339655e+00 3.980223e-01 -1.641194e+00 2.945981e-01 1.600047e+00 1.271464e+00 -5.797401e-01 1.284766e+00 -2.461779e-01 9.558454e-01 -1.465897e-01
1.904000e+02 7.972129e-01 2.236626e+00 4.527348e-01 -1.745063e+00 2.086802e-01 1.556117e+00 1.304843e+00 -6.140106e-01 1.301869e+00 -2.452754e-01 1.038132e+00 -1.924111e-01
1.904800e+02 7.646494e-01 2.134840e+00 5.094493e-01 -1.832253e+00 1.282503e-01 1.493377e+00 1.338570e+00 -6.454178e-01 1.317224e+00 -2.414826e-01 1.120626e+00 -2.455828e-01
1.905600e+02 7.457722e-01 1.994240e+00 5.641062e-01 -1.913710e+00 5.545538e-02 1.452432e+00 1.365768e+00 -6.708816e-01 1.327885e+00 -2.320316e-01 1.208076e+00 -2.893178e-01
1.906400e+02 7.379915e-01 1.843065e+00 6.143120e-01 -1.984579e+00 -1.281954e-02 1.400957e+00 1.392245e+00 -6.937513e-01 1.337486e+00 -2.177502e-01 1.296988e+00 -3.346357e-01
1.907200e+02 7.449277e-01 1.683073e+00 6.610688e-01 -2.044704e+00 -7.591995e-02 1.348070e+00 1.416650e+00 -7.109138e-01 1.344120e+00 -1.969709e-01 1.387051e+00 -3.735480e-01
1.908000e+02 7.656252e-01 1.520045e+00 7.002174e-01 -2.098177e+00 -1.342495e-01 1.305885e+00 1.436004e+00 -7.220994e-01 1.346327e+00 -1.767957e-01 1.475056e+00 -4.041193e-01
1.908800e+02 8.000872e-01 1.348724e+00 7.281748e-01 -2.139248e+00 -1.892694e-01 1.258219e+00 1.454073e+00 -7.289584e-01 1.345405e+00 -1.477174e-01 1.562604e+00 -4.349441e-01
1.909600e+02 8.456577e-01 1.155459e+00 7.368593e-01 -2.176661e+00 -2.403527e-01 1.220538e+00 1.470108e+00 -7.343744e-01 1.343505e+00 -1.129832e-01 1.651835e+00 -4.596671e-01
1.910400e+02 9.045437e-01 9.424443e-01 7.269739e-01 -2.202872e+00 -2.903977e-01 1.185567e+00 1.483616e+00 -7.350532e-01 1.339414e+00 -7.221849e-02 1.740088e+00 -4.786522e-01
1.911200e+02 9.701686e-01 7.182147e-01 6.977425e-01 -2.234085e+00 -3.400934e-01 1.163450e+00 1.492500e+00 -7.328543e-01 1.333045e+00 -2.720528e-02 1.824945e+00 -5.043362e-01
1.912000e+02 1.044462e+00 5.095366e-01 6.540637e-01 -2.269088e+00 -3.866861e-01 1.145540e+00 1.500451e+00 -7.230374e-01 1.324476e+00 3.293821e-02 1.903062e+00 -5.266612e-01
1.912800e+02 1.126741e+00 3.084973e-01 5.970816e-01 -2.300888e+00 -4.319678e-01 1.126782e+00 1.507486e+00 -7.101483e-01 1.314914e+00 9.653882e-02 1.975805e+00 -5.411405e-01
1.913600e+02 1.213787e+00 1.352141e-01 5.343976e-01 -2.339520e+00 -4.713689e-01 1.111561e+00 1.515164e+00 -6.899159e-01 1.303639e+00 1.716022e-01 2.038276e+00 -5.391877e-01
1.914400e+02 1.298204e+00 -2.724920e-02 4.645369e-01 -2.378510e+00 -5.066794e-01 1.102836e+00 1.522573e+00 -6.708523e-01 1.292417e+00 2.546013e-01 2.091962e+00 -5.253252e-01
1.915200e+02 1.375013e+00 -1.763304e-01 3.888271e-01 -2.419039e+00 -5.372178e-01 1.096360e+00 1.529724e+00 -6.444619e-01 1.280168e+00 3.402907e-01 2.135607e+00 -5.045026e-01
1.916000e+02 1.444480e+00 -3.033248e-01 3.134986e-01 -2.464416e+00 -5.603763e-01 1.095040e+00 1.537349e+00 -6.082160e-01 1.266620e+00 4.350396e-01 2.167477e+00 -4.683424e-01
1.916800e+02 1.503136e+00 -4.306869e-01 2.355086e-01 -2.514949e+00 -5.769380e-01 1.101887e+00 1.543216e+00 -5.567569e-01 1.250403e+00 5.330891e-01 2.188830e+00 -4.206744e-01
1.917600e+02 1.554461e+00 -5.521825e-01 1.554701e-01 -2.583257e+00 -5.892078e-01 1.111381e+00 1.548545e+00 -5.049083e-01 1.235167e+00 6.337949e-01 2.202238e+00 -3.590338e-01
1.918400e+02 1.586043e+00 -6.524943e-01 7.490113e-02 -2.625263e+00 -5.953902e-01 1.123946e+00 1.552479e+00 -4.403861e-01 1.215054e+00 7.382704e-01 2.196646e+00 -3.132920e-01
1.919200e+02 1.604365e+00 -7.460339e-01 -2.514749e-03 -2.655263e+00 -5.977340e-01 1.148329e+00 1.554399e+00 -3.696963e-01 1.193292e+00 8.515904e-01 2.177043e+00 -2.493218e-01
1.920000e+02 1.613159e+00 -8.462571e-01 -8.125250e-02 -2.697441e+00 -5.981858e-01 1.169734e+00 1.557919e+00 -3.002171e-01 1.175349e+00 9.659530e-01 2.149707e+00 -1.853750e-01
1.920800e+02 1.610842e+00 -9.274224e-01 -1.539967e-01 -2.725874e+00 -5.948952e-01 1.207712e+00 1.559511e+00 -2.243641e-01 1.154965e+00 1.085662e+00 2.106132e+00 -1.081061e-01
1.921600e+02 1.596901e+00 -1.005418e+00 -2.266906e-01 -2.752019e+00 -5.904442e-01 1.253214e+00 1.558630e+00 -1.448870e-01 1.132751e+00 1.199195e+00 2.053565e+00 -2.985649e-02
1.922400e+02 1.580982e+00 -1.081003e+00 -2.950087e-01 -2.793245e+00 -5.836650e-01 1.288755e+00 1.559083e+00 -6.606573e-02 1.113916e+00 1.305954e+00 1.997236e+00 6.088783e-02
1.923200e+02 1.558284e+00 -1.159722e+00 -3.604657e-01 -2.832050e+00 -5.730523e-01 1.338832e+00 1.555900e+00 1.738898e-02 1.094841e+00 1.409606e+00 1.933014e+00 1.529234e-01
1.924000e+02 1.530361e+00 -1.223361e+00 -4.238087e-01 -2.865801e+00 -5.603048e-01 1.402502e+00 1.549849e+00 9.758196e-02 1.076712e+00 1.508496e+00 1.862773e+00 2.504599e-01
1.924800e+02 1.500032e+00 -1.272216e+00 -4.829980e-01 -2.894311e+00 -5.422472e-01 1.479265e+00 1.541835e+00 1.851533e-01 1.058313e+00 1.602559e+00 1.788424e+00 3.519387e-01
1.925600e+02 1.472450e+00 -1.318391e+00 -5.384895e-01 -2.926977e+00 -5.185342e-01 1.569222e+00 1.529859e+00 2.749121e-01 1.040994e+00 1.690883e+00 1.713395e+00 4.680745e-01
1.926400e+02 1.441483e+00 -1.365269e+00 -5.981252e-01 -2.953319e+00 -4.901823e-01 1.672718e+00 1.512012e+00 3.674386e-01 1.024581e+00 1.773217e+00 1.640479e+00 5.628809e-01
1.927200e+02 1.417916e+00 -1.376013e+00 -6.550093e-01 -2.980840e+00 -4.533276e-01 1.796983e+00 1.489088e+00 4.531170e-01 1.010473e+00 1.850503e+00 1.569574e+00 6.901921e-01
1.928000e+02 1.400361e+00 -1.379957e+00 -7.125404e-01 -3.022754e+00 -4.072183e-01 1.929065e+00 1.463270e+00 5.420479e-01 9.973806e-01 1.912956e+00 1.507407e+00 8.151807e-01
1.928800e+02 1.382143e+00 -1.384029e+00 -7.768011e-01 -3.040585e+00 -3.546993e-01 2.074587e+00 1.429756e+00 6.284967e-01 9.835535e-01 1.963578e+00 1.454433e+00 9.338208e-01
1.929600e+02 1.368260e+00 -1.385015e+00 -8.486617e-01 -3.065239e+00 -2.918356e-01 2.240700e+00 1.386925e+00 7.197503e-01 9.674240e-01 1.998358e+00 1.414082e+00 1.038996e+00
1.930400e+02 1.365246e+00 -1.353979e+00 -9.176015e-01 -3.094524e+00 -2.114808e-01 2.433274e+00 1.336504e+00 8.210624e-01 9.465877e-01 2.027899e+00 1.381414e+00 1.165481e+00
1.931200e+02 1.370103e+00 -1.332267e+00 -9.938422e-01 -3.120908e+00 -1.188150e-01 2.638316e+00 1.280381e+00 9.201306e-01 9.258672e-01 2.044892e+00 1.365399e+00 1.294723e+00
1.932000e+02 1.380264e+00 -1.283515e+00 -1.072983e+00 -3.144495e+00 -1.660911e-02 2.876042e+00 1.214514e+00 1.022661e+00 9.004653e-01 2.052721e+00 1.362453e+00 1.417701e+00
1.932800e+02 1.392953e+00 -1.225304e+00 -1.162637e+00 -3.173582e+00 8.892682e-02 3.129286e+00 1.137805e+00 1.124775e+00 8.718084e-01 2.041460e+00 1.374536e+00 1.519201e+00
1.933600e+02 1.403423e+00 -1.156900e+00 -1.261562e+00 -3.197292e+00 1.959521e-01 3.412738e+00 1.048997e+00 1.224570e+00 8.382718e-01 2.017041e+00 1.394883e+00 1.603101e+00
1.934400e+02 1.411280e+00 -1.070080e+00 -1.372053e+00 -3.207334e+00 2.952651e-01 3.698657e+00 9.524281e-01 1.307901e+00 8.058111e-01 1.978201e+00 1.423918e+00 1.661556e+00
1.935200e+02 1.407761e+00 -9.634736e-01 -1.494352e+00 -3.212091e+00 3.824716e-01 3.998646e+00 8.448506e-01 1.389614e+00 7.715341e-01 1.919143e+00 1.452145e+00 1.659522e+00
1.936000e+02 1.401237e+00 -8.535086e-01 -1.622125e+00 -3.213183e+00 4.610464e-01 4.279141e+00 7.352431e-01 1.474633e+00 7.367624e-01 1.859426e+00 1.473362e+00 1.649303e+00
1.936800e+02 1.373214e+00 -7.108937e-01 -1.759526e+00 -3.196959e+00 5.240289e-01 4.565597e+00 6.182063e-01 1.557450e+00 6.993762e-01 1.791966e+00 1.474023e+00 1.540362e+00
1.937600e+02 1.336890e+00 -5.727012e-01 -1.896660e+00 -3.164982e+00 5.764320e-01 4.835808e+00 5.019733e-01 1.639007e+00 6.599145e-01 1.730925e+00 1.445824e+00 1.401767e+00
1.938400e+02 1.290927e+00 -4.194933e-01 -2.033169e+00 -3.132828e+00 6.165225e-01 5.095666e+00 3.821222e-01 1.718066e+00 6.192640e-01 1.665127e+00 1.390466e+00 1.232777e+00
1.939200e+02 1.234778e+00 -2.869474e-01 -2.176134e+00 -3.092088e+00 6.448190e-01 5.354986e+00 2.536545e-01 1.796598e+00 5.767325e-01 1.571757e+00 1.316386e+00 1.046345e+00
1.940000e+02 1.175557e+00 -1.582927e-01 -2.313830e+00 -3.048072e+00 6.737555e-01 5.573404e+00 1.306465e-01 1.866926e+00 5.400195e-01 1.491743e+00 1.229270e+00 8.600658e-01
1.940800e+02 1.114209e+00 -4.825972e-02 -2.445084e+00 -2.999705e+00 7.092006e-01 5.802189e+00 7.680075e-03 1.931429e+00 5.042312e-01 1.422781e+00 1.134451e+00 6.824294e-01
1.941600e+02 1.056791e+00 4.635567e-02 -2.567580e+00 -2.924516e+00 7.459116e-01 5.975174e+00 -1.044133e-01 1.984159e+00 4.727704e-01 1.352307e+00 1.045852e+00 5.255385e-01
1.942400e+02 1.015185e+00 1.290809e-01 -2.673222e+00 -2.853994e+00 7.877044e-01 6.079519e+00 -1.980649e-01 2.046843e+00 4.456390e-01 1.288157e+00 9.710166e-01 3.944917e-01
1.943200e+02 9.827489e-01 2.100045e-01 -2.757663e+00 -2.775569e+00 8.348646e-01 6.200938e+00 -2.967529e-01 2.111360e+00 4.127159e-01 1.219569e+00 8.976856e-01 2.918155e-01
1.944000e+02 9.588996e-01 2.829823e-01 -2.824013e+00 -2.695873e+00 8.878530e-01 6.322474e+00 -3.877682e-01 2.168118e+00 3.815848e-01 1.151657e+00 8.313561e-01 1.913221e-01
1.944800e+02 9.428393e-01 3.702713e-01 -2.864567e+00 -2.609808e+00 9.498041e-01 6.417759e+00 -4.712986e-01 2.220327e+00 3.511629e-01 1.079939e+00 7.680638e-01 1.059509e-01
1.945600e+02 9.332762e-01 4.615651e-01 -2.878267e+00 -2.519178e+00 1.018450e+00 6.504868e+00 -5.461196e-01 2.263270e+00 3.201590e-01 1.016305e+00 7.055053e-01 3.642026e-02
1.946400e+02 9.273207e-01 5.754879e-01 -2.864322e+00 -2.412990e+00 1.089474e+00 6.506965e+00 -5.957943e-01 2.303626e+00 2.968975e-01 9.570060e-01 6.489801e-01 -3.292878e-02
1.947200e+02 9.271658e-01 7.105780e-01 -2.816735e+00 -2.300216e+00 1.158879e+00 6.473051e+00 -6.348981e-01 2.346382e+00 2.734789e-01 9.104029e-01 5.896389e-01 -7.837499e-02
1.948000e+02 9.333656e-01 8.424368e-01 -2.743017e+00 -2.198721e+00 1.232685e+00 6.408573e+00 -6.629302e-01 2.390573e+00 2.504063e-01 8.745822e-01 5.341247e-01 -1.064708e-01
1.948800e+02 9.402872e-01 9.755957e-01 -2.644647e+00 -2.097469e+00 1.308356e+00 6.326345e+00 -6.798615e-01 2.429435e+00 2.282324e-01 8.457556e-01 4.802766e-01 -1.175729e-01
1.949600e+02 9.469973e-01 1.128551e+00 -2.522721e+00 -2.015125e+00 1.386353e+00 6.223635e+00 -6.862091e-01 2.468581e+00 2.059900e-01 8.248859e-01 4.254617e-01 -1.172600e-01
1.950400e+02 9.533224e-01 1.292442e+00 -2.377348e+00 -1.925327e+00 1.466029e+00 6.088430e+00 -6.821827e-01 2.508370e+00 1.833713e-01 8.134745e-01 3.710606e-01 -9.676238e-02
1.951200e+02 9.610525e-01 1.444363e+00 -2.217836e+00 -1.833867e+00 1.543591e+00 5.941150e+00 -6.721202e-01 2.545935e+00 1.594913e-01 8.092646e-01 3.164949e-01 -6.397757e-02
1.952000e+02 9.673126e-01 1.601768e+00 -2.046853e+00 -1.735296e+00 1.623001e+00 5.763328e+00 -6.522303e-01 2.582234e+00 1.358824e-01 8.276813e-01 2.614164e-01 -2.553590e-02
1.952800e+02 9.731733e-01 1.755315e+00 -1.867321e+00 -1.626790e+00 1.700949e+00 5.556006e+00 -6.238956e-01 2.616923e+00 1.134048e-01 8.547010e-01 2.073824e-01 2.836477e-02
1.953600e+02 9.828827e-01 1.894788e+00 -1.684283e+00 -1.518504e+00 1.771712e+00 5.303326e+00 -5.830458e-01 2.635524e+00 9.887728e-02 8.820734e-01 1.610950e-01 9.056049e-02
1.954400e+02 9.814534e-01 2.023136e+00 -1.494585e+00 -1.343854e+00 1.836102e+00 5.052339e+00 -5.444498e-01 2.656969e+00 7.952145e-02 9.179475e-01 1.068897e-01 1.520019e-01
1.955200e+02 9.763375e-01 2.141769e+00 -1.306258e+00 -1.156281e+00 1.894597e+00 4.798039e+00 -5.005329e-01 2.662327e+00 6.310652e-02 9.615384e-01 5.279720e-02 2.205988e-01
1.956000e+02 9.706208e-01 2.251795e+00 -1.112698e+00 -9.549197e-01 1.951935e+00 4.565854e+00 -4.547122e-01 2.666271e+00 4.603542e-02 1.011432e+00 -4.903690e-03 2.982579e-01
1.956800e+02 9.605596e-01 2.347188e+00 -9.135063e-01 -6.807323e-01 2.004443e+00 4.328000e+00 -4.037786e-01 2.671078e+00 2.864655e-02 1.068751e+00 -6.652570e-02 3.850570e-01
1.957600e+02 9.447301e-01 2.405369e+00 -7.143848e-01 -3.597617e-01 2.048395e+00 4.129455e+00 -3.543245e-01 2.667255e+00 1.168058e-02 1.126686e+00 -1.289560e-01 4.647968e-01
1.958400e+02 9.382535e-01 2.477921e+00 -5.167347e-01 -2.474630e-02 2.083371e+00 3.842419e+00 -2.805662e-01 2.647286e+00 9.186104e-03 1.187957e+00 -1.847929e-01 5.501563e-01
1.959200e+02 9.317144e-01 2.518177e+00 -3.415394e-01 3.245121e-01 2.100380e+00 3.543120e+00 -2.049265e-01 2.614537e+00 1.214789e-02 1.251526e+00 -2.373018e-01 6.329369e-01
1.960000e+02 9.182490e-01 2.524053e+00 -2.035756e-01 6.803559e-01 2.108620e+00 3.298953e+00 -1.394630e-01 2.583837e+00 9.331795e-03 1.316084e+00 -2.942511e-01 7.089759e-01
1.960800e+02 9.026532e-01 2.491020e+00 -1.183831e-01 1.052249e+00 2.105536e+00 3.029941e+00 -6.163043e-02 2.542491e+00 1.286623e-02 1.381666e+00 -3.450906e-01 7.911919e-01
1.961600e+02 8.796070e-01 2.418937e+00 -9.511744e-02 1.396846e+00 2.088204e+00 2.811523e+00 1.010663e-02 2.478643e+00 1.916947e-02 1.445765e+00 -3.925130e-01 8.607668e-01
1.962400e+02 8.453112e-01 2.291583e+00 -1.282056e-01 1.765257e+00 2.054589e+00 2.623554e+00 7.718879e-02 2.417409e+00 2.063636e-02 1.505564e+00 -4.371539e-01 9.243475e-01
1.963200e+02 7.972701e-01 2.161260e+00 -1.928423e-01 2.145876e+00 2.002800e+00 2.462518e+00 1.410191e-01 2.358283e+00 1.678795e-02 1.562552e+00 -4.843578e-01 9.886336e-01
1.964000e+02 7.402587e-01 1.985410e+00 -2.931708e-01 2.533854e+00 1.928915e+00 2.338251e+00 1.986165e-01 2.297124e+00 9.046719e-03 1.612611e+00 -5.293533e-01 1.050114e+00
1.964800e+02 6.674929e-01 1.821197e+00 -4.157651e-01 2.953800e+00 1.832202e+00 2.214471e+00 2.557475e-01 2.233617e+00 -2.360288e-03 1.660315e+00 -5.770804e-01 1.111736e+00
1.965600e+02 5.853598e-01 1.661720e+00 -5.639362e-01 3.386624e+00 1.713981e+00 2.061157e+00 3.192283e-01 2.163235e+00 -1.206911e-02 1.704056e+00 -6.230668e-01 1.173404e+00
1.966400e+02 4.953214e-01 1.493740e+00 -7.364037e-01 3.804939e+00 1.588964e+00 1.913025e+00 3.821458e-01 2.092158e+00 -2.289630e-02 1.742324e+00 -6.671945e-01 1.231429e+00
1.967200e+02 3.915194e-01 1.307446e+00 -9.304910e-01 4.242329e+00 1.473325e+00 1.762001e+00 4.477668e-01 2.012856e+00 -3.349910e-02 1.782660e+00 -7.100733e-01 1.284125e+00
1.968000e+02 2.879017e-01 1.155869e+00 -1.127508e+00 4.620155e+00 1.387709e+00 1.635233e+00 5.136931e-01 1.933120e+00 -4.429391e-02 1.814914e+00 -7.533194e-01 1.337552e+00
1.968800e+02 1.801659e-01 1.004082e+00 -1.337626e+00 4.991830e+00 1.340075e+00 1.505208e+00 5.849388e-01 1.858759e+00 -5.372509e-02 1.839473e+00 -7.938111e-01 1.389938e+00
1.969600e+02 8.355622e-02 8.913049e-01 -1.552720e+00 5.296564e+00 1.335366e+00 1.380746e+00 6.625101e-01 1.777611e+00 -5.592829e-02 1.853261e+00 -8.275160e-01 1.440483e+00
1.970400e+02 -5.873305e-03 8.091396e-01 -1.766862e+00 5.583970e+00 1.379253e+00 1.251097e+00 7.489649e-01 1.695452e+00 -5.164316e-02 1.866767e+00 -8.565955e-01 1.494918e+00
1.971200e+02 -7.431557e-02 7.666520e-01 -1.983067e+00 5.766542e+00 1.457557e+00 1.152942e+00 8.413485e-01 1.616607e+00 -3.893823e-02 1.867951e+00 -8.770872e-01 1.550188e+00
1.972000e+02 -1.173080e-01 7.368895e-01 -2.204716e+00 5.846031e+00 1.554331e+00 1.096239e+00 9.341434e-01 1.530584e+00 -1.483293e-02 1.853533e+00 -8.834555e-01 1.599173e+00
1.972800e+02 -1.492784e-01 7.454905e-01 -2.405137e+00 5.876590e+00 1.660797e+00 1.057812e+00 1.028090e+00 1.443815e+00 1.551277e-02 1.834611e+00 -8.861046e-01 1.645797e+00
1.973600e+02 -1.759763e-01 7.789487e-01 -2.570583e+00 5.940092e+00 1.773337e+00 1.027126e+00 1.124691e+00 1.374353e+00 4.878349e-02 1.814785e+00 -8.910416e-01 1.695642e+00
1.974400e+02 -1.748726e-01 8.520309e-01 -2.708536e+00 5.930657e+00 1.878609e+00 9.853636e-01 1.225151e+00 1.307812e+00 9.634381e-02 1.775438e+00 -8.820304e-01 1.714997e+00
1.975200e+02 -1.572109e-01 9.287475e-01 -2.806581e+00 5.938757e+00 1.978685e+00 9.533615e-01 1.320283e+00 1.258298e+00 1.510027e-01 1.717979e+00 -8.696366e-01 1.744075e+00
1.976000e+02 -1.267590e-01 1.028486e+00 -2.844663e+00 5.977334e+00 2.076715e+00 9.331099e-01 1.409161e+00 1.226555e+00 2.111552e-01 1.654898e+00 -8.561275e-01 1.769893e+00
1.976800e+02 -6.769925e-02 1.131999e+00 -2.847826e+00 5.947655e+00 2.163675e+00 9.123545e-01 1.492800e+00 1.194100e+00 2.881727e-01 1.571794e+00 -8.223562e-01 1.781835e+00
1.977600e+02 4.990002e-03 1.254345e+00 -2.811197e+00 5.920256e+00 2.239127e+00 9.112924e-01 1.561723e+00 1.180981e+00 3.692034e-01 1.479371e+00 -7.871512e-01 1.804928e+00
1.978400e+02 8.051650e-02 1.384028e+00 -2.720217e+00 5.899233e+00 2.295146e+00 9.393932e-01 1.617322e+00 1.172031e+00 4.547989e-01 1.398695e+00 -7.531701e-01 1.823941e+00
1.979200e+02 1.588850e-01 1.497278e+00 -2.575636e+00 5.841916e+00 2.331144e+00 9.943856e-01 1.655341e+00 1.179603e+00 5.427861e-01 1.314579e+00 -7.170030e-01 1.830844e+00
1.980000e+02 2.398556e-01 1.602023e+00 -2.378633e+00 5.712694e+00 2.341294e+00 1.070350e+00 1.676704e+00 1.202812e+00 6.321372e-01 1.228091e+00 -6.782586e-01 1.834160e+00
1.980800e+02 3.159779e-01 1.709492e+00 -2.135572e+00 5.554049e+00 2.320710e+00 1.184476e+00 1.678587e+00 1.238098e+00 7.181602e-01 1.143394e+00 -6.435432e-01 1.834022e+00
1.981600e+02 3.775789e-01 1.794692e+00 -1.849606e+00 5.403578e+00 2.269209e+00 1.311507e+00 1.663452e+00 1.281402e+00 8.009091e-01 1.059571e+00 -6.117614e-01 1.828003e+00
1.982400e+02 4.380001e-01 1.882961e+00 -1.525657e+00 5.212786e+00 2.182623e+00 1.438801e+00 1.633432e+00 1.328690e+00 8.838994e-01 9.703851e-01 -5.754160e-01 1.812181e+00
1.983200e+02 4.806797e-01 1.958747e+00 -1.161384e+00 5.029926e+00 2.065811e+00 1.615723e+00 1.578925e+00 1.386284e+00 9.558124e-01 8.792830e-01 -5.472492e-01 1.792168e+00
1.984000e+02 4.990717e-01 2.022806e+00 -7.794153e-01 4.910015e+00 1.926107e+00 1.822604e+00 1.505315e+00 1.451414e+00 1.013884e+00 7.995061e-01 -5.303536e-01 1.766879e+00
1.984800e+02 4.976378e-01 2.079766e+00 -3.901750e-01 4.828056e+00 1.758304e+00 1.994469e+00 1.424889e+00 1.506477e+00 1.066941e+00 7.249748e-01 -5.175359e-01 1.739189e+00
1.985600e+02 4.801480e-01 2.149530e+00 1.631591e-02 4.716203e+00 1.576086e+00 2.154469e+00 1.335805e+00 1.563724e+00 1.110513e+00 6.496337e-01 -5.118377e-01 1.711578e+00
1.986400e+02 4.441675e-01 2.204202e+00 4.288956e-01 4.570817e+00 1.386305e+00 2.300182e+00 1.243076e+00 1.610863e+00 1.150239e+00 5.863967e-01 -5.075759e-01 1.684501e+00
1.987200e+02 3.995085e-01 2.242719e+00 8.376129e-01 4.387879e+00 1.193792e+00 2.434157e+00 1.146934e+00 1.647348e+00 1.185841e+00 5.290421e-01 -4.998807e-01 1.663450e+00
1.988000e+02 3.425521e-01 2.278501e+00 1.225436e+00 4.224764e+00 1.009126e+00 2.535461e+00 1.052576e+00 1.686765e+00 1.214716e+00 4.769046e-01 -4.897321e-01 1.645400e+00
1.988800e+02 2.837469e-01 2.313220e+00 1.570737e+00 4.076781e+00 8.361794e-01 2.615294e+00 9.613930e-01 1.708793e+00 1.242027e+00 4.300267e-01 -4.719895e-01 1.630021e+00
1.989600e+02 2.232451e-01 2.354264e+00 1.865810e+00 3.951105e+00 6.757108e-01 2.674690e+00 8.711331e-01 1.716190e+00 1.266653e+00 3.825326e-01 -4.481344e-01 1.620441e+00
1.990400e+02 1.705983e-01 2.398117e+00 2.110854e+00 3.769116e+00 5.293454e-01 2.714001e+00 7.873730e-01 1.706114e+00 1.293735e+00 3.442443e-01 -4.107373e-01 1.610714e+00
1.991200e+02 1.255049e-01 2.445686e+00 2.317920e+00 3.541230e+00 4.016724e-01 2.708355e+00 7.128894e-01 1.681505e+00 1.321283e+00 3.105286e-01 -3.612477e-01 1.601899e+00
1.992000e+02 7.984364e-02 2.492074e+00 2.491353e+00 3.300769e+00 2.919774e-01 2.693536e+00 6.439078e-01 1.650909e+00 1.343934e+00 2.852490e-01 -3.059017e-01 1.599058e+00
1.992800e+02 1.300657e-02 2.512151e+00 2.642729e+00 3.105307e+00 2.040675e-01 2.691939e+00 5.740213e-01 1.629234e+00 1.351978e+00 2.645923e-01 -2.554806e-01 1.578289e+00
1.993600e+02 -6.412110e-02 2.533829e+00 2.768393e+00 2.944818e+00 1.357979e-01 2.676186e+00 5.120999e-01 1.597106e+00 1.354738e+00 2.501612e-01 -2.056374e-01 1.559583e+00
1.994400e+02 -1.437785e-01 2.549451e+00 2.863248e+00 2.760311e+00 9.398438e-02 2.637475e+00 4.627340e-01 1.559973e+00 1.356199e+00 2.395362e-01 -1.501826e-01 1.545014e+00
1.995200e+02 -2.424055e-01 2.568675e+00 2.928149e+00 2.687833e+00 7.396321e-02 2.568857e+00 4.213807e-01 1.525242e+00 1.349581e+00 2.304560e-01 -1.015036e-01 1.533774e+00
1.996000e+02 -3.529303e-01 2.585654e+00 2.959755e+00 2.644678e+00 7.915561e-02 2.493072e+00 3.870167e-01 1.485345e+00 1.338512e+00 2.277477e-01 -5.611213e-02 1.523377e+00
1.996800e+02 -4.834277e-01 2.591230e+00 2.960722e+00 2.686376e+00 1.108379e-01 2.434011e+00 3.553843e-01 1.451013e+00 1.318103e+00 2.302162e-01 -1.861034e-02 1.512469e+00
1.997600e+02 -6.183801e-01 2.600105e+00 2.928898e+00 2.748643e+00 1.691091e-01 2.340718e+00 3.397880e-01 1.414212e+00 1.300599e+00 2.360061e-01 2.214433e-02 1.500813e+00
1.998400e+02 -7.555987e-01 2.627900e+00 2.867766e+00 2.850538e+00 2.538608e-01 2.216743e+00 3.369810e-01 1.376220e+00 1.284612e+00 2.409128e-01 6.283049e-02 1.491947e+00
1.999200e+02 -8.965013e-01 2.650496e+00 2.771153e+00 3.031697e+00 3.615558e-01 2.088849e+00 3.423996e-01 1.335138e+00 1.269289e+00 2.526359e-01 1.044530e-01 1.484321e+00
2.000000e+02 -1.036867e+00 2.681064e+00 2.637612e+00 3.286838e+00 4.864257e-01 1.959438e+00 3.561939e-01 1.291866e+00 1.255516e+00 2.684105e-01 1.466187e-01 1.477603e+00
2.000800e+02 -1.183741e+00 2.729335e+00 2.495946e+00 3.586707e+00 6.252409e-01 1.844251e+00 3.744602e-01 1.252425e+00 1.239149e+00 2.848776e-01 1.809899e-01 1.475560e+00
2.001600e+02 -1.321438e+00 2.779600e+00 2.360639e+00 3.801166e+00 7.705972e-01 1.738214e+00 4.012388e-01 1.208312e+00 1.227865e+00 2.993417e-01 2.192135e-01 1.473907e+00
2.002400e+02 -1.459680e+00 2.825567e+00 2.231662e+00 3.995811e+00 9.172869e-01 1.624287e+00 4.374191e-01 1.154248e+00 1.221574e+00 3.178506e-01 2.567327e-01 1.476601e+00
2.003200e+02 -1.593111e+00 2.866761e+00 2.082834e+00 4.166573e+00 1.061506e+00 1.558295e+00 4.734340e-01 1.104540e+00 1.215564e+00 3.431558e-01 2.945399e-01 1.474482e+00
2.004000e+02 -1.728092e+00 2.897120e+00 1.898106e+00 4.388217e+00 1.194798e+00 1.531666e+00 5.081445e-01 1.060302e+00 1.206243e+00 3.649263e-01 3.273665e-01 1.473835e+00
2.004800e+02 -1.863481e+00 2.916120e+00 1.667134e+00 4.647780e+00 1.308610e+00 1.531098e+00 5.446898e-01 1.019749e+00 1.196168e+00 3.897144e-01 3.578769e-01 1.462639e+00
2.005600e+02 -2.011199e+00 2.910426e+00 1.400164e+00 4.985153e+00 1.397080e+00 1.572705e+00 5.743494e-01 9.912144e-01 1.175478e+00 4.142293e-01 3.750337e-01 1.449758e+00
2.006400e+02 -2.149406e+00 2.883940e+00 1.107151e+00 5.253113e+00 1.452548e+00 1.626490e+00 6.044459e-01 9.604533e-01 1.156505e+00 4.305737e-01 3.954072e-01 1.423602e+00
2.007200e+02 -2.268974e+00 2.860445e+00 8.717092e-01 5.373435e+00 1.471792e+00 1.672855e+00 6.370094e-01 9.269530e-01 1.141979e+00 4.410746e-01 4.226841e-01 1.397349e+00
2.008000e+02 -2.376575e+00 2.817528e+00 7.599106e-01 5.356997e+00 1.460532e+00 1.711849e+00 6.693898e-01 8.930748e-01 1.129686e+00 4.467578e-01 4.555118e-01 1.368413e+00
2.008800e+02 -2.453041e+00 2.789909e+00 7.408092e-01 5.274666e+00 1.420885e+00 1.733485e+00 7.051749e-01 8.525956e-01 1.125727e+00 4.456865e-01 4.997193e-01 1.340422e+00
2.009600e+02 -2.511349e+00 2.756532e+00 7.836902e-01 5.205661e+00 1.352229e+00 1.744003e+00 7.385826e-01 8.048528e-01 1.127302e+00 4.316034e-01 5.554478e-01 1.278048e+00
2.010400e+02 -2.549283e+00 2.739888e+00 8.732078e-01 5.198868e+00 1.259157e+00 1.742523e+00 7.669252e-01 7.580651e-01 1.128371e+00 4.044686e-01 6.129920e-01 1.223240e+00
2.011200e+02 -2.560875e+00 2.732017e+00 9.732347e-01 5.144362e+00 1.144754e+00 1.729570e+00 7.974773e-01 6.993419e-01 1.135759e+00 3.794106e-01 6.816944e-01 1.174405e+00
2.012000e+02 -2.568971e+00 2.731309e+00 1.068430e+00 5.081410e+00 1.015103e+00 1.725376e+00 8.232572e-01 6.605398e-01 1.137400e+00 3.586717e-01 7.455442e-01 1.118077e+00
2.012800e+02 -2.570235e+00 2.717197e+00 1.169189e+00 4.999200e+00 8.749199e-01 1.715715e+00 8.460195e-01 6.326536e-01 1.135089e+00 3.404767e-01 8.058113e-01 1.063678e+00
2.013600e+02 -2.576881e+00 2.686184e+00 1.283084e+00 4.962748e+00 7.328379e-01 1.723792e+00 8.597732e-01 6.238482e-01 1.121060e+00 3.265368e-01 8.524204e-01 1.000635e+00
2.014400e+02 -2.562607e+00 2.658697e+00 1.405635e+00 4.859038e+00 5.876150e-01 1.713545e+00 8.755261e-01 6.148962e-01 1.110561e+00 3.083131e-01 9.028242e-01 9.380236e-01
2.015200e+02 -2.542337e+00 2.619242e+00 1.533287e+00 4.759536e+00 4.522323e-01 1.726964e+00 8.810867e-01 6.282328e-01 1.087952e+00 2.957748e-01 9.401600e-01 8.880649e-01
2.016000e+02 -2.500297e+00 2.588094e+00 1.648106e+00 4.599219e+00 3.228283e-01 1.707088e+00 8.901915e-01 6.376912e-01 1.071175e+00 2.740437e-01 9.799515e-01 8.297653e-01
2.016800e+02 -2.452448e+00 2.557516e+00 1.753551e+00 4.517754e+00 2.049626e-01 1.685955e+00 8.939275e-01 6.583831e-01 1.048397e+00 2.585130e-01 1.009889e+00 7.708816e-01
2.017600e+02 -2.377999e+00 2.521552e+00 1.857037e+00 4.451779e+00 1.003618e-01 1.643547e+00 8.994975e-01 6.776965e-01 1.029259e+00 2.429789e-01 1.043419e+00 7.181924e-01
2.018400e+02 -2.281762e+00 2.498318e+00 1.950873e+00 4.440115e+00 9.336894e-03 1.571513e+00 9.068939e-01 6.953664e-01 1.014179e+00 2.240663e-01 1.077906e+00 6.608652e-01
2.019200e+02 -2.169458e+00 2.469373e+00 2.039262e+00 4.461878e+00 -6.304792e-02 1.496464e+00 9.112481e-01 7.169487e-01 9.992684e-01 2.012685e-01 1.112456e+00 5.991260e-01
2.020000e+02 -2.050211e+00 2.402417e+00 2.112755e+00 4.532551e+00 -1.194244e-01 1.409271e+00 9.136487e-01 7.366225e-01 9.856344e-01 1.773054e-01 1.148349e+00 5.296415e-01
2.020800e+02 -1.915549e+00 2.321629e+00 2.163667e+00 4.633190e+00 -1.567390e-01 1.325790e+00 9.137915e-01 7.590094e-01 9.718368e-01 1.556809e-01 1.184238e+00 4.691739e-01
2.021600e+02 -1.768542e+00 2.253698e+00 2.180171e+00 4.750110e+00 -1.778367e-01 1.253210e+00 9.091891e-01 7.835734e-01 9.561123e-01 1.298254e-01 1.214499e+00 4.012913e-01
2.022400e+02 -1.615683e+00 2.200252e+00 2.159403e+00 4.868267e+00 -1.843744e-01 1.183095e+00 9.030195e-01 8.106611e-01 9.399265e-01 1.081058e-01 1.239749e+00 3.397180e-01
2.023200e+02 -1.454741e+00 2.151701e+00 2.094049e+00 4.956406e+00 -1.777451e-01 1.124077e+00 8.941694e-01 8.381578e-01 9.246401e-01 8.706217e-02 1.265737e+00 2.807978e-01
2.024000e+02 -1.298442e+00 2.106473e+00 1.982160e+00 5.059292e+00 -1.597622e-01 1.078125e+00 8.820013e-01 8.712411e-01 9.067628e-01 7.551912e-02 1.286720e+00 2.248956e-01
2.024800e+02 -1.149531e+00 2.057586e+00 1.828595e+00 5.176515e+00 -1.316700e-01 1.052343e+00 8.651841e-01 9.096214e-01 8.841096e-01 6.959790e-02 1.301317e+00 1.635548e-01
2.025600e+02 -9.935214e-01 2.009749e+00 1.634140e+00 5.217325e+00 -9.942807e-02 1.023285e+00 8.497099e-01 9.411674e-01 8.673837e-01 6.109492e-02 1.320939e+00 1.017157e-01
2.026400e+02 -8.408699e-01 1.972236e+00 1.414170e+00 5.199493e+00 -6.145422e-02 9.990832e-01 8.329490e-01 9.789060e-01 8.504233e-01 5.131704e-02 1.340618e+00 4.399133e-02
2.027200e+02 -7.042905e-01 1.928140e+00 1.183270e+00 5.186980e+00 -2.025328e-02 1.000946e+00 8.091816e-01 1.020363e+00 8.287775e-01 3.926169e-02 1.351853e+00 -4.246851e-03
2.028000e+02 -5.692686e-01 1.895565e+00 9.433615e-01 5.133905e+00 2.179342e-02 9.909110e-01 7.888406e-01 1.065597e+00 8.101900e-01 3.354919e-02 1.364959e+00 -4.627448e-02
2.028800e+02 -4.446839e-01 1.862782e+00 7.077090e-01 5.046480e+00 6.541170e-02 9.983946e-01 7.666070e-01 1.110877e+00 7.912513e-01 3.321343e-02 1.374974e+00 -7.465037e-02
2.029600e+02 -3.307271e-01 1.847505e+00 4.775391e-01 4.929923e+00 1.063939e-01 1.006441e+00 7.440724e-01 1.156223e+00 7.742064e-01 3.667897e-02 1.383125e+00 -9.451224e-02
2.030400e+02 -2.222451e-01 1.839014e+00 2.595719e-01 4.720341e+00 1.423870e-01 1.013798e+00 7.216724e-01 1.196906e+00 7.621824e-01 3.971909e-02 1.396736e+00 -1.121796e-01
2.031200e+02 -1.381057e-01 1.825293e+00 7.114947e-02 4.512264e+00 1.756544e-01 1.026215e+00 6.958249e-01 1.243102e+00 7.466848e-01 4.783928e-02 1.402689e+00 -1.324063e-01
2.032000e+02 -6.129822e-02 1.815292e+00 -9.538639e-02 4.280985e+00 2.025789e-01 1.036247e+00 6.703583e-01 1.287055e+00 7.342048e-01 5.792056e-02 1.408988e+00 -1.445182e-01
2.032800e+02 -4.595808e-05 1.801812e+00 -2.253361e-01 4.057823e+00 2.240188e-01 1.044679e+00 6.438199e-01 1.333254e+00 7.214492e-01 7.223805e-02 1.412428e+00 -1.505465e-01
2.033600e+02 5.160227e-02 1.774519e+00 -3.176430e-01 3.824329e+00 2.383911e-01 1.049791e+00 6.156869e-01 1.377737e+00 7.104049e-01 8.733698e-02 1.417919e+00 -1.610581e-01
2.034400e+02 8.669097e-02 1.738758e+00 -3.649328e-01 3.640990e+00 2.499181e-01 1.066725e+00 5.851477e-01 1.428252e+00 6.948378e-01 1.152194e-01 1.416275e+00 -1.605279e-01
2.035200e+02 1.228181e-01 1.716559e+00 -3.768377e-01 3.429152e+00 2.544733e-01 1.069483e+00 5.579680e-01 1.474965e+00 6.838471e-01 1.442241e-01 1.418294e+00 -1.566047e-01
2.036000e+02 1.476612e-01 1.696480e+00 -3.502577e-01 3.214011e+00 2.575696e-01 1.069262e+00 5.295830e-01 1.524432e+00 6.717950e-01 1.741710e-01 1.416105e+00 -1.473139e-01
2.036800e+02 1.601212e-01 1.644300e+00 -2.947983e-01 3.019594e+00 2.609032e-01 1.067111e+00 4.997364e-01 1.583423e+00 6.569977e-01 2.067691e-01 1.412813e+00 -1.365725e-01
2.037600e+02 1.720554e-01 1.601571e+00 -2.127639e-01 2.821026e+00 2.654177e-01 1.057999e+00 4.710018e-01 1.639325e+00 6.422037e-01 2.433683e-01 1.407922e+00 -1.128083e-01
2.038400e+02 1.796386e-01 1.556804e+00 -1.113368e-01 2.625016e+00 2.711976e-01 1.039230e+00 4.419900e-01 1.692595e+00 6.276884e-01 2.781519e-01 1.401197e+00 -9.998081e-02
2.039200e+02 1.872229e-01 1.509108e+00 8.792853e-03 2.447742e+00 2.833771e-01 1.027832e+00 4.119270e-01 1.751583e+00 6.111748e-01 3.196258e-01 1.391716e+00 -6.602348e-02
2.040000e+02 1.893971e-01 1.462813e+00 1.377428e-01 2.291198e+00 3.010088e-01 1.023435e+00 3.807620e-01 1.813363e+00 5.924064e-01 3.640451e-01 1.379282e+00 -3.423139e-02
2.040800e+02 1.918429e-01 1.417033e+00 2.707480e-01 2.125264e+00 3.248580e-01 1.014781e+00 3.517633e-01 1.875129e+00 5.749113e-01 4.117983e-01 1.366269e+00 2.432659e-04
2.041600e+02 1.945615e-01 1.370939e+00 4.017370e-01 1.963877e+00 3.542402e-01 1.008235e+00 3.254694e-01 1.935197e+00 5.594396e-01 4.669657e-01 1.351819e+00 4.392397e-02
2.042400e+02 1.970176e-01 1.321329e+00 5.273815e-01 1.803417e+00 3.867228e-01 9.902996e-01 3.012701e-01 1.993255e+00 5.473143e-01 5.188144e-01 1.337058e+00 8.824385e-02
2.043200e+02 1.921728e-01 1.261348e+00 6.478956e-01 1.666981e+00 4.257328e-01 9.718160e-01 2.777601e-01 2.054482e+00 5.337717e-01 5.736326e-01 1.318585e+00 1.351091e-01
2.044000e+02 1.826901e-01 1.199751e+00 7.612979e-01 1.545533e+00 4.716743e-01 9.601560e-01 2.548702e-01 2.119257e+00 5.181686e-01 6.367462e-01 1.296354e+00 1.834141e-01
2.044800e+02 1.721427e-01 1.140810e+00 8.651809e-01 1.423615e+00 5.245464e-01 9.468084e-01 2.332105e-01 2.192234e+00 5.005261e-01 6.977917e-01 1.272030e+00 2.342835e-01
2.045600e+02 1.591311e-01 1.086222e+00 9.567573e-01 1.306227e+00 5.826858e-01 9.369649e-01 2.126560e-01 2.264148e+00 4.827058e-01 7.617475e-01 1.245574e+00 2.928524e-01
2.046400e+02 1.420068e-01 1.029046e+00 1.039364e+00 1.200537e+00 6.454117e-01 9.233927e-01 1.934635e-01 2.337487e+00 4.646829e-01 8.283558e-01 1.218471e+00 3.575770e-01
2.047200e+02 1.214284e-01 9.810406e-01 1.113130e+00 1.098171e+00 7.117351e-01 9.141041e-01 1.740092e-01 2.412975e+00 4.452837e-01 8.964451e-01 1.189202e+00 4.207360e-01
2.048000e+02 1.001091e-01 9.373152e-01 1.180566e+00 1.002695e+00 7.806317e-01 9.015702e-01 1.568033e-01 2.489011e+00 4.251439e-01 9.721053e-01 1.157140e+00 4.844153e-01
2.048800e+02 7.831068e-02 8.907712e-01 1.240615e+00 9.195827e-01 8.497795e-01 8.945097e-01 1.392825e-01 2.565955e+00 4.032495e-01 1.049182e+00 1.122944e+00 5.471960e-01
2.049600e+02 5.978128e-02 8.545387e-01 1.297615e+00 8.395798e-01 9.194337e-01 8.891134e-01 1.229488e-01 2.649032e+00 3.795178e-01 1.130703e+00 1.086480e+00 6.173233e-01
2.050400e+02 4.384352e-02 8.218556e-01 1.349376e+00 7.802936e-01 9.845060e-01 8.894995e-01 1.053927e-01 2.726935e+00 3.549723e-01 1.210326e+00 1.047258e+00 6.901728e-01
2.051200e+02 3.365113e-02 7.985214e-01 1.396811e+00 7.320239e-01 1.042787e+00 8.929328e-01 8.850747e-02 2.787929e+00 3.326109e-01 1.292938e+00 1.008112e+00 7.698752e-01
2.052000e+02 2.668109e-02 7.750956e-01 1.438619e+00 7.042843e-01 1.094975e+00 9.018704e-01 7.128529e-02 2.852266e+00 3.071494e-01 1.373000e+00 9.690666e-01 8.435220e-01
2.052800e+02 2.468561e-02 7.552237e-01 1.474187e+00 6.989076e-01 1.137836e+00 9.120035e-01 5.419162e-02 2.911506e+00 2.798040e-01 1.453977e+00 9.283966e-01 9.209931e-01
2.053600e+02 2.774732e-02 7.417685e-01 1.501411e+00 7.156716e-01 1.174433e+00 9.235187e-01 3.717524e-02 2.967513e+00 2.502063e-01 1.529911e+00 8.853209e-01 9.998025e-01
2.054400e+02 4.212768e-02 7.293809e-01 1.516170e+00 7.253116e-01 1.205594e+00 9.212127e-01 2.466893e-02 3.015971e+00 2.223280e-01 1.607234e+00 8.461481e-01 1.079726e+00
2.055200e+02 5.912820e-02 7.174648e-01 1.518024e+00 7.613699e-01 1.234589e+00 9.130089e-01 1.581274e-02 3.057808e+00 1.940950e-01 1.684705e+00 8.067997e-01 1.155342e+00
2.056000e+02 8.255321e-02 7.150028e-01 1.509856e+00 8.032940e-01 1.261977e+00 9.061723e-01 1.043977e-02 3.093766e+00 1.652514e-01 1.761747e+00 7.687053e-01 1.231852e+00
2.056800e+02 1.084486e-01 7.107484e-01 1.487146e+00 8.613265e-01 1.289357e+00 9.027956e-01 9.555545e-03 3.121155e+00 1.354312e-01 1.843662e+00 7.331907e-01 1.303463e+00
2.057600e+02 1.361476e-01 7.062366e-01 1.449172e+00 9.390933e-01 1.317281e+00 9.057277e-01 1.178406e-02 3.139624e+00 1.042459e-01 1.924329e+00 6.984691e-01 1.379190e+00
2.058400e+02 1.663813e-01 7.033666e-01 1.397606e+00 1.020472e+00 1.347815e+00 9.151922e-01 1.883844e-02 3.148359e+00 7.152784e-02 2.009648e+00 6.653348e-01 1.452644e+00
2.059200e+02 1.971349e-01 7.061127e-01 1.333924e+00 1.112697e+00 1.377892e+00 9.263370e-01 2.997731e-02 3.130296e+00 4.072393e-02 2.093524e+00 6.350127e-01 1.525184e+00
2.060000e+02 2.300021e-01 7.137151e-01 1.261659e+00 1.196063e+00 1.408532e+00 9.423888e-01 4.489599e-02 3.102825e+00 8.587571e-03 2.172251e+00 6.083065e-01 1.590479e+00
2.060800e+02 2.624512e-01 7.206032e-01 1.182627e+00 1.283660e+00 1.440703e+00 9.632922e-01 6.582811e-02 3.059990e+00 -2.405172e-02 2.250526e+00 5.856328e-01 1.662166e+00
2.061600e+02 2.922369e-01 7.319015e-01 1.096226e+00 1.378140e+00 1.473630e+00 9.907221e-01 9.133537e-02 3.005079e+00 -5.850425e-02 2.324618e+00 5.649123e-01 1.728796e+00
2.062400e+02 3.207934e-01 7.498880e-01 1.004270e+00 1.472514e+00 1.507110e+00 1.023826e+00 1.247808e-01 2.937766e+00 -9.433458e-02 2.398934e+00 5.453914e-01 1.799703e+00
2.063200e+02 3.477623e-01 7.724142e-01 9.075416e-01 1.570304e+00 1.540816e+00 1.061694e+00 1.654859e-01 2.847136e+00 -1.294311e-01 2.474628e+00 5.271394e-01 1.876339e+00
2.064000e+02 3.689078e-01 7.934966e-01 8.042512e-01 1.670103e+00 1.575543e+00 1.118620e+00 2.093662e-01 2.742198e+00 -1.670210e-01 2.546758e+00 5.083301e-01 1.942407e+00
2.064800e+02 3.888847e-01 8.236334e-01 6.987189e-01 1.757819e+00 1.614884e+00 1.169060e+00 2.629708e-01 2.630617e+00 -2.048664e-01 2.615913e+00 4.915544e-01 2.013190e+00
2.065600e+02 4.034576e-01 8.611005e-01 5.930347e-01 1.858938e+00 1.655124e+00 1.225653e+00 3.235197e-01 2.505730e+00 -2.439529e-01 2.683558e+00 4.733375e-01 2.085379e+00
2.066400e+02 4.171105e-01 8.977126e-01 4.884693e-01 1.938544e+00 1.696685e+00 1.277352e+00 3.964631e-01 2.370490e+00 -2.799401e-01 2.748449e+00 4.577867e-01 2.164484e+00
2.067200e+02 4.240902e-01 9.305663e-01 3.858699e-01 2.026570e+00 1.736463e+00 1.333802e+00 4.770748e-01 2.223874e+00 -3.145715e-01 2.810368e+00 4.421445e-01 2.242485e+00
2.068000e+02 4.239267e-01 9.648877e-01 2.850575e-01 2.121058e+00 1.773887e+00 1.384622e+00 5.661172e-01 2.074708e+00 -3.483201e-01 2.866014e+00 4.245922e-01 2.310914e+00
2.068800e+02 4.209875e-01 9.907972e-01 1.884888e-01 2.201423e+00 1.810450e+00 1.445368e+00 6.630485e-01 1.920354e+00 -3.804418e-01 2.917316e+00 4.062239e-01 2.386875e+00
2.069600e+02 4.141955e-01 1.010939e+00 9.650270e-02 2.280543e+00 1.842995e+00 1.512138e+00 7.701178e-01 1.760699e+00 -4.085408e-01 2.963592e+00 3.853818e-01 2.464238e+00
2.070400e+02 4.047368e-01 1.025348e+00 9.175277e-03 2.359595e+00 1.873503e+00 1.564874e+00 8.896198e-01 1.610520e+00 -4.327187e-01 3.003769e+00 3.614369e-01 2.542439e+00
2.071200e+02 3.937575e-01 1.034180e+00 -7.327692e-02 2.434829e+00 1.904495e+00 1.609316e+00 1.018104e+00 1.467448e+00 -4.524057e-01 3.040029e+00 3.322930e-01 2.628822e+00
2.072000e+02 3.796793e-01 1.030214e+00 -1.514875e-01 2.501937e+00 1.936815e+00 1.658745e+00 1.151856e+00 1.344223e+00 -4.704555e-01 3.066234e+00 2.964793e-01 2.710886e+00
2.072800e+02 3.679093e-01 1.032253e+00 -2.256680e-01 2.569611e+00 1.966033e+00 1.685233e+00 1.297565e+00 1.235432e+00 -4.799905e-01 3.083257e+00 2.562008e-01 2.796591e+00
2.073600e+02 3.615153e-01 1.035044e+00 -2.978522e-01 2.628703e+00 1.992417e+00 1.667773e+00 1.453405e+00 1.147623e+00 -4.780893e-01 3.091848e+00 2.130840e-01 2.886986e+00
2.074400e+02 3.592173e-01 1.043052e+00 -3.686870e-01 2.672206e+00 2.016373e+00 1.662802e+00 1.600396e+00 1.077139e+00 -4.705547e-01 3.094782e+00 1.606916e-01 2.982030e+00
2.075200e+02 3.616954e-01 1.052051e+00 -4.382008e-01 2.716527e+00 2.035811e+00 1.644144e+00 1.747513e+00 1.030433e+00 -4.538004e-01 3.090779e+00 1.015829e-01 3.083044e+00
2.076000e+02 3.714419e-01 1.067471e+00 -5.077557e-01 2.749871e+00 2.047632e+00 1.630394e+00 1.886552e+00 9.919833e-01 -4.246894e-01 3.079761e+00 3.636931e-02 3.191660e+00
2.076800e+02 3.864533e-01 1.090669e+00 -5.765384e-01 2.777855e+00 2.051201e+00 1.623858e+00 2.013449e+00 9.809736e-01 -3.868366e-01 3.048476e+00 -3.673840e-02 3.302020e+00
2.077600e+02 4.095955e-01 1.120878e+00 -6.407772e-01 2.801259e+00 2.045815e+00 1.627243e+00 2.130008e+00 9.809461e-01 -3.373472e-01 3.017600e+00 -1.185512e-01 3.425436e+00
2.078400e+02 4.405381e-01 1.157350e+00 -6.988487e-01 2.821822e+00 2.032202e+00 1.626984e+00 2.238436e+00 1.007779e+00 -2.765363e-01 2.982988e+00 -2.078820e-01 3.554486e+00
2.079200e+02 4.727389e-01 1.200782e+00 -7.523677e-01 2.838743e+00 2.006735e+00 1.642092e+00 2.325608e+00 1.044624e+00 -2.034711e-01 2.920954e+00 -3.050612e-01 3.681006e+00
2.080000e+02 5.121733e-01 1.260490e+00 -7.947564e-01 2.849749e+00 1.972328e+00 1.621114e+00 2.402866e+00 1.100261e+00 -1.171647e-01 2.852478e+00 -4.059329e-01 3.807482e+00
2.080800e+02 5.553350e-01 1.312521e+00 -8.206097e-01 2.857818e+00 1.932874e+00 1.596811e+00 2.461461e+00 1.176193e+00 -2.123397e-02 2.787128e+00 -5.151210e-01 3.943658e+00
2.081600e+02 6.014051e-01 1.376443e+00 -8.247020e-01 2.860477e+00 1.889882e+00 1.574543e+00 2.500481e+00 1.269311e+00 8.366801e-02 2.716700e+00 -6.327028e-01 4.077377e+00
2.082400e+02 6.546778e-01 1.454064e+00 -8.009021e-01 2.815757e+00 1.852597e+00 1.543713e+00 2.518394e+00 1.380549e+00 1.974583e-01 2.640953e+00 -7.543227e-01 4.213598e+00
2.083200e+02 7.137622e-01 1.536705e+00 -7.443453e-01 2.747617e+00 1.815492e+00 1.482135e+00 2.517487e+00 1.498453e+00 3.197906e-01 2.562332e+00 -8.773719e-01 4.344076e+00
2.084000e+02 7.722523e-01 1.624725e+00 -6.384396e-01 2.672291e+00 1.783813e+00 1.430092e+00 2.490452e+00 1.640278e+00 4.401641e-01 2.488671e+00 -1.011239e+00 4.475513e+00
2.084800e+02 8.351153e-01 1.712684e+00 -4.784754e-01 2.558850e+00 1.762661e+00 1.356424e+00 2.445152e+00 1.806201e+00 5.594381e-01 2.415416e+00 -1.145851e+00 4.591593e+00
2.085600e+02 8.990204e-01 1.810972e+00 -2.551928e-01 2.402668e+00 1.730100e+00 1.313141e+00 2.368442e+00 1.953982e+00 6.785143e-01 2.349244e+00 -1.282285e+00 4.700134e+00
2.086400e+02 9.658556e-01 1.915289e+00 4.636071e-02 2.184201e+00 1.682752e+00 1.253794e+00 2.275643e+00 2.092222e+00 7.979212e-01 2.298174e+00 -1.415748e+00 4.800186e+00
2.087200e+02 1.042830e+00 2.035676e+00 4.324373e-01 1.842982e+00 1.615359e+00 1.171156e+00 2.167867e+00 2.205078e+00 9.169192e-01 2.261655e+00 -1.541399e+00 4.892678e+00
2.088000e+02 1.126757e+00 2.164297e+00 9.182579e-01 1.372311e+00 1.532932e+00 1.111186e+00 2.037997e+00 2.319379e+00 1.022198e+00 2.235246e+00 -1.665907e+00 4.987580e+00
2.088800e+02 1.212597e+00 2.281864e+00 1.486936e+00 7.870829e-01 1.436418e+00 1.031370e+00 1.902192e+00 2.410222e+00 1.118462e+00 2.229336e+00 -1.781273e+00 5.064927e+00
2.089600e+02 1.286980e+00 2.393263e+00 2.080730e+00 2.021442e-01 1.327837e+00 9.541386e-01 1.758997e+00 2.473572e+00 1.199331e+00 2.241907e+00 -1.897501e+00 5.107360e+00
2.090400e+02 1.370691e+00 2.496549e+00 2.600157e+00 -3.128879e-01 1.233939e+00 8.642183e-01 1.621101e+00 2.530040e+00 1.270272e+00 2.267379e+00 -1.996688e+00 5.169219e+00
2.091200e+02 1.453880e+00 2.588925e+00 2.959866e+00 -4.910269e-01 1.150173e+00 7.779648e-01 1.485579e+00 2.562551e+00 1.326123e+00 2.316562e+00 -2.081422e+00 5.219252e+00
2.092000e+02 1.529584e+00 2.655204e+00 3.196309e+00 -4.041302e-01 1.090473e+00 6.496508e-01 1.366833e+00 2.567534e+00 1.369111e+00 2.379135e+00 -2.152151e+00 5.267182e+00
2.092800e+02 1.580623e+00 2.676336e+00 3.398842e+00 -1.706726e-01 1.073863e+00 5.100134e-01 1.259104e+00 2.588570e+00 1.383193e+00 2.449458e+00 -2.225536e+00 5.313996e+00
2.093600e+02 1.588153e+00 2.648819e+00 3.576871e+00 1.758550e-01 1.106562e+00 4.235108e-01 1.148860e+00 2.633000e+00 1.354979e+00 2.532626e+00 -2.315631e+00 5.351099e+00
2.094400e+02 1.581551e+00 2.583276e+00 3.680448e+00 4.843083e-01 1.183914e+00 3.270515e-01 1.059948e+00 2.652767e+00 1.314962e+00 2.620368e+00 -2.384295e+00 5.351149e+00
2.095200e+02 1.534219e+00 2.497386e+00 3.719988e+00 9.073689e-01 1.302307e+00 2.829374e-01 9.752305e-01 2.704277e+00 1.235772e+00 2.708660e+00 -2.460183e+00 5.323889e+00
2.096000e+02 1.470139e+00 2.409945e+00 3.712655e+00 1.253860e+00 1.454303e+00 2.804613e-01 9.044377e-01 2.743743e+00 1.138390e+00 2.776518e+00 -2.523554e+00 5.239839e+00
2.096800e+02 1.422345e+00 2.329031e+00 3.697986e+00 1.477814e+00 1.627999e+00 2.977420e-01 8.569159e-01 2.774285e+00 1.037852e+00 2.832730e+00 -2.556681e+00 5.162749e+00
2.097600e+02 1.388524e+00 2.258092e+00 3.692270e+00 1.643381e+00 1.803563e+00 3.551002e-01 8.203604e-01 2.801031e+00 9.286394e-01 2.880833e+00 -2.564733e+00 5.089789e+00
2.098400e+02 1.375693e+00 2.179205e+00 3.686725e+00 1.770476e+00 1.966645e+00 4.015512e-01 8.045557e-01 2.814354e+00 8.217196e-01 2.922774e+00 -2.545228e+00 5.017062e+00
2.099200e+02 1.368223e+00 2.114953e+00 3.698954e+00 1.960193e+00 2.118091e+00 4.213842e-01 7.974002e-01 2.828997e+00 7.105827e-01 2.949556e+00 -2.516357e+00 4.941837e+00
2.100000e+02 1.378051e+00 2.068046e+00 3.733562e+00 2.135881e+00 2.262927e+00 3.848366e-01 8.071442e-01 2.849448e+00 6.039671e-01 2.971393e+00 -2.469670e+00 4.863074e+00
2.100800e+02 1.380619e+00 2.031475e+00 3.780200e+00 2.384144e+00 2.395432e+00 3.491889e-01 8.139215e-01 2.879658e+00 4.966650e-01 2.971802e+00 -2.421101e+00 4.763347e+00
2.101600e+02 1.368457e+00 1.987399e+00 3.777034e+00 2.786383e+00 2.508496e+00 3.573534e-01 8.158828e-01 2.897456e+00 3.963309e-01 2.950518e+00 -2.368794e+00 4.661691e+00
2.102400e+02 1.363582e+00 1.984515e+00 3.656901e+00 3.310961e+00 2.595399e+00 3.736728e-01 8.310792e-01 2.906775e+00 3.116152e-01 2.913661e+00 -2.306936e+00 4.565941e+00
2.103200e+02 1.363282e+00 2.016981e+00 3.440754e+00 3.860129e+00 2.662295e+00 4.021936e-01 8.543598e-01 2.903770e+00 2.435734e-01 2.891736e+00 -2.246196e+00 4.467473e+00
2.104000e+02 1.369589e+00 2.029885e+00 3.159148e+00 4.273331e+00 2.710398e+00 4.552207e-01 8.758765e-01 2.892793e+00 1.894043e-01 2.843538e+00 -2.182306e+00 4.362621e+00
2.104800e+02 1.376496e+00 2.018626e+00 2.821125e+00 4.559539e+00 2.747997e+00 5.306921e-01 8.948903e-01 2.873424e+00 1.449367e-01 2.787729e+00 -2.129227e+00 4.238739e+00
2.105600e+02 1.381751e+00 1.970627e+00 2.429698e+00 4.800546e+00 2.778017e+00 6.361986e-01 9.074729e-01 2.869795e+00 1.026458e-01 2.720311e+00 -2.092023e+00 4.098479e+00
2.106400e+02 1.398670e+00 1.920862e+00 1.982362e+00 4.994882e+00 2.794883e+00 7.643795e-01 9.137264e-01 2.852268e+00 7.556833e-02 2.638469e+00 -2.058990e+00 3.950397e+00
2.107200e+02 1.435419e+00 1.875452e+00 1.558528e+00 4.947418e+00 2.796094e+00 8.957966e-01 9.226947e-01 2.819073e+00 7.477134e-02 2.539711e+00 -2.009982e+00 3.807248e+00
2.108000e+02 1.470152e+00 1.921856e+00 1.243833e+00 4.713602e+00 2.778619e+00 1.015959e+00 9.329966e-01 2.765168e+00 9.563680e-02 2.446043e+00 -1.967698e+00 3.667997e+00
2.108800e+02 1.497076e+00 1.988621e+00 1.058388e+00 4.332996e+00 2.743547e+00 1.117786e+00 9.468022e-01 2.687768e+00 1.402053e-01 2.350857e+00 -1.914727e+00 3.539527e+00
2.109600e+02 1.486807e+00 2.103996e+00 1.003547e+00 4.005414e+00 2.699028e+00 1.236499e+00 9.563243e-01 2.614287e+00 1.873605e-01 2.276812e+00 -1.879184e+00 3.401645e+00
2.110400e+02 1.464680e+00 2.242811e+00 1.020721e+00 3.672054e+00 2.639450e+00 1.335219e+00 9.718390e-01 2.523437e+00 2.520509e-01 2.193085e+00 -1.834397e+00 3.289159e+00
2.111200e+02 1.428500e+00 2.450255e+00 1.091812e+00 3.343581e+00 2.571212e+00 1.436637e+00 9.911252e-01 2.435484e+00 3.188287e-01 2.133304e+00 -1.801604e+00 3.204965e+00
2.112000e+02 1.362526e+00 2.639483e+00 1.178001e+00 3.079292e+00 2.495546e+00 1.537286e+00 1.012697e+00 2.352512e+00 3.863000e-01 2.091615e+00 -1.773524e+00 3.141325e+00
2.112800e+02 1.263351e+00 2.799170e+00 1.266819e+00 2.826043e+00 2.411639e+00 1.654675e+00 1.032799e+00 2.273803e+00 4.507625e-01 2.058099e+00 -1.750692e+00 3.084485e+00
2.113600e+02 1.138135e+00 2.938658e+00 1.356840e+00 2.612435e+00 2.313950e+00 1.741029e+00 1.058585e+00 2.199192e+00 5.126796e-01 2.033101e+00 -1.733090e+00 3.041728e+00
2.114400e+02 1.000988e+00 3.109631e+00 1.467604e+00 2.416321e+00 2.210206e+00 1.841724e+00 1.080374e+00 2.142502e+00 5.606022e-01 2.029399e+00 -1.733606e+00 3.010998e+00
2.115200e+02 8.836261e-01 3.237207e+00 1.577681e+00 2.174387e+00 2.093047e+00 1.923753e+00 1.109074e+00 2.077637e+00 6.106042e-01 2.035736e+00 -1.718588e+00 2.976014e+00
2.116000e+02 7.919115e-01 3.342819e+00 1.712323e+00 1.897517e+00 1.965097e+00 1.994729e+00 1.138650e+00 2.011432e+00 6.569085e-01 2.045542e+00 -1.694987e+00 2.945170e+00
2.116800e+02 7.276360e-01 3.433873e+00 1.895220e+00 1.657235e+00 1.838187e+00 2.062429e+00 1.167354e+00 1.958319e+00 6.886247e-01 2.070120e+00 -1.674743e+00 2.927102e+00
2.117600e+02 6.982806e-01 3.509436e+00 2.117508e+00 1.457965e+00 1.702270e+00 2.103414e+00 1.198393e+00 1.900705e+00 7.167719e-01 2.088361e+00 -1.643743e+00 2.904008e+00
2.118400e+02 6.734645e-01 3.554849e+00 2.381887e+00 1.374085e+00 1.564239e+00 2.126884e+00 1.228709e+00 1.864140e+00 7.292536e-01 2.120934e+00 -1.615915e+00 2.879266e+00
2.119200e+02 6.319959e-01 3.553275e+00 2.664458e+00 1.389261e+00 1.421158e+00 2.145508e+00 1.253502e+00 1.831461e+00 7.296467e-01 2.148886e+00 -1.583452e+00 2.848890e+00
2.120000e+02 5.444227e-01 3.508436e+00 2.933588e+00 1.487347e+00 1.276285e+00 2.154737e+00 1.274959e+00 1.814264e+00 7.155133e-01 2.172285e+00 -1.552285e+00 2.794558e+00
2.120800e+02 4.061827e-01 3.398682e+00 3.155528e+00 1.667889e+00 1.132965e+00 2.141960e+00 1.294784e+00 1.806150e+00 6.901561e-01 2.194937e+00 -1.519086e+00 2.745493e+00
2.121600e+02 2.398243e-01 3.317586e+00 3.302181e+00 1.869464e+00 9.959865e-01 2.134251e+00 1.307337e+00 1.808496e+00 6.523254e-01 2.209348e+00 -1.488185e+00 2.668017e+00
2.122400e+02 5.785065e-02 3.221868e+00 3.366900e+00 2.067178e+00 8.654260e-01 2.101668e+00 1.321251e+00 1.812258e+00 6.117163e-01 2.220977e+00 -1.445347e+00 2.591733e+00
2.123200e+02 -1.317657e-01 3.162834e+00 3.376972e+00 2.254858e+00 7.445519e-01 2.065810e+00 1.330549e+00 1.828540e+00 5.615026e-01 2.232769e+00 -1.401984e+00 2.509269e+00
2.124000e+02 -3.139717e-01 3.115504e+00 3.354349e+00 2.421797e+00 6.309265e-01 2.038432e+00 1.332579e+00 1.853492e+00 5.050641e-01 2.234734e+00 -1.354351e+00 2.449893e+00
2.124800e+02 -4.944411e-01 3.084271e+00 3.311760e+00 2.587828e+00 5.229441e-01 2.024129e+00 1.329844e+00 1.884486e+00 4.447796e-01 2.238599e+00 -1.306253e+00 2.383561e+00
2.125600e+02 -6.679938e-01 3.058122e+00 3.260651e+00 2.767392e+00 4.159803e-01 1.978269e+00 1.330622e+00 1.914017e+00 3.907856e-01 2.227275e+00 -1.250256e+00 2.324234e+00
2.126400e+02 -8.286141e-01 3.067065e+00 3.209381e+00 2.890332e+00 3.085286e-01 1.882514e+00 1.334194e+00 1.933941e+00 3.481102e-01 2.195488e+00 -1.184762e+00 2.271141e+00
2.127200e+02 -9.842774e-01 3.071575e+00 3.161127e+00 3.000432e+00 2.056220e-01 1.773164e+00 1.334302e+00 1.956997e+00 3.097734e-01 2.164202e+00 -1.119659e+00 2.230456e+00
2.128000e+02 -1.136699e+00 3.083886e+00 3.112588e+00 3.122296e+00 1.083889e-01 1.699311e+00 1.323818e+00 1.987379e+00 2.701017e-01 2.129604e+00 -1.066179e+00 2.199628e+00
2.128800e+02 -1.276840e+00 3.097641e+00 3.047213e+00 3.270226e+00 1.601892e-02 1.594470e+00 1.316677e+00 2.010996e+00 2.423226e-01 2.085507e+00 -1.013331e+00 2.171771e+00
2.129600e+02 -1.404473e+00 3.110498e+00 2.955159e+00 3.373591e+00 -6.473609e-02 1.497048e+00 1.310409e+00 2.033210e+00 2.247117e-01 2.047333e+00 -9.624706e-01 2.147376e+00
2.130400e+02 -1.525513e+00 3.124154e+00 2.818024e+00 3.514329e+00 -1.240775e-01 1.411745e+00 1.299452e+00 2.057690e+00 2.127621e-01 2.000956e+00 -9.216711e-01 2.127259e+00
2.131200e+02 -1.637187e+00 3.126315e+00 2.627622e+00 3.683696e+00 -1.467552e-01 1.343685e+00 1.285130e+00 2.080627e+00 2.075733e-01 1.952728e+00 -8.874328e-01 2.112118e+00
2.132000e+02 -1.735658e+00 3.103160e+00 2.398332e+00 3.847452e+00 -1.310086e-01 1.242740e+00 1.273253e+00 2.093503e+00 2.158647e-01 1.901637e+00 -8.508275e-01 2.093846e+00
2.132800e+02 -1.835308e+00 3.074614e+00 2.178432e+00 4.007716e+00 -7.633482e-02 1.171081e+00 1.249135e+00 2.111299e+00 2.221225e-01 1.840088e+00 -8.299011e-01 2.080651e+00
2.133600e+02 -1.963869e+00 3.007007e+00 2.015017e+00 4.260583e+00 1.310032e-02 1.132628e+00 1.212298e+00 2.150963e+00 2.164926e-01 1.792676e+00 -8.411136e-01 2.064765e+00
2.134400e+02 -2.078092e+00 2.932866e+00 1.887320e+00 4.398854e+00 1.195713e-01 1.111077e+00 1.175650e+00 2.178378e+00 2.208111e-01 1.746582e+00 -8.548363e-01 2.042219e+00
2.135200e+02 -2.172011e+00 2.863269e+00 1.767701e+00 4.451928e+00 2.260267e-01 1.080770e+00 1.141569e+00 2.189512e+00 2.385655e-01 1.697325e+00 -8.616048e-01 2.017693e+00
2.136000e+02 -2.259900e+00 2.800115e+00 1.679426e+00 4.547787e+00 3.338527e-01 1.053769e+00 1.104423e+00 2.195835e+00 2.598291e-01 1.653203e+00 -8.704650e-01 1.993210e+00
2.136800e+02 -2.320647e+00 2.742999e+00 1.646178e+00 4.629880e+00 4.342253e-01 1.000954e+00 1.070083e+00 2.180953e+00 2.952911e-01 1.594620e+00 -8.618893e-01 1.970048e+00
2.137600e+02 -2.376443e+00 2.704374e+00 1.688079e+00 4.751147e+00 5.346694e-01 9.551610e-01 1.032834e+00 2.165827e+00 3.284842e-01 1.551115e+00 -8.563102e-01 1.950806e+00
2.138400e+02 -2.422506e+00 2.662548e+00 1.770523e+00 4.884367e+00 6.309952e-01 9.002605e-01 9.984229e-01 2.157980e+00 3.632921e-01 1.509819e+00 -8.443280e-01 1.929991e+00
2.139200e+02 -2.456601e+00 2.629175e+00 1.875771e+00 4.968026e+00 7.193667e-01 8.531249e-01 9.623926e-01 2.143463e+00 4.002080e-01 1.466733e+00 -8.241264e-01 1.909766e+00
2.140000e+02 -2.492730e+00 2.580803e+00 1.993280e+00 5.041782e+00 7.976435e-01 7.966531e-01 9.285785e-01 2.120754e+00 4.380242e-01 1.434448e+00 -7.979400e-01 1.890757e+00
2.140800e+02 -2.516619e+00 2.541137e+00 2.117344e+00 5.055128e+00 8.645989e-01 7.356698e-01 8.959235e-01 2.090916e+00 4.769359e-01 1.391695e+00 -7.623309e-01 1.880979e+00
2.141600e+02 -2.540179e+00 2.502156e+00 2.242814e+00 5.061385e+00 9.196413e-01 7.043442e-01 8.597318e-01 2.058204e+00 5.098244e-01 1.352053e+00 -7.268462e-01 1.871699e+00
2.142400e+02 -2.553914e+00 2.484894e+00 2.359741e+00 5.008231e+00 9.571012e-01 6.686466e-01 8.258431e-01 2.020358e+00 5.437553e-01 1.302984e+00 -6.848603e-01 1.860005e+00
2.143200e+02 -2.569009e+00 2.482729e+00 2.458077e+00 4.951731e+00 9.754014e-01 6.347573e-01 7.936769e-01 1.958000e+00 5.785192e-01 1.268230e+00 -6.428291e-01 1.853377e+00
2.144000e+02 -2.571604e+00 2.481513e+00 2.532138e+00 4.838832e+00 9.824508e-01 5.863858e-01 7.705068e-01 1.914920e+00 6.104849e-01 1.229302e+00 -5.960321e-01 1.841189e+00
2.144800e+02 -2.575519e+00 2.484546e+00 2.581519e+00 4.724186e+00 9.767317e-01 5.562535e-01 7.464616e-01 1.871821e+00 6.366048e-01 1.194947e+00 -5.546656e-01 1.816706e+00
2.145600e+02 -2.560762e+00 2.501025e+00 2.609937e+00 4.535362e+00 9.577318e-01 5.356032e-01 7.246992e-01 1.818981e+00 6.645996e-01 1.164240e+00 -5.089283e-01 1.803015e+00
2.146400e+02 -2.536119e+00 2.526940e+00 2.628051e+00 4.338636e+00 9.272603e-01 4.898622e-01 7.105449e-01 1.758234e+00 6.935195e-01 1.138258e+00 -4.610968e-01 1.791500e+00
2.147200e+02 -2.508387e+00 2.553308e+00 2.659024e+00 4.153162e+00 8.931365e-01 4.708851e-01 6.958384e-01 1.708360e+00 7.137001e-01 1.118172e+00 -4.196382e-01 1.778323e+00
2.148000e+02 -2.474658e+00 2.566789e+00 2.702459e+00 3.998275e+00 8.516208e-01 4.668642e-01 6.815222e-01 1.664299e+00 7.296071e-01 1.099359e+00 -3.795290e-01 1.760081e+00
2.148800e+02 -2.435039e+00 2.581220e+00 2.767281e+00 3.890059e+00 8.057539e-01 4.544112e-01 6.713998e-01 1.632235e+00 7.415265e-01 1.082549e+00 -3.418545e-01 1.738767e+00
2.149600e+02 -2.393787e+00 2.570988e+00 2.846743e+00 3.833595e+00 7.550323e-01 4.575350e-01 6.598237e-01 1.602140e+00 7.496201e-01 1.065205e+00 -3.042188e-01 1.710271e+00
2.150400e+02 -2.348953e+00 2.568869e+00 2.935525e+00 3.817211e+00 7.022793e-01 4.659866e-01 6.490575e-01 1.575770e+00 7.542040e-01 1.049818e+00 -2.706074e-01 1.680397e+00
2.151200e+02 -2.302407e+00 2.542649e+00 3.019097e+00 3.833463e+00 6.490288e-01 4.813875e-01 6.381387e-01 1.551791e+00 7.555358e-01 1.033751e+00 -2.373388e-01 1.646632e+00
2.152000e+02 -2.249637e+00 2.525558e+00 3.090476e+00 3.881018e+00 5.976576e-01 4.961106e-01 6.289883e-01 1.531192e+00 7.543351e-01 1.020100e+00 -2.076071e-01 1.615707e+00
2.152800e+02 -2.197440e+00 2.502646e+00 3.139222e+00 3.959516e+00 5.513285e-01 5.112386e-01 6.205922e-01 1.519661e+00 7.486104e-01 1.006062e+00 -1.813188e-01 1.579358e+00
2.153600e+02 -2.146389e+00 2.460641e+00 3.150622e+00 4.047433e+00 5.077519e-01 5.244385e-01 6.130344e-01 1.507567e+00 7.414716e-01 9.849767e-01 -1.528219e-01 1.521100e+00
2.154400e+02 -2.099096e+00 2.410338e+00 3.128095e+00 4.170660e+00 4.710200e-01 5.374307e-01 6.041201e-01 1.499182e+00 7.304319e-01 9.658172e-01 -1.295912e-01 1.466252e+00
2.155200e+02 -2.047289e+00 2.362490e+00 3.067889e+00 4.279019e+00 4.411989e-01 5.383394e-01 5.991112e-01 1.487373e+00 7.214728e-01 9.482088e-01 -1.030221e-01 1.409650e+00
2.156000e+02 -1.997156e+00 2.314100e+00 2.969220e+00 4.369816e+00 4.190011e-01 5.487003e-01 5.927679e-01 1.477063e+00 7.100987e-01 9.277388e-01 -7.668873e-02 1.352110e+00
2.156800e+02 -1.962421e+00 2.257977e+00 2.834773e+00 4.508544e+00 4.077044e-01 5.734449e-01 5.823272e-01 1.473978e+00 6.915115e-01 9.087978e-01 -5.853487e-02 1.287611e+00
2.157600e+02 -1.925750e+00 2.195912e+00 2.673759e+00 4.618131e+00 4.050980e-01 5.939441e-01 5.755686e-01 1.468297e+00 6.755075e-01 8.886004e-01 -3.732777e-02 1.232177e+00
2.158400e+02 -1.889229e+00 2.132750e+00 2.484369e+00 4.703003e+00 4.082266e-01 6.064915e-01 5.712757e-01 1.456991e+00 6.627439e-01 8.671763e-01 -1.384619e-02 1.177552e+00
2.159200e+02 -1.849861e+00 2.072852e+00 2.270392e+00 4.750267e+00 4.168671e-01 5.946822e-01 5.720559e-01 1.440991e+00 6.551239e-01 8.486909e-01 1.523845e-02 1.118103e+00
2.160000e+02 -1.809533e+00 1.997284e+00 2.042610e+00 4.757092e+00 4.287264e-01 5.777305e-01 5.741910e-01 1.422961e+00 6.502837e-01 8.307803e-01 5.111833e-02 1.056625e+00
2.160800e+02 -1.771732e+00 1.924660e+00 1.814696e+00 4.757049e+00 4.447280e-01 5.640268e-01 5.748013e-01 1.406576e+00 6.446449e-01 8.093167e-01 8.771458e-02 9.983055e-01
2.161600e+02 -1.739065e+00 1.852603e+00 1.594479e+00 4.757967e+00 4.630481e-01 5.493959e-01 5.747516e-01 1.390789e+00 6.387440e-01 7.858931e-01 1.251415e-01 9.367405e-01
2.162400e+02 -1.698271e+00 1.786531e+00 1.389421e+00 4.689047e+00 4.808762e-01 5.221001e-01 5.775615e-01 1.368057e+00 6.391461e-01 7.551675e-01 1.721782e-01 8.787947e-01
2.163200e+02 -1.659876e+00 1.721691e+00 1.202147e+00 4.590506e+00 4.998026e-01 4.974759e-01 5.791862e-01 1.346891e+00 6.397032e-01 7.250537e-01 2.208023e-01 8.241528e-01
2.164000e+02 -1.618366e+00 1.660426e+00 1.032516e+00 4.463622e+00 5.164657e-01 4.700490e-01 5.809384e-01 1.324127e+00 6.423573e-01 6.971234e-01 2.739088e-01 7.613631e-01
2.164800e+02 -1.581597e+00 1.603733e+00 8.905736e-01 4.365369e+00 5.326416e-01 4.513157e-01 5.795072e-01 1.307145e+00 6.420833e-01 6.696439e-01 3.239781e-01 7.053043e-01
2.165600e+02 -1.541720e+00 1.551636e+00 7.760447e-01 4.247637e+00 5.460519e-01 4.339029e-01 5.784184e-01 1.289294e+00 6.438751e-01 6.425483e-01 3.771813e-01 6.513888e-01
2.166400e+02 -1.504826e+00 1.492141e+00 6.890577e-01 4.132820e+00 5.554351e-01 4.169500e-01 5.739362e-01 1.272665e+00 6.452311e-01 6.063545e-01 4.306715e-01 6.009612e-01
2.167200e+02 -1.465265e+00 1.441379e+00 6.251191e-01 4.010101e+00 5.614662e-01 4.034850e-01 5.690206e-01 1.255649e+00 6.481554e-01 5.746769e-01 4.855345e-01 5.536990e-01
2.168000e+02 -1.427008e+00 1.397092e+00 5.871611e-01 3.890108e+00 5.644204e-01 3.872263e-01 5.643674e-01 1.239389e+00 6.521921e-01 5.438413e-01 5.402762e-01 5.100034e-01
2.168800e+02 -1.383301e+00 1.353075e+00 5.751169e-01 3.751925e+00 5.629496e-01 3.644010e-01 5.600586e-01 1.217640e+00 6.605398e-01 5.117225e-01 5.993515e-01 4.682977e-01
2.169600e+02 -1.337471e+00 1.307657e+00 5.888494e-01 3.609645e+00 5.573206e-01 3.373029e-01 5.521510e-01 1.195123e+00 6.702174e-01 4.698269e-01 6.603302e-01 4.300745e-01
2.170400e+02 -1.288738e+00 1.272568e+00 6.286313e-01 3.472119e+00 5.499937e-01 2.950630e-01 5.468099e-01 1.172306e+00 6.817300e-01 4.347139e-01 7.217558e-01 3.903440e-01
2.171200e+02 -1.239133e+00 1.247519e+00 6.903858e-01 3.333890e+00 5.418309e-01 2.521023e-01 5.391177e-01 1.150080e+00 6.929573e-01 3.914202e-01 7.807348e-01 3.468750e-01
2.172000e+02 -1.187113e+00 1.231384e+00 7.713288e-01 3.203526e+00 5.351762e-01 1.955334e-01 5.340563e-01 1.131852e+00 7.047024e-01 3.519013e-01 8.401853e-01 3.086258e-01
2.172800e+02 -1.136585e+00 1.219750e+00 8.676892e-01 3.078430e+00 5.304874e-01 1.591040e-01 5.256781e-01 1.119606e+00 7.140552e-01 3.165552e-01 8.961293e-01 2.730256e-01
2.173600e+02 -1.087665e+00 1.209550e+00 9.710903e-01 2.965860e+00 5.276362e-01 1.178462e-01 5.169594e-01 1.107985e+00 7.233722e-01 2.810134e-01 9.506940e-01 2.326421e-01
2.174400e+02 -1.041696e+00 1.204762e+00 1.076451e+00 2.856418e+00 5.260989e-01 7.518837e-02 5.081862e-01 1.097589e+00 7.326030e-01 2.468370e-01 1.003406e+00 1.867759e-01
2.175200e+02 -9.985004e-01 1.200068e+00 1.179762e+00 2.764167e+00 5.257736e-01 3.364514e-02 4.974149e-01 1.089521e+00 7.410967e-01 2.084062e-01 1.053149e+00 1.473620e-01
2.176000e+02 -9.512788e-01 1.205794e+00 1.277638e+00 2.665852e+00 5.292957e-01 -1.644049e-02 4.902502e-01 1.083107e+00 7.512581e-01 1.806271e-01 1.101954e+00 1.106888e-01
2.176800e+02 -9.096003e-01 1.211221e+00 1.365067e+00 2.591201e+00 5.380938e-01 -5.607505e-02 4.807888e-01 1.083305e+00 7.580194e-01 1.552436e-01 1.144761e+00 7.746973e-02
2.177600e+02 -8.710926e-01 1.215751e+00 1.438480e+00 2.536384e+00 5.518389e-01 -9.078847e-02 4.714202e-01 1.087991e+00 7.628494e-01 1.333620e-01 1.183290e+00 4.671655e-02
2.178400e+02 -8.316419e-01 1.220792e+00 1.492629e+00 2.477154e+00 5.694246e-01 -1.234755e-01 4.626810e-01 1.095430e+00 7.673093e-01 1.131053e-01 1.220247e+00 1.798201e-02
2.179200e+02 -7.993721e-01 1.220612e+00 1.530513e+00 2.445184e+00 5.931274e-01 -1.501552e-01 4.533716e-01 1.112861e+00 7.675989e-01 9.658845e-02 1.250569e+00 -8.484810e-03
2.180000e+02 -7.695672e-01 1.217342e+00 1.546249e+00 2.424781e+00 6.210415e-01 -1.693282e-01 4.435837e-01 1.133245e+00 7.664584e-01 8.278020e-02 1.277315e+00 -3.258684e-02
2.180800e+02 -7.420585e-01 1.211413e+00 1.541113e+00 2.404868e+00 6.521179e-01 -1.804209e-01 4.326086e-01 1.155892e+00 7.637129e-01 7.074332e-02 1.300601e+00 -5.780404e-02
2.181600e+02 -7.181749e-01 1.199446e+00 1.519968e+00 2.392856e+00 6.889191e-01 -1.842757e-01 4.228226e-01 1.189998e+00 7.573549e-01 7.170326e-02 1.317909e+00 -8.372086e-02
2.182400e+02 -6.967237e-01 1.184292e+00 1.480573e+00 2.388871e+00 7.268960e-01 -1.810142e-01 4.150713e-01 1.215560e+00 7.509776e-01 7.992621e-02 1.332002e+00 -1.055862e-01
2.183200e+02 -6.783659e-01 1.164941e+00 1.425060e+00 2.389834e+00 7.668933e-01 -1.690999e-01 4.060664e-01 1.257959e+00 7.399762e-01 8.384194e-02 1.341593e+00 -1.302799e-01
2.184000e+02 -6.610008e-01 1.147466e+00 1.358130e+00 2.384810e+00 8.075416e-01 -1.526016e-01 3.977081e-01 1.298613e+00 7.286071e-01 9.018758e-02 1.348914e+00 -1.493834e-01
2.184800e+02 -6.471961e-01 1.124735e+00 1.282918e+00 2.382879e+00 8.488211e-01 -1.287754e-01 3.876400e-01 1.341190e+00 7.151690e-01 9.946290e-02 1.352845e+00 -1.652262e-01
2.185600e+02 -6.326482e-01 1.098244e+00 1.198684e+00 2.376452e+00 8.900775e-01 -1.028462e-01 3.772794e-01 1.384184e+00 7.011634e-01 1.118354e-01 1.354958e+00 -1.733453e-01
2.186400e+02 -6.114880e-01 1.073091e+00 1.107086e+00 2.329878e+00 9.296992e-01 -7.813320e-02 3.672503e-01 1.423900e+00 6.894035e-01 1.244100e-01 1.359442e+00 -1.806013e-01
2.187200e+02 -5.941926e-01 1.042718e+00 1.017956e+00 2.291403e+00 9.689840e-01 -3.504147e-02 3.532929e-01 1.467832e+00 6.737049e-01 1.412539e-01 1.358189e+00 -1.850979e-01
2.188000e+02 -5.789123e-01 1.003861e+00 9.304481e-01 2.259161e+00 1.007190e+00 8.343182e-03 3.390756e-01 1.516111e+00 6.559524e-01 1.608301e-01 1.353546e+00 -1.867912e-01
2.188800e+02 -5.602411e-01 9.654999e-01 8.425084e-01 2.218249e+00 1.041851e+00 4.658756e-02 3.256961e-01 1.560984e+00 6.392185e-01 1.821869e-01 1.348178e+00 -1.865975e-01
2.189600e+02 -5.422835e-01 9.237362e-01 7.571675e-01 2.172812e+00 1.073816e+00 1.002727e-01 3.092777e-01 1.607372e+00 6.205806e-01 2.099698e-01 1.339164e+00 -1.846991e-01
2.190400e+02 -5.229506e-01 8.740202e-01 6.756401e-01 2.122617e+00 1.099847e+00 1.457442e-01 2.933396e-01 1.653153e+00 6.024580e-01 2.418008e-01 1.328965e+00 -1.803357e-01
2.191200e+02 -5.038738e-01 8.201089e-01 5.995482e-01 2.081651e+00 1.122721e+00 1.922916e-01 2.764750e-01 1.700266e+00 5.829760e-01 2.758505e-01 1.315293e+00 -1.722975e-01
2.192000e+02 -4.828581e-01 7.710031e-01 5.286678e-01 2.034981e+00 1.142378e+00 2.448461e-01 2.571818e-01 1.746649e+00 5.619147e-01 3.107779e-01 1.299319e+00 -1.633737e-01
2.192800e+02 -4.629875e-01 7.176944e-01 4.654139e-01 2.009096e+00 1.160481e+00 2.898344e-01 2.394689e-01 1.807748e+00 5.372747e-01 3.476052e-01 1.280102e+00 -1.507173e-01
2.193600e+02 -4.419782e-01 6.664425e-01 4.086845e-01 1.986877e+00 1.177295e+00 3.284206e-01 2.235776e-01 1.859510e+00 5.134450e-01 3.932255e-01 1.259672e+00 -1.351125e-01
2.194400e+02 -4.204016e-01 6.133280e-01 3.549020e-01 1.955109e+00 1.192001e+00 3.763432e-01 2.057299e-01 1.908475e+00 4.891610e-01 4.435048e-01 1.238526e+00 -1.224289e-01
2.195200e+02 -3.972829e-01 5.610189e-01 3.062453e-01 1.921783e+00 1.201979e+00 4.046878e-01 1.899479e-01 1.954195e+00 4.675797e-01 4.960200e-01 1.217558e+00 -1.047100e-01
2.196000e+02 -3.706105e-01 5.092860e-01 2.640674e-01 1.880854e+00 1.210610e+00 4.256260e-01 1.756371e-01 1.999007e+00 4.471890e-01 5.484435e-01 1.196300e+00 -7.537780e-02
2.196800e+02 -3.427183e-01 4.594576e-01 2.296174e-01 1.837754e+00 1.222213e+00 4.516759e-01 1.619591e-01 2.051759e+00 4.241271e-01 6.082118e-01 1.172186e+00 -4.373541e-02
2.197600e+02 -3.125856e-01 4.072542e-01 2.007854e-01 1.788592e+00 1.234663e+00 4.931998e-01 1.466780e-01 2.096369e+00 4.010528e-01 6.700003e-01 1.147670e+00 4.150209e-04
2.198400e+02 -2.832670e-01 3.620102e-01 1.766477e-01 1.745833e+00 1.247101e+00 5.237583e-01 1.359114e-01 2.136567e+00 3.795764e-01 7.327934e-01 1.122716e+00 4.221289e-02
2.199200e+02 -2.540747e-01 3.154650e-01 1.569572e-01 1.703611e+00 1.260067e+00 5.466409e-01 1.274582e-01 2.173991e+00 3.593532e-01 7.976195e-01 1.097556e+00 8.595549e-02
2.200000e+02 -2.238869e-01 2.695769e-01 1.412280e-01 1.658869e+00 1.274140e+00 5.619609e-01 1.213485e-01 2.207997e+00 3.403830e-01 8.642164e-01 1.072400e+00 1.317465e-01
2.200800e+02 -1.933343e-01 2.207867e-01 1.302978e-01 1.608170e+00 1.290104e+00 6.005782e-01 1.116123e-01 2.242324e+00 3.189524e-01 9.340941e-01 1.045016e+00 1.857827e-01
2.201600e+02 -1.621085e-01 1.724522e-01 1.223824e-01 1.556915e+00 1.306762e+00 6.288877e-01 1.063478e-01 2.271292e+00 2.985061e-01 1.010463e+00 1.019245e+00 2.371054e-01
2.202400e+02 -1.265724e-01 1.236534e-01 1.169740e-01 1.496364e+00 1.322738e+00 6.472567e-01 1.059851e-01 2.296874e+00 2.800785e-01 1.089393e+00 9.956270e-01 2.959456e-01
2.203200e+02 -9.214361e-02 7.696404e-02 1.148980e-01 1.435795e+00 1.339274e+00 6.582466e-01 1.085857e-01 2.318295e+00 2.630090e-01 1.172024e+00 9.711044e-01 3.538247e-01
2.204000e+02 -5.852482e-02 3.159911e-02 1.167197e-01 1.387265e+00 1.355527e+00 6.656793e-01 1.130618e-01 2.336398e+00 2.454572e-01 1.255224e+00 9.460939e-01 4.134981e-01
2.204800e+02 -2.533731e-02 -1.224702e-02 1.201388e-01 1.342402e+00 1.372147e+00 6.699363e-01 1.198576e-01 2.350611e+00 2.278664e-01 1.340055e+00 9.210942e-01 4.750402e-01
2.205600e+02 7.688786e-03 -5.425096e-02 1.242333e-01 1.296952e+00 1.389549e+00 6.713293e-01 1.292829e-01 2.360393e+00 2.104650e-01 1.426391e+00 8.966302e-01 5.373483e-01
2.206400e+02 4.068272e-02 -9.477528e-02 1.289307e-01 1.253345e+00 1.407939e+00 6.712631e-01 1.413704e-01 2.365912e+00 1.930583e-01 1.514516e+00 8.727274e-01 6.014871e-01
2.207200e+02 7.282284e-02 -1.339875e-01 1.331245e-01 1.210836e+00 1.425809e+00 6.864240e-01 1.522382e-01 2.353517e+00 1.761524e-01 1.606653e+00 8.490414e-01 6.679638e-01
2.208000e+02 1.063593e-01 -1.721994e-01 1.373001e-01 1.171475e+00 1.448256e+00 6.900883e-01 1.687584e-01 2.338187e+00 1.591379e-01 1.700122e+00 8.270367e-01 7.413381e-01
2.208800e+02 1.393846e-01 -2.086327e-01 1.397737e-01 1.135563e+00 1.469946e+00 6.969461e-01 1.880147e-01 2.313016e+00 1.426009e-01 1.795572e+00 8.072161e-01 8.133023e-01
2.209600e+02 1.726915e-01 -2.467032e-01 1.421094e-01 1.098893e+00 1.493915e+00 7.239638e-01 2.058668e-01 2.285952e+00 1.226950e-01 1.893399e+00 7.863124e-01 8.902932e-01
2.210400e+02 2.058627e-01 -2.782949e-01 1.425981e-01 1.067163e+00 1.519783e+00 7.458421e-01 2.284403e-01 2.253867e+00 1.022930e-01 1.991393e+00 7.661227e-01 9.645887e-01
2.211200e+02 2.392025e-01 -3.133011e-01 1.409445e-01 1.038561e+00 1.547113e+00 7.684749e-01 2.548576e-01 2.218141e+00 8.122836e-02 2.090527e+00 7.483899e-01 1.042770e+00
2.212000e+02 2.720973e-01 -3.473479e-01 1.367477e-01 1.012877e+00 1.575262e+00 7.932378e-01 2.843434e-01 2.178668e+00 5.875033e-02 2.189825e+00 7.328995e-01 1.119281e+00
2.212800e+02 3.059005e-01 -3.751107e-01 1.306360e-01 9.918713e-01 1.602400e+00 8.228019e-01 3.167906e-01 2.123650e+00 3.641466e-02 2.291777e+00 7.184844e-01 1.202569e+00
2.213600e+02 3.402668e-01 -3.979918e-01 1.229245e-01 9.745330e-01 1.629925e+00 8.539963e-01 3.526831e-01 2.068932e+00 1.164188e-02 2.392917e+00 7.043373e-01 1.284465e+00
2.214400e+02 3.748966e-01 -4.217036e-01 1.132368e-01 9.596629e-01 1.657166e+00 8.919549e-01 3.933376e-01 2.012580e+00 -1.523853e-02 2.499708e+00 6.916075e-01 1.365561e+00
2.215200e+02 4.106467e-01 -4.450432e-01 9.974387e-02 9.469131e-01 1.681288e+00 9.320745e-01 4.370432e-01 1.943233e+00 -4.086705e-02 2.603169e+00 6.823662e-01 1.449130e+00
2.216000e+02 4.473345e-01 -4.596011e-01 8.561532e-02 9.398634e-01 1.704826e+00 9.758194e-01 4.824858e-01 1.874882e+00 -6.935527e-02 2.705461e+00 6.740300e-01 1.534540e+00
2.216800e+02 4.832207e-01 -4.762877e-01 6.842582e-02 9.362320e-01 1.726098e+00 1.025965e+00 5.301265e-01 1.797461e+00 -9.866098e-02 2.806048e+00 6.682340e-01 1.621583e+00
2.217600e+02 5.193150e-01 -4.867168e-01 5.006297e-02 9.354718e-01 1.747706e+00 1.080109e+00 5.804074e-01 1.722045e+00 -1.312291e-01 2.904154e+00 6.633097e-01 1.710104e+00
2.218400e+02 5.555354e-01 -4.950467e-01 2.983247e-02 9.384389e-01 1.767696e+00 1.134542e+00 6.347269e-01 1.647156e+00 -1.658354e-01 2.998280e+00 6.606800e-01 1.799741e+00
2.219200e+02 5.915154e-01 -5.006154e-01 8.685554e-03 9.435150e-01 1.786459e+00 1.194065e+00 6.935461e-01 1.574987e+00 -2.028445e-01 3.092900e+00 6.596705e-01 1.890346e+00
2.220000e+02 6.287608e-01 -5.027678e-01 -1.273117e-02 9.520917e-01 1.803655e+00 1.253588e+00 7.563232e-01 1.505891e+00 -2.420742e-01 3.180489e+00 6.610327e-01 1.991083e+00
2.220800e+02 6.622970e-01 -4.950263e-01 -3.623826e-02 9.677198e-01 1.817031e+00 1.312750e+00 8.215695e-01 1.436671e+00 -2.817440e-01 3.259780e+00 6.641275e-01 2.080859e+00
2.221600e+02 6.960675e-01 -4.893555e-01 -5.943773e-02 9.839108e-01 1.828504e+00 1.372410e+00 8.893731e-01 1.372053e+00 -3.219273e-01 3.334158e+00 6.699202e-01 2.182352e+00
2.222400e+02 7.272786e-01 -4.784833e-01 -8.281468e-02 1.000337e+00 1.837285e+00 1.442761e+00 9.563711e-01 1.309067e+00 -3.622800e-01 3.401319e+00 6.755786e-01 2.281082e+00
2.223200e+02 7.571294e-01 -4.591615e-01 -1.042554e-01 1.019187e+00 1.843159e+00 1.507505e+00 1.029617e+00 1.254166e+00 -4.006990e-01 3.473035e+00 6.826991e-01 2.376548e+00
2.224000e+02 7.830421e-01 -4.438012e-01 -1.265625e-01 1.039471e+00 1.844451e+00 1.576151e+00 1.100541e+00 1.199376e+00 -4.354012e-01 3.528980e+00 6.920606e-01 2.470392e+00
2.224800e+02 8.067606e-01 -4.221510e-01 -1.459851e-01 1.058807e+00 1.843263e+00 1.637545e+00 1.174939e+00 1.163670e+00 -4.699154e-01 3.572983e+00 7.011945e-01 2.561000e+00
2.225600e+02 8.281626e-01 -3.962347e-01 -1.627606e-01 1.077980e+00 1.838369e+00 1.690848e+00 1.247718e+00 1.137649e+00 -5.009697e-01 3.607114e+00 7.098435e-01 2.649145e+00
2.226400e+02 8.482486e-01 -3.689449e-01 -1.749303e-01 1.093678e+00 1.830496e+00 1.750218e+00 1.317000e+00 1.124021e+00 -5.300363e-01 3.632121e+00 7.151292e-01 2.739005e+00
2.227200e+02 8.679418e-01 -3.381311e-01 -1.824236e-01 1.100476e+00 1.816437e+00 1.795357e+00 1.384902e+00 1.120067e+00 -5.537386e-01 3.645722e+00 7.166719e-01 2.822680e+00
2.228000e+02 8.902089e-01 -3.010982e-01 -1.838940e-01 1.080935e+00 1.795428e+00 1.839097e+00 1.448774e+00 1.118160e+00 -5.689949e-01 3.649199e+00 7.153199e-01 2.903875e+00
2.228800e+02 9.100549e-01 -2.585876e-01 -1.764424e-01 1.060237e+00 1.772001e+00 1.877565e+00 1.505760e+00 1.130343e+00 -5.788661e-01 3.641959e+00 7.056095e-01 2.975076e+00
2.229600e+02 9.324942e-01 -2.127687e-01 -1.591271e-01 1.031510e+00 1.742312e+00 1.911751e+00 1.558369e+00 1.139936e+00 -5.792138e-01 3.627995e+00 6.905908e-01 3.051999e+00
2.230400e+02 9.594156e-01 -1.660574e-01 -1.301716e-01 9.788217e-01 1.708274e+00 1.938903e+00 1.605837e+00 1.162734e+00 -5.719781e-01 3.598840e+00 6.671442e-01 3.128054e+00
2.231200e+02 9.905967e-01 -1.114265e-01 -8.525676e-02 9.158544e-01 1.669759e+00 1.957046e+00 1.648890e+00 1.196454e+00 -5.555723e-01 3.559682e+00 6.331988e-01 3.209614e+00
2.232000e+02 1.027014e+00 -5.956357e-02 -2.531053e-02 8.415624e-01 1.628501e+00 1.959840e+00 1.688134e+00 1.240424e+00 -5.280706e-01 3.519216e+00 5.900188e-01 3.296004e+00
2.232800e+02 1.066404e+00 6.474754e-03 4.943969e-02 7.553884e-01 1.584235e+00 1.948315e+00 1.718324e+00 1.292942e+00 -4.918306e-01 3.454754e+00 5.357269e-01 3.388246e+00
2.233600e+02 1.116720e+00 7.689836e-02 1.398769e-01 6.477931e-01 1.538278e+00 1.888278e+00 1.750993e+00 1.349659e+00 -4.405281e-01 3.391502e+00 4.759984e-01 3.496681e+00
2.234400e+02 1.172717e+00 1.456502e-01 2.450302e-01 5.212684e-01 1.492135e+00 1.835554e+00 1.768517e+00 1.417897e+00 -3.821315e-01 3.326395e+00 4.068063e-01 3.609901e+00
2.235200e+02 1.230195e+00 2.202207e-01 3.586467e-01 3.909631e-01 1.447034e+00 1.788433e+00 1.773976e+00 1.492209e+00 -3.147231e-01 3.238049e+00 3.300674e-01 3.736438e+00
2.236000e+02 1.287324e+00 3.028085e-01 4.861906e-01 2.645087e-01 1.408270e+00 1.742927e+00 1.769124e+00 1.579816e+00 -2.430861e-01 3.153935e+00 2.424278e-01 3.859584e+00
2.236800e+02 1.343803e+00 3.868817e-01 6.241637e-01 1.506499e-01 1.373674e+00 1.690292e+00 1.754727e+00 1.662580e+00 -1.623339e-01 3.068169e+00 1.472758e-01 3.991290e+00
2.237600e+02 1.402379e+00 4.768437e-01 7.712094e-01 2.554324e-02 1.344705e+00 1.611768e+00 1.733727e+00 1.751140e+00 -7.106482e-02 2.974788e+00 5.000372e-02 4.128417e+00
2.238400e+02 1.456061e+00 5.704730e-01 9.338001e-01 -7.886743e-02 1.320903e+00 1.542673e+00 1.699494e+00 1.839660e+00 2.470106e-02 2.886206e+00 -5.849350e-02 4.268567e+00
2.239200e+02 1.508558e+00 6.653150e-01 1.103949e+00 -1.717441e-01 1.301698e+00 1.460282e+00 1.656796e+00 1.922090e+00 1.285674e-01 2.792011e+00 -1.720009e-01 4.417615e+00
2.240000e+02 1.559559e+00 7.500950e-01 1.279233e+00 -2.330592e-01 1.292351e+00 1.362472e+00 1.610417e+00 2.000507e+00 2.395568e-01 2.713117e+00 -2.914506e-01 4.570091e+00
2.240800e+02 1.601187e+00 8.316522e-01 1.458099e+00 -2.364261e-01 1.293759e+00 1.283115e+00 1.551121e+00 2.079193e+00 3.484581e-01 2.642388e+00 -4.254483e-01 4.715375e+00
2.241600e+02 1.644723e+00 9.151502e-01 1.621853e+00 -2.073811e-01 1.304083e+00 1.212023e+00 1.486567e+00 2.150006e+00 4.575374e-01 2.586445e+00 -5.654490e-01 4.862524e+00
2.242400e+02 1.683701e+00 9.959114e-01 1.760988e+00 -1.087937e-01 1.329042e+00 1.139797e+00 1.418853e+00 2.240614e+00 5.570911e-01 2.542919e+00 -7.163973e-01 4.994534e+00
2.243200e+02 1.727592e+00 1.094667e+00 1.860612e+00 2.116784e-02 1.359842e+00 1.064986e+00 1.352362e+00 2.305796e+00 6.563258e-01 2.509020e+00 -8.676052e-01 5.107264e+00
2.244000e+02 1.775298e+00 1.195135e+00 1.910280e+00 1.944201e-01 1.401569e+00 9.845433e-01 1.286624e+00 2.376514e+00 7.469675e-01 2.484484e+00 -1.019155e+00 5.202230e+00
2.244800e+02 1.830372e+00 1.266673e+00 1.917689e+00 4.100775e-01 1.454017e+00 8.928436e-01 1.227566e+00 2.433687e+00 8.316586e-01 2.487403e+00 -1.165951e+00 5.301986e+00
2.245600e+02 1.897498e+00 1.335319e+00 1.893681e+00 6.353194e-01 1.514580e+00 8.044483e-01 1.171689e+00 2.477815e+00 9.059867e-01 2.501413e+00 -1.312064e+00 5.399917e+00
2.246400e+02 1.968659e+00 1.356048e+00 1.841911e+00 8.900732e-01 1.587136e+00 7.327081e-01 1.117555e+00 2.520122e+00 9.629008e-01 2.526580e+00 -1.453355e+00 5.482767e+00
2.247200e+02 2.043127e+00 1.358019e+00 1.771970e+00 1.141708e+00 1.669725e+00 6.536194e-01 1.071572e+00 2.546251e+00 1.008109e+00 2.557107e+00 -1.584204e+00 5.534657e+00
2.248000e+02 2.123118e+00 1.320057e+00 1.682850e+00 1.348282e+00 1.758856e+00 5.691370e-01 1.035248e+00 2.559596e+00 1.042521e+00 2.591778e+00 -1.701906e+00 5.566304e+00
2.248800e+02 2.191489e+00 1.250836e+00 1.586003e+00 1.547083e+00 1.853369e+00 4.963265e-01 1.002301e+00 2.565917e+00 1.058380e+00 2.628037e+00 -1.809617e+00 5.539008e+00
2.249600e+02 2.245994e+00 1.165296e+00 1.494512e+00 1.749185e+00 1.949407e+00 4.377118e-01 9.736596e-01 2.565235e+00 1.056616e+00 2.657601e+00 -1.910471e+00 5.487119e+00
2.250400e+02 2.295947e+00 1.052659e+00 1.409788e+00 1.875635e+00 2.045589e+00 3.893102e-01 9.559156e-01 2.549684e+00 1.048720e+00 2.689044e+00 -1.986652e+00 5.434364e+00
2.251200e+02 2.326389e+00 9.479409e-01 1.347966e+00 2.020141e+00 2.135671e+00 3.361232e-01 9.550949e-01 2.527166e+00 1.030477e+00 2.730478e+00 -2.051760e+00 5.388511e+00
2.252000e+02 2.349098e+00 8.170652e-01 1.290526e+00 2.134084e+00 2.215794e+00 2.922505e-01 9.610797e-01 2.491772e+00 1.005782e+00 2.765260e+00 -2.091195e+00 5.342680e+00
2.252800e+02 2.358637e+00 7.376395e-01 1.249456e+00 2.273202e+00 2.281916e+00 2.614358e-01 9.747105e-01 2.441899e+00 9.709533e-01 2.796121e+00 -2.121381e+00 5.267707e+00
2.253600e+02 2.354499e+00 6.863374e-01 1.230649e+00 2.453766e+00 2.340840e+00 2.460489e-01 9.956630e-01 2.393485e+00 9.283370e-01 2.827411e+00 -2.133654e+00 5.200639e+00
2.254400e+02 2.343511e+00 6.712925e-01 1.230463e+00 2.644803e+00 2.389735e+00 2.380693e-01 1.024213e+00 2.339066e+00 8.829446e-01 2.853786e+00 -2.126107e+00 5.137479e+00
2.255200e+02 2.335924e+00 6.991701e-01 1.256852e+00 2.791819e+00 2.428610e+00 2.355870e-01 1.059552e+00 2.279542e+00 8.373737e-01 2.873225e+00 -2.098618e+00 5.075499e+00
2.256000e+02 2.326357e+00 7.692934e-01 1.318356e+00 2.922733e+00 2.457344e+00 2.536403e-01 1.095772e+00 2.218993e+00 7.861073e-01 2.892367e+00 -2.063755e+00 4.982320e+00
2.256800e+02 2.334753e+00 8.958576e-01 1.421201e+00 2.964727e+00 2.477412e+00 2.741665e-01 1.136912e+00 2.156575e+00 7.391479e-01 2.900625e+00 -2.012810e+00 4.888531e+00
2.257600e+02 2.336156e+00 1.057015e+00 1.558502e+00 3.074324e+00 2.493685e+00 3.467072e-01 1.167855e+00 2.120363e+00 6.770593e-01 2.907530e+00 -1.973741e+00 4.782274e+00
2.258400e+02 2.363742e+00 1.328288e+00 1.699820e+00 3.129861e+00 2.497669e+00 4.171808e-01 1.203013e+00 2.084685e+00 6.215561e-01 2.898922e+00 -1.918296e+00 4.663871e+00
2.259200e+02 2.415767e+00 1.688897e+00 1.841415e+00 3.098732e+00 2.487769e+00 4.930245e-01 1.235124e+00 2.052212e+00 5.728728e-01 2.879161e+00 -1.852328e+00 4.540530e+00
2.260000e+02 2.483274e+00 2.006057e+00 1.938586e+00 3.063057e+00 2.457139e+00 5.778136e-01 1.258240e+00 2.019734e+00 5.305758e-01 2.839254e+00 -1.765121e+00 4.383180e+00
2.260800e+02 2.587276e+00 2.159942e+00 1.990201e+00 2.973447e+00 2.408063e+00 6.585899e-01 1.276858e+00 1.984654e+00 4.995776e-01 2.789305e+00 -1.652770e+00 4.222514e+00
2.261600e+02 2.717351e+00 2.162928e+00 1.994320e+00 2.829415e+00 2.340173e+00 7.365956e-01 1.284964e+00 1.949451e+00 4.787630e-01 2.711347e+00 -1.523770e+00 4.041755e+00
2.262400e+02 2.861327e+00 2.104512e+00 1.975063e+00 2.652474e+00 2.260968e+00 8.197256e-01 1.283684e+00 1.916130e+00 4.635021e-01 2.634900e+00 -1.389376e+00 3.848437e+00
2.263200e+02 3.019270e+00 1.967133e+00 1.927287e+00 2.417128e+00 2.169031e+00 8.847619e-01 1.278319e+00 1.878139e+00 4.611660e-01 2.545884e+00 -1.230264e+00 3.658628e+00
2.264000e+02 3.177431e+00 1.824743e+00 1.880149e+00 2.142861e+00 2.066688e+00 9.274992e-01 1.266725e+00 1.834724e+00 4.685672e-01 2.428201e+00 -1.064624e+00 3.495489e+00
2.264800e+02 3.323003e+00 1.653417e+00 1.836881e+00 1.835669e+00 1.959494e+00 9.601489e-01 1.246550e+00 1.799444e+00 4.855871e-01 2.303628e+00 -8.925820e-01 3.327029e+00
2.265600e+02 3.424222e+00 1.444334e+00 1.804170e+00 1.608382e+00 1.853226e+00 1.014579e+00 1.214310e+00 1.775366e+00 5.024486e-01 2.186474e+00 -7.248028e-01 3.169927e+00
2.266400e+02 3.483362e+00 1.314243e+00 1.774567e+00 1.407697e+00 1.749331e+00 1.040391e+00 1.183255e+00 1.752041e+00 5.270670e-01 2.068792e+00 -5.644391e-01 3.012312e+00
2.267200e+02 3.493329e+00 1.231036e+00 1.740330e+00 1.255347e+00 1.649154e+00 1.081784e+00 1.137103e+00 1.733472e+00 5.502435e-01 1.944935e+00 -4.168988e-01 2.844361e+00
2.268000e+02 3.464279e+00 1.180247e+00 1.685752e+00 1.127811e+00 1.548269e+00 1.110358e+00 1.085795e+00 1.707498e+00 5.789626e-01 1.811226e+00 -2.742758e-01 2.678384e+00
2.268800e+02 3.394765e+00 1.181464e+00 1.626659e+00 1.047117e+00 1.454102e+00 1.159935e+00 1.028567e+00 1.688951e+00 6.046189e-01 1.702401e+00 -1.458799e-01 2.527233e+00
2.269600e+02 3.300278e+00 1.234055e+00 1.554804e+00 9.876456e-01 1.367885e+00 1.209186e+00 9.703877e-01 1.672973e+00 6.314214e-01 1.598046e+00 -2.446382e-02 2.394403e+00
2.270400e+02 3.181396e+00 1.301480e+00 1.472977e+00 9.432495e-01 1.286352e+00 1.262652e+00 9.111448e-01 1.654314e+00 6.582530e-01 1.502258e+00 9.339391e-02 2.268886e+00
2.271200e+02 3.049640e+00 1.392462e+00 1.381553e+00 8.850995e-01 1.211145e+00 1.312803e+00 8.535915e-01 1.632679e+00 6.845147e-01 1.416996e+00 2.071822e-01 2.161244e+00
2.272000e+02 2.904888e+00 1.486924e+00 1.292967e+00 8.390271e-01 1.144587e+00 1.366208e+00 7.978083e-01 1.612705e+00 7.055501e-01 1.352215e+00 3.114308e-01 2.063322e+00
2.272800e+02 2.747357e+00 1.579128e+00 1.209138e+00 8.067826e-01 1.084040e+00 1.405401e+00 7.465878e-01 1.599182e+00 7.214301e-01 1.291709e+00 4.060263e-01 1.948246e+00
2.273600e+02 2.594653e+00 1.666062e+00 1.136222e+00 7.409522e-01 1.024727e+00 1.443032e+00 6.970437e-01 1.578319e+00 7.360028e-01 1.228852e+00 4.983576e-01 1.854645e+00
2.274400e+02 2.443197e+00 1.766347e+00 1.090340e+00 7.012772e-01 9.750207e-01 1.496136e+00 6.481399e-01 1.563633e+00 7.399189e-01 1.188163e+00 5.723148e-01 1.776260e+00
2.275200e+02 2.303157e+00 1.838450e+00 1.056237e+00 6.583515e-01 9.290913e-01 1.542829e+00 6.049794e-01 1.538593e+00 7.427575e-01 1.150515e+00 6.469606e-01 1.704841e+00
2.276000e+02 2.177566e+00 1.915897e+00 1.044915e+00 6.125174e-01 8.865305e-01 1.579273e+00 5.684868e-01 1.505867e+00 7.413410e-01 1.115784e+00 7.116542e-01 1.635105e+00
2.276800e+02 2.065450e+00 1.930453e+00 1.045848e+00 5.703884e-01 8.471461e-01 1.616558e+00 5.376369e-01 1.474292e+00 7.385435e-01 1.095321e+00 7.800943e-01 1.570911e+00
2.277600e+02 1.959677e+00 1.885402e+00 1.061151e+00 5.431964e-01 8.112528e-01 1.657864e+00 5.088488e-01 1.439408e+00 7.311251e-01 1.073559e+00 8.449284e-01 1.516864e+00
2.278400e+02 1.855918e+00 1.807221e+00 1.090442e+00 5.313421e-01 7.770255e-01 1.706028e+00 4.827727e-01 1.401345e+00 7.196060e-01 1.055138e+00 9.027809e-01 1.467614e+00
2.279200e+02 1.748493e+00 1.700467e+00 1.127734e+00 5.409530e-01 7.417685e-01 1.754528e+00 4.628507e-01 1.359511e+00 7.065009e-01 1.045422e+00 9.563253e-01 1.424587e+00
2.280000e+02 1.627644e+00 1.626283e+00 1.176551e+00 5.713634e-01 7.064047e-01 1.803710e+00 4.463405e-01 1.321263e+00 6.875651e-01 1.036297e+00 9.931093e-01 1.375072e+00
2.280800e+02 1.493404e+00 1.455283e+00 1.194371e+00 6.094935e-01 6.570727e-01 1.844596e+00 4.335793e-01 1.252098e+00 6.788980e-01 1.020681e+00 1.044861e+00 1.330007e+00
2.281600e+02 1.352775e+00 1.347879e+00 1.211424e+00 6.565768e-01 6.100582e-01 1.889860e+00 4.238952e-01 1.202663e+00 6.616273e-01 1.015706e+00 1.077749e+00 1.286979e+00
2.282400e+02 1.199236e+00 1.247917e+00 1.214057e+00 7.077820e-01 5.589784e-01 1.943782e+00 4.153835e-01 1.150542e+00 6.426373e-01 1.007734e+00 1.106012e+00 1.241533e+00
2.283200e+02 1.036807e+00 1.134953e+00 1.199797e+00 7.570459e-01 5.030449e-01 1.994192e+00 4.127273e-01 1.095111e+00 6.267402e-01 9.996264e-01 1.135157e+00 1.210915e+00
2.284000e+02 8.667136e-01 1.029120e+00 1.176733e+00 8.152983e-01 4.431110e-01 2.071863e+00 4.052395e-01 1.044044e+00 6.056202e-01 9.908333e-01 1.152354e+00 1.181291e+00
2.284800e+02 7.010736e-01 9.613075e-01 1.153351e+00 8.644581e-01 3.798163e-01 2.157118e+00 4.027141e-01 9.949391e-01 5.843703e-01 9.864357e-01 1.158473e+00 1.163241e+00
2.285600e+02 5.427340e-01 8.927812e-01 1.125523e+00 9.065237e-01 3.077405e-01 2.244327e+00 4.029680e-01 9.452633e-01 5.648882e-01 9.804421e-01 1.159916e+00 1.141183e+00
2.286400e+02 3.954386e-01 8.377957e-01 1.099041e+00 9.468512e-01 2.271803e-01 2.317274e+00 4.083864e-01 8.980058e-01 5.475734e-01 9.741822e-01 1.154839e+00 1.123494e+00
2.287200e+02 2.622421e-01 7.853688e-01 1.073476e+00 9.828869e-01 1.360049e-01 2.378989e+00 4.173728e-01 8.506127e-01 5.328529e-01 9.701465e-01 1.144901e+00 1.114091e+00
2.288000e+02 1.443846e-01 7.319857e-01 1.047183e+00 1.016973e+00 3.733404e-02 2.429451e+00 4.300048e-01 8.118333e-01 5.198052e-01 9.657363e-01 1.130260e+00 1.109685e+00
2.288800e+02 4.073410e-02 6.892044e-01 1.022055e+00 1.049369e+00 -7.071881e-02 2.487424e+00 4.431336e-01 7.727055e-01 5.078165e-01 9.628881e-01 1.109562e+00 1.112203e+00
2.289600e+02 -5.119215e-02 6.289671e-01 9.889016e-01 1.075181e+00 -1.883144e-01 2.561198e+00 4.549015e-01 7.334760e-01 4.970909e-01 9.563909e-01 1.087091e+00 1.110212e+00
2.290400e+02 -1.287805e-01 5.802843e-01 9.495558e-01 1.099764e+00 -3.124870e-01 2.638212e+00 4.687446e-01 6.949167e-01 4.880153e-01 9.490073e-01 1.059379e+00 1.110464e+00
2.291200e+02 -1.950638e-01 5.414966e-01 9.026909e-01 1.124278e+00 -4.426127e-01 2.722464e+00 4.848423e-01 6.556819e-01 4.808519e-01 9.411873e-01 1.026477e+00 1.112740e+00
2.292000e+02 -2.521362e-01 5.037128e-01 8.455671e-01 1.147979e+00 -5.775123e-01 2.819961e+00 5.024654e-01 6.192106e-01 4.752374e-01 9.317384e-01 9.901428e-01 1.115517e+00
2.292800e+02 -3.005715e-01 4.704546e-01 7.796163e-01 1.172208e+00 -7.147584e-01 2.923981e+00 5.237574e-01 5.840339e-01 4.717299e-01 9.222135e-01 9.504390e-01 1.124656e+00
2.293600e+02 -3.399804e-01 4.452399e-01 7.054852e-01 1.179658e+00 -8.539007e-01 3.037879e+00 5.484352e-01 5.491371e-01 4.714577e-01 9.116955e-01 9.089751e-01 1.137778e+00
2.294400e+02 -3.796049e-01 4.222248e-01 6.265239e-01 1.198798e+00 -9.926305e-01 3.159876e+00 5.757934e-01 5.160160e-01 4.720195e-01 9.004112e-01 8.633882e-01 1.144354e+00
2.295200e+02 -4.138359e-01 4.013666e-01 5.476675e-01 1.199191e+00 -1.134835e+00 3.289438e+00 6.063123e-01 4.757125e-01 4.758391e-01 8.887146e-01 8.177182e-01 1.155693e+00
2.296000e+02 -4.489275e-01 3.905705e-01 4.719313e-01 1.201905e+00 -1.278442e+00 3.394876e+00 6.447916e-01 4.432305e-01 4.826041e-01 8.766320e-01 7.700408e-01 1.157898e+00
2.296800e+02 -4.857142e-01 3.772563e-01 4.037591e-01 1.210082e+00 -1.420280e+00 3.499626e+00 6.850761e-01 4.180082e-01 4.875995e-01 8.651102e-01 7.189465e-01 1.166003e+00
2.297600e+02 -5.202113e-01 3.752679e-01 3.435959e-01 1.215802e+00 -1.559081e+00 3.560709e+00 7.355343e-01 3.934249e-01 4.968360e-01 8.525824e-01 6.678474e-01 1.176333e+00
2.298400e+02 -5.575601e-01 3.725936e-01 2.900638e-01 1.237017e+00 -1.697712e+00 3.594514e+00 7.921350e-01 3.746879e-01 5.072415e-01 8.424912e-01 6.144441e-01 1.187506e+00
2.299200e+02 -5.963602e-01 3.707428e-01 2.457235e-01 1.247575e+00 -1.837007e+00 3.623652e+00 8.491387e-01 3.638641e-01 5.162604e-01 8.310949e-01 5.581077e-01 1.197476e+00
2.300000e+02 -6.308714e-01 3.664696e-01 2.044723e-01 1.246615e+00 -1.978626e+00 3.604233e+00 9.165072e-01 3.540041e-01 5.317121e-01 8.125106e-01 5.075977e-01 1.209810e+00
2.300800e+02 -6.653399e-01 3.623317e-01 1.697252e-01 1.251540e+00 -2.124897e+00 3.576737e+00 9.848263e-01 3.517027e-01 5.472092e-01 7.958335e-01 4.557448e-01 1.222686e+00
2.301600e+02 -6.974253e-01 3.557340e-01 1.377009e-01 1.263463e+00 -2.278496e+00 3.535050e+00 1.055231e+00 3.521776e-01 5.660078e-01 7.785637e-01 4.060891e-01 1.236087e+00
2.302400e+02 -7.250585e-01 3.430153e-01 1.085139e-01 1.270103e+00 -2.436354e+00 3.482451e+00 1.126467e+00 3.653682e-01 5.873214e-01 7.592063e-01 3.599408e-01 1.248776e+00
2.303200e+02 -7.430010e-01 3.401711e-01 7.682720e-02 1.296617e+00 -2.596857e+00 3.318755e+00 1.214430e+00 3.696987e-01 6.252528e-01 7.360416e-01 3.280287e-01 1.258763e+00
2.304000e+02 -7.571349e-01 3.269750e-01 5.249314e-02 1.313120e+00 -2.738811e+00 3.194646e+00 1.285477e+00 3.949776e-01 6.570231e-01 7.144966e-01 2.945993e-01 1.272088e+00
2.304800e+02 -7.652439e-01 3.091387e-01 3.021026e-02 1.334080e+00 -2.856195e+00 3.084793e+00 1.348950e+00 4.243152e-01 6.899706e-01 6.918649e-01 2.643881e-01 1.284258e+00
2.305600e+02 -7.646002e-01 2.948289e-01 5.813527e-03 1.374618e+00 -2.941016e+00 2.926467e+00 1.413589e+00 4.420939e-01 7.334125e-01 6.636393e-01 2.440889e-01 1.298815e+00
2.306400e+02 -7.571573e-01 2.715193e-01 -1.373720e-02 1.406278e+00 -2.976237e+00 2.796442e+00 1.465645e+00 4.742141e-01 7.739241e-01 6.413712e-01 2.253722e-01 1.314538e+00
2.307200e+02 -7.443840e-01 2.469932e-01 -3.513941e-02 1.443331e+00 -2.963350e+00 2.675846e+00 1.509420e+00 5.036762e-01 8.183662e-01 6.119268e-01 2.129580e-01 1.320504e+00
2.308000e+02 -7.247945e-01 2.214065e-01 -5.514216e-02 1.479747e+00 -2.902723e+00 2.578143e+00 1.538809e+00 5.365227e-01 8.623814e-01 5.712298e-01 2.044955e-01 1.332081e+00
2.308800e+02 -6.968160e-01 1.958571e-01 -7.435999e-02 1.512265e+00 -2.810265e+00 2.503571e+00 1.557654e+00 5.630363e-01 9.098579e-01 5.362756e-01 2.017493e-01 1.342676e+00
2.309600e+02 -6.586405e-01 1.731452e-01 -9.434516e-02 1.558708e+00 -2.686325e+00 2.369093e+00 1.581954e+00 5.758494e-01 9.678383e-01 5.090643e-01 2.099151e-01 1.355671e+00
2.310400e+02 -6.140342e-01 1.443274e-01 -1.129330e-01 1.601736e+00 -2.523914e+00 2.225762e+00 1.593117e+00 5.949920e-01 1.023459e+00 4.735823e-01 2.219521e-01 1.369080e+00
2.311200e+02 -5.618190e-01 1.115682e-01 -1.285379e-01 1.636684e+00 -2.333616e+00 2.111752e+00 1.593515e+00 6.141574e-01 1.076538e+00 4.459600e-01 2.364709e-01 1.380832e+00
2.312000e+02 -4.988375e-01 8.188378e-02 -1.452310e-01 1.683151e+00 -2.122742e+00 1.948801e+00 1.600703e+00 6.252397e-01 1.136870e+00 4.204246e-01 2.618490e-01 1.393536e+00
2.312800e+02 -4.331299e-01 5.069638e-02 -1.590504e-01 1.716023e+00 -1.881843e+00 1.833408e+00 1.592000e+00 6.440566e-01 1.188153e+00 3.976667e-01 2.848384e-01 1.390500e+00
2.313600e+02 -3.558041e-01 2.038917e-02 -1.734877e-01 1.717165e+00 -1.611893e+00 1.722833e+00 1.578862e+00 6.623428e-01 1.237457e+00 3.633214e-01 3.131496e-01 1.395335e+00
2.314400e+02 -2.725794e-01 -9.598213e-03 -1.871252e-01 1.727150e+00 -1.318753e+00 1.585005e+00 1.566305e+00 6.776481e-01 1.285594e+00 3.280259e-01 3.458680e-01 1.394413e+00
2.315200e+02 -1.832003e-01 -4.544281e-02 -1.967164e-01 1.730778e+00 -1.002480e+00 1.467239e+00 1.548660e+00 6.962577e-01 1.328774e+00 3.071889e-01 3.798020e-01 1.392778e+00
2.316000e+02 -8.895285e-02 -9.003962e-02 -2.040628e-01 1.724031e+00 -6.751459e-01 1.389656e+00 1.523567e+00 7.230732e-01 1.364312e+00 2.915892e-01 4.131749e-01 1.388296e+00
2.316800e+02 1.055310e-02 -1.449372e-01 -2.092279e-01 1.707929e+00 -3.444747e-01 1.335647e+00 1.495153e+00 7.583391e-01 1.392334e+00 2.898744e-01 4.468704e-01 1.378478e+00
2.317600e+02 1.159563e-01 -1.951439e-01 -2.136726e-01 1.690598e+00 -2.610573e-02 1.247856e+00 1.468340e+00 7.901754e-01 1.417847e+00 2.825332e-01 4.839815e-01 1.360916e+00
2.318400e+02 2.251343e-01 -2.563053e-01 -2.115986e-01 1.656500e+00 2.799513e-01 1.177893e+00 1.432020e+00 8.435621e-01 1.431245e+00 2.785640e-01 5.174649e-01 1.343069e+00
2.319200e+02 3.357874e-01 -3.233995e-01 -2.055374e-01 1.613152e+00 5.652099e-01 1.122160e+00 1.387881e+00 9.082757e-01 1.434154e+00 2.739290e-01 5.486760e-01 1.315711e+00
2.320000e+02 4.491531e-01 -3.897512e-01 -1.929425e-01 1.562110e+00 8.210217e-01 1.071861e+00 1.339814e+00 9.797371e-01 1.429919e+00 2.722448e-01 5.768726e-01 1.291012e+00
2.320800e+02 5.643450e-01 -4.650825e-01 -1.758367e-01 1.500162e+00 1.049084e+00 1.036640e+00 1.285447e+00 1.058381e+00 1.418362e+00 2.729745e-01 6.047510e-01 1.266459e+00
2.321600e+02 6.793440e-01 -5.414925e-01 -1.526743e-01 1.443699e+00 1.246078e+00 1.012331e+00 1.228042e+00 1.146074e+00 1.398928e+00 2.777358e-01 6.293308e-01 1.244045e+00
2.322400e+02 7.893240e-01 -6.222058e-01 -1.255166e-01 1.409122e+00 1.414443e+00 9.813176e-01 1.169785e+00 1.240238e+00 1.373191e+00 2.837154e-01 6.512595e-01 1.213517e+00
2.323200e+02 9.028815e-01 -7.123183e-01 -9.578372e-02 1.352427e+00 1.555708e+00 9.606015e-01 1.110770e+00 1.341086e+00 1.344083e+00 2.932303e-01 6.767582e-01 1.186681e+00
2.324000e+02 1.017028e+00 -8.024617e-01 -6.169261e-02 1.288561e+00 1.671086e+00 9.362987e-01 1.053486e+00 1.454694e+00 1.310009e+00 3.069232e-01 7.011508e-01 1.164679e+00
2.324800e+02 1.128180e+00 -9.001826e-01 -2.354556e-02 1.216418e+00 1.759743e+00 9.256368e-01 9.928448e-01 1.583989e+00 1.268215e+00 3.208600e-01 7.229620e-01 1.138431e+00
2.325600e+02 1.237208e+00 -9.960905e-01 2.130673e-02 1.149184e+00 1.821781e+00 9.057955e-01 9.355819e-01 1.715794e+00 1.223450e+00 3.370216e-01 7.431920e-01 1.119379e+00
2.326400e+02 1.342634e+00 -1.096037e+00 7.174008e-02 1.090859e+00 1.858516e+00 8.819546e-01 8.813809e-01 1.849061e+00 1.176892e+00 3.565382e-01 7.614915e-01 1.106848e+00
2.327200e+02 1.445176e+00 -1.202043e+00 1.253648e-01 1.029343e+00 1.869675e+00 8.591312e-01 8.295387e-01 1.972532e+00 1.131424e+00 3.810711e-01 7.800635e-01 1.100322e+00
2.328000e+02 1.545684e+00 -1.303759e+00 1.843317e-01 9.599541e-01 1.859545e+00 8.275605e-01 7.825194e-01 2.097715e+00 1.087528e+00 4.056556e-01 7.973955e-01 1.102539e+00
2.328800e+02 1.644161e+00 -1.398684e+00 2.478543e-01 8.904057e-01 1.833398e+00 7.683145e-01 7.416230e-01 2.222274e+00 1.045698e+00 4.300609e-01 8.150506e-01 1.104957e+00
2.329600e+02 1.738889e+00 -1.490887e+00 3.170209e-01 8.142625e-01 1.796896e+00 7.130878e-01 7.037091e-01 2.355303e+00 1.001784e+00 4.548730e-01 8.304705e-01 1.116580e+00
2.330400e+02 1.830198e+00 -1.573918e+00 3.887891e-01 7.431299e-01 1.752629e+00 6.342809e-01 6.726206e-01 2.475455e+00 9.616557e-01 4.844774e-01 8.467228e-01 1.136190e+00
2.331200e+02 1.916272e+00 -1.655013e+00 4.602419e-01 6.736047e-01 1.705377e+00 5.444892e-01 6.460926e-01 2.590745e+00 9.238889e-01 5.164202e-01 8.639862e-01 1.162722e+00
2.332000e+02 1.997458e+00 -1.731231e+00 5.303188e-01 6.051541e-01 1.658724e+00 4.228575e-01 6.264022e-01 2.700364e+00 8.900925e-01 5.502626e-01 8.840940e-01 1.196661e+00
2.332800e+02 2.073426e+00 -1.796193e+00 6.000974e-01 5.424856e-01 1.616067e+00 2.864054e-01 6.105591e-01 2.804636e+00 8.580184e-01 5.883491e-01 9.034932e-01 1.242822e+00
2.333600e+02 2.141553e+00 -1.857512e+00 6.678206e-01 4.850232e-01 1.579167e+00 1.479000e-01 5.975975e-01 2.909903e+00 8.244536e-01 6.312573e-01 9.215813e-01 1.287353e+00
2.334400e+02 2.205253e+00 -1.899996e+00 7.331429e-01 4.275593e-01 1.548607e+00 -2.939135e-03 5.914150e-01 3.001587e+00 7.943410e-01 6.805330e-01 9.390859e-01 1.338929e+00
2.335200e+02 2.267307e+00 -1.937553e+00 7.935238e-01 3.590682e-01 1.520643e+00 -1.441678e-01 5.876639e-01 3.086274e+00 7.669860e-01 7.279910e-01 9.577221e-01 1.399196e+00
2.336000e+02 2.322644e+00 -1.929649e+00 8.536348e-01 3.056983e-01 1.493033e+00 -2.844406e-01 5.889426e-01 3.158503e+00 7.405227e-01 7.856524e-01 9.745120e-01 1.461868e+00
2.336800e+02 2.376411e+00 -1.849608e+00 9.210692e-01 2.555680e-01 1.466186e+00 -3.909422e-01 5.957678e-01 3.229133e+00 7.097318e-01 8.606185e-01 9.803542e-01 1.528180e+00
2.337600e+02 2.424325e+00 -1.747401e+00 9.837119e-01 2.138078e-01 1.432063e+00 -4.867584e-01 6.054688e-01 3.284608e+00 6.806350e-01 9.280951e-01 9.908104e-01 1.595018e+00
2.338400e+02 2.470568e+00 -1.599560e+00 1.043129e+00 1.741221e-01 1.400273e+00 -5.459400e-01 6.156445e-01 3.329446e+00 6.507501e-01 1.005969e+00 1.001670e+00 1.655974e+00
2.339200e+02 2.512233e+00 -1.428754e+00 1.097092e+00 1.407099e-01 1.371516e+00 -5.900265e-01 6.261612e-01 3.355071e+00 6.231189e-01 1.073277e+00 1.013700e+00 1.701941e+00
2.340000e+02 2.549358e+00 -1.159398e+00 1.166332e+00 1.151670e-01 1.361734e+00 -6.035243e-01 6.388786e-01 3.386937e+00 5.866553e-01 1.152711e+00 1.006820e+00 1.767516e+00
2.340800e+02 2.575073e+00 -8.908337e-01 1.227103e+00 9.458672e-02 1.364188e+00 -5.996347e-01 6.502477e-01 3.395164e+00 5.488528e-01 1.226126e+00 1.004861e+00 1.814763e+00
2.341600e+02 2.588875e+00 -6.033816e-01 1.282353e+00 6.945739e-02 1.379664e+00 -5.827199e-01 6.619975e-01 3.383740e+00 5.104523e-01 1.296049e+00 1.001015e+00 1.846971e+00
2.342400e+02 2.589742e+00 -3.329860e-01 1.329485e+00 5.320298e-02 1.406546e+00 -5.309627e-01 6.689738e-01 3.358279e+00 4.679185e-01 1.362166e+00 9.933994e-01 1.863382e+00
2.343200e+02 2.573792e+00 -7.058287e-02 1.369712e+00 3.453623e-02 1.446096e+00 -4.636164e-01 6.756271e-01 3.328835e+00 4.215773e-01 1.423227e+00 9.798897e-01 1.865126e+00
2.344000e+02 2.548946e+00 2.572424e-01 1.413306e+00 8.572930e-03 1.497175e+00 -3.715140e-01 6.827121e-01 3.276133e+00 3.712780e-01 1.488311e+00 9.469897e-01 1.862162e+00
2.344800e+02 2.502054e+00 5.476646e-01 1.437504e+00 -2.039204e-02 1.550209e+00 -2.628381e-01 6.866059e-01 3.202250e+00 3.229646e-01 1.541751e+00 9.177001e-01 1.832654e+00
2.345600e+02 2.440872e+00 8.508777e-01 1.457068e+00 -4.594805e-02 1.606659e+00 -1.423672e-01 6.911557e-01 3.111873e+00 2.754848e-01 1.599700e+00 8.800631e-01 1.798250e+00
2.346400e+02 2.370113e+00 1.154304e+00 1.473127e+00 -7.927668e-02 1.663738e+00 1.951606e-02 6.875919e-01 3.004018e+00 2.272045e-01 1.650808e+00 8.326662e-01 1.753488e+00
2.347200e+02 2.289227e+00 1.450635e+00 1.481488e+00 -1.201480e-01 1.719083e+00 1.848241e-01 6.884172e-01 2.881477e+00 1.821081e-01 1.700868e+00 7.806667e-01 1.692091e+00
2.348000e+02 2.208624e+00 1.706375e+00 1.481471e+00 -1.708173e-01 1.769187e+00 3.797852e-01 6.878428e-01 2.751504e+00 1.369452e-01 1.741061e+00 7.258037e-01 1.636459e+00
2.348800e+02 2.135001e+00 1.902601e+00 1.472930e+00 -2.302289e-01 1.810966e+00 5.763237e-01 6.915885e-01 2.604322e+00 9.818742e-02 1.779101e+00 6.744261e-01 1.577359e+00
2.349600e+02 2.071471e+00 2.063076e+00 1.461073e+00 -2.924707e-01 1.846068e+00 7.620578e-01 6.993709e-01 2.459311e+00 6.356194e-02 1.809748e+00 6.201601e-01 1.524293e+00
2.350400e+02 2.023514e+00 2.150482e+00 1.443891e+00 -3.497079e-01 1.870870e+00 9.613927e-01 7.081175e-01 2.301670e+00 3.492943e-02 1.834443e+00 5.666430e-01 1.477726e+00
2.351200e+02 1.991063e+00 2.172508e+00 1.421358e+00 -3.953374e-01 1.887451e+00 1.178276e+00 7.199736e-01 2.143423e+00 1.065328e-02 1.854705e+00 5.139852e-01 1.440998e+00
2.352000e+02 1.967523e+00 2.147450e+00 1.390756e+00 -4.328419e-01 1.887358e+00 1.370913e+00 7.378351e-01 1.970340e+00 -2.057070e-03 1.866760e+00 4.666532e-01 1.405965e+00
2.352800e+02 1.947442e+00 2.050032e+00 1.350336e+00 -4.601934e-01 1.871461e+00 1.564596e+00 7.543184e-01 1.788587e+00 -5.459217e-03 1.862822e+00 4.295849e-01 1.372452e+00
2.353600e+02 1.924926e+00 1.944682e+00 1.307731e+00 -4.643004e-01 1.846056e+00 1.736164e+00 7.799391e-01 1.608815e+00 1.795735e-03 1.857710e+00 3.950331e-01 1.345804e+00
2.354400e+02 1.903162e+00 1.812240e+00 1.258991e+00 -4.780580e-01 1.814939e+00 1.883055e+00 8.146219e-01 1.434554e+00 1.976622e-02 1.845425e+00 3.713123e-01 1.331755e+00
2.355200e+02 1.877036e+00 1.706783e+00 1.210393e+00 -4.849987e-01 1.781795e+00 2.034905e+00 8.519712e-01 1.282920e+00 4.026725e-02 1.829328e+00 3.442258e-01 1.329099e+00
2.356000e+02 1.856619e+00 1.649178e+00 1.156495e+00 -4.783488e-01 1.751964e+00 2.149367e+00 8.985461e-01 1.142013e+00 6.703622e-02 1.806385e+00 3.150457e-01 1.338701e+00
2.356800e+02 1.845634e+00 1.618449e+00 1.090185e+00 -4.432594e-01 1.716593e+00 2.246666e+00 9.498687e-01 1.007152e+00 1.001340e-01 1.778018e+00 2.872672e-01 1.355735e+00
2.357600e+02 1.848759e+00 1.619547e+00 1.026307e+00 -4.052561e-01 1.682757e+00 2.340841e+00 1.005050e+00 9.000331e-01 1.340992e-01 1.749764e+00 2.520093e-01 1.391871e+00
2.358400e+02 1.865023e+00 1.627189e+00 9.635611e-01 -3.500775e-01 1.643067e+00 2.394569e+00 1.066496e+00 8.024861e-01 1.750979e-01 1.711083e+00 2.186357e-01 1.433333e+00
2.359200e+02 1.898099e+00 1.592631e+00 9.046617e-01 -3.044334e-01 1.601099e+00 2.422353e+00 1.130657e+00 7.161750e-01 2.219686e-01 1.664798e+00 1.883817e-01 1.479124e+00
2.360000e+02 1.941147e+00 1.514181e+00 8.601095e-01 -2.612616e-01 1.561377e+00 2.423561e+00 1.196777e+00 6.463987e-01 2.731637e-01 1.616241e+00 1.571214e-01 1.531214e+00
2.360800e+02 1.985275e+00 1.397448e+00 8.287031e-01 -2.118993e-01 1.521862e+00 2.396916e+00 1.262932e+00 5.817830e-01 3.303164e-01 1.553423e+00 1.273595e-01 1.592060e+00
2.361600e+02 2.019102e+00 1.246505e+00 8.106523e-01 -1.564181e-01 1.485091e+00 2.359857e+00 1.323758e+00 5.343719e-01 3.886015e-01 1.479194e+00 9.628210e-02 1.658814e+00
2.362400e+02 2.036501e+00 1.018612e+00 7.899547e-01 -1.074243e-01 1.444416e+00 2.283621e+00 1.384102e+00 4.777990e-01 4.583384e-01 1.391372e+00 8.021578e-02 1.725054e+00
2.363200e+02 2.030978e+00 8.042136e-01 7.897694e-01 -4.778715e-02 1.410072e+00 2.185118e+00 1.442708e+00 4.457812e-01 5.286694e-01 1.303260e+00 5.702677e-02 1.794016e+00
2.364000e+02 2.008062e+00 5.314351e-01 7.814172e-01 1.375121e-02 1.379002e+00 2.060197e+00 1.499968e+00 4.157398e-01 6.093542e-01 1.207414e+00 4.855818e-02 1.863666e+00
2.364800e+02 1.981796e+00 2.851240e-01 7.772718e-01 8.410260e-02 1.354314e+00 1.917530e+00 1.552395e+00 4.011765e-01 6.931385e-01 1.110219e+00 4.038176e-02 1.935770e+00
2.365600e+02 1.950725e+00 4.785280e-02 7.722332e-01 1.573456e-01 1.332712e+00 1.758836e+00 1.600042e+00 3.883199e-01 7.811278e-01 1.009644e+00 3.728029e-02 2.007253e+00
2.366400e+02 1.911119e+00 -1.649669e-01 7.736264e-01 2.396371e-01 1.317225e+00 1.600110e+00 1.640788e+00 3.877172e-01 8.691321e-01 9.153295e-01 2.757602e-02 2.084312e+00
2.367200e+02 1.864070e+00 -3.491236e-01 7.791191e-01 3.314832e-01 1.309101e+00 1.424341e+00 1.678459e+00 3.958769e-01 9.596872e-01 8.254562e-01 1.332103e-02 2.158813e+00
2.368000e+02 1.812288e+00 -5.281824e-01 7.803645e-01 4.268723e-01 1.303434e+00 1.254905e+00 1.708192e+00 4.113131e-01 1.052227e+00 7.384486e-01 -1.043429e-03 2.229593e+00
2.368800e+02 1.764794e+00 -6.664628e-01 7.847059e-01 5.243276e-01 1.301417e+00 1.096523e+00 1.727610e+00 4.406362e-01 1.141624e+00 6.502577e-01 -2.185962e-02 2.299830e+00
2.369600e+02 1.718628e+00 -8.154529e-01 7.767154e-01 6.301581e-01 1.296756e+00 9.096021e-01 1.742835e+00 4.626833e-01 1.235800e+00 5.505433e-01 -3.423580e-02 2.367634e+00
2.370400e+02 1.667878e+00 -9.349241e-01 7.741034e-01 7.412364e-01 1.297982e+00 7.446169e-01 1.748209e+00 5.006313e-01 1.325111e+00 4.590736e-01 -5.395412e-02 2.444694e+00
2.371200e+02 1.610346e+00 -9.938682e-01 7.775338e-01 8.638167e-01 1.302154e+00 5.978018e-01 1.744411e+00 5.430434e-01 1.410612e+00 3.813413e-01 -8.272032e-02 2.513185e+00
2.372000e+02 1.548475e+00 -1.014369e+00 7.779657e-01 9.977552e-01 1.310137e+00 4.467867e-01 1.737197e+00 5.831385e-01 1.495613e+00 3.144230e-01 -1.141422e-01 2.575237e+00
2.372800e+02 1.479398e+00 -1.018322e+00 7.753691e-01 1.138503e+00 1.321583e+00 3.133216e-01 1.717750e+00 6.327873e-01 1.573471e+00 2.465428e-01 -1.501000e-01 2.630804e+00
2.373600e+02 1.408305e+00 -1.004489e+00 7.722395e-01 1.271514e+00 1.336501e+00 1.799320e-01 1.692901e+00 6.799536e-01 1.647531e+00 1.847823e-01 -1.872251e-01 2.677077e+00
2.374400e+02 1.332222e+00 -9.709096e-01 7.733088e-01 1.414190e+00 1.362489e+00 5.966461e-02 1.663052e+00 7.301120e-01 1.714044e+00 1.411371e-01 -2.291881e-01 2.716954e+00
2.375200e+02 1.250014e+00 -9.242977e-01 7.785078e-01 1.560071e+00 1.398645e+00 -8.151208e-02 1.631696e+00 7.815519e-01 1.774201e+00 1.082199e-01 -2.719578e-01 2.749405e+00
2.376000e+02 1.162747e+00 -8.600802e-01 7.906469e-01 1.697942e+00 1.450055e+00 -1.793228e-01 1.588610e+00 8.432594e-01 1.819965e+00 8.704216e-02 -3.204934e-01 2.771781e+00
2.376800e+02 1.078683e+00 -7.946054e-01 8.010738e-01 1.817210e+00 1.513630e+00 -2.861611e-01 1.545138e+00 8.989755e-01 1.860264e+00 7.273674e-02 -3.627009e-01 2.782660e+00
2.377600e+02 1.001947e+00 -7.299184e-01 8.074946e-01 1.919118e+00 1.585024e+00 -3.689691e-01 1.496889e+00 9.560202e-01 1.890700e+00 6.671975e-02 -3.987048e-01 2.781670e+00
2.378400e+02 9.299638e-01 -6.366309e-01 8.189474e-01 1.993924e+00 1.664572e+00 -4.271952e-01 1.444613e+00 1.016466e+00 1.908129e+00 7.281128e-02 -4.358783e-01 2.770597e+00
2.379200e+02 8.665619e-01 -5.188329e-01 8.286479e-01 2.030609e+00 1.743464e+00 -4.721919e-01 1.391115e+00 1.068758e+00 1.917366e+00 8.663542e-02 -4.646779e-01 2.747235e+00
2.380000e+02 8.055320e-01 -4.159144e-01 8.286356e-01 2.039391e+00 1.818852e+00 -4.965002e-01 1.335046e+00 1.126371e+00 1.914322e+00 1.037939e-01 -4.849970e-01 2.715341e+00
2.380800e+02 7.537046e-01 -3.003671e-01 8.170559e-01 2.010308e+00 1.887571e+00 -5.100243e-01 1.278458e+00 1.184000e+00 1.901871e+00 1.267649e-01 -4.948685e-01 2.665329e+00
2.381600e+02 7.103490e-01 -1.842253e-01 7.884314e-01 1.961126e+00 1.946753e+00 -5.207533e-01 1.224326e+00 1.240871e+00 1.880736e+00 1.585789e-01 -4.920761e-01 2.594932e+00
2.382400e+02 6.723084e-01 -7.090720e-02 7.422049e-01 1.935774e+00 1.994489e+00 -5.243251e-01 1.169978e+00 1.301194e+00 1.848134e+00 1.873514e-01 -4.784554e-01 2.516136e+00
2.383200e+02 6.358070e-01 4.012233e-02 6.781494e-01 1.940418e+00 2.030368e+00 -5.273911e-01 1.115570e+00 1.355761e+00 1.806902e+00 2.111113e-01 -4.524269e-01 2.403895e+00
2.384000e+02 6.054471e-01 1.788295e-01 6.118044e-01 1.985067e+00 2.062789e+00 -5.506206e-01 1.068820e+00 1.414059e+00 1.758254e+00 2.416290e-01 -4.186932e-01 2.287014e+00
2.384800e+02 5.772924e-01 3.002783e-01 5.459195e-01 2.068865e+00 2.093372e+00 -5.678576e-01 1.023766e+00 1.485214e+00 1.699810e+00 2.681396e-01 -3.706186e-01 2.152714e+00
2.385600e+02 5.555057e-01 4.168652e-01 4.904829e-01 2.155208e+00 2.121717e+00 -5.847493e-01 9.847711e-01 1.540467e+00 1.640067e+00 2.962493e-01 -3.038095e-01 2.022812e+00
2.386400e+02 5.392006e-01 5.264745e-01 4.622118e-01 2.199332e+00 2.153426e+00 -5.732036e-01 9.438484e-01 1.604687e+00 1.572661e+00 3.141171e-01 -2.235170e-01 1.891161e+00
2.387200e+02 5.272128e-01 6.296155e-01 4.709118e-01 2.208204e+00 2.183438e+00 -5.519101e-01 9.111739e-01 1.661474e+00 1.504436e+00 3.437775e-01 -1.304570e-01 1.756256e+00
2.388000e+02 5.209744e-01 7.366846e-01 5.206926e-01 2.152552e+00 2.206622e+00 -5.361436e-01 8.829214e-01 1.709789e+00 1.437711e+00 3.630841e-01 -2.489498e-02 1.610314e+00
2.388800e+02 5.114416e-01 8.321579e-01 6.095699e-01 2.063731e+00 2.223621e+00 -4.751674e-01 8.501784e-01 1.762047e+00 1.365183e+00 3.799074e-01 8.502200e-02 1.457427e+00
2.389600e+02 5.023831e-01 9.191925e-01 7.216162e-01 1.936623e+00 2.228507e+00 -4.066386e-01 8.165777e-01 1.811838e+00 1.292757e+00 3.896319e-01 2.016459e-01 1.288200e+00
2.390400e+02 4.908957e-01 9.942521e-01 8.476538e-01 1.829956e+00 2.217860e+00 -3.287443e-01 7.835685e-01 1.855040e+00 1.219676e+00 4.076438e-01 3.188489e-01 1.125233e+00
2.391200e+02 4.782839e-01 1.069296e+00 9.674664e-01 1.760078e+00 2.189882e+00 -2.535281e-01 7.521828e-01 1.892811e+00 1.150264e+00 4.229069e-01 4.359393e-01 9.636649e-01
2.392000e+02 4.589602e-01 1.131538e+00 1.064673e+00 1.738195e+00 2.146034e+00 -1.445037e-01 7.139644e-01 1.928831e+00 1.079183e+00 4.378360e-01 5.476342e-01 8.026403e-01
2.392800e+02 4.355600e-01 1.193426e+00 1.133043e+00 1.742171e+00 2.088081e+00 -4.926523e-02 6.764922e-01 1.956414e+00 1.012482e+00 4.390798e-01 6.582074e-01 6.486653e-01
2.393600e+02 3.997168e-01 1.245282e+00 1.175622e+00 1.754587e+00 2.016428e+00 6.623867e-02 6.343849e-01 1.978129e+00 9.467761e-01 4.349678e-01 7.642758e-01 4.710845e-01
2.394400e+02 3.513089e-01 1.286520e+00 1.200169e+00 1.768512e+00 1.935424e+00 1.778091e-01 5.922256e-01 1.996730e+00 8.835027e-01 4.334228e-01 8.647352e-01 2.973231e-01
2.395200e+02 2.903026e-01 1.310492e+00 1.214252e+00 1.828862e+00 1.856385e+00 2.986895e-01 5.490969e-01 2.026963e+00 8.174542e-01 4.454943e-01 9.501169e-01 1.467679e-01
2.396000e+02 2.205032e-01 1.339417e+00 1.209102e+00 1.873812e+00 1.779747e+00 4.172002e-01 5.039815e-01 2.059999e+00 7.542762e-01 4.454599e-01 1.027652e+00 -1.955919e-02
2.396800e+02 1.437583e-01 1.376581e+00 1.190185e+00 1.922933e+00 1.711261e+00 5.300477e-01 4.587231e-01 2.075384e+00 6.960294e-01 4.468063e-01 1.099964e+00 -1.732704e-01
2.397600e+02 5.683919e-02 1.399306e+00 1.161074e+00 1.990920e+00 1.649004e+00 6.483775e-01 4.136108e-01 2.085318e+00 6.419834e-01 4.561144e-01 1.168184e+00 -3.221220e-01
2.398400e+02 -3.461503e-02 1.438241e+00 1.133019e+00 2.042981e+00 1.593544e+00 7.623025e-01 3.702607e-01 2.091917e+00 5.923774e-01 4.740906e-01 1.229394e+00 -4.621523e-01
2.399200e+02 -1.316455e-01 1.494050e+00 1.118160e+00 2.047337e+00 1.545293e+00 8.691694e-01 3.289305e-01 2.093610e+00 5.487126e-01 4.900935e-01 1.282960e+00 -5.936131e-01
2.400000e+02 -2.404450e-01 1.561525e+00 1.133891e+00 2.022153e+00 1.505251e+00 9.967078e-01 2.852023e-01 2.097941e+00 5.034096e-01 5.117509e-01 1.324071e+00 -7.148396e-01
2.400800e+02 -3.445298e-01 1.646614e+00 1.187586e+00 1.902595e+00 1.474216e+00 1.111881e+00 2.451109e-01 2.090678e+00 4.647028e-01 5.350696e-01 1.363462e+00 -8.167975e-01
