# Time C0_Drag C0_Lift C1_Drag C1_Lift C2_Drag C2_Lift C3_Drag C3_Lift C4_Drag C4_Lift C5_Drag C5_Lift
8.000000e-02 9.818871e-05 1.847458e-21 9.818871e-05 1.355584e-21 9.818871e-05 1.520755e-21 9.818871e-05 -5.305272e-21 9.818871e-05 1.455507e-21 9.818871e-05 1.760042e-21
1.600000e-01 1.542109e-01 -8.697448e-08 1.542082e-01 5.502338e-06 1.542083e-01 2.593993e-06 1.542109e-01 1.844882e-07 1.542076e-01 -1.114731e-06 1.542073e-01 -4.507582e-06
2.400000e-01 5.546830e-01 -3.381727e-05 5.512524e-01 1.097637e-02 5.515417e-01 6.502921e-03 5.547013e-01 6.477732e-05 5.503820e-01 -4.712915e-03 5.500872e-01 -9.299521e-03
3.200000e-01 1.091039e+00 -3.581447e-04 1.079492e+00 4.998022e-02 1.080391e+00 3.394841e-02 1.092307e+00 5.134666e-04 1.075392e+00 -2.518739e-02 1.074361e+00 -4.248748e-02
4.000000e-01 1.671785e+00 -1.807614e-03 1.656910e+00 1.252464e-01 1.658597e+00 9.991717e-02 1.681940e+00 3.493186e-03 1.644936e+00 -7.617931e-02 1.643641e+00 -1.077297e-01
4.800000e-01 2.215130e+00 -2.988621e-03 2.214742e+00 2.402037e-01 2.216422e+00 2.209278e-01 2.254738e+00 4.957854e-03 2.194780e+00 -1.752354e-01 2.192129e+00 -2.077853e-01
5.600000e-01 2.650305e+00 -5.189241e-03 2.697114e+00 3.922841e-01 2.703404e+00 4.066617e-01 2.753935e+00 1.377455e-02 2.669020e+00 -3.378839e-01 2.664546e+00 -3.465412e-01
6.400000e-01 2.915035e+00 -1.569169e-02 3.054814e+00 5.985058e-01 3.071319e+00 6.744341e-01 3.127502e+00 3.094980e-02 3.016269e+00 -5.635089e-01 3.000495e+00 -5.038046e-01
7.200000e-01 2.975805e+00 -1.625283e-02 3.242456e+00 8.182894e-01 3.268533e+00 1.026240e+00 3.342137e+00 2.327848e-02 3.218776e+00 -8.443187e-01 3.180390e+00 -6.892023e-01
8.000000e-01 2.807891e+00 -3.280744e-02 3.239638e+00 1.052655e+00 3.287835e+00 1.426055e+00 3.356406e+00 4.863908e-02 3.217810e+00 -1.175260e+00 3.155354e+00 -8.918398e-01
8.800000e-01 2.427761e+00 -3.674029e-02 3.030585e+00 1.281124e+00 3.105055e+00 1.821004e+00 3.171593e+00 7.156382e-02 3.027784e+00 -1.513801e+00 2.930939e+00 -1.079881e+00
9.600000e-01 1.853057e+00 -3.007781e-02 2.625138e+00 1.491924e+00 2.733692e+00 2.150867e+00 2.792836e+00 1.013517e-01 2.649757e+00 -1.826658e+00 2.512319e+00 -1.257392e+00
1.040000e+00 1.122898e+00 -1.680543e-02 2.044033e+00 1.637494e+00 2.191680e+00 2.446317e+00 2.198762e+00 1.236457e-01 2.100288e+00 -2.102856e+00 1.924858e+00 -1.374139e+00
1.120000e+00 3.130753e-01 -4.539304e-03 1.369543e+00 1.727047e+00 1.541140e+00 2.664989e+00 1.455095e+00 1.375366e-01 1.457955e+00 -2.342193e+00 1.256302e+00 -1.428704e+00
1.200000e+00 -2.926117e-01 -2.522351e-03 8.816473e-01 1.734971e+00 1.052517e+00 2.805848e+00 8.362220e-01 1.465247e-01 9.702206e-01 -2.470432e+00 7.733489e-01 -1.433361e+00
1.280000e+00 -7.113691e-01 1.239287e-02 5.670208e-01 1.724738e+00 7.336845e-01 2.850353e+00 4.151244e-01 1.406404e-01 6.564359e-01 -2.486563e+00 4.467763e-01 -1.374733e+00
1.360000e+00 -1.034767e+00 2.416396e-02 3.329143e-01 1.726703e+00 5.173720e-01 2.875388e+00 1.006438e-01 1.501151e-01 4.355128e-01 -2.504868e+00 2.083764e-01 -1.338025e+00
1.440000e+00 -1.253623e+00 3.444122e-02 1.694283e-01 1.685576e+00 3.987695e-01 2.857423e+00 -1.000857e-01 1.587618e-01 3.006853e-01 -2.498611e+00 4.523052e-02 -1.289817e+00
1.520000e+00 -1.421233e+00 5.010817e-02 4.073787e-02 1.673322e+00 3.258548e-01 2.851627e+00 -2.341928e-01 1.704812e-01 2.176061e-01 -2.479114e+00 -8.661927e-02 -1.234283e+00
1.600000e+00 -1.538605e+00 6.614408e-02 -6.397451e-02 1.632351e+00 2.905793e-01 2.825059e+00 -3.104257e-01 1.742612e-01 1.737428e-01 -2.455344e+00 -1.836387e-01 -1.186460e+00
1.680000e+00 -1.617495e+00 7.600347e-02 -1.434952e-01 1.591904e+00 2.863284e-01 2.801783e+00 -3.447962e-01 1.845891e-01 1.594888e-01 -2.412854e+00 -2.606400e-01 -1.122002e+00
1.760000e+00 -1.662663e+00 8.672008e-02 -2.115613e-01 1.527967e+00 3.010013e-01 2.778749e+00 -3.530196e-01 1.942829e-01 1.638162e-01 -2.370556e+00 -3.210934e-01 -1.048009e+00
1.840000e+00 -1.692851e+00 9.478159e-02 -2.724078e-01 1.475165e+00 3.198632e-01 2.767795e+00 -3.520415e-01 2.062856e-01 1.750461e-01 -2.332873e+00 -3.743168e-01 -9.701625e-01
1.920000e+00 -1.709962e+00 9.526486e-02 -3.282046e-01 1.409557e+00 3.447473e-01 2.760744e+00 -3.437357e-01 2.243116e-01 1.868795e-01 -2.295931e+00 -4.235182e-01 -9.054261e-01
2.000000e+00 -1.708525e+00 9.488236e-02 -3.751436e-01 1.326537e+00 3.748813e-01 2.747887e+00 -3.224178e-01 2.407233e-01 2.038857e-01 -2.251964e+00 -4.611069e-01 -8.446977e-01
2.080000e+00 -1.696742e+00 1.071814e-01 -4.118681e-01 1.245304e+00 4.024843e-01 2.739351e+00 -3.016388e-01 2.587023e-01 2.198500e-01 -2.215799e+00 -4.987724e-01 -7.790974e-01
2.160000e+00 -1.673847e+00 1.126052e-01 -4.445487e-01 1.156014e+00 4.215845e-01 2.725169e+00 -2.812412e-01 2.720478e-01 2.374616e-01 -2.187620e+00 -5.267524e-01 -7.152610e-01
2.240000e+00 -1.638142e+00 1.187035e-01 -4.677130e-01 1.063347e+00 4.395138e-01 2.712692e+00 -2.607962e-01 2.881756e-01 2.533023e-01 -2.156902e+00 -5.507630e-01 -6.458048e-01
2.320000e+00 -1.598709e+00 1.302883e-01 -4.821828e-01 9.789408e-01 4.546200e-01 2.701416e+00 -2.431163e-01 3.063860e-01 2.631870e-01 -2.127528e+00 -5.731539e-01 -5.820694e-01
2.400000e+00 -1.555355e+00 1.336238e-01 -4.917179e-01 8.978390e-01 4.651907e-01 2.688690e+00 -2.272845e-01 3.234578e-01 2.713556e-01 -2.099026e+00 -5.898466e-01 -5.197986e-01
2.480000e+00 -1.505034e+00 1.343933e-01 -4.952211e-01 8.128897e-01 4.728807e-01 2.672537e+00 -2.123858e-01 3.390522e-01 2.779240e-01 -2.071313e+00 -6.004168e-01 -4.596884e-01
2.560000e+00 -1.448998e+00 1.381441e-01 -4.911252e-01 7.346105e-01 4.788366e-01 2.645908e+00 -1.947282e-01 3.536057e-01 2.848492e-01 -2.043305e+00 -6.043682e-01 -3.986037e-01
2.640000e+00 -1.381478e+00 1.379675e-01 -4.814699e-01 6.417287e-01 4.877530e-01 2.619292e+00 -1.734430e-01 3.649189e-01 2.929877e-01 -2.008462e+00 -5.987288e-01 -3.435786e-01
2.720000e+00 -1.314556e+00 1.404332e-01 -4.663988e-01 5.613045e-01 4.952490e-01 2.596518e+00 -1.550757e-01 3.769195e-01 3.000253e-01 -1.979939e+00 -5.922477e-01 -2.884553e-01
2.800000e+00 -1.245669e+00 1.451706e-01 -4.480284e-01 4.823194e-01 5.030987e-01 2.568977e+00 -1.359262e-01 3.882855e-01 3.073554e-01 -1.951631e+00 -5.816574e-01 -2.317700e-01
2.880000e+00 -1.172825e+00 1.492708e-01 -4.256407e-01 4.028100e-01 5.120575e-01 2.541533e+00 -1.166738e-01 4.001849e-01 3.138344e-01 -1.922479e+00 -5.683425e-01 -1.748285e-01
2.960000e+00 -1.103076e+00 1.542832e-01 -4.028737e-01 3.315295e-01 5.177059e-01 2.514876e+00 -1.005722e-01 4.085191e-01 3.190184e-01 -1.898679e+00 -5.521701e-01 -1.197518e-01
3.040000e+00 -1.033490e+00 1.599194e-01 -3.782370e-01 2.645235e-01 5.244234e-01 2.488409e+00 -8.425787e-02 4.185617e-01 3.235784e-01 -1.872259e+00 -5.345463e-01 -6.439447e-02
3.120000e+00 -9.668004e-01 1.670002e-01 -3.521385e-01 2.024519e-01 5.319622e-01 2.462932e+00 -6.746358e-02 4.295532e-01 3.270874e-01 -1.844089e+00 -5.171971e-01 -1.180246e-02
3.200000e+00 -9.021787e-01 1.737157e-01 -3.255981e-01 1.450059e-01 5.400380e-01 2.438459e+00 -5.056116e-02 4.406160e-01 3.303156e-01 -1.815510e+00 -4.982908e-01 3.828045e-02
3.280000e+00 -8.399821e-01 1.770143e-01 -3.005034e-01 9.021856e-02 5.491638e-01 2.414865e+00 -3.372688e-02 4.530903e-01 3.323992e-01 -1.787641e+00 -4.772492e-01 8.502886e-02
3.360000e+00 -7.810015e-01 1.813205e-01 -2.770810e-01 4.050025e-02 5.583633e-01 2.392341e+00 -1.697089e-02 4.643434e-01 3.349728e-01 -1.760043e+00 -4.556287e-01 1.291152e-01
3.440000e+00 -7.224627e-01 1.849744e-01 -2.553988e-01 -1.002970e-02 5.683075e-01 2.369530e+00 -5.695183e-05 4.752965e-01 3.379606e-01 -1.733465e+00 -4.326917e-01 1.695834e-01
3.520000e+00 -6.680923e-01 1.867125e-01 -2.365435e-01 -5.308386e-02 5.776249e-01 2.349496e+00 1.642211e-02 4.846891e-01 3.414573e-01 -1.706933e+00 -4.086820e-01 2.090813e-01
3.600000e+00 -6.156371e-01 1.828952e-01 -2.201190e-01 -9.398597e-02 5.867020e-01 2.329758e+00 3.325684e-02 4.934640e-01 3.464384e-01 -1.680291e+00 -3.839952e-01 2.493983e-01
3.680000e+00 -5.675696e-01 1.739213e-01 -2.073510e-01 -1.323556e-01 5.953359e-01 2.310707e+00 4.922942e-02 5.014970e-01 3.513398e-01 -1.655850e+00 -3.587352e-01 2.834632e-01
3.760000e+00 -5.217504e-01 1.673833e-01 -1.954646e-01 -1.671195e-01 6.047626e-01 2.293934e+00 6.423686e-02 5.114687e-01 3.547143e-01 -1.631601e+00 -3.353909e-01 3.159821e-01
3.840000e+00 -4.812371e-01 1.606712e-01 -1.865143e-01 -1.982765e-01 6.134877e-01 2.278405e+00 7.779373e-02 5.212491e-01 3.573129e-01 -1.609464e+00 -3.135136e-01 3.429480e-01
3.920000e+00 -4.444874e-01 1.542514e-01 -1.796924e-01 -2.264103e-01 6.217764e-01 2.263598e+00 9.036611e-02 5.308961e-01 3.598722e-01 -1.588400e+00 -2.928946e-01 3.672006e-01
4.000000e+00 -4.077618e-01 1.461766e-01 -1.728922e-01 -2.564571e-01 6.314561e-01 2.249085e+00 1.051238e-01 5.407983e-01 3.628835e-01 -1.561000e+00 -2.716929e-01 3.849079e-01
4.080000e+00 -3.773867e-01 1.383044e-01 -1.687988e-01 -2.788313e-01 6.394551e-01 2.237764e+00 1.168563e-01 5.517869e-01 3.666111e-01 -1.541750e+00 -2.531743e-01 4.009220e-01
4.160000e+00 -3.500551e-01 1.328947e-01 -1.653360e-01 -2.993038e-01 6.469369e-01 2.227788e+00 1.270111e-01 5.630766e-01 3.693873e-01 -1.523954e+00 -2.370351e-01 4.148648e-01
4.240000e+00 -3.259048e-01 1.266704e-01 -1.631527e-01 -3.181321e-01 6.534648e-01 2.218778e+00 1.357104e-01 5.742477e-01 3.714339e-01 -1.507320e+00 -2.225175e-01 4.264862e-01
4.320000e+00 -3.041257e-01 1.215434e-01 -1.621159e-01 -3.335560e-01 6.589662e-01 2.206938e+00 1.458012e-01 5.852569e-01 3.738475e-01 -1.491394e+00 -2.088940e-01 4.366202e-01
4.400000e+00 -2.860191e-01 1.160396e-01 -1.622970e-01 -3.480826e-01 6.629848e-01 2.197494e+00 1.519557e-01 5.958884e-01 3.742647e-01 -1.478007e+00 -1.975004e-01 4.415022e-01
4.480000e+00 -2.697371e-01 1.105146e-01 -1.628337e-01 -3.610407e-01 6.666348e-01 2.189301e+00 1.569209e-01 6.064774e-01 3.741526e-01 -1.465017e+00 -1.876747e-01 4.460894e-01
4.560000e+00 -2.539032e-01 1.051055e-01 -1.632007e-01 -3.722801e-01 6.700041e-01 2.182543e+00 1.609158e-01 6.174333e-01 3.733329e-01 -1.452184e+00 -1.790363e-01 4.514102e-01
4.640000e+00 -2.407088e-01 9.975130e-02 -1.642678e-01 -3.821249e-01 6.724720e-01 2.176468e+00 1.638413e-01 6.279589e-01 3.720295e-01 -1.440598e+00 -1.714852e-01 4.539940e-01
4.720000e+00 -2.296303e-01 9.447176e-02 -1.659122e-01 -3.909950e-01 6.742185e-01 2.171381e+00 1.657199e-01 6.383236e-01 3.701401e-01 -1.430024e+00 -1.650054e-01 4.545652e-01
4.800000e+00 -2.195303e-01 8.906912e-02 -1.672943e-01 -3.986606e-01 6.757745e-01 2.166562e+00 1.672778e-01 6.488605e-01 3.685543e-01 -1.419242e+00 -1.592526e-01 4.555866e-01
4.880000e+00 -2.109469e-01 8.407381e-02 -1.690772e-01 -4.052447e-01 6.765920e-01 2.162003e+00 1.679738e-01 6.590790e-01 3.662537e-01 -1.409890e+00 -1.540648e-01 4.541882e-01
4.960000e+00 -2.007361e-01 8.782537e-02 -1.696347e-01 -4.078269e-01 6.777908e-01 2.143982e+00 1.763935e-01 6.696769e-01 3.674849e-01 -1.399459e+00 -1.477422e-01 4.552512e-01
5.040000e+00 -1.924330e-01 8.811626e-02 -1.699771e-01 -4.106278e-01 6.777780e-01 2.132409e+00 1.793966e-01 6.794566e-01 3.665359e-01 -1.391640e+00 -1.436689e-01 4.529315e-01
5.120000e+00 -1.851998e-01 8.768285e-02 -1.704265e-01 -4.129409e-01 6.779867e-01 2.122622e+00 1.813460e-01 6.883175e-01 3.651747e-01 -1.384860e+00 -1.401847e-01 4.488957e-01
5.200000e+00 -1.788486e-01 8.682304e-02 -1.710133e-01 -4.148887e-01 6.783613e-01 2.113907e+00 1.825928e-01 6.965467e-01 3.635542e-01 -1.379020e+00 -1.370723e-01 4.435198e-01
5.280000e+00 -1.728645e-01 8.547711e-02 -1.715286e-01 -4.166577e-01 6.789719e-01 2.106020e+00 1.833797e-01 7.044299e-01 3.618663e-01 -1.373682e+00 -1.341794e-01 4.380348e-01
5.360000e+00 -1.676860e-01 8.373722e-02 -1.723451e-01 -4.184289e-01 6.794152e-01 2.098576e+00 1.835463e-01 7.117401e-01 3.599040e-01 -1.369361e+00 -1.314317e-01 4.310778e-01
5.440000e+00 -1.631688e-01 8.154759e-02 -1.734348e-01 -4.203608e-01 6.796132e-01 2.091350e+00 1.831612e-01 7.185455e-01 3.577377e-01 -1.365884e+00 -1.288519e-01 4.230771e-01
5.520000e+00 -1.581706e-01 7.762962e-02 -1.735590e-01 -4.231705e-01 6.810145e-01 2.084073e+00 1.846007e-01 7.255638e-01 3.562389e-01 -1.357392e+00 -1.251905e-01 4.116023e-01
5.600000e+00 -1.540469e-01 7.389823e-02 -1.746430e-01 -4.258997e-01 6.813558e-01 2.076997e+00 1.845254e-01 7.322274e-01 3.556644e-01 -1.354876e+00 -1.221662e-01 4.005366e-01
5.680000e+00 -1.504802e-01 6.983852e-02 -1.761290e-01 -4.288596e-01 6.810888e-01 2.069773e+00 1.838093e-01 7.384599e-01 3.546053e-01 -1.353160e+00 -1.192924e-01 3.892091e-01
5.760000e+00 -1.472973e-01 6.517019e-02 -1.777547e-01 -4.321844e-01 6.804383e-01 2.062383e+00 1.827140e-01 7.445149e-01 3.531242e-01 -1.351446e+00 -1.166533e-01 3.772526e-01
5.840000e+00 -1.445692e-01 5.527772e-02 -1.810170e-01 -4.373058e-01 6.786327e-01 2.053676e+00 1.811289e-01 7.489461e-01 3.518599e-01 -1.351725e+00 -1.124950e-01 3.639772e-01
5.920000e+00 -1.421449e-01 4.970607e-02 -1.835734e-01 -4.415920e-01 6.768401e-01 2.045549e+00 1.792526e-01 7.539687e-01 3.499394e-01 -1.351571e+00 -1.091774e-01 3.519998e-01
6.000000e+00 -1.394717e-01 4.306857e-02 -1.860125e-01 -4.462375e-01 6.748159e-01 2.037068e+00 1.773535e-01 7.586934e-01 3.481785e-01 -1.351435e+00 -1.055600e-01 3.408553e-01
6.080000e+00 -1.372500e-01 3.615926e-02 -1.887725e-01 -4.511282e-01 6.721864e-01 2.028148e+00 1.751357e-01 7.627236e-01 3.462350e-01 -1.352292e+00 -1.015970e-01 3.289723e-01
6.160000e+00 -1.361798e-01 2.947912e-02 -1.923454e-01 -4.562258e-01 6.685252e-01 2.018608e+00 1.721079e-01 7.656318e-01 3.434107e-01 -1.355423e+00 -9.765180e-02 3.143188e-01
6.240000e+00 -1.350236e-01 2.218599e-02 -1.956266e-01 -4.618147e-01 6.648797e-01 2.008653e+00 1.692521e-01 7.682520e-01 3.411883e-01 -1.358112e+00 -9.371043e-02 3.010311e-01
6.320000e+00 -1.339515e-01 1.457295e-02 -1.988773e-01 -4.678023e-01 6.610243e-01 1.998224e+00 1.663973e-01 7.703891e-01 3.391683e-01 -1.361234e+00 -8.940689e-02 2.875910e-01
6.400000e+00 -1.329287e-01 6.693739e-03 -2.020975e-01 -4.741897e-01 6.569686e-01 1.987293e+00 1.635719e-01 7.720125e-01 3.373144e-01 -1.364833e+00 -8.475142e-02 2.740192e-01
6.480000e+00 -1.319820e-01 -1.492525e-03 -2.052183e-01 -4.811185e-01 6.527261e-01 1.976066e+00 1.607422e-01 7.731845e-01 3.355523e-01 -1.368905e+00 -7.981980e-02 2.603125e-01
6.560000e+00 -1.312591e-01 -1.004191e-02 -2.086343e-01 -4.888744e-01 6.482427e-01 1.965288e+00 1.576439e-01 7.739194e-01 3.337361e-01 -1.373474e+00 -7.474378e-02 2.464393e-01
6.640000e+00 -1.306908e-01 -1.854485e-02 -2.121986e-01 -4.969994e-01 6.432794e-01 1.953442e+00 1.545798e-01 7.739240e-01 3.322581e-01 -1.378776e+00 -6.930638e-02 2.320926e-01
6.720000e+00 -1.290934e-01 -2.620177e-02 -2.144627e-01 -5.030502e-01 6.386464e-01 1.935056e+00 1.537777e-01 7.728210e-01 3.322480e-01 -1.384347e+00 -6.243207e-02 2.185078e-01
6.800000e+00 -1.264237e-01 -3.426843e-02 -2.167983e-01 -5.135679e-01 6.359194e-01 1.919834e+00 1.528397e-01 7.706872e-01 3.325499e-01 -1.390923e+00 -5.495492e-02 2.044525e-01
6.880000e+00 -1.241547e-01 -4.273830e-02 -2.190870e-01 -5.235942e-01 6.326719e-01 1.904739e+00 1.517222e-01 7.681405e-01 3.326979e-01 -1.398002e+00 -4.754238e-02 1.900790e-01
6.960000e+00 -1.221071e-01 -5.156701e-02 -2.215432e-01 -5.338779e-01 6.288737e-01 1.889147e+00 1.504832e-01 7.649812e-01 3.328625e-01 -1.405663e+00 -4.002592e-02 1.754058e-01
7.040000e+00 -1.202378e-01 -6.073154e-02 -2.241491e-01 -5.445090e-01 6.245599e-01 1.872939e+00 1.491611e-01 7.611480e-01 3.331099e-01 -1.413929e+00 -3.236104e-02 1.604430e-01
7.120000e+00 -1.185137e-01 -7.020883e-02 -2.268727e-01 -5.554794e-01 6.197905e-01 1.856090e+00 1.477987e-01 7.566058e-01 3.334861e-01 -1.422811e+00 -2.452824e-02 1.451918e-01
7.200000e+00 -1.168225e-01 -7.998090e-02 -2.296810e-01 -5.669397e-01 6.146417e-01 1.838539e+00 1.464568e-01 7.512952e-01 3.340568e-01 -1.432331e+00 -1.647931e-02 1.296358e-01
7.280000e+00 -1.160723e-01 -8.904849e-02 -2.335467e-01 -5.781552e-01 6.079220e-01 1.820415e+00 1.432978e-01 7.446907e-01 3.341483e-01 -1.447081e+00 -9.203877e-03 1.158352e-01
7.360000e+00 -1.155754e-01 -9.907677e-02 -2.371359e-01 -5.885917e-01 6.008046e-01 1.802468e+00 1.404043e-01 7.374147e-01 3.332017e-01 -1.459038e+00 -1.722119e-03 1.010502e-01
7.440000e+00 -1.148605e-01 -1.093780e-01 -2.407332e-01 -6.003991e-01 5.938418e-01 1.783107e+00 1.379820e-01 7.291036e-01 3.327821e-01 -1.471072e+00 6.306550e-03 8.570601e-02
7.520000e+00 -1.128900e-01 -1.186592e-01 -2.431683e-01 -6.097350e-01 5.871748e-01 1.755845e+00 1.386345e-01 7.192864e-01 3.346373e-01 -1.483479e+00 1.600694e-02 7.045430e-02
7.600000e+00 -1.109493e-01 -1.289417e-01 -2.458040e-01 -6.201708e-01 5.823703e-01 1.734179e+00 1.386153e-01 7.087737e-01 3.364475e-01 -1.496856e+00 2.539912e-02 5.416572e-02
7.680000e+00 -1.089057e-01 -1.397687e-01 -2.485778e-01 -6.312398e-01 5.773818e-01 1.712137e+00 1.386057e-01 6.972580e-01 3.386049e-01 -1.511116e+00 3.489662e-02 3.696006e-02
7.760000e+00 -1.067252e-01 -1.511259e-01 -2.514983e-01 -6.429713e-01 5.719372e-01 1.689438e+00 1.385568e-01 6.847753e-01 3.410755e-01 -1.526236e+00 4.448057e-02 1.901134e-02
7.840000e+00 -1.044084e-01 -1.629729e-01 -2.545942e-01 -6.553424e-01 5.659329e-01 1.665958e+00 1.384686e-01 6.713073e-01 3.438422e-01 -1.542229e+00 5.415750e-02 3.272995e-04
7.920000e+00 -1.019297e-01 -1.752627e-01 -2.578700e-01 -6.682959e-01 5.593603e-01 1.641647e+00 1.383623e-01 6.568328e-01 3.469035e-01 -1.559092e+00 6.392777e-02 -1.906772e-02
8.000000e+00 -9.944712e-02 -1.888846e-01 -2.613698e-01 -6.826476e-01 5.522437e-01 1.618441e+00 1.367568e-01 6.412897e-01 3.496547e-01 -1.577118e+00 7.351200e-02 -3.964076e-02
8.080000e+00 -9.690301e-02 -2.026544e-01 -2.655493e-01 -6.978409e-01 5.447044e-01 1.595089e+00 1.359555e-01 6.249375e-01 3.526399e-01 -1.595419e+00 8.308656e-02 -6.029257e-02
8.160000e+00 -9.389470e-02 -2.161670e-01 -2.696118e-01 -7.126959e-01 5.365128e-01 1.569478e+00 1.355721e-01 6.073620e-01 3.563576e-01 -1.614663e+00 9.299872e-02 -8.156574e-02
8.240000e+00 -9.047741e-02 -2.297302e-01 -2.736774e-01 -7.276349e-01 5.279804e-01 1.542676e+00 1.354069e-01 5.887477e-01 3.605010e-01 -1.634756e+00 1.029851e-01 -1.034001e-01
8.320000e+00 -8.660858e-02 -2.433326e-01 -2.777607e-01 -7.427018e-01 5.191606e-01 1.514778e+00 1.354396e-01 5.690555e-01 3.650531e-01 -1.655700e+00 1.130139e-01 -1.258090e-01
8.400000e+00 -8.211429e-02 -2.571476e-01 -2.816914e-01 -7.579352e-01 5.102290e-01 1.485912e+00 1.357309e-01 5.484161e-01 3.698682e-01 -1.677240e+00 1.230498e-01 -1.483619e-01
8.480000e+00 -7.710758e-02 -2.707237e-01 -2.857483e-01 -7.732258e-01 5.009717e-01 1.456011e+00 1.361952e-01 5.264883e-01 3.752434e-01 -1.699773e+00 1.331459e-01 -1.717096e-01
8.560000e+00 -7.151775e-02 -2.841755e-01 -2.898069e-01 -7.886208e-01 4.915249e-01 1.425163e+00 1.368499e-01 5.033796e-01 3.810453e-01 -1.723188e+00 1.432454e-01 -1.956321e-01
8.640000e+00 -6.664940e-02 -3.001294e-01 -2.942312e-01 -8.086211e-01 4.817282e-01 1.405429e+00 1.310452e-01 4.792483e-01 3.839173e-01 -1.748270e+00 1.511017e-01 -2.217594e-01
8.720000e+00 -6.098358e-02 -3.143511e-01 -2.990365e-01 -8.273905e-01 4.716855e-01 1.379825e+00 1.285438e-01 4.540481e-01 3.883930e-01 -1.773208e+00 1.599836e-01 -2.475434e-01
8.800000e+00 -5.465001e-02 -3.277531e-01 -3.038655e-01 -8.455853e-01 4.611294e-01 1.351327e+00 1.271311e-01 4.280452e-01 3.936367e-01 -1.798723e+00 1.689940e-01 -2.735002e-01
8.880000e+00 -4.868564e-02 -3.390773e-01 -3.099088e-01 -8.626911e-01 4.484866e-01 1.320899e+00 1.236929e-01 4.004397e-01 3.990697e-01 -1.831653e+00 1.768816e-01 -2.970209e-01
8.960000e+00 -4.185962e-02 -3.500098e-01 -3.153777e-01 -8.796719e-01 4.358587e-01 1.288448e+00 1.213653e-01 3.714153e-01 4.034157e-01 -1.860405e+00 1.850367e-01 -3.214204e-01
9.040000e+00 -3.416891e-02 -3.602563e-01 -3.204175e-01 -8.964341e-01 4.232192e-01 1.254379e+00 1.198236e-01 3.411074e-01 4.082028e-01 -1.888802e+00 1.933196e-01 -3.464640e-01
9.120000e+00 -2.555573e-02 -3.687363e-01 -3.247889e-01 -9.126466e-01 4.107543e-01 1.219046e+00 1.190863e-01 3.097001e-01 4.137565e-01 -1.917342e+00 2.014632e-01 -3.718327e-01
9.200000e+00 -1.776933e-02 -3.776534e-01 -3.288586e-01 -9.226969e-01 3.963568e-01 1.186603e+00 1.176601e-01 2.783890e-01 4.188280e-01 -1.946023e+00 2.080896e-01 -3.980535e-01
9.280000e+00 -7.845297e-03 -3.840314e-01 -3.320067e-01 -9.349153e-01 3.837133e-01 1.148040e+00 1.182512e-01 2.445826e-01 4.262941e-01 -1.975527e+00 2.160720e-01 -4.241038e-01
9.360000e+00 2.326731e-03 -3.833014e-01 -3.340824e-01 -9.455179e-01 3.713720e-01 1.111244e+00 1.187098e-01 2.102060e-01 4.338775e-01 -2.006336e+00 2.228075e-01 -4.481661e-01
9.440000e+00 1.217583e-02 -3.843734e-01 -3.353943e-01 -9.532321e-01 3.581184e-01 1.075298e+00 1.191690e-01 1.754927e-01 4.416567e-01 -2.036495e+00 2.282088e-01 -4.734482e-01
9.520000e+00 2.353391e-02 -3.838835e-01 -3.363457e-01 -9.634733e-01 3.463443e-01 1.037088e+00 1.207437e-01 1.389502e-01 4.510168e-01 -2.067114e+00 2.341260e-01 -4.986198e-01
9.600000e+00 3.552165e-02 -3.819140e-01 -3.365877e-01 -9.735022e-01 3.348485e-01 9.981644e-01 1.225681e-01 1.012329e-01 4.610928e-01 -2.099187e+00 2.393158e-01 -5.231875e-01
9.680000e+00 4.831520e-02 -3.784514e-01 -3.360062e-01 -9.832037e-01 3.235675e-01 9.585776e-01 1.249863e-01 6.197258e-02 4.718065e-01 -2.130855e+00 2.447837e-01 -5.476914e-01
9.760000e+00 6.174228e-02 -3.736269e-01 -3.344786e-01 -9.925544e-01 3.125948e-01 9.184955e-01 1.279262e-01 2.153489e-02 4.833689e-01 -2.162577e+00 2.501279e-01 -5.720695e-01
9.840000e+00 7.565273e-02 -3.674210e-01 -3.319967e-01 -1.001452e+00 3.018906e-01 8.779763e-01 1.313360e-01 -2.003574e-02 4.957746e-01 -2.194415e+00 2.552683e-01 -5.961929e-01
9.920000e+00 8.974770e-02 -3.559035e-01 -3.275270e-01 -1.008050e+00 2.916830e-01 8.380884e-01 1.350306e-01 -6.192785e-02 5.084998e-01 -2.225650e+00 2.590692e-01 -6.191613e-01
1.000000e+01 1.038520e-01 -3.453842e-01 -3.224567e-01 -1.014916e+00 2.815096e-01 7.974570e-01 1.391451e-01 -1.054311e-01 5.223606e-01 -2.257321e+00 2.631035e-01 -6.418905e-01
1.008000e+01 1.168358e-01 -3.323569e-01 -3.182080e-01 -1.020361e+00 2.693017e-01 7.567716e-01 1.400785e-01 -1.508096e-01 5.364249e-01 -2.297453e+00 2.657976e-01 -6.606652e-01
1.016000e+01 1.299407e-01 -3.189718e-01 -3.126342e-01 -1.025428e+00 2.576064e-01 7.154690e-01 1.421178e-01 -1.976373e-01 5.494007e-01 -2.331909e+00 2.686996e-01 -6.795337e-01
1.024000e+01 1.429739e-01 -3.056079e-01 -3.061410e-01 -1.030130e+00 2.461742e-01 6.736670e-01 1.447940e-01 -2.458613e-01 5.626557e-01 -2.365082e+00 2.718072e-01 -6.982861e-01
1.032000e+01 1.558511e-01 -2.911487e-01 -2.984991e-01 -1.033926e+00 2.351283e-01 6.317434e-01 1.480728e-01 -2.951188e-01 5.765932e-01 -2.397647e+00 2.747968e-01 -7.166585e-01
1.040000e+01 1.696883e-01 -2.761363e-01 -2.879951e-01 -1.035629e+00 2.262639e-01 5.843482e-01 1.572961e-01 -3.457896e-01 5.926557e-01 -2.425060e+00 2.784860e-01 -7.359425e-01
1.048000e+01 1.826675e-01 -2.602365e-01 -2.774479e-01 -1.036608e+00 2.179311e-01 5.420372e-01 1.637195e-01 -3.973002e-01 6.091604e-01 -2.454682e+00 2.816771e-01 -7.539913e-01
1.056000e+01 1.946682e-01 -2.427465e-01 -2.668360e-01 -1.035842e+00 2.082559e-01 5.005924e-01 1.694646e-01 -4.529089e-01 6.279604e-01 -2.484224e+00 2.848423e-01 -7.711971e-01
1.064000e+01 2.049929e-01 -2.259093e-01 -2.563471e-01 -1.035971e+00 1.983933e-01 4.630340e-01 1.734168e-01 -5.070110e-01 6.463185e-01 -2.515523e+00 2.867500e-01 -7.882121e-01
1.072000e+01 2.149542e-01 -2.079107e-01 -2.440624e-01 -1.033706e+00 1.885456e-01 4.230325e-01 1.779389e-01 -5.616489e-01 6.661320e-01 -2.546784e+00 2.886572e-01 -8.034494e-01
1.080000e+01 2.240963e-01 -1.896450e-01 -2.307422e-01 -1.029864e+00 1.789323e-01 3.832047e-01 1.825691e-01 -6.168742e-01 6.868104e-01 -2.578000e+00 2.902288e-01 -8.174227e-01
1.088000e+01 2.323536e-01 -1.712349e-01 -2.165566e-01 -1.024442e+00 1.695081e-01 3.437669e-01 1.872529e-01 -6.727065e-01 7.082067e-01 -2.609019e+00 2.914258e-01 -8.301002e-01
1.096000e+01 2.389190e-01 -1.527200e-01 -2.020638e-01 -1.017471e+00 1.599458e-01 3.046508e-01 1.916934e-01 -7.294838e-01 7.300534e-01 -2.640400e+00 2.921545e-01 -8.432578e-01
1.104000e+01 2.447684e-01 -1.343909e-01 -1.867680e-01 -1.008888e+00 1.507340e-01 2.661864e-01 1.961925e-01 -7.866766e-01 7.525631e-01 -2.671002e+00 2.923756e-01 -8.544526e-01
1.112000e+01 2.496847e-01 -1.162976e-01 -1.709010e-01 -9.986243e-01 1.417429e-01 2.284284e-01 2.005773e-01 -8.443677e-01 7.756669e-01 -2.701374e+00 2.921527e-01 -8.639303e-01
1.120000e+01 2.542772e-01 -9.690483e-02 -1.534042e-01 -9.848973e-01 1.332482e-01 1.886003e-01 2.057490e-01 -9.028128e-01 7.998981e-01 -2.731257e+00 2.919166e-01 -8.711695e-01
1.128000e+01 2.577073e-01 -7.861603e-02 -1.359757e-01 -9.699697e-01 1.250257e-01 1.511307e-01 2.104314e-01 -9.616909e-01 8.243360e-01 -2.760952e+00 2.910641e-01 -8.771494e-01
1.136000e+01 2.599265e-01 -6.071379e-02 -1.186538e-01 -9.536183e-01 1.166698e-01 1.150513e-01 2.144440e-01 -1.021204e+00 8.490448e-01 -2.791247e+00 2.896843e-01 -8.812448e-01
1.144000e+01 2.624820e-01 -4.666385e-02 -9.834625e-02 -9.364430e-01 1.126433e-01 7.975118e-02 2.258389e-01 -1.080336e+00 8.734266e-01 -2.806872e+00 2.873448e-01 -8.860524e-01
1.152000e+01 2.637057e-01 -3.359389e-02 -8.079440e-02 -9.170586e-01 1.066988e-01 4.252227e-02 2.341973e-01 -1.139999e+00 8.977845e-01 -2.827759e+00 2.863886e-01 -8.885596e-01
1.160000e+01 2.642183e-01 -2.018310e-02 -6.270265e-02 -8.957007e-01 1.019519e-01 1.035878e-02 2.406561e-01 -1.199678e+00 9.229292e-01 -2.850118e+00 2.846922e-01 -8.898059e-01
1.168000e+01 2.639925e-01 -9.142534e-03 -4.484000e-02 -8.732297e-01 9.717505e-02 -2.043429e-02 2.460242e-01 -1.259349e+00 9.491704e-01 -2.873800e+00 2.828937e-01 -8.904196e-01
1.176000e+01 2.640395e-01 1.110501e-03 -2.544139e-02 -8.494033e-01 9.392128e-02 -4.971225e-02 2.514910e-01 -1.316219e+00 9.746550e-01 -2.895395e+00 2.801042e-01 -8.858491e-01
1.184000e+01 2.637948e-01 1.154385e-02 -7.235764e-03 -8.220113e-01 8.965322e-02 -8.425533e-02 2.584825e-01 -1.374815e+00 1.003671e+00 -2.919405e+00 2.787227e-01 -8.821249e-01
1.192000e+01 2.625365e-01 2.267433e-02 1.095685e-02 -7.937653e-01 8.625258e-02 -1.122078e-01 2.630611e-01 -1.432858e+00 1.031858e+00 -2.943896e+00 2.755210e-01 -8.771676e-01
1.200000e+01 2.604855e-01 3.406022e-02 2.907869e-02 -7.643528e-01 8.278127e-02 -1.382334e-01 2.663515e-01 -1.490022e+00 1.059490e+00 -2.968250e+00 2.711107e-01 -8.707782e-01
1.208000e+01 2.566502e-01 4.554073e-02 4.688301e-02 -7.318724e-01 7.913731e-02 -1.618727e-01 2.682525e-01 -1.545841e+00 1.086069e+00 -2.992062e+00 2.650995e-01 -8.627891e-01
1.216000e+01 2.509319e-01 5.871226e-02 6.275341e-02 -6.986526e-01 7.403670e-02 -1.845395e-01 2.679202e-01 -1.602066e+00 1.111936e+00 -3.018944e+00 2.579788e-01 -8.587691e-01
1.224000e+01 2.451116e-01 7.088255e-02 7.919545e-02 -6.652286e-01 6.984100e-02 -2.052613e-01 2.668276e-01 -1.655954e+00 1.136278e+00 -3.043536e+00 2.492654e-01 -8.509842e-01
1.232000e+01 2.391397e-01 8.311062e-02 9.550355e-02 -6.312834e-01 6.590161e-02 -2.243856e-01 2.649335e-01 -1.708423e+00 1.159653e+00 -3.067245e+00 2.395868e-01 -8.413335e-01
1.240000e+01 2.331169e-01 9.563460e-02 1.116207e-01 -5.968071e-01 6.217799e-02 -2.419417e-01 2.622964e-01 -1.759520e+00 1.182066e+00 -3.090277e+00 2.290183e-01 -8.301219e-01
1.248000e+01 2.266477e-01 1.081215e-01 1.275300e-01 -5.601056e-01 5.831506e-02 -2.562237e-01 2.584865e-01 -1.808706e+00 1.202995e+00 -3.112480e+00 2.170743e-01 -8.175628e-01
1.256000e+01 2.204731e-01 1.214336e-01 1.431845e-01 -5.243314e-01 5.494232e-02 -2.696092e-01 2.541296e-01 -1.856479e+00 1.223064e+00 -3.133935e+00 2.044186e-01 -8.034387e-01
1.264000e+01 2.166043e-01 1.310931e-01 1.622546e-01 -4.913813e-01 5.750104e-02 -2.832061e-01 2.610047e-01 -1.902576e+00 1.242178e+00 -3.135500e+00 1.910299e-01 -7.949065e-01
1.272000e+01 2.143142e-01 1.410091e-01 1.819045e-01 -4.586828e-01 6.190656e-02 -2.951433e-01 2.696345e-01 -1.947913e+00 1.259252e+00 -3.124711e+00 1.770540e-01 -7.866425e-01
1.280000e+01 2.105070e-01 1.566504e-01 1.977078e-01 -4.227733e-01 6.134839e-02 -3.038711e-01 2.666199e-01 -1.992350e+00 1.274821e+00 -3.127239e+00 1.617190e-01 -7.732847e-01
1.288000e+01 2.095618e-01 1.688758e-01 2.176841e-01 -3.895414e-01 6.665749e-02 -3.119026e-01 2.739453e-01 -2.032048e+00 1.291191e+00 -3.115629e+00 1.454570e-01 -7.633953e-01
1.296000e+01 2.091274e-01 1.862832e-01 2.354849e-01 -3.526442e-01 6.908047e-02 -3.182185e-01 2.732909e-01 -2.070791e+00 1.307315e+00 -3.112037e+00 1.291087e-01 -7.460993e-01
1.304000e+01 2.093359e-01 2.057462e-01 2.529544e-01 -3.194419e-01 7.256351e-02 -3.233568e-01 2.716618e-01 -2.107281e+00 1.324603e+00 -3.115093e+00 1.123727e-01 -7.275056e-01
1.312000e+01 2.100928e-01 2.245470e-01 2.711465e-01 -2.856573e-01 7.688032e-02 -3.247292e-01 2.687350e-01 -2.134741e+00 1.338683e+00 -3.122507e+00 9.332021e-02 -7.085934e-01
1.320000e+01 2.132543e-01 2.420408e-01 2.918957e-01 -2.526741e-01 8.460085e-02 -3.243866e-01 2.752370e-01 -2.164664e+00 1.351786e+00 -3.112476e+00 7.306056e-02 -6.908620e-01
1.328000e+01 2.168507e-01 2.639677e-01 3.106482e-01 -2.168963e-01 8.883108e-02 -3.200237e-01 2.725352e-01 -2.193155e+00 1.363083e+00 -3.105917e+00 5.227380e-02 -6.653001e-01
1.336000e+01 2.211233e-01 2.877683e-01 3.292844e-01 -1.802948e-01 9.250753e-02 -3.129538e-01 2.683198e-01 -2.217855e+00 1.373711e+00 -3.103513e+00 3.045002e-02 -6.369594e-01
1.344000e+01 2.263340e-01 3.121301e-01 3.485970e-01 -1.439647e-01 9.721892e-02 -3.038202e-01 2.635590e-01 -2.236015e+00 1.381552e+00 -3.103324e+00 7.383360e-03 -6.070708e-01
1.352000e+01 2.336031e-01 3.383330e-01 3.675306e-01 -1.090795e-01 1.012468e-01 -2.925538e-01 2.585313e-01 -2.255168e+00 1.388290e+00 -3.099919e+00 -1.577362e-02 -5.741780e-01
1.360000e+01 2.433843e-01 3.604232e-01 3.906862e-01 -7.626524e-02 1.118965e-01 -2.803205e-01 2.662605e-01 -2.271168e+00 1.393166e+00 -3.071532e+00 -3.939817e-02 -5.473761e-01
1.368000e+01 2.530261e-01 3.867647e-01 4.106409e-01 -4.138057e-02 1.185002e-01 -2.620314e-01 2.625692e-01 -2.285265e+00 1.394359e+00 -3.048795e+00 -6.433334e-02 -5.137882e-01
1.376000e+01 2.639206e-01 4.175168e-01 4.317747e-01 -4.715713e-03 1.256800e-01 -2.414656e-01 2.599306e-01 -2.294659e+00 1.395832e+00 -3.027999e+00 -8.945950e-02 -4.772235e-01
1.384000e+01 2.754108e-01 4.459906e-01 4.519450e-01 3.193028e-02 1.323192e-01 -2.188925e-01 2.561297e-01 -2.301694e+00 1.396875e+00 -3.009479e+00 -1.143652e-01 -4.389573e-01
1.392000e+01 2.875061e-01 4.789200e-01 4.726062e-01 6.958303e-02 1.390816e-01 -1.925994e-01 2.512020e-01 -2.305198e+00 1.395995e+00 -2.990000e+00 -1.405362e-01 -3.963488e-01
1.400000e+01 3.037164e-01 5.089602e-01 4.986157e-01 1.046237e-01 1.533304e-01 -1.651369e-01 2.595888e-01 -2.304688e+00 1.393820e+00 -2.942150e+00 -1.663866e-01 -3.599190e-01
1.408000e+01 3.194520e-01 5.411676e-01 5.214625e-01 1.432558e-01 1.640408e-01 -1.335499e-01 2.596898e-01 -2.303217e+00 1.389850e+00 -2.905565e+00 -1.925180e-01 -3.165997e-01
1.416000e+01 3.366166e-01 5.727789e-01 5.433679e-01 1.816819e-01 1.744397e-01 -9.958702e-02 2.589533e-01 -2.298112e+00 1.387179e+00 -2.873355e+00 -2.182852e-01 -2.711424e-01
1.424000e+01 3.523137e-01 6.027155e-01 5.646526e-01 2.253232e-01 1.846598e-01 -6.067899e-02 2.567990e-01 -2.288318e+00 1.383173e+00 -2.840728e+00 -2.451525e-01 -2.225952e-01
1.432000e+01 3.695814e-01 6.308586e-01 5.844655e-01 2.675796e-01 1.949151e-01 -1.894449e-02 2.537375e-01 -2.275468e+00 1.378160e+00 -2.807936e+00 -2.715386e-01 -1.714393e-01
1.440000e+01 3.880154e-01 6.605975e-01 6.038268e-01 3.095667e-01 2.050467e-01 2.577260e-02 2.497902e-01 -2.259402e+00 1.371379e+00 -2.773766e+00 -2.981328e-01 -1.155854e-01
1.448000e+01 4.079153e-01 6.869855e-01 6.216708e-01 3.495248e-01 2.147954e-01 7.236390e-02 2.451697e-01 -2.241224e+00 1.362235e+00 -2.737775e+00 -3.233885e-01 -5.910832e-02
1.456000e+01 4.276555e-01 7.101644e-01 6.381848e-01 3.888617e-01 2.244123e-01 1.226557e-01 2.396406e-01 -2.220144e+00 1.350697e+00 -2.698974e+00 -3.482259e-01 -1.456853e-03
1.464000e+01 4.474024e-01 7.264272e-01 6.520644e-01 4.271430e-01 2.331641e-01 1.738110e-01 2.334655e-01 -2.197603e+00 1.336676e+00 -2.659680e+00 -3.706561e-01 5.520950e-02
1.472000e+01 4.671831e-01 7.420052e-01 6.650966e-01 4.653558e-01 2.421847e-01 2.273004e-01 2.270006e-01 -2.172227e+00 1.320290e+00 -2.617997e+00 -3.921575e-01 1.135418e-01
1.480000e+01 4.870156e-01 7.551203e-01 6.767077e-01 5.029711e-01 2.510299e-01 2.824741e-01 2.203917e-01 -2.144836e+00 1.302320e+00 -2.574815e+00 -4.122148e-01 1.721716e-01
1.488000e+01 5.052328e-01 7.645391e-01 6.868122e-01 5.396364e-01 2.600896e-01 3.400743e-01 2.128567e-01 -2.113236e+00 1.280609e+00 -2.532824e+00 -4.317796e-01 2.262505e-01
1.496000e+01 5.235565e-01 7.712580e-01 6.952956e-01 5.769985e-01 2.691126e-01 3.987911e-01 2.058547e-01 -2.081460e+00 1.259012e+00 -2.486818e+00 -4.496250e-01 2.822539e-01
1.504000e+01 5.414718e-01 7.760829e-01 7.019956e-01 6.156020e-01 2.763727e-01 4.615209e-01 1.990892e-01 -2.053293e+00 1.238540e+00 -2.438013e+00 -4.649438e-01 3.390408e-01
1.512000e+01 5.572877e-01 7.796037e-01 7.055423e-01 6.560802e-01 2.805731e-01 5.257270e-01 1.849230e-01 -2.021698e+00 1.217051e+00 -2.400005e+00 -4.789152e-01 3.988358e-01
1.520000e+01 5.708498e-01 7.777269e-01 7.091370e-01 6.951958e-01 2.869928e-01 5.896455e-01 1.766140e-01 -1.986723e+00 1.194811e+00 -2.358016e+00 -4.920580e-01 4.526247e-01
1.528000e+01 5.836168e-01 7.716972e-01 7.119478e-01 7.345841e-01 2.938959e-01 6.543768e-01 1.694294e-01 -1.950414e+00 1.171471e+00 -2.311309e+00 -5.036249e-01 5.048120e-01
1.536000e+01 5.954335e-01 7.614731e-01 7.149067e-01 7.740508e-01 3.014966e-01 7.213325e-01 1.634924e-01 -1.912180e+00 1.147714e+00 -2.258269e+00 -5.128005e-01 5.536944e-01
1.544000e+01 6.029380e-01 7.487532e-01 7.161090e-01 8.188081e-01 3.076614e-01 7.895911e-01 1.564283e-01 -1.872259e+00 1.123933e+00 -2.207826e+00 -5.213722e-01 6.003440e-01
1.552000e+01 6.129915e-01 7.354315e-01 7.167224e-01 8.568854e-01 3.125643e-01 8.582324e-01 1.506288e-01 -1.838634e+00 1.102853e+00 -2.155380e+00 -5.256604e-01 6.463966e-01
1.560000e+01 6.184241e-01 7.059584e-01 7.144809e-01 8.925185e-01 3.160615e-01 9.227697e-01 1.448180e-01 -1.803854e+00 1.080931e+00 -2.107420e+00 -5.264656e-01 6.838429e-01
1.568000e+01 6.162776e-01 6.901907e-01 7.068594e-01 9.393488e-01 3.083038e-01 9.915166e-01 1.155793e-01 -1.765612e+00 1.057335e+00 -2.099813e+00 -5.290715e-01 7.368183e-01
1.576000e+01 6.096607e-01 6.528577e-01 7.010037e-01 9.834405e-01 3.051860e-01 1.055840e+00 1.006364e-01 -1.724080e+00 1.033995e+00 -2.075780e+00 -5.298080e-01 7.772789e-01
1.584000e+01 5.997927e-01 6.213269e-01 6.990546e-01 1.025308e+00 3.040324e-01 1.122766e+00 8.701879e-02 -1.680831e+00 1.006120e+00 -2.039429e+00 -5.312578e-01 8.139823e-01
1.592000e+01 5.844350e-01 5.999181e-01 6.981351e-01 1.072508e+00 3.000292e-01 1.188814e+00 6.648419e-02 -1.636285e+00 9.758913e-01 -2.011411e+00 -5.331929e-01 8.532898e-01
1.600000e+01 5.650198e-01 5.807903e-01 6.990068e-01 1.119152e+00 2.942606e-01 1.253523e+00 4.367090e-02 -1.591065e+00 9.450740e-01 -1.991905e+00 -5.350870e-01 8.917475e-01
1.608000e+01 5.393780e-01 5.644475e-01 7.026524e-01 1.170210e+00 2.874626e-01 1.318569e+00 2.011570e-02 -1.544554e+00 9.135709e-01 -1.974498e+00 -5.383084e-01 9.283622e-01
1.616000e+01 5.093313e-01 5.474520e-01 7.106322e-01 1.218286e+00 2.840744e-01 1.386328e+00 2.888179e-03 -1.496197e+00 8.801479e-01 -1.945902e+00 -5.435196e-01 9.573400e-01
1.624000e+01 4.767000e-01 5.250087e-01 7.192274e-01 1.254107e+00 2.813506e-01 1.454458e+00 -1.392960e-02 -1.450450e+00 8.455658e-01 -1.911663e+00 -5.465066e-01 9.762341e-01
1.632000e+01 4.430196e-01 5.114892e-01 7.331253e-01 1.286034e+00 2.808781e-01 1.518870e+00 -2.785377e-02 -1.402904e+00 8.119908e-01 -1.870445e+00 -5.489128e-01 9.934239e-01
1.640000e+01 4.079868e-01 4.874813e-01 7.480648e-01 1.305361e+00 2.848082e-01 1.575451e+00 -3.794434e-02 -1.352774e+00 7.796369e-01 -1.829374e+00 -5.471588e-01 1.003215e+00
1.648000e+01 3.700267e-01 4.809386e-01 7.663128e-01 1.327791e+00 2.877979e-01 1.631343e+00 -4.726047e-02 -1.304448e+00 7.494535e-01 -1.788409e+00 -5.459572e-01 1.013584e+00
1.656000e+01 3.318741e-01 4.838586e-01 7.882844e-01 1.346040e+00 2.929586e-01 1.685106e+00 -5.311301e-02 -1.255538e+00 7.208434e-01 -1.744482e+00 -5.452344e-01 1.020970e+00
1.664000e+01 2.960809e-01 4.934097e-01 8.134955e-01 1.361848e+00 3.007404e-01 1.737600e+00 -5.533417e-02 -1.205761e+00 6.951749e-01 -1.696588e+00 -5.440543e-01 1.033018e+00
1.672000e+01 2.606667e-01 5.169765e-01 8.417195e-01 1.379316e+00 3.101213e-01 1.790404e+00 -5.597510e-02 -1.154555e+00 6.691493e-01 -1.647232e+00 -5.454480e-01 1.042843e+00
1.680000e+01 2.291623e-01 5.355116e-01 8.674454e-01 1.389576e+00 3.196868e-01 1.839091e+00 -5.453811e-02 -1.105719e+00 6.457068e-01 -1.599307e+00 -5.449083e-01 1.048802e+00
1.688000e+01 2.010099e-01 5.509614e-01 8.915884e-01 1.398455e+00 3.306184e-01 1.884457e+00 -5.043202e-02 -1.057806e+00 6.244035e-01 -1.549387e+00 -5.423227e-01 1.050086e+00
1.696000e+01 1.782152e-01 5.822273e-01 9.202510e-01 1.409182e+00 3.452603e-01 1.932415e+00 -4.362666e-02 -1.005948e+00 6.029623e-01 -1.493590e+00 -5.438387e-01 1.051432e+00
1.704000e+01 1.579222e-01 6.164764e-01 9.482360e-01 1.424731e+00 3.599073e-01 1.981791e+00 -3.717563e-02 -9.531639e-01 5.832486e-01 -1.442282e+00 -5.475836e-01 1.054286e+00
1.712000e+01 1.429761e-01 6.503252e-01 9.753497e-01 1.441502e+00 3.754474e-01 2.025522e+00 -2.664314e-02 -8.996096e-01 5.659519e-01 -1.389681e+00 -5.511159e-01 1.060713e+00
1.720000e+01 1.352310e-01 6.798255e-01 1.001661e+00 1.461649e+00 3.906047e-01 2.073654e+00 -1.881909e-02 -8.453435e-01 5.472892e-01 -1.340016e+00 -5.566677e-01 1.073283e+00
1.728000e+01 1.278343e-01 7.013283e-01 1.025519e+00 1.481456e+00 4.065047e-01 2.122054e+00 -1.002065e-02 -7.904670e-01 5.294418e-01 -1.286063e+00 -5.613538e-01 1.083756e+00
1.736000e+01 1.214447e-01 7.112844e-01 1.044857e+00 1.499075e+00 4.211856e-01 2.168087e+00 2.580514e-04 -7.363560e-01 5.129561e-01 -1.234999e+00 -5.628413e-01 1.088238e+00
1.744000e+01 1.145836e-01 7.106511e-01 1.060743e+00 1.512880e+00 4.344913e-01 2.219190e+00 6.855761e-03 -6.820482e-01 4.954466e-01 -1.186111e+00 -5.633283e-01 1.089408e+00
1.752000e+01 1.092588e-01 7.036714e-01 1.077389e+00 1.526023e+00 4.488503e-01 2.264974e+00 1.707683e-02 -6.260951e-01 4.791871e-01 -1.129781e+00 -5.603135e-01 1.085969e+00
1.760000e+01 1.056447e-01 6.858592e-01 1.092920e+00 1.536442e+00 4.649174e-01 2.308065e+00 3.040007e-02 -5.698867e-01 4.675199e-01 -1.074136e+00 -5.528672e-01 1.079089e+00
1.768000e+01 1.002290e-01 6.654675e-01 1.105645e+00 1.545685e+00 4.803785e-01 2.349913e+00 4.199576e-02 -5.138298e-01 4.585940e-01 -1.029307e+00 -5.440534e-01 1.072742e+00
1.776000e+01 9.681169e-02 6.404281e-01 1.115411e+00 1.540932e+00 4.983944e-01 2.383941e+00 5.517887e-02 -4.610600e-01 4.523965e-01 -9.891320e-01 -5.294439e-01 1.063042e+00
1.784000e+01 8.609324e-02 6.118363e-01 1.120123e+00 1.540065e+00 5.131013e-01 2.419540e+00 6.573318e-02 -4.086312e-01 4.439945e-01 -9.533877e-01 -5.147604e-01 1.044330e+00
1.792000e+01 7.536434e-02 5.795612e-01 1.122447e+00 1.537440e+00 5.278459e-01 2.453282e+00 7.561531e-02 -3.563234e-01 4.352538e-01 -9.197470e-01 -4.989202e-01 1.026123e+00
1.800000e+01 6.088721e-02 5.523311e-01 1.121312e+00 1.535138e+00 5.405226e-01 2.486374e+00 7.968778e-02 -3.037409e-01 4.262023e-01 -8.959456e-01 -4.828419e-01 1.008363e+00
1.808000e+01 4.636824e-02 5.198443e-01 1.116819e+00 1.529048e+00 5.534609e-01 2.515638e+00 8.529913e-02 -2.532592e-01 4.175983e-01 -8.755501e-01 -4.672417e-01 9.922411e-01
1.816000e+01 3.185963e-02 4.874354e-01 1.110826e+00 1.522311e+00 5.674868e-01 2.544526e+00 9.105323e-02 -2.023827e-01 4.077552e-01 -8.534708e-01 -4.523334e-01 9.750524e-01
1.824000e+01 1.761513e-02 4.595040e-01 1.102969e+00 1.515701e+00 5.820094e-01 2.571375e+00 9.699447e-02 -1.520699e-01 3.977528e-01 -8.312307e-01 -4.384065e-01 9.585559e-01
1.832000e+01 4.175370e-03 4.320865e-01 1.093206e+00 1.509912e+00 5.974101e-01 2.597709e+00 1.027382e-01 -1.016187e-01 3.871584e-01 -8.091256e-01 -4.259775e-01 9.429117e-01
1.840000e+01 -7.391319e-03 4.048614e-01 1.081689e+00 1.504578e+00 6.136878e-01 2.623382e+00 1.088295e-01 -5.105119e-02 3.776485e-01 -7.864377e-01 -4.144190e-01 9.300419e-01
1.848000e+01 -1.843816e-02 3.793440e-01 1.067438e+00 1.500559e+00 6.297649e-01 2.648450e+00 1.142735e-01 -9.995957e-04 3.677857e-01 -7.653504e-01 -4.032594e-01 9.163061e-01
1.856000e+01 -3.254880e-02 3.524736e-01 1.047009e+00 1.493622e+00 6.429748e-01 2.679607e+00 1.132764e-01 4.721216e-02 3.531283e-01 -7.546502e-01 -3.966981e-01 8.963036e-01
1.864000e+01 -4.492163e-02 3.224716e-01 1.026289e+00 1.486685e+00 6.558227e-01 2.704566e+00 1.139039e-01 9.631243e-02 3.403026e-01 -7.383632e-01 -3.903258e-01 8.787496e-01
1.872000e+01 -5.519646e-02 2.895777e-01 1.004727e+00 1.479689e+00 6.693212e-01 2.727819e+00 1.155871e-01 1.460128e-01 3.298169e-01 -7.207777e-01 -3.829130e-01 8.651626e-01
1.880000e+01 -6.465090e-02 2.543518e-01 9.809771e-01 1.473248e+00 6.826989e-01 2.750022e+00 1.170380e-01 1.952843e-01 3.192274e-01 -7.047691e-01 -3.745839e-01 8.494987e-01
1.888000e+01 -7.391467e-02 2.177668e-01 9.544977e-01 1.466398e+00 6.953417e-01 2.770811e+00 1.178730e-01 2.429366e-01 3.089178e-01 -6.921778e-01 -3.658520e-01 8.311157e-01
1.896000e+01 -8.659244e-02 1.733932e-01 9.222691e-01 1.457205e+00 7.058386e-01 2.788395e+00 1.170187e-01 2.870341e-01 2.983285e-01 -6.854067e-01 -3.555696e-01 8.001174e-01
1.904000e+01 -9.829486e-02 1.252075e-01 8.895960e-01 1.448438e+00 7.179755e-01 2.805843e+00 1.164965e-01 3.319507e-01 2.887496e-01 -6.777902e-01 -3.451492e-01 7.741364e-01
1.912000e+01 -1.108406e-01 7.577795e-02 8.558633e-01 1.445972e+00 7.288168e-01 2.826521e+00 1.151158e-01 3.784226e-01 2.782826e-01 -6.676437e-01 -3.352082e-01 7.478588e-01
1.920000e+01 -1.247130e-01 2.838639e-02 8.194507e-01 1.440412e+00 7.401121e-01 2.836799e+00 1.177059e-01 4.218117e-01 2.712439e-01 -6.621011e-01 -3.227539e-01 7.177476e-01
1.928000e+01 -1.366386e-01 -1.629425e-02 7.831688e-01 1.431375e+00 7.524252e-01 2.849187e+00 1.171097e-01 4.652309e-01 2.631453e-01 -6.576086e-01 -3.111416e-01 6.900235e-01
1.936000e+01 -1.469358e-01 -6.243380e-02 7.455065e-01 1.418525e+00 7.651384e-01 2.860813e+00 1.160277e-01 5.071109e-01 2.554423e-01 -6.545664e-01 -2.982937e-01 6.627510e-01
1.944000e+01 -1.581187e-01 -1.204160e-01 7.038392e-01 1.404108e+00 7.767493e-01 2.871822e+00 1.135069e-01 5.465158e-01 2.478120e-01 -6.558068e-01 -2.833499e-01 6.322880e-01
1.952000e+01 -1.710222e-01 -1.703559e-01 6.617087e-01 1.388433e+00 7.874310e-01 2.882262e+00 1.096092e-01 5.845472e-01 2.397467e-01 -6.606072e-01 -2.693391e-01 6.025992e-01
1.960000e+01 -1.746842e-01 -2.198473e-01 6.231876e-01 1.369273e+00 8.009614e-01 2.893192e+00 1.076640e-01 6.245474e-01 2.329651e-01 -6.593373e-01 -2.535147e-01 5.884218e-01
1.968000e+01 -1.797830e-01 -2.675352e-01 5.832472e-01 1.347482e+00 8.132356e-01 2.902629e+00 1.053371e-01 6.623288e-01 2.261318e-01 -6.598622e-01 -2.368973e-01 5.681935e-01
1.976000e+01 -1.839636e-01 -3.131876e-01 5.431071e-01 1.323584e+00 8.249730e-01 2.911059e+00 1.028851e-01 6.988211e-01 2.192889e-01 -6.611391e-01 -2.198973e-01 5.456955e-01
1.984000e+01 -1.869159e-01 -3.558480e-01 5.025812e-01 1.298492e+00 8.347681e-01 2.918614e+00 1.003148e-01 7.321971e-01 2.133500e-01 -6.631337e-01 -2.023654e-01 5.219267e-01
1.992000e+01 -1.886323e-01 -3.960622e-01 4.623058e-01 1.271668e+00 8.440842e-01 2.925261e+00 9.763265e-02 7.644412e-01 2.074588e-01 -6.658700e-01 -1.851273e-01 4.966495e-01
2.000000e+01 -1.897557e-01 -4.334009e-01 4.218588e-01 1.243200e+00 8.527089e-01 2.930935e+00 9.392703e-02 7.955520e-01 2.010878e-01 -6.720130e-01 -1.694373e-01 4.713324e-01
2.008000e+01 -1.848288e-01 -4.645612e-01 3.827382e-01 1.212317e+00 8.619698e-01 2.916839e+00 9.978931e-02 8.243920e-01 2.001046e-01 -6.778308e-01 -1.493639e-01 4.459425e-01
2.016000e+01 -1.812539e-01 -5.023750e-01 3.414886e-01 1.174853e+00 8.684082e-01 2.918657e+00 9.604752e-02 8.519227e-01 1.942302e-01 -6.874362e-01 -1.326603e-01 4.142167e-01
2.024000e+01 -1.780502e-01 -5.361222e-01 3.011845e-01 1.140229e+00 8.723608e-01 2.916294e+00 9.183633e-02 8.786778e-01 1.877454e-01 -6.972839e-01 -1.175156e-01 3.820499e-01
2.032000e+01 -1.707463e-01 -5.651809e-01 2.608514e-01 1.099401e+00 8.766686e-01 2.907285e+00 8.902686e-02 9.016242e-01 1.833230e-01 -7.091275e-01 -1.009751e-01 3.494604e-01
2.040000e+01 -1.640492e-01 -5.925198e-01 2.227969e-01 1.061871e+00 8.813829e-01 2.900766e+00 8.591268e-02 9.250967e-01 1.774985e-01 -7.204106e-01 -8.746550e-02 3.150471e-01
2.048000e+01 -1.571987e-01 -6.167287e-01 1.837318e-01 1.025933e+00 8.852443e-01 2.895586e+00 7.977800e-02 9.469914e-01 1.711901e-01 -7.378026e-01 -7.541811e-02 2.819336e-01
2.056000e+01 -1.475349e-01 -6.377573e-01 1.448046e-01 9.854082e-01 8.884429e-01 2.889375e+00 7.509002e-02 9.633376e-01 1.668307e-01 -7.547253e-01 -6.301517e-02 2.495535e-01
2.064000e+01 -1.358425e-01 -6.577295e-01 1.076215e-01 9.469037e-01 8.927313e-01 2.882899e+00 7.112647e-02 9.812448e-01 1.620066e-01 -7.707226e-01 -5.252592e-02 2.220685e-01
2.072000e+01 -1.210604e-01 -6.762751e-01 7.167572e-02 9.093518e-01 8.977771e-01 2.877371e+00 6.712806e-02 9.989066e-01 1.565023e-01 -7.859517e-01 -4.322182e-02 1.989963e-01
2.080000e+01 -1.081342e-01 -6.929940e-01 3.462995e-02 8.701937e-01 9.011433e-01 2.870217e+00 6.270497e-02 1.013749e+00 1.511768e-01 -8.029806e-01 -3.469989e-02 1.708832e-01
2.088000e+01 -9.462693e-02 -7.160670e-01 -3.994606e-03 8.285279e-01 9.028779e-01 2.857735e+00 5.879723e-02 1.024791e+00 1.471340e-01 -8.230498e-01 -2.453947e-02 1.394571e-01
2.096000e+01 -8.386675e-02 -7.305057e-01 -4.087292e-02 7.930958e-01 9.045792e-01 2.849596e+00 5.352779e-02 1.036562e+00 1.411056e-01 -8.428088e-01 -1.834063e-02 1.086943e-01
2.104000e+01 -7.242280e-02 -7.389428e-01 -7.600527e-02 7.569985e-01 9.056431e-01 2.841240e+00 4.789122e-02 1.047375e+00 1.349486e-01 -8.624747e-01 -1.422292e-02 7.906085e-02
2.112000e+01 -6.275736e-02 -7.507160e-01 -1.130899e-01 7.179098e-01 9.052278e-01 2.831030e+00 4.199242e-02 1.055909e+00 1.288884e-01 -8.831197e-01 -1.103176e-02 4.535623e-02
2.120000e+01 -4.845138e-02 -7.674030e-01 -1.515144e-01 6.682621e-01 9.034962e-01 2.815599e+00 3.691119e-02 1.059501e+00 1.256536e-01 -9.075352e-01 -4.585203e-03 1.209655e-02
2.128000e+01 -3.434915e-02 -7.810132e-01 -1.886468e-01 6.202158e-01 9.008776e-01 2.799806e+00 3.170815e-02 1.062253e+00 1.222783e-01 -9.326138e-01 1.240062e-03 -2.079366e-02
2.136000e+01 -1.560256e-02 -7.928550e-01 -2.232354e-01 5.731308e-01 8.987038e-01 2.784789e+00 2.715314e-02 1.065542e+00 1.193825e-01 -9.556606e-01 6.668406e-03 -4.535107e-02
2.144000e+01 3.544459e-03 -8.088320e-01 -2.584866e-01 5.228396e-01 8.950617e-01 2.767026e+00 2.306254e-02 1.066130e+00 1.178261e-01 -9.801038e-01 1.425229e-02 -7.080343e-02
2.152000e+01 2.137219e-02 -8.088889e-01 -2.900088e-01 4.777428e-01 8.912763e-01 2.751263e+00 1.861765e-02 1.067850e+00 1.148745e-01 -1.003118e+00 1.848134e-02 -9.570128e-02
2.160000e+01 4.362165e-02 -8.050042e-01 -3.175168e-01 4.285379e-01 8.878640e-01 2.733463e+00 1.539676e-02 1.068156e+00 1.136729e-01 -1.025239e+00 2.334235e-02 -1.162397e-01
2.168000e+01 6.477572e-02 -8.046426e-01 -3.458284e-01 3.772488e-01 8.830391e-01 2.713708e+00 1.251083e-02 1.066053e+00 1.137154e-01 -1.048705e+00 2.993346e-02 -1.386109e-01
2.176000e+01 8.575356e-02 -8.023520e-01 -3.736826e-01 3.256434e-01 8.773002e-01 2.692636e+00 9.751906e-03 1.062356e+00 1.145015e-01 -1.073586e+00 3.679541e-02 -1.612398e-01
2.184000e+01 1.063312e-01 -8.036678e-01 -4.020658e-01 2.725330e-01 8.705054e-01 2.669216e+00 7.339242e-03 1.056316e+00 1.164243e-01 -1.099709e+00 4.551510e-02 -1.863869e-01
2.192000e+01 1.256308e-01 -8.016710e-01 -4.294015e-01 2.194645e-01 8.635645e-01 2.644687e+00 5.639977e-03 1.049428e+00 1.189603e-01 -1.125630e+00 5.448368e-02 -2.114624e-01
2.200000e+01 1.438600e-01 -7.969452e-01 -4.558153e-01 1.665258e-01 8.562230e-01 2.619017e+00 4.162061e-03 1.041400e+00 1.222072e-01 -1.152172e+00 6.377562e-02 -2.361799e-01
2.208000e+01 1.646585e-01 -7.825517e-01 -4.787283e-01 1.075360e-01 8.499867e-01 2.591410e+00 4.179427e-03 1.032599e+00 1.269396e-01 -1.177684e+00 7.267031e-02 -2.557390e-01
2.216000e+01 1.836252e-01 -7.697030e-01 -5.015034e-01 4.710587e-02 8.432946e-01 2.561118e+00 4.891068e-03 1.021350e+00 1.329821e-01 -1.204910e+00 8.373960e-02 -2.778815e-01
2.224000e+01 1.992187e-01 -7.545654e-01 -5.228604e-01 -9.109304e-03 8.355283e-01 2.531412e+00 5.434559e-03 1.009671e+00 1.390992e-01 -1.232426e+00 9.443068e-02 -2.994876e-01
2.232000e+01 2.120263e-01 -7.304811e-01 -5.402902e-01 -5.996969e-02 8.282870e-01 2.503440e+00 6.018914e-03 9.994051e-01 1.441182e-01 -1.257897e+00 1.029057e-01 -3.169111e-01
2.240000e+01 2.215979e-01 -7.092955e-01 -5.580967e-01 -1.121554e-01 8.199086e-01 2.473339e+00 6.933296e-03 9.865728e-01 1.510601e-01 -1.284709e+00 1.131181e-01 -3.338341e-01
2.248000e+01 2.288142e-01 -6.876947e-01 -5.749981e-01 -1.657171e-01 8.114348e-01 2.441831e+00 8.399351e-03 9.723765e-01 1.589634e-01 -1.311987e+00 1.244901e-01 -3.491425e-01
2.256000e+01 2.319865e-01 -6.665643e-01 -5.907610e-01 -2.172520e-01 8.024817e-01 2.410638e+00 9.884140e-03 9.577720e-01 1.669160e-01 -1.339245e+00 1.361302e-01 -3.627031e-01
2.264000e+01 2.321942e-01 -6.342742e-01 -6.025769e-01 -2.659661e-01 7.948077e-01 2.380194e+00 1.261047e-02 9.445411e-01 1.748299e-01 -1.363368e+00 1.456889e-01 -3.685163e-01
2.272000e+01 2.290890e-01 -5.932733e-01 -6.108603e-01 -3.107176e-01 7.875372e-01 2.352775e+00 1.511579e-02 9.327375e-01 1.819142e-01 -1.385174e+00 1.529373e-01 -3.705406e-01
2.280000e+01 2.221771e-01 -5.628783e-01 -6.194592e-01 -3.556531e-01 7.787194e-01 2.326922e+00 1.618232e-02 9.193263e-01 1.889013e-01 -1.408476e+00 1.613515e-01 -3.751765e-01
2.288000e+01 2.131829e-01 -5.241232e-01 -6.233801e-01 -3.963580e-01 7.713079e-01 2.300851e+00 1.869084e-02 9.075149e-01 1.959996e-01 -1.427928e+00 1.682035e-01 -3.709233e-01
2.296000e+01 1.956083e-01 -4.996075e-01 -6.294020e-01 -4.284608e-01 7.610000e-01 2.275668e+00 1.981540e-02 8.942831e-01 2.023495e-01 -1.449272e+00 1.759644e-01 -3.721189e-01
2.304000e+01 1.735355e-01 -4.817290e-01 -6.356810e-01 -4.563370e-01 7.507708e-01 2.250467e+00 2.100345e-02 8.809208e-01 2.088658e-01 -1.469702e+00 1.839407e-01 -3.712464e-01
2.312000e+01 1.526853e-01 -4.551370e-01 -6.380349e-01 -4.848156e-01 7.419041e-01 2.225095e+00 2.344415e-02 8.683474e-01 2.156694e-01 -1.487655e+00 1.908707e-01 -3.658901e-01
2.320000e+01 1.317520e-01 -4.429994e-01 -6.418566e-01 -5.159545e-01 7.318936e-01 2.199131e+00 2.556781e-02 8.536575e-01 2.233483e-01 -1.507259e+00 2.001991e-01 -3.633647e-01
2.328000e+01 1.122388e-01 -4.438124e-01 -6.462118e-01 -5.479626e-01 7.215934e-01 2.170244e+00 2.860489e-02 8.373589e-01 2.327261e-01 -1.527249e+00 2.129292e-01 -3.603435e-01
2.336000e+01 9.462519e-02 -4.486755e-01 -6.506780e-01 -5.843392e-01 7.116572e-01 2.138679e+00 3.244808e-02 8.195151e-01 2.427282e-01 -1.548569e+00 2.279735e-01 -3.596474e-01
2.344000e+01 7.599842e-02 -4.576549e-01 -6.552098e-01 -6.163791e-01 7.011939e-01 2.107607e+00 3.575284e-02 8.016816e-01 2.520627e-01 -1.570530e+00 2.425657e-01 -3.601608e-01
2.352000e+01 5.922537e-02 -4.721704e-01 -6.604283e-01 -6.488444e-01 6.902483e-01 2.074916e+00 3.943120e-02 7.825368e-01 2.617729e-01 -1.593281e+00 2.579542e-01 -3.631723e-01
2.360000e+01 4.317601e-02 -4.991353e-01 -6.698359e-01 -6.835059e-01 6.767442e-01 2.039434e+00 4.115185e-02 7.598441e-01 2.716045e-01 -1.623745e+00 2.749926e-01 -3.705176e-01
2.368000e+01 2.824978e-02 -5.250645e-01 -6.796868e-01 -7.173243e-01 6.629567e-01 2.002434e+00 4.306293e-02 7.358684e-01 2.800356e-01 -1.652687e+00 2.919546e-01 -3.828905e-01
2.376000e+01 1.596443e-02 -5.502397e-01 -6.889171e-01 -7.510038e-01 6.495608e-01 1.966895e+00 4.371280e-02 7.114679e-01 2.878350e-01 -1.681405e+00 3.074864e-01 -3.962008e-01
2.384000e+01 7.537998e-03 -5.719736e-01 -6.964441e-01 -7.796468e-01 6.369749e-01 1.920557e+00 4.944051e-02 6.852814e-01 2.986528e-01 -1.710125e+00 3.244010e-01 -4.101783e-01
2.392000e+01 1.451560e-03 -5.981989e-01 -7.039785e-01 -8.121009e-01 6.281021e-01 1.881928e+00 5.761454e-02 6.580666e-01 3.090826e-01 -1.733689e+00 3.404132e-01 -4.302173e-01
2.400000e+01 -3.257105e-03 -6.225248e-01 -7.121097e-01 -8.424974e-01 6.180008e-01 1.841098e+00 6.373306e-02 6.295630e-01 3.198913e-01 -1.762664e+00 3.560064e-01 -4.540579e-01
2.408000e+01 -7.223605e-03 -6.435658e-01 -7.193651e-01 -8.647514e-01 6.071894e-01 1.794648e+00 7.071835e-02 5.996993e-01 3.318495e-01 -1.793897e+00 3.712856e-01 -4.760026e-01
2.416000e+01 -7.398593e-03 -6.593590e-01 -7.240848e-01 -8.892398e-01 5.988244e-01 1.752917e+00 7.712828e-02 5.702244e-01 3.433135e-01 -1.823887e+00 3.836912e-01 -5.005363e-01
2.424000e+01 -4.415610e-03 -6.695675e-01 -7.256796e-01 -9.108433e-01 5.908143e-01 1.703048e+00 8.698758e-02 5.402383e-01 3.567059e-01 -1.852505e+00 3.956798e-01 -5.262437e-01
2.432000e+01 -7.984201e-04 -6.782847e-01 -7.273231e-01 -9.315672e-01 5.823262e-01 1.660582e+00 9.432162e-02 5.081117e-01 3.695066e-01 -1.884007e+00 4.062036e-01 -5.533384e-01
2.440000e+01 6.072337e-03 -6.796203e-01 -7.273298e-01 -9.586291e-01 5.738033e-01 1.615195e+00 1.011783e-01 4.734883e-01 3.830657e-01 -1.918687e+00 4.157207e-01 -5.801983e-01
2.448000e+01 1.320066e-02 -6.768356e-01 -7.251375e-01 -9.831777e-01 5.638959e-01 1.570426e+00 1.072588e-01 4.383203e-01 3.957491e-01 -1.952544e+00 4.232896e-01 -6.081831e-01
2.456000e+01 1.982669e-02 -6.685991e-01 -7.226275e-01 -1.005687e+00 5.510943e-01 1.525620e+00 1.101088e-01 4.016412e-01 4.078648e-01 -1.993274e+00 4.281499e-01 -6.340647e-01
2.464000e+01 2.733971e-02 -6.573717e-01 -7.179917e-01 -1.026692e+00 5.375110e-01 1.479090e+00 1.133793e-01 3.633085e-01 4.186603e-01 -2.029543e+00 4.324446e-01 -6.612447e-01
2.472000e+01 3.535978e-02 -6.423192e-01 -7.114842e-01 -1.046816e+00 5.233999e-01 1.432823e+00 1.165938e-01 3.241083e-01 4.292703e-01 -2.064742e+00 4.354656e-01 -6.886985e-01
2.480000e+01 4.281498e-02 -6.236514e-01 -7.037691e-01 -1.065830e+00 5.083877e-01 1.385882e+00 1.195939e-01 2.833484e-01 4.400185e-01 -2.100625e+00 4.373652e-01 -7.192044e-01
2.488000e+01 5.115375e-02 -6.018148e-01 -6.939487e-01 -1.083597e+00 4.933180e-01 1.338774e+00 1.228769e-01 2.418553e-01 4.514251e-01 -2.135973e+00 4.380226e-01 -7.484792e-01
2.496000e+01 5.560249e-02 -5.796604e-01 -6.833907e-01 -1.100041e+00 4.772200e-01 1.304166e+00 1.191677e-01 1.999934e-01 4.592835e-01 -2.172368e+00 4.345666e-01 -7.813740e-01
2.504000e+01 6.177416e-02 -5.531419e-01 -6.716166e-01 -1.116618e+00 4.611013e-01 1.263778e+00 1.186686e-01 1.567292e-01 4.690019e-01 -2.208507e+00 4.317535e-01 -8.134104e-01
2.512000e+01 6.744195e-02 -5.240559e-01 -6.579313e-01 -1.129262e+00 4.450057e-01 1.222203e+00 1.193393e-01 1.137369e-01 4.797824e-01 -2.243087e+00 4.279550e-01 -8.426675e-01
2.520000e+01 7.475245e-02 -4.929600e-01 -6.420953e-01 -1.143126e+00 4.299013e-01 1.177636e+00 1.219732e-01 7.060433e-02 4.921928e-01 -2.275755e+00 4.242986e-01 -8.703220e-01
2.528000e+01 8.439456e-02 -4.591265e-01 -6.246447e-01 -1.160183e+00 4.151773e-01 1.130547e+00 1.256592e-01 2.492993e-02 5.067936e-01 -2.309990e+00 4.220919e-01 -8.966433e-01
2.536000e+01 9.350348e-02 -4.226533e-01 -6.044727e-01 -1.172678e+00 4.004598e-01 1.084674e+00 1.296387e-01 -2.017157e-02 5.212193e-01 -2.342529e+00 4.185980e-01 -9.198555e-01
2.544000e+01 1.019003e-01 -3.863246e-01 -5.834346e-01 -1.182443e+00 3.857227e-01 1.038939e+00 1.340204e-01 -6.572737e-02 5.363166e-01 -2.374151e+00 4.148898e-01 -9.407365e-01
2.552000e+01 1.086859e-01 -3.435264e-01 -5.628717e-01 -1.188278e+00 3.683186e-01 9.944149e-01 1.349164e-01 -1.148191e-01 5.517191e-01 -2.412299e+00 4.093718e-01 -9.553439e-01
2.560000e+01 1.124961e-01 -3.032205e-01 -5.410594e-01 -1.189054e+00 3.517042e-01 9.504238e-01 1.365245e-01 -1.628580e-01 5.656267e-01 -2.443983e+00 4.035388e-01 -9.679508e-01
2.568000e+01 1.139132e-01 -2.658478e-01 -5.189952e-01 -1.180407e+00 3.322297e-01 9.120633e-01 1.364107e-01 -2.103714e-01 5.779260e-01 -2.474050e+00 3.963972e-01 -9.786104e-01
2.576000e+01 1.137272e-01 -2.253332e-01 -4.963880e-01 -1.171699e+00 3.159690e-01 8.731254e-01 1.375381e-01 -2.571981e-01 5.908151e-01 -2.501146e+00 3.884954e-01 -9.861132e-01
2.584000e+01 1.141825e-01 -1.850989e-01 -4.710744e-01 -1.161846e+00 3.025173e-01 8.333168e-01 1.434834e-01 -3.042619e-01 6.048061e-01 -2.521711e+00 3.804961e-01 -9.932002e-01
2.592000e+01 1.144036e-01 -1.474330e-01 -4.463425e-01 -1.151486e+00 2.890755e-01 7.943994e-01 1.477467e-01 -3.519021e-01 6.200372e-01 -2.543773e+00 3.733696e-01 -9.972064e-01
2.600000e+01 1.116048e-01 -1.117760e-01 -4.215913e-01 -1.131005e+00 2.734942e-01 7.619245e-01 1.500829e-01 -3.975741e-01 6.343247e-01 -2.565018e+00 3.639772e-01 -9.996714e-01
2.608000e+01 1.092652e-01 -7.689256e-02 -3.985184e-01 -1.115781e+00 2.599365e-01 7.266294e-01 1.527999e-01 -4.458604e-01 6.511039e-01 -2.588257e+00 3.566281e-01 -9.986931e-01
2.616000e+01 1.067928e-01 -5.055695e-02 -3.765091e-01 -1.101402e+00 2.472862e-01 6.907790e-01 1.561647e-01 -4.947266e-01 6.692899e-01 -2.611554e+00 3.506515e-01 -9.979087e-01
2.624000e+01 1.042222e-01 -2.358055e-02 -3.543565e-01 -1.085469e+00 2.358423e-01 6.561752e-01 1.599301e-01 -5.429564e-01 6.878427e-01 -2.633694e+00 3.442135e-01 -9.950191e-01
2.632000e+01 1.017289e-01 1.721078e-03 -3.324843e-01 -1.068251e+00 2.253266e-01 6.225946e-01 1.639522e-01 -5.910582e-01 7.068249e-01 -2.655059e+00 3.376731e-01 -9.902791e-01
2.640000e+01 9.571024e-02 2.890134e-02 -3.104491e-01 -1.038614e+00 2.143953e-01 5.948879e-01 1.664949e-01 -6.363880e-01 7.238509e-01 -2.673941e+00 3.274958e-01 -9.828959e-01
2.648000e+01 9.109640e-02 5.367345e-02 -2.896309e-01 -1.013109e+00 2.052630e-01 5.663249e-01 1.697354e-01 -6.828297e-01 7.423673e-01 -2.692511e+00 3.184506e-01 -9.741176e-01
2.656000e+01 8.672042e-02 7.642414e-02 -2.691537e-01 -9.867323e-01 1.972071e-01 5.391031e-01 1.729318e-01 -7.291150e-01 7.610856e-01 -2.710485e+00 3.089825e-01 -9.640513e-01
2.664000e+01 8.260840e-02 9.794298e-02 -2.494049e-01 -9.593363e-01 1.896893e-01 5.132803e-01 1.757428e-01 -7.755582e-01 7.799091e-01 -2.728513e+00 2.992050e-01 -9.524411e-01
2.672000e+01 8.103104e-02 1.189714e-01 -2.285231e-01 -9.289246e-01 1.838613e-01 4.842229e-01 1.806459e-01 -8.212917e-01 8.001078e-01 -2.744441e+00 2.897443e-01 -9.362874e-01
2.680000e+01 7.900622e-02 1.372923e-01 -2.093055e-01 -8.987181e-01 1.792941e-01 4.608950e-01 1.841669e-01 -8.671690e-01 8.195189e-01 -2.760793e+00 2.796485e-01 -9.216023e-01
2.688000e+01 7.731038e-02 1.529542e-01 -1.915400e-01 -8.684780e-01 1.747664e-01 4.388439e-01 1.870753e-01 -9.129838e-01 8.386767e-01 -2.777040e+00 2.691695e-01 -9.069309e-01
2.696000e+01 7.799557e-02 1.660390e-01 -1.709901e-01 -8.399971e-01 1.753052e-01 4.180277e-01 1.982785e-01 -9.573234e-01 8.572218e-01 -2.775674e+00 2.577952e-01 -8.975591e-01
2.704000e+01 7.861868e-02 1.814566e-01 -1.545917e-01 -8.106233e-01 1.729327e-01 4.032584e-01 2.015065e-01 -1.000503e+00 8.739021e-01 -2.785413e+00 2.438266e-01 -8.785823e-01
2.712000e+01 8.193268e-02 1.977302e-01 -1.380468e-01 -7.858324e-01 1.717235e-01 3.863269e-01 2.052237e-01 -1.043555e+00 8.907953e-01 -2.793227e+00 2.313375e-01 -8.603948e-01
2.720000e+01 8.513323e-02 2.143480e-01 -1.216052e-01 -7.576020e-01 1.699187e-01 3.715714e-01 2.080421e-01 -1.085300e+00 9.077166e-01 -2.801267e+00 2.175108e-01 -8.424619e-01
2.728000e+01 8.892658e-02 2.302773e-01 -1.050335e-01 -7.287515e-01 1.694722e-01 3.578719e-01 2.103783e-01 -1.120944e+00 9.232781e-01 -2.812134e+00 2.020971e-01 -8.254649e-01
2.736000e+01 9.325328e-02 2.499289e-01 -8.885073e-02 -6.977985e-01 1.686983e-01 3.472448e-01 2.126051e-01 -1.158886e+00 9.388816e-01 -2.819960e+00 1.849716e-01 -8.061244e-01
2.744000e+01 9.806221e-02 2.697309e-01 -7.341769e-02 -6.658768e-01 1.676332e-01 3.386982e-01 2.138933e-01 -1.195879e+00 9.543709e-01 -2.827495e+00 1.666879e-01 -7.858302e-01
2.752000e+01 1.034638e-01 2.929680e-01 -5.784530e-02 -6.323899e-01 1.666614e-01 3.328627e-01 2.143020e-01 -1.231024e+00 9.691790e-01 -2.833800e+00 1.465139e-01 -7.634221e-01
2.760000e+01 1.093575e-01 3.160482e-01 -4.286555e-02 -5.983985e-01 1.654503e-01 3.290611e-01 2.138418e-01 -1.264946e+00 9.833673e-01 -2.839414e+00 1.252608e-01 -7.398873e-01
2.768000e+01 1.158906e-01 3.395400e-01 -2.836164e-02 -5.639625e-01 1.640965e-01 3.273615e-01 2.125508e-01 -1.297426e+00 9.966570e-01 -2.844083e+00 1.029193e-01 -7.150422e-01
2.776000e+01 1.234965e-01 3.645061e-01 -1.364926e-02 -5.245500e-01 1.626116e-01 3.226874e-01 2.131651e-01 -1.328311e+00 1.010321e+00 -2.846954e+00 8.051781e-02 -6.889117e-01
2.784000e+01 1.309277e-01 3.896440e-01 -2.602939e-04 -4.874107e-01 1.616161e-01 3.241253e-01 2.112312e-01 -1.358792e+00 1.021778e+00 -2.850932e+00 5.652921e-02 -6.637663e-01
2.792000e+01 1.390143e-01 4.120462e-01 1.184892e-02 -4.512911e-01 1.601829e-01 3.272319e-01 2.081514e-01 -1.388249e+00 1.032502e+00 -2.854691e+00 3.231825e-02 -6.377964e-01
2.800000e+01 1.473970e-01 4.354474e-01 2.324622e-02 -4.171006e-01 1.589577e-01 3.349162e-01 2.037722e-01 -1.415043e+00 1.041391e+00 -2.856381e+00 6.610569e-03 -6.096681e-01
2.808000e+01 1.569012e-01 4.588566e-01 3.450162e-02 -3.831050e-01 1.576411e-01 3.439450e-01 1.987734e-01 -1.439996e+00 1.049237e+00 -2.856858e+00 -1.948361e-02 -5.799355e-01
2.816000e+01 1.679057e-01 4.850932e-01 4.717066e-02 -3.482553e-01 1.572707e-01 3.550796e-01 1.938247e-01 -1.461691e+00 1.055676e+00 -2.853462e+00 -4.730618e-02 -5.488674e-01
2.824000e+01 1.799788e-01 5.145577e-01 5.993050e-02 -3.113036e-01 1.566147e-01 3.646047e-01 1.894804e-01 -1.482356e+00 1.062187e+00 -2.849680e+00 -7.469996e-02 -5.153669e-01
2.832000e+01 1.929159e-01 5.417859e-01 7.206506e-02 -2.745856e-01 1.564792e-01 3.762015e-01 1.856340e-01 -1.501483e+00 1.067875e+00 -2.844761e+00 -1.019000e-01 -4.800844e-01
2.840000e+01 2.060349e-01 5.699257e-01 8.393617e-02 -2.396466e-01 1.565026e-01 3.960460e-01 1.786138e-01 -1.517992e+00 1.070659e+00 -2.838098e+00 -1.311040e-01 -4.430165e-01
2.848000e+01 2.205745e-01 5.957128e-01 9.561694e-02 -2.047429e-01 1.564161e-01 4.158114e-01 1.719661e-01 -1.532158e+00 1.072850e+00 -2.829463e+00 -1.597470e-01 -4.032692e-01
2.856000e+01 2.356855e-01 6.192476e-01 1.063748e-01 -1.701353e-01 1.559820e-01 4.365817e-01 1.650930e-01 -1.544600e+00 1.074001e+00 -2.819827e+00 -1.878454e-01 -3.634680e-01
2.864000e+01 2.521761e-01 6.456358e-01 1.180277e-01 -1.353438e-01 1.564248e-01 4.580463e-01 1.586815e-01 -1.554386e+00 1.074155e+00 -2.807700e+00 -2.165362e-01 -3.211430e-01
2.872000e+01 2.690969e-01 6.671608e-01 1.281206e-01 -1.005334e-01 1.562172e-01 4.816533e-01 1.518192e-01 -1.562665e+00 1.073361e+00 -2.794685e+00 -2.445684e-01 -2.788586e-01
2.880000e+01 2.859871e-01 6.842062e-01 1.366318e-01 -6.756526e-02 1.561753e-01 5.088452e-01 1.436896e-01 -1.566296e+00 1.070203e+00 -2.782806e+00 -2.725289e-01 -2.383026e-01
2.888000e+01 3.035665e-01 6.981897e-01 1.439064e-01 -3.419588e-02 1.553069e-01 5.358393e-01 1.360548e-01 -1.570317e+00 1.066493e+00 -2.767234e+00 -2.992248e-01 -1.962884e-01
2.896000e+01 3.226525e-01 7.085424e-01 1.504903e-01 -3.277733e-03 1.547521e-01 5.637070e-01 1.283925e-01 -1.572457e+00 1.062406e+00 -2.749966e+00 -3.244540e-01 -1.531126e-01
2.904000e+01 3.413551e-01 7.152327e-01 1.556717e-01 2.720640e-02 1.539739e-01 5.944343e-01 1.201981e-01 -1.572198e+00 1.056780e+00 -2.731601e+00 -3.489905e-01 -1.102934e-01
2.912000e+01 3.600739e-01 7.190385e-01 1.598512e-01 5.878814e-02 1.526538e-01 6.258472e-01 1.119594e-01 -1.570560e+00 1.050568e+00 -2.712161e+00 -3.721944e-01 -6.761553e-02
2.920000e+01 3.817993e-01 7.194502e-01 1.632822e-01 8.479739e-02 1.515656e-01 6.560335e-01 1.043481e-01 -1.568006e+00 1.044282e+00 -2.692122e+00 -3.927021e-01 -2.506831e-02
2.928000e+01 4.014632e-01 7.168147e-01 1.659222e-01 1.140394e-01 1.504722e-01 6.876912e-01 9.656941e-02 -1.563177e+00 1.036664e+00 -2.670677e+00 -4.125402e-01 1.722518e-02
2.936000e+01 4.204384e-01 7.110420e-01 1.677619e-01 1.439862e-01 1.494843e-01 7.201166e-01 8.889833e-02 -1.556531e+00 1.028089e+00 -2.647930e+00 -4.311294e-01 5.943255e-02
2.944000e+01 4.390628e-01 6.922838e-01 1.659698e-01 1.691503e-01 1.479194e-01 7.506709e-01 8.173806e-02 -1.550330e+00 1.020018e+00 -2.625866e+00 -4.454904e-01 9.954864e-02
2.952000e+01 4.560621e-01 6.757984e-01 1.648776e-01 1.980313e-01 1.468361e-01 7.831745e-01 7.437188e-02 -1.541432e+00 1.010212e+00 -2.602142e+00 -4.596634e-01 1.394439e-01
2.960000e+01 4.744539e-01 6.560476e-01 1.644918e-01 2.239996e-01 1.471070e-01 8.153115e-01 6.916428e-02 -1.531024e+00 1.000864e+00 -2.573439e+00 -4.707492e-01 1.761889e-01
2.968000e+01 4.902190e-01 6.342561e-01 1.637692e-01 2.514913e-01 1.473272e-01 8.484478e-01 6.371934e-02 -1.519115e+00 9.918792e-01 -2.546886e+00 -4.807836e-01 2.122538e-01
2.976000e+01 5.027319e-01 6.168285e-01 1.636697e-01 2.799153e-01 1.476796e-01 8.878201e-01 5.570347e-02 -1.504710e+00 9.799107e-01 -2.520054e+00 -4.925074e-01 2.477383e-01
2.984000e+01 5.126488e-01 5.963095e-01 1.638431e-01 3.083334e-01 1.476028e-01 9.247647e-01 4.844988e-02 -1.488751e+00 9.674116e-01 -2.491949e+00 -5.027657e-01 2.831045e-01
2.992000e+01 5.198685e-01 5.740047e-01 1.643682e-01 3.371296e-01 1.475711e-01 9.616516e-01 4.136215e-02 -1.471602e+00 9.540599e-01 -2.463347e+00 -5.116838e-01 3.178462e-01
3.000000e+01 5.243257e-01 5.502574e-01 1.655491e-01 3.659676e-01 1.478590e-01 9.982964e-01 3.463933e-02 -1.453313e+00 9.400814e-01 -2.433904e+00 -5.193634e-01 3.515213e-01
3.008000e+01 5.227383e-01 5.258555e-01 1.662658e-01 3.941608e-01 1.474894e-01 1.034453e+00 2.753767e-02 -1.435033e+00 9.249907e-01 -2.405912e+00 -5.260285e-01 3.787763e-01
3.016000e+01 5.194888e-01 4.837501e-01 1.640227e-01 4.107162e-01 1.467417e-01 1.071234e+00 1.936774e-02 -1.418648e+00 9.106533e-01 -2.379914e+00 -5.278182e-01 4.031125e-01
3.024000e+01 5.131063e-01 4.338270e-01 1.604164e-01 4.219779e-01 1.453975e-01 1.101986e+00 1.245803e-02 -1.403142e+00 8.973479e-01 -2.355817e+00 -5.247177e-01 4.220839e-01
3.032000e+01 5.027038e-01 3.945540e-01 1.609001e-01 4.379867e-01 1.454527e-01 1.134078e+00 5.841944e-03 -1.384440e+00 8.822196e-01 -2.329796e+00 -5.225003e-01 4.410791e-01
3.040000e+01 4.887148e-01 3.507901e-01 1.612684e-01 4.471842e-01 1.460708e-01 1.162684e+00 5.473055e-04 -1.366979e+00 8.682871e-01 -2.305047e+00 -5.168929e-01 4.577138e-01
3.048000e+01 4.687885e-01 3.153892e-01 1.658280e-01 4.597185e-01 1.477534e-01 1.192456e+00 -4.469379e-03 -1.347651e+00 8.531139e-01 -2.279065e+00 -5.124136e-01 4.734223e-01
3.056000e+01 4.439374e-01 2.856894e-01 1.732048e-01 4.716270e-01 1.502689e-01 1.222186e+00 -8.908844e-03 -1.327541e+00 8.376517e-01 -2.252397e+00 -5.082666e-01 4.882934e-01
3.064000e+01 4.142957e-01 2.580343e-01 1.828987e-01 4.822823e-01 1.532665e-01 1.251395e+00 -1.290945e-02 -1.307378e+00 8.221421e-01 -2.225828e+00 -5.039918e-01 5.009365e-01
3.072000e+01 3.812516e-01 2.390621e-01 1.963698e-01 4.899795e-01 1.606426e-01 1.280854e+00 -1.625056e-02 -1.281373e+00 8.042536e-01 -2.197857e+00 -5.017501e-01 5.132692e-01
3.080000e+01 3.444025e-01 2.135114e-01 2.070895e-01 4.928568e-01 1.651650e-01 1.306978e+00 -1.880957e-02 -1.260982e+00 7.895692e-01 -2.171848e+00 -4.954499e-01 5.231539e-01
3.088000e+01 3.048992e-01 2.031299e-01 2.212145e-01 4.971453e-01 1.711349e-01 1.334702e+00 -2.082822e-02 -1.238599e+00 7.739886e-01 -2.143698e+00 -4.914957e-01 5.337806e-01
3.096000e+01 2.645299e-01 2.022266e-01 2.388017e-01 5.025133e-01 1.787242e-01 1.363978e+00 -2.171846e-02 -1.214210e+00 7.585728e-01 -2.112561e+00 -4.892981e-01 5.493863e-01
3.104000e+01 2.231952e-01 2.112024e-01 2.581859e-01 5.070737e-01 1.869908e-01 1.393702e+00 -2.194488e-02 -1.189321e+00 7.430075e-01 -2.080535e+00 -4.885530e-01 5.641916e-01
3.112000e+01 1.833960e-01 2.141888e-01 2.754763e-01 5.047963e-01 1.948076e-01 1.420047e+00 -2.119553e-02 -1.167205e+00 7.292883e-01 -2.050867e+00 -4.851853e-01 5.758695e-01
3.120000e+01 1.452616e-01 2.368557e-01 2.969588e-01 5.089704e-01 2.042936e-01 1.450116e+00 -2.032816e-02 -1.141541e+00 7.138398e-01 -2.017753e+00 -4.863381e-01 5.896162e-01
3.128000e+01 1.107684e-01 2.661849e-01 3.192688e-01 5.128115e-01 2.143609e-01 1.480674e+00 -1.882247e-02 -1.115230e+00 6.986709e-01 -1.983544e+00 -4.889646e-01 6.041311e-01
3.136000e+01 7.799231e-02 3.018232e-01 3.418701e-01 5.245479e-01 2.238337e-01 1.514668e+00 -1.817058e-02 -1.086907e+00 6.822634e-01 -1.948728e+00 -4.953797e-01 6.205846e-01
3.144000e+01 5.192163e-02 3.455944e-01 3.665212e-01 5.395996e-01 2.352597e-01 1.551280e+00 -1.643365e-02 -1.055583e+00 6.662650e-01 -1.909218e+00 -5.035135e-01 6.441566e-01
3.152000e+01 3.043599e-02 3.924798e-01 3.911312e-01 5.572471e-01 2.470360e-01 1.589587e+00 -1.452578e-02 -1.022862e+00 6.496743e-01 -1.868178e+00 -5.134101e-01 6.676986e-01
3.160000e+01 1.240103e-02 4.462433e-01 4.152515e-01 5.805124e-01 2.578808e-01 1.630657e+00 -1.489763e-02 -9.886079e-01 6.307829e-01 -1.828818e+00 -5.266481e-01 6.894893e-01
3.168000e+01 -3.416095e-04 4.941850e-01 4.387930e-01 6.066088e-01 2.691220e-01 1.673033e+00 -1.418504e-02 -9.527362e-01 6.128599e-01 -1.786377e+00 -5.411105e-01 7.131444e-01
3.176000e+01 -8.563001e-03 5.348577e-01 4.602085e-01 6.330943e-01 2.797401e-01 1.715068e+00 -1.274300e-02 -9.166641e-01 5.958817e-01 -1.742959e+00 -5.541456e-01 7.362085e-01
3.184000e+01 -1.089924e-02 5.729682e-01 4.822207e-01 6.655152e-01 2.919748e-01 1.760613e+00 -1.102610e-02 -8.769226e-01 5.778446e-01 -1.695883e+00 -5.679404e-01 7.635488e-01
3.192000e+01 -1.229793e-02 6.002175e-01 5.004790e-01 6.994332e-01 3.033094e-01 1.806054e+00 -9.250602e-03 -8.373171e-01 5.605727e-01 -1.649144e+00 -5.795644e-01 7.874060e-01
3.200000e+01 -1.224591e-02 6.225456e-01 5.175499e-01 7.414599e-01 3.145398e-01 1.854996e+00 -8.288265e-03 -7.946128e-01 5.414214e-01 -1.601019e+00 -5.914769e-01 8.125746e-01
3.208000e+01 -1.030116e-02 6.352990e-01 5.308758e-01 7.842290e-01 3.255553e-01 1.899816e+00 -4.457285e-03 -7.515486e-01 5.246656e-01 -1.551926e+00 -5.999604e-01 8.367488e-01
3.216000e+01 -8.772074e-03 6.392033e-01 5.421306e-01 8.314413e-01 3.364115e-01 1.948206e+00 -2.463494e-03 -7.067413e-01 5.068650e-01 -1.502087e+00 -6.071581e-01 8.601567e-01
3.224000e+01 -4.694260e-03 6.381003e-01 5.527707e-01 8.776373e-01 3.490741e-01 1.996987e+00 1.126621e-03 -6.599436e-01 4.897184e-01 -1.447873e+00 -6.119654e-01 8.833089e-01
3.232000e+01 1.857597e-03 6.308891e-01 5.612583e-01 9.246552e-01 3.611325e-01 2.038313e+00 8.227480e-03 -6.130326e-01 4.763802e-01 -1.396831e+00 -6.116768e-01 9.060660e-01
3.240000e+01 8.587172e-03 6.152312e-01 5.693093e-01 9.693857e-01 3.739664e-01 2.085893e+00 1.269722e-02 -5.641540e-01 4.608927e-01 -1.345586e+00 -6.104756e-01 9.270458e-01
3.248000e+01 1.330079e-02 5.954317e-01 5.736893e-01 1.014070e+00 3.857073e-01 2.131353e+00 1.616203e-02 -5.164687e-01 4.448758e-01 -1.296979e+00 -6.063370e-01 9.398944e-01
3.256000e+01 1.900710e-02 5.697442e-01 5.770865e-01 1.055085e+00 3.984654e-01 2.182692e+00 1.797447e-02 -4.662556e-01 4.277647e-01 -1.246907e+00 -6.009786e-01 9.545945e-01
3.264000e+01 2.504401e-02 5.385465e-01 5.790963e-01 1.095458e+00 4.088121e-01 2.229998e+00 1.680675e-02 -4.147032e-01 4.114610e-01 -1.201372e+00 -5.910207e-01 9.690400e-01
3.272000e+01 2.956219e-02 5.000850e-01 5.812801e-01 1.136272e+00 4.209562e-01 2.275713e+00 2.024361e-02 -3.619703e-01 3.973411e-01 -1.153375e+00 -5.791644e-01 9.799612e-01
3.280000e+01 3.174851e-02 4.614416e-01 5.826619e-01 1.177872e+00 4.336628e-01 2.321754e+00 2.344199e-02 -3.077296e-01 3.838025e-01 -1.108014e+00 -5.661184e-01 9.895880e-01
3.288000e+01 3.445809e-02 4.238073e-01 5.856322e-01 1.214877e+00 4.489432e-01 2.367117e+00 2.844672e-02 -2.515554e-01 3.700354e-01 -1.057631e+00 -5.516626e-01 9.975804e-01
3.296000e+01 3.593098e-02 3.826147e-01 5.868927e-01 1.247988e+00 4.640776e-01 2.410485e+00 3.351117e-02 -1.962399e-01 3.570869e-01 -1.009922e+00 -5.341726e-01 1.004452e+00
3.304000e+01 3.417085e-02 3.448486e-01 5.871675e-01 1.276728e+00 4.789435e-01 2.452087e+00 3.754118e-02 -1.414488e-01 3.435769e-01 -9.669456e-01 -5.162902e-01 1.011499e+00
3.312000e+01 2.880179e-02 3.039168e-01 5.862489e-01 1.300524e+00 4.942999e-01 2.491102e+00 4.214154e-02 -8.732888e-02 3.294635e-01 -9.228550e-01 -4.956567e-01 1.011166e+00
3.320000e+01 2.111503e-02 2.642243e-01 5.859655e-01 1.318925e+00 5.114392e-01 2.528346e+00 4.791066e-02 -3.233983e-02 3.161483e-01 -8.773785e-01 -4.737495e-01 1.011040e+00
3.328000e+01 1.270377e-02 2.271508e-01 5.852780e-01 1.333666e+00 5.291309e-01 2.563814e+00 5.405574e-02 2.243885e-02 3.033505e-01 -8.339387e-01 -4.496051e-01 1.009056e+00
3.336000e+01 1.012138e-03 1.951311e-01 5.844008e-01 1.341378e+00 5.479174e-01 2.608312e+00 5.714704e-02 7.960621e-02 2.879457e-01 -7.906346e-01 -4.286107e-01 1.005666e+00
3.344000e+01 -1.222796e-02 1.696232e-01 5.852226e-01 1.347431e+00 5.654392e-01 2.645542e+00 6.134854e-02 1.377001e-01 2.732831e-01 -7.474729e-01 -4.078215e-01 1.001858e+00
3.352000e+01 -2.675369e-02 1.461642e-01 5.859205e-01 1.349871e+00 5.830854e-01 2.679442e+00 6.633302e-02 1.956396e-01 2.597763e-01 -7.054938e-01 -3.865833e-01 9.965402e-01
3.360000e+01 -4.242942e-02 1.306879e-01 5.876072e-01 1.351866e+00 6.017761e-01 2.712511e+00 7.184187e-02 2.546242e-01 2.466687e-01 -6.637313e-01 -3.667089e-01 9.905416e-01
3.368000e+01 -5.871215e-02 1.174441e-01 5.887164e-01 1.351517e+00 6.212444e-01 2.743947e+00 7.788044e-02 3.134379e-01 2.346398e-01 -6.232445e-01 -3.470835e-01 9.826874e-01
3.376000e+01 -7.509559e-02 1.102174e-01 5.899193e-01 1.350481e+00 6.419188e-01 2.774931e+00 8.426308e-02 3.729148e-01 2.232268e-01 -5.833078e-01 -3.288041e-01 9.738098e-01
3.384000e+01 -9.304420e-02 1.093898e-01 5.891828e-01 1.349236e+00 6.619799e-01 2.805073e+00 8.912862e-02 4.313178e-01 2.099748e-01 -5.488656e-01 -3.122088e-01 9.567702e-01
3.392000e+01 -1.093550e-01 1.109573e-01 5.890948e-01 1.348082e+00 6.836415e-01 2.835915e+00 9.459671e-02 4.913022e-01 1.989241e-01 -5.118450e-01 -2.978463e-01 9.436693e-01
3.400000e+01 -1.241777e-01 1.153972e-01 5.885373e-01 1.346099e+00 7.063692e-01 2.866182e+00 1.001954e-01 5.517197e-01 1.888440e-01 -4.751396e-01 -2.846188e-01 9.295817e-01
3.408000e+01 -1.368297e-01 1.274297e-01 5.881762e-01 1.347201e+00 7.301779e-01 2.891389e+00 1.098496e-01 6.133365e-01 1.808431e-01 -4.375528e-01 -2.726875e-01 9.165983e-01
3.416000e+01 -1.475899e-01 1.368605e-01 5.863744e-01 1.345836e+00 7.540413e-01 2.917931e+00 1.164537e-01 6.746552e-01 1.726783e-01 -4.016792e-01 -2.622501e-01 9.011772e-01
3.424000e+01 -1.570282e-01 1.463060e-01 5.825265e-01 1.344239e+00 7.770310e-01 2.944842e+00 1.220448e-01 7.337164e-01 1.657674e-01 -3.672054e-01 -2.524210e-01 8.832513e-01
3.432000e+01 -1.620323e-01 1.540269e-01 5.779428e-01 1.335876e+00 8.017280e-01 2.970152e+00 1.278035e-01 7.929555e-01 1.596644e-01 -3.341465e-01 -2.424862e-01 8.636541e-01
3.440000e+01 -1.666224e-01 1.582097e-01 5.707810e-01 1.326915e+00 8.243091e-01 3.006237e+00 1.289279e-01 8.513370e-01 1.521186e-01 -3.022390e-01 -2.348574e-01 8.420653e-01
3.448000e+01 -1.697434e-01 1.606212e-01 5.629586e-01 1.316664e+00 8.455036e-01 3.034664e+00 1.305874e-01 9.111397e-01 1.448452e-01 -2.710860e-01 -2.275410e-01 8.194905e-01
3.456000e+01 -1.716293e-01 1.598854e-01 5.535139e-01 1.307261e+00 8.662462e-01 3.061840e+00 1.318400e-01 9.716851e-01 1.376589e-01 -2.408794e-01 -2.206592e-01 7.960383e-01
3.464000e+01 -1.732623e-01 1.572617e-01 5.417988e-01 1.298054e+00 8.861412e-01 3.088231e+00 1.319206e-01 1.031754e+00 1.293883e-01 -2.139365e-01 -2.143449e-01 7.683039e-01
3.472000e+01 -1.715779e-01 1.552026e-01 5.292102e-01 1.294785e+00 9.066192e-01 3.097499e+00 1.407987e-01 1.091400e+00 1.267348e-01 -1.872202e-01 -2.052696e-01 7.434500e-01
3.480000e+01 -1.669590e-01 1.472638e-01 5.151011e-01 1.284523e+00 9.269491e-01 3.113803e+00 1.447664e-01 1.150396e+00 1.230861e-01 -1.620648e-01 -1.971333e-01 7.186043e-01
3.488000e+01 -1.616980e-01 1.344096e-01 4.991752e-01 1.275352e+00 9.479664e-01 3.131794e+00 1.461377e-01 1.208332e+00 1.196691e-01 -1.414222e-01 -1.885550e-01 6.946104e-01
3.496000e+01 -1.548485e-01 1.180122e-01 4.819984e-01 1.264891e+00 9.709175e-01 3.150255e+00 1.479966e-01 1.265279e+00 1.162393e-01 -1.202668e-01 -1.796164e-01 6.701790e-01
3.504000e+01 -1.469898e-01 9.849393e-02 4.628517e-01 1.252834e+00 9.946628e-01 3.168962e+00 1.494934e-01 1.320717e+00 1.130443e-01 -1.014921e-01 -1.708578e-01 6.468475e-01
3.512000e+01 -1.379285e-01 7.294831e-02 4.412089e-01 1.237958e+00 1.018480e+00 3.187213e+00 1.500747e-01 1.374548e+00 1.103143e-01 -8.567575e-02 -1.608346e-01 6.229749e-01
3.520000e+01 -1.270572e-01 4.452418e-02 4.185555e-01 1.221008e+00 1.042826e+00 3.205495e+00 1.504147e-01 1.427835e+00 1.074988e-01 -6.928926e-02 -1.497188e-01 5.996700e-01
3.528000e+01 -1.152826e-01 1.329358e-02 3.942833e-01 1.201715e+00 1.066732e+00 3.223237e+00 1.501314e-01 1.479955e+00 1.045303e-01 -5.390236e-02 -1.377051e-01 5.752823e-01
3.536000e+01 -1.016603e-01 -2.145702e-02 3.682676e-01 1.178045e+00 1.089547e+00 3.239336e+00 1.489196e-01 1.529964e+00 1.022403e-01 -4.221148e-02 -1.250019e-01 5.526260e-01
3.544000e+01 -8.802023e-02 -5.861566e-02 3.410684e-01 1.153190e+00 1.111306e+00 3.255040e+00 1.470334e-01 1.578974e+00 9.923827e-02 -3.082695e-02 -1.112869e-01 5.284974e-01
3.552000e+01 -7.542963e-02 -1.019188e-01 3.113981e-01 1.128988e+00 1.131290e+00 3.270223e+00 1.440877e-01 1.626547e+00 9.576166e-02 -2.095079e-02 -9.668966e-02 5.024744e-01
3.560000e+01 -6.157510e-02 -1.495827e-01 2.793618e-01 1.100697e+00 1.148922e+00 3.284605e+00 1.408368e-01 1.669152e+00 9.361620e-02 -1.280048e-02 -7.974928e-02 4.757321e-01
3.568000e+01 -4.737752e-02 -1.971773e-01 2.461684e-01 1.067906e+00 1.165771e+00 3.300701e+00 1.361017e-01 1.713304e+00 8.994807e-02 -5.676768e-03 -6.355170e-02 4.487704e-01
3.576000e+01 -3.215301e-02 -2.451226e-01 2.131243e-01 1.034795e+00 1.181082e+00 3.313336e+00 1.312575e-01 1.756672e+00 8.605541e-02 1.599105e-03 -4.707445e-02 4.214822e-01
3.584000e+01 -1.567971e-02 -2.916205e-01 1.796752e-01 9.994226e-01 1.194786e+00 3.323758e+00 1.261503e-01 1.797971e+00 8.271492e-02 6.847386e-03 -3.012105e-02 3.950857e-01
3.592000e+01 2.550480e-03 -3.372333e-01 1.465163e-01 9.622418e-01 1.208115e+00 3.332789e+00 1.212908e-01 1.837902e+00 8.008638e-02 1.172546e-02 -1.298432e-02 3.706693e-01
3.600000e+01 2.250817e-02 -3.801866e-01 1.122949e-01 9.253845e-01 1.220636e+00 3.337623e+00 1.169479e-01 1.874847e+00 7.835304e-02 1.464252e-02 5.017383e-03 3.463494e-01
3.608000e+01 4.367682e-02 -4.338446e-01 7.610972e-02 8.826179e-01 1.231862e+00 3.340052e+00 1.123715e-01 1.908682e+00 7.711076e-02 1.410087e-02 2.503971e-02 3.187304e-01
3.616000e+01 6.725092e-02 -4.826040e-01 4.151583e-02 8.341083e-01 1.244292e+00 3.340603e+00 1.097518e-01 1.941145e+00 7.633947e-02 1.590044e-02 4.538722e-02 2.907109e-01
3.624000e+01 8.941712e-02 -5.341760e-01 5.290847e-03 7.853811e-01 1.254679e+00 3.339750e+00 1.056498e-01 1.972168e+00 7.565279e-02 1.161215e-02 6.567682e-02 2.598464e-01
3.632000e+01 1.139475e-01 -5.759848e-01 -3.088820e-02 7.438150e-01 1.264048e+00 3.318700e+00 1.128540e-01 2.001560e+00 8.032437e-02 6.415137e-03 8.710217e-02 2.353058e-01
3.640000e+01 1.392498e-01 -6.166239e-01 -6.632629e-02 6.972349e-01 1.271249e+00 3.300684e+00 1.110568e-01 2.030423e+00 8.098990e-02 -5.699624e-04 1.053689e-01 2.093379e-01
3.648000e+01 1.673907e-01 -6.493429e-01 -1.004957e-01 6.580273e-01 1.279659e+00 3.270251e+00 1.191968e-01 2.056869e+00 8.598985e-02 -6.584544e-03 1.248288e-01 1.868391e-01
3.656000e+01 1.981002e-01 -6.767750e-01 -1.338037e-01 6.185880e-01 1.285980e+00 3.230502e+00 1.285947e-01 2.081704e+00 9.247767e-02 -1.401127e-02 1.436529e-01 1.658057e-01
3.664000e+01 2.292643e-01 -7.032306e-01 -1.659576e-01 5.725473e-01 1.292069e+00 3.202988e+00 1.276235e-01 2.103844e+00 9.486543e-02 -2.454252e-02 1.582820e-01 1.420715e-01
3.672000e+01 2.612153e-01 -7.229201e-01 -1.948798e-01 5.282435e-01 1.300280e+00 3.185561e+00 1.255758e-01 2.123695e+00 9.553432e-02 -3.505098e-02 1.695357e-01 1.199259e-01
3.680000e+01 2.938116e-01 -7.306171e-01 -2.207406e-01 4.859490e-01 1.308430e+00 3.172009e+00 1.231209e-01 2.141931e+00 9.561658e-02 -4.521058e-02 1.773294e-01 1.005650e-01
3.688000e+01 3.271059e-01 -7.405740e-01 -2.462223e-01 4.395385e-01 1.315154e+00 3.158593e+00 1.202588e-01 2.157171e+00 9.620998e-02 -5.692995e-02 1.843640e-01 8.136629e-02
3.696000e+01 3.613660e-01 -7.478125e-01 -2.705053e-01 3.912637e-01 1.320223e+00 3.145334e+00 1.168800e-01 2.170351e+00 9.682978e-02 -6.963192e-02 1.897639e-01 6.249470e-02
3.704000e+01 3.960371e-01 -7.521482e-01 -2.934048e-01 3.422558e-01 1.323524e+00 3.131227e+00 1.128981e-01 2.181445e+00 9.735515e-02 -8.390120e-02 1.935030e-01 4.298389e-02
3.712000e+01 4.302844e-01 -7.558408e-01 -3.154708e-01 2.913117e-01 1.324703e+00 3.116204e+00 1.085069e-01 2.190521e+00 9.804045e-02 -9.942952e-02 1.959413e-01 2.386779e-02
3.720000e+01 4.679797e-01 -7.504062e-01 -3.349700e-01 2.496477e-01 1.324572e+00 3.073437e+00 1.177600e-01 2.197377e+00 1.060532e-01 -1.143770e-01 2.014614e-01 8.382150e-03
3.728000e+01 5.068642e-01 -7.447152e-01 -3.521672e-01 2.013547e-01 1.323052e+00 3.039326e+00 1.199996e-01 2.203792e+00 1.112814e-01 -1.318501e-01 2.034375e-01 -9.321854e-03
3.736000e+01 5.457789e-01 -7.312013e-01 -3.669276e-01 1.648662e-01 1.323141e+00 2.990882e+00 1.339072e-01 2.208325e+00 1.217067e-01 -1.482841e-01 2.062715e-01 -2.415438e-02
3.744000e+01 5.847528e-01 -7.186598e-01 -3.796618e-01 1.215988e-01 1.322202e+00 2.952770e+00 1.371741e-01 2.211985e+00 1.277422e-01 -1.679450e-01 2.045166e-01 -4.266680e-02
3.752000e+01 6.234715e-01 -7.030782e-01 -3.908463e-01 7.716207e-02 1.322666e+00 2.921842e+00 1.393118e-01 2.211894e+00 1.333792e-01 -1.892997e-01 2.010580e-01 -6.260743e-02
3.760000e+01 6.615701e-01 -6.839631e-01 -4.006684e-01 3.277532e-02 1.322544e+00 2.893355e+00 1.407330e-01 2.208011e+00 1.391340e-01 -2.120437e-01 1.963401e-01 -8.363170e-02
3.768000e+01 6.978556e-01 -6.629603e-01 -4.089648e-01 -1.164387e-02 1.321416e+00 2.865443e+00 1.408199e-01 2.203769e+00 1.437837e-01 -2.363765e-01 1.898426e-01 -1.068012e-01
3.776000e+01 7.331388e-01 -6.388220e-01 -4.152448e-01 -5.631038e-02 1.318786e+00 2.838492e+00 1.399744e-01 2.198042e+00 1.480841e-01 -2.611231e-01 1.818069e-01 -1.294449e-01
3.784000e+01 7.664604e-01 -6.114491e-01 -4.195890e-01 -9.903537e-02 1.313900e+00 2.806871e+00 1.395287e-01 2.190128e+00 1.528968e-01 -2.873644e-01 1.738997e-01 -1.546640e-01
3.792000e+01 7.974106e-01 -5.669734e-01 -4.184666e-01 -1.388742e-01 1.310012e+00 2.781783e+00 1.380953e-01 2.184291e+00 1.558402e-01 -3.110039e-01 1.609034e-01 -1.755309e-01
3.800000e+01 8.271297e-01 -5.255760e-01 -4.156799e-01 -1.750406e-01 1.303542e+00 2.757339e+00 1.349758e-01 2.177678e+00 1.586010e-01 -3.364168e-01 1.488039e-01 -1.940311e-01
3.808000e+01 8.504506e-01 -4.823340e-01 -4.119898e-01 -2.090784e-01 1.293920e+00 2.733032e+00 1.306269e-01 2.169211e+00 1.605630e-01 -3.626492e-01 1.370351e-01 -2.194957e-01
3.816000e+01 8.693768e-01 -4.369154e-01 -4.070094e-01 -2.413840e-01 1.282466e+00 2.708571e+00 1.255843e-01 2.159566e+00 1.623644e-01 -3.895524e-01 1.264685e-01 -2.476116e-01
3.824000e+01 8.833520e-01 -3.896889e-01 -4.006563e-01 -2.713257e-01 1.269526e+00 2.684203e+00 1.199228e-01 2.149083e+00 1.639849e-01 -4.170193e-01 1.175150e-01 -2.777283e-01
3.832000e+01 8.953797e-01 -3.301392e-01 -3.883092e-01 -2.967105e-01 1.257953e+00 2.662720e+00 1.147655e-01 2.141454e+00 1.646904e-01 -4.400047e-01 1.070338e-01 -2.978644e-01
3.840000e+01 8.990846e-01 -2.767656e-01 -3.765833e-01 -3.198101e-01 1.244368e+00 2.640267e+00 1.091109e-01 2.131772e+00 1.663699e-01 -4.645635e-01 1.014671e-01 -3.229644e-01
3.848000e+01 8.955959e-01 -2.252274e-01 -3.647301e-01 -3.404752e-01 1.229858e+00 2.617805e+00 1.031427e-01 2.121341e+00 1.681251e-01 -4.895975e-01 9.961465e-02 -3.493674e-01
3.856000e+01 8.863330e-01 -1.554208e-01 -3.466847e-01 -3.547707e-01 1.217729e+00 2.599403e+00 9.795658e-02 2.115086e+00 1.688905e-01 -5.088186e-01 9.595484e-02 -3.640042e-01
3.864000e+01 8.689453e-01 -9.785424e-02 -3.303862e-01 -3.671594e-01 1.203915e+00 2.579802e+00 9.232789e-02 2.106833e+00 1.704077e-01 -5.296013e-01 9.754649e-02 -3.820513e-01
3.872000e+01 8.463508e-01 -9.525382e-03 -3.037850e-01 -3.700859e-01 1.194884e+00 2.567772e+00 8.819375e-02 2.106628e+00 1.696032e-01 -5.397290e-01 9.298722e-02 -3.793477e-01
3.880000e+01 8.162991e-01 5.017120e-02 -2.829912e-01 -3.793642e-01 1.182852e+00 2.549913e+00 8.408626e-02 2.100245e+00 1.722848e-01 -5.552762e-01 9.814386e-02 -3.871254e-01
3.888000e+01 7.760160e-01 9.721606e-02 -2.644000e-01 -3.824899e-01 1.170090e+00 2.534098e+00 7.971769e-02 2.094683e+00 1.747270e-01 -5.700387e-01 1.064119e-01 -3.927039e-01
3.896000e+01 7.291568e-01 1.292629e-01 -2.495816e-01 -3.847270e-01 1.156558e+00 2.517414e+00 7.543410e-02 2.088327e+00 1.780265e-01 -5.852757e-01 1.191788e-01 -3.972078e-01
3.904000e+01 6.759057e-01 1.394978e-01 -2.397046e-01 -3.945697e-01 1.142235e+00 2.519413e+00 5.960540e-02 2.081153e+00 1.764655e-01 -6.028738e-01 1.329008e-01 -4.039490e-01
3.912000e+01 6.218922e-01 1.323051e-01 -2.363025e-01 -4.023534e-01 1.127997e+00 2.511760e+00 5.250912e-02 2.070723e+00 1.797672e-01 -6.205687e-01 1.544601e-01 -4.086760e-01
3.920000e+01 5.707829e-01 1.266879e-01 -2.330753e-01 -4.106864e-01 1.114640e+00 2.498520e+00 4.750288e-02 2.063534e+00 1.835879e-01 -6.355218e-01 1.767578e-01 -4.066736e-01
3.928000e+01 5.198582e-01 8.968915e-02 -2.374967e-01 -4.256769e-01 1.098077e+00 2.492513e+00 3.362770e-02 2.053396e+00 1.850053e-01 -6.560117e-01 2.030137e-01 -4.145186e-01
3.936000e+01 4.727357e-01 3.488027e-02 -2.495107e-01 -4.405744e-01 1.080052e+00 2.479009e+00 2.634367e-02 2.039708e+00 1.900434e-01 -6.786804e-01 2.358080e-01 -4.252081e-01
3.944000e+01 4.310973e-01 -1.021109e-02 -2.610161e-01 -4.519933e-01 1.062846e+00 2.461962e+00 2.126668e-02 2.029007e+00 1.949950e-01 -6.980720e-01 2.666408e-01 -4.290923e-01
3.952000e+01 3.947783e-01 -6.514879e-02 -2.756211e-01 -4.648000e-01 1.045112e+00 2.439478e+00 1.673363e-02 2.018044e+00 2.006856e-01 -7.191944e-01 2.991320e-01 -4.356345e-01
3.960000e+01 3.624692e-01 -1.275399e-01 -2.936646e-01 -4.791075e-01 1.026953e+00 2.413423e+00 1.253112e-02 2.005520e+00 2.070988e-01 -7.427330e-01 3.335865e-01 -4.467126e-01
3.968000e+01 3.344040e-01 -1.898867e-01 -3.132972e-01 -4.951539e-01 1.009591e+00 2.387251e+00 8.615213e-03 1.992875e+00 2.132043e-01 -7.667751e-01 3.675987e-01 -4.586924e-01
3.976000e+01 3.097685e-01 -2.805915e-01 -3.413104e-01 -5.310206e-01 9.896938e-01 2.376626e+00 -7.289717e-03 1.973957e+00 2.158794e-01 -7.994839e-01 4.043521e-01 -4.840692e-01
3.984000e+01 2.860314e-01 -3.578028e-01 -3.681573e-01 -5.718956e-01 9.719381e-01 2.386423e+00 -3.474180e-02 1.955904e+00 2.108810e-01 -8.312995e-01 4.334086e-01 -5.086765e-01
3.992000e+01 2.669688e-01 -4.291305e-01 -3.978286e-01 -6.112395e-01 9.532952e-01 2.384807e+00 -4.899939e-02 1.935044e+00 2.114799e-01 -8.622019e-01 4.660563e-01 -5.324835e-01
4.000000e+01 2.493184e-01 -4.881583e-01 -4.252311e-01 -6.459557e-01 9.324595e-01 2.370694e+00 -6.086910e-02 1.917791e+00 2.121691e-01 -8.915135e-01 4.956697e-01 -5.547336e-01
4.008000e+01 2.342764e-01 -5.445693e-01 -4.524355e-01 -6.814591e-01 9.093480e-01 2.347183e+00 -7.071374e-02 1.900461e+00 2.143442e-01 -9.218690e-01 5.248625e-01 -5.782129e-01
4.016000e+01 2.220924e-01 -5.922099e-01 -4.782378e-01 -7.170625e-01 8.860291e-01 2.317407e+00 -7.853525e-02 1.883228e+00 2.174612e-01 -9.519695e-01 5.526008e-01 -6.024358e-01
4.024000e+01 2.115648e-01 -6.267087e-01 -5.003864e-01 -7.500597e-01 8.637097e-01 2.286894e+00 -8.538815e-02 1.867500e+00 2.200046e-01 -9.809366e-01 5.764721e-01 -6.272241e-01
4.032000e+01 2.030267e-01 -6.511229e-01 -5.187194e-01 -7.806427e-01 8.425831e-01 2.253247e+00 -9.064535e-02 1.851601e+00 2.232311e-01 -1.009470e+00 5.980420e-01 -6.525870e-01
4.040000e+01 1.973424e-01 -6.654117e-01 -5.338641e-01 -8.133142e-01 8.230483e-01 2.216791e+00 -9.489425e-02 1.834289e+00 2.274321e-01 -1.040774e+00 6.175574e-01 -6.773804e-01
4.048000e+01 1.931749e-01 -6.709294e-01 -5.454812e-01 -8.431908e-01 8.044316e-01 2.179994e+00 -9.831130e-02 1.816088e+00 2.315378e-01 -1.071937e+00 6.357043e-01 -7.020654e-01
4.056000e+01 1.911646e-01 -6.696277e-01 -5.536845e-01 -8.725749e-01 7.876639e-01 2.142584e+00 -1.003805e-01 1.797848e+00 2.359860e-01 -1.101338e+00 6.516476e-01 -7.280172e-01
4.064000e+01 1.889581e-01 -6.603831e-01 -5.590998e-01 -9.002475e-01 7.719088e-01 2.104590e+00 -1.015636e-01 1.779022e+00 2.401403e-01 -1.130504e+00 6.650607e-01 -7.597182e-01
4.072000e+01 1.878930e-01 -6.433535e-01 -5.616865e-01 -9.249139e-01 7.568389e-01 2.060780e+00 -1.006745e-01 1.758132e+00 2.457427e-01 -1.161013e+00 6.773192e-01 -7.935418e-01
4.080000e+01 1.889627e-01 -6.156863e-01 -5.600415e-01 -9.475945e-01 7.451765e-01 2.023130e+00 -9.979023e-02 1.738125e+00 2.509097e-01 -1.189875e+00 6.858880e-01 -8.241348e-01
4.088000e+01 1.920299e-01 -5.762617e-01 -5.528909e-01 -9.652847e-01 7.347407e-01 1.984789e+00 -9.792777e-02 1.718393e+00 2.562369e-01 -1.217013e+00 6.918797e-01 -8.520431e-01
4.096000e+01 1.938767e-01 -5.394318e-01 -5.447092e-01 -9.800373e-01 7.238471e-01 1.948763e+00 -9.643350e-02 1.698240e+00 2.614082e-01 -1.244005e+00 6.968280e-01 -8.801384e-01
4.104000e+01 1.960991e-01 -4.980410e-01 -5.334757e-01 -9.916735e-01 7.134217e-01 1.913134e+00 -9.455535e-02 1.677853e+00 2.666348e-01 -1.270087e+00 7.005530e-01 -9.065938e-01
4.112000e+01 2.006040e-01 -4.568773e-01 -5.208612e-01 -1.005543e+00 7.030224e-01 1.877154e+00 -9.217604e-02 1.656188e+00 2.726835e-01 -1.296316e+00 7.050279e-01 -9.321147e-01
4.120000e+01 2.054031e-01 -4.156023e-01 -5.062353e-01 -1.018704e+00 6.941840e-01 1.840816e+00 -8.799313e-02 1.635882e+00 2.788690e-01 -1.319383e+00 7.089228e-01 -9.572400e-01
4.128000e+01 2.111130e-01 -3.692815e-01 -4.896885e-01 -1.028806e+00 6.849453e-01 1.806321e+00 -8.413298e-02 1.614753e+00 2.849358e-01 -1.343100e+00 7.125961e-01 -9.795655e-01
4.136000e+01 2.151114e-01 -3.214436e-01 -4.708148e-01 -1.026464e+00 6.758053e-01 1.765276e+00 -7.685012e-02 1.593723e+00 2.925210e-01 -1.365464e+00 7.166920e-01 -9.984992e-01
4.144000e+01 2.194578e-01 -2.718250e-01 -4.503430e-01 -1.025519e+00 6.703839e-01 1.733780e+00 -7.075133e-02 1.572757e+00 2.996308e-01 -1.387606e+00 7.201181e-01 -1.015661e+00
4.152000e+01 2.222840e-01 -2.212391e-01 -4.280250e-01 -1.022471e+00 6.657246e-01 1.704761e+00 -6.492131e-02 1.551911e+00 3.063749e-01 -1.408907e+00 7.228465e-01 -1.030392e+00
4.160000e+01 2.212259e-01 -1.775880e-01 -4.063602e-01 -1.013008e+00 6.581349e-01 1.681609e+00 -6.108112e-02 1.531826e+00 3.116456e-01 -1.429791e+00 7.245616e-01 -1.043748e+00
4.168000e+01 2.205739e-01 -1.353409e-01 -3.846800e-01 -1.006032e+00 6.523295e-01 1.648359e+00 -5.369488e-02 1.509642e+00 3.197880e-01 -1.450410e+00 7.291985e-01 -1.053403e+00
4.176000e+01 2.171238e-01 -9.800571e-02 -3.636904e-01 -9.997256e-01 6.486565e-01 1.622925e+00 -4.750282e-02 1.487520e+00 3.272912e-01 -1.471146e+00 7.336804e-01 -1.061921e+00
4.184000e+01 2.056631e-01 -6.542459e-02 -3.464845e-01 -9.862347e-01 6.396214e-01 1.602448e+00 -4.639413e-02 1.464865e+00 3.313621e-01 -1.499064e+00 7.351762e-01 -1.072155e+00
4.192000e+01 1.899994e-01 -3.694576e-02 -3.303296e-01 -9.721911e-01 6.322030e-01 1.581463e+00 -4.458976e-02 1.441850e+00 3.345394e-01 -1.521729e+00 7.360749e-01 -1.078733e+00
4.200000e+01 1.733109e-01 -1.082210e-02 -3.139645e-01 -9.594940e-01 6.249040e-01 1.561022e+00 -4.247628e-02 1.418736e+00 3.381206e-01 -1.542855e+00 7.371433e-01 -1.082163e+00
4.208000e+01 1.542839e-01 7.153348e-03 -2.991668e-01 -9.474373e-01 6.170424e-01 1.540949e+00 -4.039580e-02 1.395117e+00 3.420979e-01 -1.564066e+00 7.389788e-01 -1.085609e+00
4.216000e+01 1.343644e-01 1.955430e-02 -2.853762e-01 -9.364146e-01 6.090419e-01 1.521455e+00 -3.814777e-02 1.371524e+00 3.463521e-01 -1.584822e+00 7.413173e-01 -1.087293e+00
4.224000e+01 1.130007e-01 2.603007e-02 -2.729584e-01 -9.248414e-01 6.007507e-01 1.502929e+00 -3.594609e-02 1.348160e+00 3.506192e-01 -1.605218e+00 7.438132e-01 -1.087947e+00
4.232000e+01 9.118491e-02 3.023724e-02 -2.605979e-01 -9.123957e-01 5.933473e-01 1.485690e+00 -3.206151e-02 1.325673e+00 3.546641e-01 -1.622185e+00 7.456262e-01 -1.087369e+00
4.240000e+01 6.897956e-02 2.857643e-02 -2.499898e-01 -8.997715e-01 5.853820e-01 1.469321e+00 -2.929888e-02 1.303473e+00 3.587140e-01 -1.640516e+00 7.476311e-01 -1.086617e+00
4.248000e+01 4.696869e-02 2.043976e-02 -2.413067e-01 -8.878587e-01 5.770584e-01 1.453179e+00 -2.682099e-02 1.280874e+00 3.630735e-01 -1.659305e+00 7.501123e-01 -1.086157e+00
4.256000e+01 2.571986e-02 1.113323e-02 -2.334811e-01 -8.753582e-01 5.688080e-01 1.438083e+00 -2.459297e-02 1.258738e+00 3.671911e-01 -1.677735e+00 7.518572e-01 -1.085150e+00
4.264000e+01 2.530829e-03 6.675491e-04 -2.283848e-01 -8.629908e-01 5.591646e-01 1.422859e+00 -2.369500e-02 1.235288e+00 3.701434e-01 -1.698938e+00 7.526661e-01 -1.091696e+00
4.272000e+01 -1.908017e-02 -1.105263e-02 -2.237985e-01 -8.510088e-01 5.498825e-01 1.408081e+00 -2.275506e-02 1.211984e+00 3.734423e-01 -1.719324e+00 7.515736e-01 -1.095580e+00
4.280000e+01 -3.815495e-02 -2.323556e-02 -2.193441e-01 -8.394054e-01 5.410090e-01 1.393769e+00 -2.176403e-02 1.189030e+00 3.768304e-01 -1.739082e+00 7.495934e-01 -1.097534e+00
4.288000e+01 -5.552143e-02 -3.566482e-02 -2.148369e-01 -8.286594e-01 5.329620e-01 1.379599e+00 -2.000417e-02 1.167197e+00 3.803210e-01 -1.757109e+00 7.466597e-01 -1.100134e+00
4.296000e+01 -7.157235e-02 -4.749270e-02 -2.117224e-01 -8.201007e-01 5.245842e-01 1.368506e+00 -1.938983e-02 1.145261e+00 3.833012e-01 -1.775861e+00 7.429073e-01 -1.102132e+00
4.304000e+01 -8.526434e-02 -5.875764e-02 -2.082650e-01 -8.114801e-01 5.162825e-01 1.355595e+00 -1.850514e-02 1.122851e+00 3.867916e-01 -1.794643e+00 7.392532e-01 -1.103771e+00
4.312000e+01 -9.621007e-02 -6.863210e-02 -2.030239e-01 -8.034649e-01 5.100526e-01 1.342675e+00 -1.435503e-02 1.100987e+00 3.902429e-01 -1.807221e+00 7.348462e-01 -1.106457e+00
4.320000e+01 -1.034797e-01 -7.494344e-02 -1.975278e-01 -7.974538e-01 5.033603e-01 1.329295e+00 -1.154072e-02 1.079608e+00 3.940776e-01 -1.822373e+00 7.303455e-01 -1.107427e+00
4.328000e+01 -1.096588e-01 -7.796579e-02 -1.911855e-01 -7.899132e-01 4.968847e-01 1.316475e+00 -8.954580e-03 1.058921e+00 3.977734e-01 -1.837108e+00 7.246272e-01 -1.107247e+00
4.336000e+01 -1.141688e-01 -7.773891e-02 -1.838141e-01 -7.818813e-01 4.906010e-01 1.303949e+00 -6.398437e-03 1.038598e+00 4.015106e-01 -1.851418e+00 7.179176e-01 -1.106071e+00
4.344000e+01 -1.168987e-01 -7.994953e-02 -1.768545e-01 -7.758827e-01 4.841059e-01 1.290335e+00 -3.651888e-03 1.017431e+00 4.059809e-01 -1.866322e+00 7.117689e-01 -1.105045e+00
4.352000e+01 -1.178732e-01 -7.613586e-02 -1.684461e-01 -7.681756e-01 4.778302e-01 1.277742e+00 -1.344705e-03 9.970946e-01 4.100005e-01 -1.880806e+00 7.039693e-01 -1.102535e+00
4.360000e+01 -1.176431e-01 -6.896683e-02 -1.588277e-01 -7.598444e-01 4.718517e-01 1.265594e+00 1.234962e-03 9.772229e-01 4.139647e-01 -1.894301e+00 6.950225e-01 -1.099153e+00
4.368000e+01 -1.163254e-01 -5.873291e-02 -1.481271e-01 -7.509585e-01 4.660892e-01 1.253991e+00 3.869888e-03 9.577992e-01 4.178329e-01 -1.907065e+00 6.850084e-01 -1.094829e+00
4.376000e+01 -1.140130e-01 -4.382744e-02 -1.359611e-01 -7.410506e-01 4.607073e-01 1.243382e+00 6.535923e-03 9.392245e-01 4.214440e-01 -1.918655e+00 6.735148e-01 -1.088978e+00
4.384000e+01 -1.109452e-01 -2.672446e-02 -1.229112e-01 -7.306553e-01 4.554614e-01 1.233433e+00 9.183382e-03 9.210734e-01 4.250058e-01 -1.929490e+00 6.610953e-01 -1.082320e+00
4.392000e+01 -1.071630e-01 -7.433116e-03 -1.090378e-01 -7.197419e-01 4.503775e-01 1.224256e+00 1.179724e-02 9.034552e-01 4.284721e-01 -1.939475e+00 6.477516e-01 -1.074734e+00
4.400000e+01 -1.027297e-01 1.376945e-02 -9.441237e-02 -7.083381e-01 4.454956e-01 1.215889e+00 1.436624e-02 8.865284e-01 4.317874e-01 -1.948559e+00 6.335351e-01 -1.066252e+00
4.408000e+01 -9.802296e-02 4.118835e-02 -7.833628e-02 -6.944056e-01 4.405058e-01 1.209699e+00 1.605510e-02 8.702410e-01 4.344484e-01 -1.957203e+00 6.175558e-01 -1.055521e+00
4.416000e+01 -9.379094e-02 6.852905e-02 -6.197372e-02 -6.806785e-01 4.356824e-01 1.203939e+00 1.786360e-02 8.545191e-01 4.372823e-01 -1.964676e+00 6.009166e-01 -1.045151e+00
4.424000e+01 -9.032530e-02 9.367591e-02 -4.551876e-02 -6.698897e-01 4.304533e-01 1.212211e+00 1.281500e-02 8.400508e-01 4.363926e-01 -1.971709e+00 5.812470e-01 -1.035139e+00
4.432000e+01 -8.610331e-02 1.208298e-01 -2.911486e-02 -6.582323e-01 4.254361e-01 1.216163e+00 1.086562e-02 8.262469e-01 4.365763e-01 -1.976625e+00 5.619142e-01 -1.023104e+00
4.440000e+01 -8.180926e-02 1.500324e-01 -1.329856e-02 -6.451142e-01 4.190400e-01 1.218636e+00 8.617847e-03 8.118537e-01 4.372664e-01 -1.982870e+00 5.427720e-01 -1.009350e+00
4.448000e+01 -7.776598e-02 1.788330e-01 3.220122e-03 -6.296518e-01 4.126368e-01 1.221696e+00 6.625656e-03 7.999667e-01 4.373127e-01 -1.986594e+00 5.222471e-01 -9.948717e-01
4.456000e+01 -7.492971e-02 2.106770e-01 2.036834e-02 -6.088285e-01 4.061115e-01 1.226798e+00 4.333431e-03 7.906899e-01 4.362931e-01 -1.987791e+00 4.995276e-01 -9.786858e-01
4.464000e+01 -6.435517e-02 2.409440e-01 4.131385e-02 -5.913100e-01 4.036060e-01 1.232145e+00 5.317336e-03 7.847558e-01 4.384616e-01 -1.981797e+00 4.783361e-01 -9.448427e-01
4.472000e+01 -5.880951e-02 2.734659e-01 5.947012e-02 -5.701537e-01 3.979981e-01 1.238142e+00 3.932709e-03 7.775934e-01 4.380714e-01 -1.980818e+00 4.591207e-01 -9.258996e-01
4.480000e+01 -5.181897e-02 3.091757e-01 8.089214e-02 -5.455796e-01 3.947067e-01 1.247332e+00 3.628565e-03 7.746437e-01 4.376942e-01 -1.973660e+00 4.365079e-01 -8.962638e-01
4.488000e+01 -4.591256e-02 3.438187e-01 1.010657e-01 -5.211945e-01 3.905526e-01 1.256948e+00 2.755266e-03 7.717121e-01 4.372234e-01 -1.967256e+00 4.145615e-01 -8.711690e-01
4.496000e+01 -4.019424e-02 3.773562e-01 1.210529e-01 -4.964175e-01 3.865833e-01 1.267537e+00 1.725800e-03 7.700519e-01 4.361341e-01 -1.959641e+00 3.918219e-01 -8.460911e-01
4.504000e+01 -3.485505e-02 4.101160e-01 1.405024e-01 -4.711750e-01 3.827127e-01 1.279388e+00 3.864649e-04 7.695947e-01 4.345662e-01 -1.951050e+00 3.682221e-01 -8.212760e-01
4.512000e+01 -2.995860e-02 4.421457e-01 1.593387e-01 -4.453511e-01 3.789421e-01 1.292459e+00 -1.310290e-03 7.703584e-01 4.325384e-01 -1.941549e+00 3.438201e-01 -7.967140e-01
4.520000e+01 -2.527597e-02 4.729245e-01 1.779227e-01 -4.190901e-01 3.757412e-01 1.306875e+00 -3.060273e-03 7.729178e-01 4.300016e-01 -1.929821e+00 3.182608e-01 -7.731828e-01
4.528000e+01 -2.110127e-02 5.032985e-01 1.955152e-01 -3.920672e-01 3.724050e-01 1.322429e+00 -5.319443e-03 7.764035e-01 4.271315e-01 -1.917971e+00 2.924699e-01 -7.491987e-01
4.536000e+01 -1.535554e-02 5.326428e-01 2.135301e-01 -3.642263e-01 3.700631e-01 1.339803e+00 -7.449567e-03 7.821432e-01 4.241646e-01 -1.903726e+00 2.663555e-01 -7.201502e-01
4.544000e+01 -1.111121e-02 5.616042e-01 2.299558e-01 -3.356520e-01 3.671789e-01 1.358180e+00 -1.047268e-02 7.885158e-01 4.207928e-01 -1.890170e+00 2.404520e-01 -6.946719e-01
4.552000e+01 -6.917970e-03 5.896581e-01 2.456582e-01 -3.091128e-01 3.654098e-01 1.376917e+00 -1.358492e-02 7.961132e-01 4.168640e-01 -1.875628e+00 2.143987e-01 -6.688878e-01
4.560000e+01 -1.815531e-03 6.164758e-01 2.609867e-01 -2.821857e-01 3.641127e-01 1.396503e+00 -1.681075e-02 8.051973e-01 4.124509e-01 -1.859824e+00 1.882658e-01 -6.415905e-01
4.568000e+01 1.947635e-03 6.463356e-01 2.763348e-01 -2.524896e-01 3.628149e-01 1.418795e+00 -2.073164e-02 8.166044e-01 4.068544e-01 -1.842421e+00 1.603890e-01 -6.141433e-01
4.576000e+01 6.910130e-03 6.733296e-01 2.916487e-01 -2.221824e-01 3.622562e-01 1.442873e+00 -2.454726e-02 8.301865e-01 4.013061e-01 -1.822483e+00 1.326117e-01 -5.817585e-01
4.584000e+01 1.022752e-02 7.031770e-01 3.059963e-01 -1.901869e-01 3.614293e-01 1.468811e+00 -2.929792e-02 8.453034e-01 3.947498e-01 -1.802213e+00 1.043896e-01 -5.520241e-01
4.592000e+01 1.206089e-02 7.221826e-01 3.164081e-01 -1.609163e-01 3.597190e-01 1.496092e+00 -3.525012e-02 8.605067e-01 3.876658e-01 -1.782871e+00 7.748708e-02 -5.256562e-01
4.600000e+01 1.241069e-02 7.434525e-01 3.259803e-01 -1.305530e-01 3.581128e-01 1.523606e+00 -4.174454e-02 8.771100e-01 3.799295e-01 -1.762937e+00 4.994252e-02 -5.004499e-01
4.608000e+01 1.335730e-02 7.687696e-01 3.363267e-01 -9.858605e-02 3.576290e-01 1.553142e+00 -4.854163e-02 8.965896e-01 3.709286e-01 -1.740483e+00 2.089561e-02 -4.721214e-01
4.616000e+01 1.394032e-02 7.919100e-01 3.452584e-01 -6.660964e-02 3.572345e-01 1.583395e+00 -5.569546e-02 9.172475e-01 3.616321e-01 -1.717163e+00 -7.984298e-03 -4.435467e-01
4.624000e+01 1.559695e-02 8.131766e-01 3.538049e-01 -3.385334e-02 3.580937e-01 1.612182e+00 -6.115739e-02 9.392823e-01 3.530408e-01 -1.689105e+00 -3.515498e-02 -4.163263e-01
4.632000e+01 1.671167e-02 8.325710e-01 3.605030e-01 -2.186557e-03 3.592201e-01 1.644135e+00 -6.762293e-02 9.634467e-01 3.440157e-01 -1.662641e+00 -6.345876e-02 -3.881501e-01
4.640000e+01 1.776940e-02 8.433503e-01 3.631930e-01 2.775914e-02 3.591053e-01 1.674493e+00 -7.473347e-02 9.859566e-01 3.358783e-01 -1.637636e+00 -8.897869e-02 -3.624818e-01
4.648000e+01 1.991583e-02 8.567093e-01 3.661514e-01 5.794172e-02 3.603903e-01 1.706928e+00 -8.219372e-02 1.012033e+00 3.261612e-01 -1.610456e+00 -1.154059e-01 -3.335810e-01
4.656000e+01 2.296890e-02 8.704884e-01 3.684251e-01 8.575630e-02 3.623339e-01 1.739925e+00 -8.987209e-02 1.039737e+00 3.157101e-01 -1.582251e+00 -1.420461e-01 -3.048620e-01
4.664000e+01 2.556038e-02 8.829098e-01 3.690572e-01 1.145246e-01 3.644604e-01 1.773953e+00 -9.796401e-02 1.068946e+00 3.047759e-01 -1.553056e+00 -1.681065e-01 -2.754617e-01
4.672000e+01 2.824550e-02 8.943328e-01 3.682395e-01 1.431528e-01 3.669510e-01 1.808846e+00 -1.064041e-01 1.099665e+00 2.933478e-01 -1.522850e+00 -1.937304e-01 -2.456547e-01
4.680000e+01 3.100834e-02 9.047002e-01 3.656692e-01 1.713474e-01 3.698408e-01 1.844884e+00 -1.152557e-01 1.131898e+00 2.814063e-01 -1.491601e+00 -2.189910e-01 -2.155476e-01
4.688000e+01 3.322627e-02 8.970855e-01 3.565278e-01 1.967803e-01 3.705025e-01 1.878411e+00 -1.252683e-01 1.161757e+00 2.702895e-01 -1.464366e+00 -2.373022e-01 -1.953373e-01
4.696000e+01 3.532492e-02 9.003200e-01 3.492720e-01 2.223634e-01 3.741775e-01 1.914077e+00 -1.353533e-01 1.196591e+00 2.570028e-01 -1.434293e+00 -2.599133e-01 -1.676295e-01
4.704000e+01 3.779359e-02 9.048540e-01 3.398268e-01 2.488469e-01 3.766832e-01 1.950667e+00 -1.481925e-01 1.232107e+00 2.436876e-01 -1.407001e+00 -2.820630e-01 -1.376729e-01
4.712000e+01 4.214846e-02 9.068354e-01 3.311586e-01 2.741647e-01 3.820192e-01 1.987609e+00 -1.570745e-01 1.269266e+00 2.312323e-01 -1.369260e+00 -3.024413e-01 -1.114361e-01
4.720000e+01 4.849849e-02 9.100005e-01 3.218767e-01 2.990475e-01 3.877892e-01 2.025547e+00 -1.662588e-01 1.308736e+00 2.201679e-01 -1.334430e+00 -3.238710e-01 -7.927355e-02
4.728000e+01 5.426568e-02 9.121605e-01 3.101115e-01 3.250217e-01 3.930998e-01 2.064464e+00 -1.771685e-01 1.349260e+00 2.080066e-01 -1.300647e+00 -3.444284e-01 -4.898539e-02
4.736000e+01 6.007036e-02 9.073438e-01 2.949222e-01 3.504804e-01 3.980434e-01 2.102039e+00 -1.878875e-01 1.389160e+00 1.958834e-01 -1.266422e+00 -3.627237e-01 -2.237348e-02
4.744000e+01 6.599422e-02 9.005938e-01 2.783013e-01 3.753380e-01 4.035673e-01 2.140383e+00 -1.987439e-01 1.430470e+00 1.829538e-01 -1.230780e+00 -3.805907e-01 3.847955e-03
4.752000e+01 7.238321e-02 8.954131e-01 2.617577e-01 4.000745e-01 4.117393e-01 2.179867e+00 -2.096975e-01 1.476075e+00 1.682056e-01 -1.192924e+00 -3.993995e-01 3.096034e-02
4.760000e+01 8.336215e-02 8.907194e-01 2.438730e-01 4.162245e-01 4.198829e-01 2.216810e+00 -2.198400e-01 1.519518e+00 1.553966e-01 -1.154771e+00 -4.151982e-01 5.793610e-02
4.768000e+01 9.113182e-02 8.847540e-01 2.240776e-01 4.361451e-01 4.271252e-01 2.260615e+00 -2.330915e-01 1.565269e+00 1.400537e-01 -1.116985e+00 -4.321069e-01 8.519447e-02
4.776000e+01 9.826812e-02 8.669212e-01 1.998416e-01 4.543085e-01 4.318985e-01 2.299412e+00 -2.465543e-01 1.609813e+00 1.256688e-01 -1.080345e+00 -4.461435e-01 1.100859e-01
4.784000e+01 1.049384e-01 8.536759e-01 1.765122e-01 4.746060e-01 4.370550e-01 2.338063e+00 -2.596922e-01 1.656338e+00 1.105070e-01 -1.040585e+00 -4.606485e-01 1.342032e-01
4.792000e+01 1.100671e-01 8.382674e-01 1.517472e-01 4.945561e-01 4.425718e-01 2.384153e+00 -2.759356e-01 1.705015e+00 9.309460e-02 -1.000258e+00 -4.768749e-01 1.573518e-01
4.800000e+01 1.133330e-01 8.217409e-01 1.258899e-01 5.157101e-01 4.465336e-01 2.425324e+00 -2.916349e-01 1.753897e+00 7.615646e-02 -9.587099e-01 -4.918117e-01 1.767146e-01
4.808000e+01 1.174643e-01 8.042943e-01 1.001448e-01 5.380530e-01 4.509060e-01 2.465920e+00 -3.069386e-01 1.804160e+00 5.939925e-02 -9.154900e-01 -5.059309e-01 1.970291e-01
4.816000e+01 1.221262e-01 7.707965e-01 7.085279e-02 5.545427e-01 4.551010e-01 2.502638e+00 -3.213624e-01 1.852529e+00 4.469313e-02 -8.736998e-01 -5.153831e-01 2.141373e-01
4.824000e+01 1.314633e-01 7.245810e-01 3.763199e-02 5.573467e-01 4.591907e-01 2.536963e+00 -3.355710e-01 1.898006e+00 3.216547e-02 -8.347029e-01 -5.183780e-01 2.268614e-01
4.832000e+01 1.371032e-01 6.872009e-01 7.294498e-03 5.706327e-01 4.638968e-01 2.571768e+00 -3.496913e-01 1.947206e+00 1.772093e-02 -7.930152e-01 -5.230717e-01 2.399044e-01
4.840000e+01 1.401206e-01 6.571374e-01 -2.086957e-02 5.895553e-01 4.697605e-01 2.607986e+00 -3.637639e-01 1.998903e+00 2.424886e-03 -7.490388e-01 -5.291074e-01 2.538708e-01
4.848000e+01 1.433236e-01 6.212472e-01 -5.134300e-02 6.097277e-01 4.751421e-01 2.623630e+00 -3.677436e-01 2.046177e+00 -4.526435e-03 -7.052629e-01 -5.276121e-01 2.681111e-01
4.856000e+01 1.410978e-01 5.863177e-01 -7.892684e-02 6.324522e-01 4.825012e-01 2.649563e+00 -3.774442e-01 2.097765e+00 -1.581494e-02 -6.609827e-01 -5.293760e-01 2.798399e-01
4.864000e+01 1.396889e-01 5.343016e-01 -1.086092e-01 6.388566e-01 4.918202e-01 2.673883e+00 -3.867592e-01 2.146817e+00 -2.589626e-02 -6.200862e-01 -5.254373e-01 2.860516e-01
4.872000e+01 1.334341e-01 4.951623e-01 -1.354694e-01 6.520621e-01 5.026692e-01 2.700674e+00 -3.963040e-01 2.196323e+00 -3.643260e-02 -5.783296e-01 -5.224832e-01 2.931399e-01
4.880000e+01 1.244535e-01 4.602225e-01 -1.597090e-01 6.627460e-01 5.152053e-01 2.727610e+00 -4.055122e-01 2.245850e+00 -4.666421e-02 -5.356654e-01 -5.198228e-01 3.000297e-01
4.888000e+01 1.137542e-01 4.255154e-01 -1.816218e-01 6.704147e-01 5.286621e-01 2.754125e+00 -4.143391e-01 2.295182e+00 -5.621681e-02 -4.923391e-01 -5.158753e-01 3.074916e-01
4.896000e+01 9.879538e-02 3.939929e-01 -2.013878e-01 6.749714e-01 5.422138e-01 2.779757e+00 -4.230954e-01 2.344151e+00 -6.548360e-02 -4.490994e-01 -5.115651e-01 3.126046e-01
4.904000e+01 8.001870e-02 3.550718e-01 -2.199274e-01 6.710617e-01 5.574174e-01 2.798826e+00 -4.318034e-01 2.400568e+00 -7.627484e-02 -4.100248e-01 -5.060379e-01 3.119967e-01
4.912000e+01 5.840453e-02 3.279595e-01 -2.342128e-01 6.654922e-01 5.733568e-01 2.820192e+00 -4.406505e-01 2.450432e+00 -8.739493e-02 -3.682231e-01 -5.022701e-01 3.133137e-01
4.920000e+01 3.403786e-02 2.902393e-01 -2.494916e-01 6.505372e-01 5.874509e-01 2.837197e+00 -4.492758e-01 2.494782e+00 -9.615080e-02 -3.288760e-01 -4.939504e-01 3.101954e-01
4.928000e+01 6.840501e-03 2.658378e-01 -2.600239e-01 6.361507e-01 6.013353e-01 2.855140e+00 -4.580430e-01 2.540043e+00 -1.056393e-01 -2.878234e-01 -4.874660e-01 3.074654e-01
4.936000e+01 -2.267947e-02 2.553886e-01 -2.649381e-01 6.210955e-01 6.151569e-01 2.873546e+00 -4.664186e-01 2.586638e+00 -1.152482e-01 -2.445437e-01 -4.833621e-01 3.072064e-01
4.944000e+01 -5.357967e-02 2.481303e-01 -2.662502e-01 6.033688e-01 6.280174e-01 2.890671e+00 -4.741596e-01 2.633148e+00 -1.239878e-01 -2.002704e-01 -4.798418e-01 3.056479e-01
4.952000e+01 -8.460922e-02 2.500165e-01 -2.621817e-01 5.853377e-01 6.406814e-01 2.907938e+00 -4.810175e-01 2.680990e+00 -1.322665e-01 -1.541745e-01 -4.777085e-01 3.083210e-01
4.960000e+01 -1.156596e-01 2.569220e-01 -2.549002e-01 5.656389e-01 6.532768e-01 2.921353e+00 -4.848914e-01 2.728127e+00 -1.388722e-01 -1.043845e-01 -4.748871e-01 3.093938e-01
4.968000e+01 -1.471579e-01 2.692890e-01 -2.437383e-01 5.432735e-01 6.653039e-01 2.934908e+00 -4.888283e-01 2.776878e+00 -1.452230e-01 -5.614784e-02 -4.736746e-01 3.113758e-01
4.976000e+01 -1.788823e-01 2.775323e-01 -2.307810e-01 5.161621e-01 6.771820e-01 2.943603e+00 -4.926897e-01 2.830011e+00 -1.523575e-01 -1.142782e-02 -4.722166e-01 3.112507e-01
4.984000e+01 -2.098912e-01 2.944327e-01 -2.156014e-01 4.897178e-01 6.875784e-01 2.954315e+00 -4.969089e-01 2.874203e+00 -1.578774e-01 3.732674e-02 -4.715308e-01 3.140673e-01
4.992000e+01 -2.402109e-01 3.166867e-01 -1.967827e-01 4.627572e-01 6.982276e-01 2.964481e+00 -5.003990e-01 2.919315e+00 -1.640553e-01 8.616749e-02 -4.724443e-01 3.172909e-01
5.000000e+01 -2.695796e-01 3.406196e-01 -1.767140e-01 4.341676e-01 7.078805e-01 2.973094e+00 -5.031654e-01 2.964248e+00 -1.696672e-01 1.342962e-01 -4.734698e-01 3.217969e-01
5.008000e+01 -2.990617e-01 3.677126e-01 -1.550551e-01 4.094636e-01 7.163769e-01 2.982362e+00 -5.056561e-01 3.010390e+00 -1.756884e-01 1.836008e-01 -4.763412e-01 3.275941e-01
5.016000e+01 -3.239818e-01 3.975675e-01 -1.321708e-01 3.790181e-01 7.246651e-01 2.988769e+00 -5.067764e-01 3.056555e+00 -1.809837e-01 2.329550e-01 -4.788002e-01 3.342548e-01
5.024000e+01 -3.460021e-01 3.969386e-01 -1.167365e-01 3.384114e-01 7.288334e-01 2.986613e+00 -5.068788e-01 3.096067e+00 -1.824570e-01 2.758526e-01 -4.731055e-01 3.332083e-01
5.032000e+01 -3.680878e-01 4.255693e-01 -9.800003e-02 3.093318e-01 7.308292e-01 2.991244e+00 -5.068479e-01 3.128386e+00 -1.832054e-01 3.294613e-01 -4.722458e-01 3.424732e-01
5.040000e+01 -3.878313e-01 4.452437e-01 -8.017349e-02 2.782802e-01 7.318008e-01 2.990302e+00 -5.065784e-01 3.162337e+00 -1.840077e-01 3.775966e-01 -4.702643e-01 3.492320e-01
5.048000e+01 -4.062263e-01 4.670577e-01 -6.195540e-02 2.512806e-01 7.324592e-01 2.989203e+00 -5.050998e-01 3.198739e+00 -1.854323e-01 4.266877e-01 -4.698949e-01 3.582772e-01
5.056000e+01 -4.200543e-01 4.932259e-01 -4.285669e-02 2.253853e-01 7.335184e-01 2.987601e+00 -5.022836e-01 3.237437e+00 -1.871332e-01 4.770949e-01 -4.710753e-01 3.705729e-01
5.064000e+01 -4.297609e-01 5.119939e-01 -3.084754e-02 2.002209e-01 7.258032e-01 2.985842e+00 -4.996080e-01 3.253038e+00 -1.810165e-01 5.350188e-01 -4.664987e-01 3.856506e-01
5.072000e+01 -4.361257e-01 5.276261e-01 -1.916342e-02 1.729767e-01 7.200401e-01 2.977768e+00 -4.950118e-01 3.276027e+00 -1.776328e-01 5.840762e-01 -4.612104e-01 3.986700e-01
5.080000e+01 -4.382364e-01 5.457996e-01 -7.130323e-03 1.473899e-01 7.149719e-01 2.968690e+00 -4.891687e-01 3.303636e+00 -1.755791e-01 6.324478e-01 -4.574888e-01 4.113289e-01
5.088000e+01 -4.360122e-01 5.649713e-01 4.527803e-03 1.232048e-01 7.099003e-01 2.958278e+00 -4.824205e-01 3.334112e+00 -1.741254e-01 6.802245e-01 -4.542517e-01 4.241497e-01
5.096000e+01 -4.256176e-01 5.765857e-01 1.350906e-02 9.221879e-02 7.037444e-01 2.942905e+00 -4.745545e-01 3.363696e+00 -1.714401e-01 7.247979e-01 -4.475416e-01 4.343751e-01
5.104000e+01 -4.132051e-01 5.876559e-01 2.163430e-02 6.407741e-02 6.978055e-01 2.926795e+00 -4.662715e-01 3.395266e+00 -1.698266e-01 7.688817e-01 -4.412088e-01 4.445514e-01
5.112000e+01 -3.981455e-01 6.077074e-01 2.904849e-02 4.242863e-02 6.881722e-01 2.914242e+00 -4.582913e-01 3.414918e+00 -1.656658e-01 8.198196e-01 -4.354510e-01 4.602184e-01
5.120000e+01 -3.799202e-01 6.259350e-01 3.579075e-02 2.267242e-02 6.757601e-01 2.898580e+00 -4.504400e-01 3.431219e+00 -1.599945e-01 8.702526e-01 -4.291302e-01 4.766334e-01
5.128000e+01 -3.579487e-01 6.424136e-01 4.332488e-02 3.767314e-03 6.641181e-01 2.880617e+00 -4.414035e-01 3.452075e+00 -1.558693e-01 9.167662e-01 -4.223880e-01 4.921007e-01
5.136000e+01 -3.330638e-01 6.551992e-01 5.161074e-02 -1.538432e-02 6.537774e-01 2.861416e+00 -4.318827e-01 3.477324e+00 -1.533131e-01 9.616108e-01 -4.164075e-01 5.059740e-01
5.144000e+01 -3.059822e-01 6.670780e-01 5.836987e-02 -3.356650e-02 6.414783e-01 2.840985e+00 -4.228273e-01 3.497420e+00 -1.491367e-01 1.009987e+00 -4.096436e-01 5.214252e-01
5.152000e+01 -2.769447e-01 6.768968e-01 6.614602e-02 -5.191222e-02 6.306059e-01 2.818781e+00 -4.163278e-01 3.518279e+00 -1.482100e-01 1.048660e+00 -4.033172e-01 5.346354e-01
5.160000e+01 -2.456115e-01 6.854610e-01 7.470723e-02 -6.989984e-02 6.208187e-01 2.796035e+00 -4.084352e-01 3.540069e+00 -1.475652e-01 1.088641e+00 -3.968257e-01 5.470712e-01
5.168000e+01 -2.125938e-01 6.921514e-01 8.360349e-02 -8.745459e-02 6.114887e-01 2.773005e+00 -4.004716e-01 3.564130e+00 -1.474453e-01 1.127369e+00 -3.897147e-01 5.585589e-01
5.176000e+01 -1.780958e-01 7.029455e-01 9.348120e-02 -1.063820e-01 6.023622e-01 2.749328e+00 -3.923479e-01 3.589498e+00 -1.474270e-01 1.164695e+00 -3.824811e-01 5.680006e-01
5.184000e+01 -1.447042e-01 7.060482e-01 1.018779e-01 -1.257936e-01 5.927464e-01 2.724084e+00 -3.843814e-01 3.614574e+00 -1.474112e-01 1.199238e+00 -3.735237e-01 5.737257e-01
5.192000e+01 -1.094600e-01 7.033843e-01 1.097303e-01 -1.453087e-01 5.831497e-01 2.697885e+00 -3.765614e-01 3.639525e+00 -1.476624e-01 1.231857e+00 -3.631450e-01 5.787048e-01
5.200000e+01 -7.468849e-02 7.032390e-01 1.172641e-01 -1.629861e-01 5.725750e-01 2.674592e+00 -3.729797e-01 3.665171e+00 -1.492993e-01 1.259384e+00 -3.533877e-01 5.853926e-01
5.208000e+01 -3.966844e-02 7.036226e-01 1.265712e-01 -1.788623e-01 5.624982e-01 2.649382e+00 -3.672463e-01 3.689629e+00 -1.512964e-01 1.289793e+00 -3.440052e-01 5.913504e-01
5.216000e+01 -4.978784e-03 7.048290e-01 1.370451e-01 -1.929522e-01 5.527552e-01 2.624363e+00 -3.617663e-01 3.714442e+00 -1.538853e-01 1.319321e+00 -3.350710e-01 5.969317e-01
5.224000e+01 2.879376e-02 7.060165e-01 1.473159e-01 -2.047507e-01 5.419674e-01 2.599456e+00 -3.585985e-01 3.738360e+00 -1.565606e-01 1.345073e+00 -3.254520e-01 6.029930e-01
5.232000e+01 6.276146e-02 6.916576e-01 1.554971e-01 -2.219363e-01 5.306037e-01 2.570742e+00 -3.541678e-01 3.758498e+00 -1.581491e-01 1.369215e+00 -3.127438e-01 6.035478e-01
5.240000e+01 9.331683e-02 6.726364e-01 1.615004e-01 -2.388382e-01 5.185666e-01 2.540749e+00 -3.501850e-01 3.777059e+00 -1.594633e-01 1.390387e+00 -2.986274e-01 5.994449e-01
5.248000e+01 1.234211e-01 6.597096e-01 1.689807e-01 -2.528617e-01 5.073323e-01 2.511973e+00 -3.466160e-01 3.796466e+00 -1.620166e-01 1.411396e+00 -2.855383e-01 5.968462e-01
5.256000e+01 1.520237e-01 6.602553e-01 1.755496e-01 -2.586708e-01 4.897402e-01 2.488945e+00 -3.445485e-01 3.793874e+00 -1.583482e-01 1.445251e+00 -2.731471e-01 6.028966e-01
5.264000e+01 1.793638e-01 6.435770e-01 1.835186e-01 -2.745274e-01 4.755908e-01 2.472540e+00 -3.465965e-01 3.798013e+00 -1.629194e-01 1.465995e+00 -2.627866e-01 5.983161e-01
5.272000e+01 2.052822e-01 6.190070e-01 1.886700e-01 -2.899303e-01 4.607377e-01 2.450646e+00 -3.455285e-01 3.805172e+00 -1.654142e-01 1.481588e+00 -2.492276e-01 5.903721e-01
5.280000e+01 2.299437e-01 5.885745e-01 1.924407e-01 -3.044013e-01 4.447788e-01 2.420529e+00 -3.438312e-01 3.813611e+00 -1.664786e-01 1.493757e+00 -2.329900e-01 5.798311e-01
5.288000e+01 2.529117e-01 5.628165e-01 1.960870e-01 -3.170062e-01 4.303095e-01 2.392820e+00 -3.422292e-01 3.824179e+00 -1.682139e-01 1.505126e+00 -2.178155e-01 5.694552e-01
5.296000e+01 2.748055e-01 5.401349e-01 1.997923e-01 -3.279704e-01 4.157289e-01 2.365319e+00 -3.411373e-01 3.835909e+00 -1.708729e-01 1.515625e+00 -2.042114e-01 5.587846e-01
5.304000e+01 2.964451e-01 5.217429e-01 2.045967e-01 -3.365850e-01 4.008122e-01 2.335482e+00 -3.400012e-01 3.847392e+00 -1.735722e-01 1.525083e+00 -1.915743e-01 5.482123e-01
5.312000e+01 3.165560e-01 5.105011e-01 2.113449e-01 -3.405229e-01 3.866088e-01 2.305854e+00 -3.389957e-01 3.859578e+00 -1.769043e-01 1.534873e+00 -1.815899e-01 5.394399e-01
5.320000e+01 3.359414e-01 5.016776e-01 2.191771e-01 -3.425759e-01 3.726776e-01 2.276401e+00 -3.383907e-01 3.871341e+00 -1.804648e-01 1.543841e+00 -1.728033e-01 5.298953e-01
5.328000e+01 3.534779e-01 4.965198e-01 2.281813e-01 -3.417576e-01 3.594596e-01 2.247914e+00 -3.382182e-01 3.882955e+00 -1.843475e-01 1.552463e+00 -1.656606e-01 5.205349e-01
5.336000e+01 3.686153e-01 4.945566e-01 2.382146e-01 -3.379227e-01 3.470561e-01 2.220770e+00 -3.385167e-01 3.894440e+00 -1.885506e-01 1.560882e+00 -1.601921e-01 5.115200e-01
5.344000e+01 3.809723e-01 4.950653e-01 2.490196e-01 -3.311088e-01 3.354546e-01 2.195225e+00 -3.393105e-01 3.905810e+00 -1.930601e-01 1.569181e+00 -1.563454e-01 5.028984e-01
5.352000e+01 3.903442e-01 4.972558e-01 2.602635e-01 -3.214508e-01 3.245653e-01 2.171440e+00 -3.406139e-01 3.917084e+00 -1.978508e-01 1.577400e+00 -1.540022e-01 4.946722e-01
5.360000e+01 3.976984e-01 4.988415e-01 2.729636e-01 -3.100247e-01 3.161700e-01 2.149187e+00 -3.391341e-01 3.928678e+00 -2.025491e-01 1.592913e+00 -1.522600e-01 4.839934e-01
5.368000e+01 4.026072e-01 5.030930e-01 2.861541e-01 -2.900893e-01 3.084796e-01 2.120674e+00 -3.353717e-01 3.941470e+00 -2.047426e-01 1.606032e+00 -1.506144e-01 4.753503e-01
5.376000e+01 4.045102e-01 5.063574e-01 2.982762e-01 -2.694029e-01 3.036390e-01 2.102219e+00 -3.343089e-01 3.955064e+00 -2.081191e-01 1.618251e+00 -1.508270e-01 4.667719e-01
5.384000e+01 4.036528e-01 5.087772e-01 3.092667e-01 -2.471922e-01 2.990494e-01 2.086636e+00 -3.345223e-01 3.968313e+00 -2.121563e-01 1.629714e+00 -1.521813e-01 4.585360e-01
5.392000e+01 4.000997e-01 5.099755e-01 3.187653e-01 -2.237527e-01 2.939390e-01 2.073395e+00 -3.360664e-01 3.981406e+00 -2.169069e-01 1.640476e+00 -1.545175e-01 4.506215e-01
5.400000e+01 3.950885e-01 5.111061e-01 3.275252e-01 -1.965475e-01 2.881820e-01 2.055009e+00 -3.361649e-01 3.993802e+00 -2.205905e-01 1.650749e+00 -1.563056e-01 4.437762e-01
5.408000e+01 3.875113e-01 5.099701e-01 3.340395e-01 -1.695042e-01 2.834392e-01 2.044650e+00 -3.386202e-01 4.006747e+00 -2.255523e-01 1.660578e+00 -1.592613e-01 4.368654e-01
5.416000e+01 3.778017e-01 5.066605e-01 3.385020e-01 -1.425445e-01 2.778292e-01 2.035403e+00 -3.423249e-01 4.020681e+00 -2.314945e-01 1.669621e+00 -1.628934e-01 4.299215e-01
5.424000e+01 3.664378e-01 5.011604e-01 3.406774e-01 -1.128722e-01 2.708416e-01 2.030362e+00 -3.477288e-01 4.034901e+00 -2.387027e-01 1.679326e+00 -1.677128e-01 4.258665e-01
5.432000e+01 3.523815e-01 4.974570e-01 3.404080e-01 -8.291861e-02 2.623662e-01 2.026960e+00 -3.541560e-01 4.049305e+00 -2.464354e-01 1.688835e+00 -1.735399e-01 4.214575e-01
5.440000e+01 3.362711e-01 4.899583e-01 3.370479e-01 -5.436564e-02 2.523752e-01 2.024292e+00 -3.612897e-01 4.063444e+00 -2.541729e-01 1.697685e+00 -1.789669e-01 4.170441e-01
5.448000e+01 3.172953e-01 4.801293e-01 3.304675e-01 -2.293156e-02 2.407725e-01 2.023286e+00 -3.693266e-01 4.078081e+00 -2.624752e-01 1.706510e+00 -1.848438e-01 4.131076e-01
5.456000e+01 2.988621e-01 4.679168e-01 3.207574e-01 3.617281e-03 2.284305e-01 2.022054e+00 -3.774875e-01 4.092224e+00 -2.703758e-01 1.714598e+00 -1.896058e-01 4.092770e-01
5.464000e+01 2.793053e-01 4.538803e-01 3.083323e-01 2.912610e-02 2.154358e-01 2.021319e+00 -3.859183e-01 4.106495e+00 -2.783251e-01 1.722458e+00 -1.939021e-01 4.057958e-01
5.472000e+01 2.601162e-01 4.381419e-01 2.930923e-01 5.166039e-02 2.019210e-01 2.019923e+00 -3.942646e-01 4.120286e+00 -2.858502e-01 1.729803e+00 -1.970070e-01 4.025623e-01
5.480000e+01 2.411959e-01 4.206810e-01 2.757176e-01 7.251613e-02 1.884703e-01 2.018809e+00 -4.024839e-01 4.134461e+00 -2.933623e-01 1.737469e+00 -1.994547e-01 4.010264e-01
5.488000e+01 2.214849e-01 4.017133e-01 2.556773e-01 9.096964e-02 1.747704e-01 2.017206e+00 -4.106315e-01 4.148340e+00 -3.006028e-01 1.744671e+00 -2.009530e-01 3.987192e-01
5.496000e+01 2.017867e-01 3.813549e-01 2.333140e-01 1.069030e-01 1.611167e-01 2.015043e+00 -4.186015e-01 4.161998e+00 -3.075349e-01 1.751556e+00 -2.013872e-01 3.964074e-01
5.504000e+01 1.831867e-01 3.576534e-01 2.102786e-01 1.189954e-01 1.497833e-01 2.011630e+00 -4.222750e-01 4.175534e+00 -3.140391e-01 1.765686e+00 -2.004546e-01 3.907677e-01
5.512000e+01 1.649756e-01 3.321139e-01 1.841490e-01 1.279508e-01 1.381673e-01 2.007420e+00 -4.270917e-01 4.190527e+00 -3.189945e-01 1.773708e+00 -1.978451e-01 3.860313e-01
5.520000e+01 1.473310e-01 3.071031e-01 1.565576e-01 1.350812e-01 1.268252e-01 2.002722e+00 -4.321577e-01 4.205449e+00 -3.238219e-01 1.780495e+00 -1.943380e-01 3.818407e-01
5.528000e+01 1.300760e-01 2.806141e-01 1.282476e-01 1.388243e-01 1.179061e-01 1.997082e+00 -4.373732e-01 4.222752e+00 -3.298974e-01 1.786460e+00 -1.904069e-01 3.772796e-01
5.536000e+01 1.134699e-01 2.544446e-01 9.812400e-02 1.408269e-01 1.075998e-01 1.990360e+00 -4.427489e-01 4.237099e+00 -3.347536e-01 1.791472e+00 -1.845772e-01 3.734454e-01
5.544000e+01 9.760237e-02 2.277801e-01 6.738934e-02 1.404661e-01 9.741806e-02 1.982479e+00 -4.480232e-01 4.250536e+00 -3.393168e-01 1.796094e+00 -1.775195e-01 3.698074e-01
5.552000e+01 8.261416e-02 2.007064e-01 3.646112e-02 1.377386e-01 8.740595e-02 1.973246e+00 -4.530416e-01 4.262993e+00 -3.435018e-01 1.800346e+00 -1.691551e-01 3.662743e-01
5.560000e+01 7.330263e-02 1.737946e-01 6.693080e-03 1.233475e-01 7.898705e-02 1.959325e+00 -4.561369e-01 4.273043e+00 -3.453850e-01 1.803963e+00 -1.571130e-01 3.646711e-01
5.568000e+01 6.312379e-02 1.466873e-01 -2.199194e-02 1.112006e-01 6.995538e-02 1.945035e+00 -4.593105e-01 4.282996e+00 -3.477480e-01 1.807658e+00 -1.444304e-01 3.621231e-01
5.576000e+01 5.345811e-02 1.196272e-01 -4.999410e-02 9.772039e-02 6.069168e-02 1.928889e+00 -4.622649e-01 4.291629e+00 -3.497453e-01 1.809819e+00 -1.308124e-01 3.597095e-01
5.584000e+01 4.494517e-02 9.370334e-02 -7.604396e-02 8.272548e-02 5.185784e-02 1.910972e+00 -4.645624e-01 4.299423e+00 -3.513371e-01 1.812124e+00 -1.162158e-01 3.573173e-01
5.592000e+01 4.009819e-02 6.702665e-02 -9.973829e-02 6.037352e-02 4.384213e-02 1.891016e+00 -4.670473e-01 4.305393e+00 -3.520595e-01 1.813400e+00 -9.925057e-02 3.543621e-01
5.600000e+01 3.675371e-02 4.624472e-02 -1.240759e-01 3.977134e-02 2.862625e-02 1.873414e+00 -4.688381e-01 4.284678e+00 -3.448157e-01 1.824124e+00 -7.809021e-02 3.569375e-01
5.608000e+01 3.399295e-02 1.619355e-02 -1.454664e-01 1.748605e-02 1.409463e-02 1.848816e+00 -4.705740e-01 4.273276e+00 -3.391201e-01 1.829569e+00 -5.499803e-02 3.533263e-01
5.616000e+01 3.217863e-02 -1.213083e-02 -1.637276e-01 -7.630753e-03 -6.422988e-04 1.827677e+00 -4.740526e-01 4.265273e+00 -3.337085e-01 1.834651e+00 -3.182741e-02 3.500882e-01
5.624000e+01 3.260024e-02 -3.864841e-02 -1.781066e-01 -3.345937e-02 -1.481618e-02 1.801088e+00 -4.734547e-01 4.255783e+00 -3.270489e-01 1.837769e+00 -7.067509e-03 3.463315e-01
5.632000e+01 3.627622e-02 -6.078530e-02 -1.900809e-01 -5.708166e-02 -3.255421e-02 1.772635e+00 -4.707631e-01 4.236148e+00 -3.144395e-01 1.848501e+00 2.035475e-02 3.494915e-01
5.640000e+01 4.183712e-02 -7.663837e-02 -1.934987e-01 -7.994514e-02 -4.479361e-02 1.739321e+00 -4.631766e-01 4.227234e+00 -3.064713e-01 1.853486e+00 4.559236e-02 3.486235e-01
5.648000e+01 4.855237e-02 -9.739326e-02 -1.931408e-01 -1.068633e-01 -5.447429e-02 1.698567e+00 -4.550008e-01 4.228393e+00 -2.988472e-01 1.852929e+00 7.236075e-02 3.435568e-01
5.656000e+01 5.712252e-02 -1.174531e-01 -1.900843e-01 -1.339759e-01 -6.420824e-02 1.656601e+00 -4.465588e-01 4.215999e+00 -2.886195e-01 1.851536e+00 1.014716e-01 3.377562e-01
5.664000e+01 6.774048e-02 -1.388036e-01 -1.835936e-01 -1.628982e-01 -7.209622e-02 1.610308e+00 -4.374221e-01 4.207334e+00 -2.782185e-01 1.847638e+00 1.318859e-01 3.293857e-01
5.672000e+01 8.035719e-02 -1.639270e-01 -1.749239e-01 -1.937957e-01 -7.861259e-02 1.560156e+00 -4.279763e-01 4.195746e+00 -2.671603e-01 1.840623e+00 1.643702e-01 3.174620e-01
5.680000e+01 9.435069e-02 -1.886990e-01 -1.637876e-01 -2.259079e-01 -8.347018e-02 1.507317e+00 -4.187099e-01 4.181074e+00 -2.559409e-01 1.830782e+00 1.977923e-01 3.019733e-01
5.688000e+01 1.108572e-01 -2.138971e-01 -1.499259e-01 -2.590079e-01 -8.628767e-02 1.453007e+00 -4.096346e-01 4.163853e+00 -2.443897e-01 1.818976e+00 2.318637e-01 2.855215e-01
5.696000e+01 1.293068e-01 -2.392077e-01 -1.343605e-01 -2.912964e-01 -8.744167e-02 1.396738e+00 -4.006098e-01 4.143642e+00 -2.322027e-01 1.805087e+00 2.669202e-01 2.672541e-01
5.704000e+01 1.500192e-01 -2.631116e-01 -1.184322e-01 -3.242548e-01 -8.904381e-02 1.338296e+00 -3.914487e-01 4.117503e+00 -2.174864e-01 1.788303e+00 3.038215e-01 2.462869e-01
5.712000e+01 1.725186e-01 -2.884593e-01 -1.011444e-01 -3.565438e-01 -8.866123e-02 1.279051e+00 -3.820376e-01 4.089703e+00 -2.025714e-01 1.770292e+00 3.412581e-01 2.237600e-01
5.720000e+01 1.970295e-01 -3.200775e-01 -8.423162e-02 -3.884679e-01 -8.698721e-02 1.214766e+00 -3.713173e-01 4.059068e+00 -1.864776e-01 1.749238e+00 3.807632e-01 1.968145e-01
5.728000e+01 2.239117e-01 -3.489257e-01 -6.666812e-02 -4.194650e-01 -8.308123e-02 1.153439e+00 -3.609121e-01 4.027761e+00 -1.704676e-01 1.727081e+00 4.196082e-01 1.694704e-01
5.736000e+01 2.516676e-01 -3.769347e-01 -4.922751e-02 -4.487338e-01 -7.879777e-02 1.093237e+00 -3.505383e-01 3.994334e+00 -1.543505e-01 1.703493e+00 4.580340e-01 1.397219e-01
5.744000e+01 2.802249e-01 -4.104938e-01 -3.148568e-02 -4.806561e-01 -7.034920e-02 1.029715e+00 -3.395466e-01 3.972631e+00 -1.420549e-01 1.669498e+00 4.957843e-01 1.009888e-01
5.752000e+01 3.091792e-01 -4.389354e-01 -1.607703e-02 -5.095723e-01 -6.438638e-02 9.693631e-01 -3.313871e-01 3.944475e+00 -1.264698e-01 1.638876e+00 5.331455e-01 6.352800e-02
5.760000e+01 3.378676e-01 -4.644646e-01 -2.145188e-03 -5.352069e-01 -5.990545e-02 9.109350e-01 -3.235235e-01 3.909544e+00 -1.105177e-01 1.606815e+00 5.691117e-01 2.242928e-02
5.768000e+01 3.667257e-01 -4.884046e-01 1.147878e-02 -5.586578e-01 -5.553022e-02 8.546630e-01 -3.161830e-01 3.872404e+00 -9.543210e-02 1.573869e+00 6.032201e-01 -1.985472e-02
5.776000e+01 3.959170e-01 -5.087866e-01 2.415596e-02 -5.819125e-01 -5.133537e-02 7.989446e-01 -3.092786e-01 3.832726e+00 -7.962840e-02 1.538619e+00 6.361378e-01 -6.513787e-02
5.784000e+01 4.221994e-01 -5.220733e-01 3.340329e-02 -6.007521e-01 -5.107491e-02 7.417576e-01 -3.074809e-01 3.789390e+00 -6.247167e-02 1.490664e+00 6.679411e-01 -1.134040e-01
5.792000e+01 4.496194e-01 -5.349606e-01 4.472990e-02 -6.190828e-01 -4.876693e-02 6.879925e-01 -3.035798e-01 3.743977e+00 -4.762107e-02 1.450843e+00 6.975281e-01 -1.625857e-01
5.800000e+01 4.769627e-01 -5.487987e-01 5.855634e-02 -6.397021e-01 -4.089232e-02 6.309184e-01 -2.991381e-01 3.717197e+00 -3.761271e-02 1.402355e+00 7.237093e-01 -2.185793e-01
5.808000e+01 5.019085e-01 -5.621384e-01 7.331525e-02 -6.623326e-01 -2.807790e-02 5.719252e-01 -2.938811e-01 3.700130e+00 -3.245490e-02 1.344025e+00 7.463962e-01 -2.844165e-01
5.816000e+01 5.230639e-01 -5.644017e-01 8.339687e-02 -6.769819e-01 -2.280976e-02 5.215290e-01 -2.894272e-01 3.648459e+00 -2.017363e-02 1.293625e+00 7.688407e-01 -3.477355e-01
5.824000e+01 5.433043e-01 -5.639051e-01 9.564697e-02 -6.891228e-01 -1.646110e-02 4.707910e-01 -2.881143e-01 3.604055e+00 -8.697516e-03 1.241457e+00 7.887039e-01 -4.111175e-01
5.832000e+01 5.606456e-01 -5.590740e-01 1.074815e-01 -6.990486e-01 -1.112080e-02 4.245764e-01 -2.884138e-01 3.555627e+00 3.556627e-03 1.189161e+00 8.061475e-01 -4.758520e-01
5.840000e+01 5.747275e-01 -5.528425e-01 1.207910e-01 -7.014912e-01 -7.007160e-03 3.836855e-01 -2.901659e-01 3.507008e+00 1.473758e-02 1.138431e+00 8.209283e-01 -5.388986e-01
5.848000e+01 5.873110e-01 -5.437472e-01 1.350340e-01 -7.038550e-01 -2.248971e-03 3.446658e-01 -2.916565e-01 3.457846e+00 2.680731e-02 1.088287e+00 8.351686e-01 -6.007553e-01
5.856000e+01 5.985241e-01 -5.311958e-01 1.512712e-01 -7.005346e-01 2.713795e-03 3.004858e-01 -2.900125e-01 3.409513e+00 4.117067e-02 1.038945e+00 8.500503e-01 -6.601954e-01
5.864000e+01 6.088310e-01 -5.179125e-01 1.692886e-01 -6.944370e-01 8.663439e-03 2.654361e-01 -2.897351e-01 3.361603e+00 5.524914e-02 9.914951e-01 8.639354e-01 -7.155187e-01
5.872000e+01 6.144964e-01 -5.014320e-01 1.887922e-01 -6.823960e-01 1.396916e-02 2.350363e-01 -2.897451e-01 3.315040e+00 6.892237e-02 9.454674e-01 8.762412e-01 -7.694264e-01
5.880000e+01 6.172071e-01 -4.859836e-01 2.082209e-01 -6.678758e-01 1.786622e-02 2.076538e-01 -2.900372e-01 3.268413e+00 8.290165e-02 8.987665e-01 8.891950e-01 -8.203530e-01
5.888000e+01 6.185307e-01 -4.728599e-01 2.301837e-01 -6.499506e-01 2.440665e-02 1.756492e-01 -2.865925e-01 3.231470e+00 9.555691e-02 8.493323e-01 9.025177e-01 -8.706915e-01
5.896000e+01 6.163235e-01 -4.592322e-01 2.501178e-01 -6.279461e-01 2.809986e-02 1.548688e-01 -2.865853e-01 3.187885e+00 1.102984e-01 8.039187e-01 9.159825e-01 -9.148444e-01
5.904000e+01 6.112477e-01 -4.479833e-01 2.697328e-01 -6.035939e-01 3.097692e-02 1.372005e-01 -2.859686e-01 3.148205e+00 1.243875e-01 7.605817e-01 9.297109e-01 -9.558208e-01
5.912000e+01 6.018567e-01 -4.420943e-01 2.895064e-01 -5.798202e-01 3.635327e-02 1.200527e-01 -2.850263e-01 3.120165e+00 1.338284e-01 7.104708e-01 9.426718e-01 -1.000984e+00
5.920000e+01 5.869534e-01 -4.350700e-01 3.052947e-01 -5.488570e-01 3.705734e-02 1.091008e-01 -2.896363e-01 3.088438e+00 1.441865e-01 6.584619e-01 9.542134e-01 -1.035783e+00
5.928000e+01 5.683032e-01 -4.320796e-01 3.189944e-01 -5.178183e-01 3.703053e-02 1.010620e-01 -2.933767e-01 3.051769e+00 1.536451e-01 6.113265e-01 9.667888e-01 -1.071086e+00
5.936000e+01 5.493389e-01 -4.311857e-01 3.307499e-01 -4.871332e-01 3.540205e-02 9.755961e-02 -2.971651e-01 3.009539e+00 1.643322e-01 5.656314e-01 9.799635e-01 -1.098797e+00
5.944000e+01 5.271378e-01 -4.332376e-01 3.405862e-01 -4.546713e-01 3.346971e-02 9.651226e-02 -3.009243e-01 2.972190e+00 1.739732e-01 5.198359e-01 9.939349e-01 -1.120641e+00
5.952000e+01 5.027732e-01 -4.399518e-01 3.489027e-01 -4.230171e-01 3.232512e-02 1.001877e-01 -3.048095e-01 2.937324e+00 1.824315e-01 4.778148e-01 1.006958e+00 -1.139457e+00
5.960000e+01 4.767464e-01 -4.498001e-01 3.555679e-01 -3.910168e-01 3.134755e-02 1.058233e-01 -3.085589e-01 2.903822e+00 1.905060e-01 4.376832e-01 1.020179e+00 -1.154441e+00
5.968000e+01 4.469576e-01 -4.626571e-01 3.590140e-01 -3.596069e-01 2.967411e-02 1.133909e-01 -3.131929e-01 2.871011e+00 1.970221e-01 3.973460e-01 1.032916e+00 -1.171781e+00
5.976000e+01 4.135466e-01 -4.771088e-01 3.591343e-01 -3.238216e-01 2.653798e-02 1.251693e-01 -3.207761e-01 2.840182e+00 2.026092e-01 3.539019e-01 1.042742e+00 -1.182099e+00
5.984000e+01 3.808662e-01 -4.983798e-01 3.558601e-01 -2.930366e-01 2.379559e-02 1.376775e-01 -3.269491e-01 2.808796e+00 2.084202e-01 3.142529e-01 1.053985e+00 -1.191522e+00
5.992000e+01 3.468400e-01 -5.239442e-01 3.495128e-01 -2.642216e-01 2.161640e-02 1.518860e-01 -3.328806e-01 2.779028e+00 2.139524e-01 2.761521e-01 1.064957e+00 -1.199343e+00
6.000000e+01 3.141142e-01 -5.471332e-01 3.420709e-01 -2.417961e-01 2.211526e-02 1.646139e-01 -3.372548e-01 2.750309e+00 2.201153e-01 2.398205e-01 1.076195e+00 -1.205021e+00
6.008000e+01 2.807281e-01 -5.720099e-01 3.325375e-01 -2.188059e-01 2.167023e-02 1.803951e-01 -3.421411e-01 2.723817e+00 2.253544e-01 2.048898e-01 1.086393e+00 -1.209609e+00
6.016000e+01 2.512663e-01 -5.985095e-01 3.235784e-01 -1.997808e-01 2.353671e-02 1.978100e-01 -3.463027e-01 2.704383e+00 2.285665e-01 1.704701e-01 1.095530e+00 -1.209566e+00
6.024000e+01 2.210045e-01 -6.241261e-01 3.129440e-01 -1.817000e-01 2.490709e-02 2.174406e-01 -3.510807e-01 2.685961e+00 2.313592e-01 1.395816e-01 1.103747e+00 -1.208351e+00
6.032000e+01 1.905923e-01 -6.399814e-01 3.019437e-01 -1.633951e-01 2.612764e-02 2.398307e-01 -3.562406e-01 2.668877e+00 2.337407e-01 1.113648e-01 1.109029e+00 -1.205598e+00
6.040000e+01 1.628389e-01 -6.520865e-01 2.924495e-01 -1.515457e-01 3.114615e-02 2.612630e-01 -3.598567e-01 2.663626e+00 2.325972e-01 8.076000e-02 1.111751e+00 -1.205786e+00
6.048000e+01 1.318000e-01 -6.628635e-01 2.784853e-01 -1.402752e-01 3.280614e-02 2.843206e-01 -3.664083e-01 2.654574e+00 2.312440e-01 5.098619e-02 1.113017e+00 -1.210546e+00
6.056000e+01 1.002253e-01 -6.710223e-01 2.631842e-01 -1.304602e-01 3.393154e-02 3.088456e-01 -3.735632e-01 2.643877e+00 2.302217e-01 2.331137e-02 1.111403e+00 -1.212998e+00
6.064000e+01 7.111134e-02 -6.764618e-01 2.481371e-01 -1.223698e-01 3.555737e-02 3.349583e-01 -3.805478e-01 2.633568e+00 2.293828e-01 -1.300675e-03 1.108065e+00 -1.209484e+00
6.072000e+01 4.152976e-02 -6.800704e-01 2.315052e-01 -1.169059e-01 3.647444e-02 3.613244e-01 -3.879403e-01 2.622922e+00 2.283637e-01 -2.532045e-02 1.104248e+00 -1.208045e+00
6.080000e+01 1.212138e-02 -6.757340e-01 2.156014e-01 -1.112846e-01 3.753249e-02 3.894016e-01 -3.956219e-01 2.613783e+00 2.265308e-01 -4.706574e-02 1.097738e+00 -1.204989e+00
6.088000e+01 -1.652580e-02 -6.665776e-01 2.021535e-01 -1.075574e-01 4.231451e-02 4.148242e-01 -4.026076e-01 2.618202e+00 2.211773e-01 -7.196971e-02 1.088421e+00 -1.202794e+00
6.096000e+01 -4.541573e-02 -6.574811e-01 1.865528e-01 -1.060196e-01 4.572896e-02 4.420921e-01 -4.099791e-01 2.618977e+00 2.164199e-01 -9.327646e-02 1.078457e+00 -1.199890e+00
6.104000e+01 -7.411091e-02 -6.461565e-01 1.702962e-01 -1.058711e-01 4.859508e-02 4.702017e-01 -4.177915e-01 2.618421e+00 2.116192e-01 -1.123595e-01 1.067421e+00 -1.195911e+00
6.112000e+01 -1.016547e-01 -6.318028e-01 1.535204e-01 -1.087989e-01 5.165141e-02 4.960724e-01 -4.241440e-01 2.617005e+00 2.077666e-01 -1.295151e-01 1.056203e+00 -1.190487e+00
6.120000e+01 -1.295785e-01 -6.167558e-01 1.365437e-01 -1.139649e-01 5.391219e-02 5.285680e-01 -4.342615e-01 2.615769e+00 2.019748e-01 -1.452795e-01 1.042698e+00 -1.185014e+00
6.128000e+01 -1.569756e-01 -5.991474e-01 1.198118e-01 -1.190028e-01 5.485655e-02 5.582148e-01 -4.438420e-01 2.614214e+00 1.964190e-01 -1.592792e-01 1.028464e+00 -1.178188e+00
6.136000e+01 -1.837996e-01 -5.792384e-01 1.034225e-01 -1.239966e-01 5.527912e-02 5.873106e-01 -4.533077e-01 2.613065e+00 1.909129e-01 -1.715652e-01 1.013338e+00 -1.170217e+00
6.144000e+01 -2.104588e-01 -5.589115e-01 8.740364e-02 -1.311617e-01 5.554268e-02 6.219947e-01 -4.648272e-01 2.613500e+00 1.839188e-01 -1.807758e-01 9.957064e-01 -1.162827e+00
6.152000e+01 -2.364531e-01 -5.356361e-01 7.177460e-02 -1.372992e-01 5.406803e-02 6.533131e-01 -4.756207e-01 2.614142e+00 1.774454e-01 -1.890813e-01 9.778482e-01 -1.153380e+00
6.160000e+01 -2.616281e-01 -5.101033e-01 5.696861e-02 -1.425136e-01 5.204333e-02 6.835444e-01 -4.859952e-01 2.615797e+00 1.711370e-01 -1.958612e-01 9.592525e-01 -1.142539e+00
6.168000e+01 -2.855394e-01 -4.822234e-01 4.454375e-02 -1.474669e-01 5.189845e-02 7.123316e-01 -4.956313e-01 2.625080e+00 1.628131e-01 -2.040143e-01 9.389844e-01 -1.131769e+00
6.176000e+01 -3.086526e-01 -4.533555e-01 3.225239e-02 -1.512767e-01 5.075155e-02 7.408491e-01 -5.054223e-01 2.633732e+00 1.553211e-01 -2.089083e-01 9.183233e-01 -1.119443e+00
6.184000e+01 -3.306761e-01 -4.230819e-01 2.081040e-02 -1.539221e-01 4.919554e-02 7.690013e-01 -5.150740e-01 2.642157e+00 1.481515e-01 -2.115704e-01 8.970376e-01 -1.105901e+00
6.192000e+01 -3.487861e-01 -3.914765e-01 1.031644e-02 -1.661561e-01 4.834460e-02 7.926080e-01 -5.224146e-01 2.648088e+00 1.429609e-01 -2.130665e-01 8.775731e-01 -1.094764e+00
6.200000e+01 -3.660410e-01 -3.585163e-01 2.015227e-03 -1.729723e-01 4.684824e-02 8.169391e-01 -5.301963e-01 2.655526e+00 1.370731e-01 -2.131523e-01 8.566041e-01 -1.081315e+00
6.208000e+01 -3.819757e-01 -3.262000e-01 -5.677702e-03 -1.786304e-01 4.507423e-02 8.405981e-01 -5.377624e-01 2.663243e+00 1.311728e-01 -2.119326e-01 8.353332e-01 -1.066966e+00
6.216000e+01 -3.967087e-01 -2.929936e-01 -1.240804e-02 -1.823021e-01 4.315457e-02 8.639633e-01 -5.451520e-01 2.671543e+00 1.251215e-01 -2.092401e-01 8.133732e-01 -1.051769e+00
6.224000e+01 -4.066811e-01 -2.592385e-01 -1.812438e-02 -1.930062e-01 4.177578e-02 8.839138e-01 -5.513173e-01 2.678676e+00 1.204876e-01 -2.062532e-01 7.929812e-01 -1.036328e+00
6.232000e+01 -4.133606e-01 -2.250304e-01 -2.222022e-02 -2.079952e-01 4.099056e-02 9.008427e-01 -5.565271e-01 2.685594e+00 1.166745e-01 -2.032114e-01 7.735229e-01 -1.021766e+00
6.240000e+01 -4.182525e-01 -1.906018e-01 -2.504092e-02 -2.229041e-01 4.019114e-02 9.163079e-01 -5.610822e-01 2.692574e+00 1.129472e-01 -1.989593e-01 7.541888e-01 -1.006410e+00
6.248000e+01 -4.249330e-01 -1.568633e-01 -2.821796e-02 -2.315407e-01 3.825032e-02 9.325976e-01 -5.661151e-01 2.700658e+00 1.082157e-01 -1.935712e-01 7.334332e-01 -9.920776e-01
6.256000e+01 -4.305367e-01 -1.239157e-01 -3.125973e-02 -2.372469e-01 3.630559e-02 9.489240e-01 -5.710523e-01 2.709498e+00 1.031563e-01 -1.868567e-01 7.121634e-01 -9.763296e-01
6.264000e+01 -4.348885e-01 -9.579235e-02 -3.440232e-02 -2.416121e-01 3.478324e-02 9.645684e-01 -5.750148e-01 2.718778e+00 9.837738e-02 -1.766717e-01 6.923011e-01 -9.628595e-01
6.272000e+01 -4.378845e-01 -6.787653e-02 -3.668315e-02 -2.439503e-01 3.415390e-02 9.803471e-01 -5.780265e-01 2.729569e+00 9.392053e-02 -1.632113e-01 6.721909e-01 -9.491811e-01
6.280000e+01 -4.405758e-01 -4.024026e-02 -3.942624e-02 -2.443153e-01 3.315162e-02 9.960639e-01 -5.816568e-01 2.741027e+00 8.967788e-02 -1.517687e-01 6.506653e-01 -9.335763e-01
6.288000e+01 -4.427858e-01 -1.320968e-02 -4.227082e-02 -2.430862e-01 3.214231e-02 1.011780e+00 -5.854854e-01 2.752882e+00 8.504353e-02 -1.399733e-01 6.287155e-01 -9.172978e-01
6.296000e+01 -4.447235e-01 1.299709e-02 -4.548003e-02 -2.410071e-01 3.113418e-02 1.028405e+00 -5.897369e-01 2.765284e+00 7.986660e-02 -1.276204e-01 6.063052e-01 -9.005314e-01
6.304000e+01 -4.462741e-01 4.336449e-02 -4.776591e-02 -2.363977e-01 3.035735e-02 1.045429e+00 -5.941692e-01 2.778537e+00 7.439289e-02 -1.142306e-01 5.827308e-01 -8.824428e-01
6.312000e+01 -4.475535e-01 7.247749e-02 -4.999826e-02 -2.305379e-01 2.962432e-02 1.062569e+00 -5.987913e-01 2.792279e+00 6.845005e-02 -1.000349e-01 5.589570e-01 -8.640023e-01
6.320000e+01 -4.485096e-01 1.001054e-01 -5.251011e-02 -2.239542e-01 2.880387e-02 1.079658e+00 -6.035639e-01 2.806274e+00 6.232918e-02 -8.523593e-02 5.351898e-01 -8.452629e-01
6.328000e+01 -4.490626e-01 1.266855e-01 -5.527554e-02 -2.165986e-01 2.791160e-02 1.096791e+00 -6.084849e-01 2.820628e+00 5.600037e-02 -6.976051e-02 5.113742e-01 -8.261350e-01
6.336000e+01 -4.414083e-01 1.511396e-01 -5.382410e-02 -2.088303e-01 3.078424e-02 1.114077e+00 -6.091816e-01 2.838365e+00 5.291915e-02 -4.315385e-02 4.903281e-01 -7.919074e-01
6.344000e+01 -4.383367e-01 1.823794e-01 -5.584361e-02 -1.971290e-01 2.859019e-02 1.134106e+00 -6.129196e-01 2.847503e+00 4.982697e-02 -1.706606e-02 4.697071e-01 -7.677912e-01
6.352000e+01 -4.327862e-01 2.078547e-01 -5.485906e-02 -1.867854e-01 3.141499e-02 1.152047e+00 -6.153931e-01 2.868520e+00 4.365052e-02 7.681113e-03 4.465000e-01 -7.381726e-01
6.360000e+01 -4.276606e-01 2.335694e-01 -5.532527e-02 -1.750971e-01 3.247607e-02 1.170864e+00 -6.192856e-01 2.885789e+00 3.692169e-02 3.157060e-02 4.241901e-01 -7.113952e-01
6.368000e+01 -4.234593e-01 2.566873e-01 -5.750512e-02 -1.618782e-01 3.252171e-02 1.189755e+00 -6.240638e-01 2.902894e+00 2.970377e-02 5.485959e-02 4.021544e-01 -6.873030e-01
6.376000e+01 -4.223696e-01 2.804790e-01 -6.041862e-02 -1.457086e-01 3.200853e-02 1.213446e+00 -6.306955e-01 2.922173e+00 2.074288e-02 7.916795e-02 3.773149e-01 -6.626112e-01
6.384000e+01 -4.206058e-01 3.034602e-01 -6.406453e-02 -1.304716e-01 3.045446e-02 1.236035e+00 -6.374319e-01 2.942182e+00 1.161220e-02 1.039996e-01 3.522172e-01 -6.375696e-01
6.392000e+01 -4.185597e-01 3.259255e-01 -6.824220e-02 -1.150728e-01 2.832043e-02 1.258459e+00 -6.443291e-01 2.963091e+00 2.278602e-03 1.294004e-01 3.267517e-01 -6.124317e-01
6.400000e+01 -4.162897e-01 3.479794e-01 -7.292767e-02 -9.937759e-02 2.574429e-02 1.280922e+00 -6.513630e-01 2.984910e+00 -7.290406e-03 1.554339e-01 3.009287e-01 -5.872166e-01
6.408000e+01 -4.138008e-01 3.731722e-01 -7.723599e-02 -8.226635e-02 2.309691e-02 1.304207e+00 -6.585166e-01 3.008326e+00 -1.744549e-02 1.828956e-01 2.739132e-01 -5.609172e-01
6.416000e+01 -4.110666e-01 4.032685e-01 -8.053661e-02 -6.363993e-02 2.068147e-02 1.328664e+00 -6.656439e-01 3.033738e+00 -2.818642e-02 2.124546e-01 2.452679e-01 -5.323399e-01
6.424000e+01 -4.081804e-01 4.308957e-01 -8.519006e-02 -4.445452e-02 1.716541e-02 1.352346e+00 -6.728421e-01 3.058672e+00 -3.832204e-02 2.422779e-01 2.171319e-01 -5.044388e-01
6.432000e+01 -4.031915e-01 4.585840e-01 -8.849463e-02 -2.472440e-02 1.463982e-02 1.378394e+00 -6.798471e-01 3.086764e+00 -4.920132e-02 2.753155e-01 1.879883e-01 -4.711314e-01
6.440000e+01 -3.961661e-01 4.838302e-01 -9.281650e-02 -1.400795e-02 1.165638e-02 1.406621e+00 -6.893774e-01 3.113985e+00 -6.072914e-02 3.071357e-01 1.604758e-01 -4.417794e-01
6.448000e+01 -3.890651e-01 5.107148e-01 -9.740093e-02 -1.122512e-03 8.290191e-03 1.431790e+00 -6.970948e-01 3.141622e+00 -7.193278e-02 3.403760e-01 1.325944e-01 -4.118588e-01
6.456000e+01 -3.822912e-01 5.362967e-01 -1.025697e-01 1.385738e-02 3.599722e-03 1.457380e+00 -7.051281e-01 3.170725e+00 -8.379462e-02 3.735769e-01 1.044635e-01 -3.812116e-01
6.464000e+01 -3.736234e-01 5.612901e-01 -1.074239e-01 3.046865e-02 -9.735411e-04 1.482963e+00 -7.125951e-01 3.201681e+00 -9.526011e-02 4.092569e-01 7.664535e-02 -3.458517e-01
6.472000e+01 -3.656263e-01 5.851836e-01 -1.130773e-01 4.816369e-02 -6.141465e-03 1.508003e+00 -7.203361e-01 3.233727e+00 -1.075710e-01 4.455781e-01 4.934409e-02 -3.135133e-01
6.480000e+01 -3.575143e-01 6.083899e-01 -1.191943e-01 6.703825e-02 -1.159215e-02 1.532720e+00 -7.281213e-01 3.266728e+00 -1.202545e-01 4.828608e-01 2.178415e-02 -2.812964e-01
6.488000e+01 -3.498686e-01 6.337162e-01 -1.275369e-01 8.918260e-02 -2.078534e-02 1.558691e+00 -7.367849e-01 3.289548e+00 -1.303432e-01 5.259044e-01 -5.086451e-03 -2.454755e-01
6.496000e+01 -3.412150e-01 6.580591e-01 -1.354455e-01 1.123860e-01 -3.034386e-02 1.585426e+00 -7.472110e-01 3.308129e+00 -1.397275e-01 5.712516e-01 -3.203353e-02 -2.076457e-01
6.504000e+01 -3.322790e-01 6.725953e-01 -1.451918e-01 1.328014e-01 -4.035694e-02 1.608171e+00 -7.561041e-01 3.329180e+00 -1.496239e-01 6.117176e-01 -5.629567e-02 -1.758886e-01
6.512000e+01 -3.194782e-01 6.937508e-01 -1.558660e-01 1.516948e-01 -5.360852e-02 1.632091e+00 -7.639654e-01 3.339505e+00 -1.549096e-01 6.596564e-01 -7.866219e-02 -1.389299e-01
6.520000e+01 -3.075220e-01 7.128127e-01 -1.643740e-01 1.737088e-01 -6.423479e-02 1.654073e+00 -7.697792e-01 3.360740e+00 -1.632801e-01 7.033155e-01 -1.021165e-01 -1.046779e-01
6.528000e+01 -2.949055e-01 7.317649e-01 -1.722208e-01 1.978207e-01 -7.427351e-02 1.674078e+00 -7.740114e-01 3.387783e+00 -1.717499e-01 7.467516e-01 -1.252391e-01 -7.065091e-02
6.536000e+01 -2.815912e-01 7.487124e-01 -1.787878e-01 2.215638e-01 -8.090768e-02 1.693702e+00 -7.757835e-01 3.421598e+00 -1.816734e-01 7.936384e-01 -1.483616e-01 -3.859074e-02
6.544000e+01 -2.677462e-01 7.658548e-01 -1.857988e-01 2.468240e-01 -8.873871e-02 1.712902e+00 -7.775562e-01 3.456892e+00 -1.909543e-01 8.393378e-01 -1.710740e-01 -6.034547e-03
6.552000e+01 -2.527544e-01 7.859074e-01 -1.932285e-01 2.733042e-01 -9.705473e-02 1.725969e+00 -7.769099e-01 3.490213e+00 -1.985763e-01 8.840400e-01 -1.924805e-01 2.830977e-02
6.560000e+01 -2.369976e-01 7.999004e-01 -1.986357e-01 2.995948e-01 -1.029717e-01 1.741267e+00 -7.746480e-01 3.527215e+00 -2.082390e-01 9.341921e-01 -2.132847e-01 5.702959e-02
6.568000e+01 -2.213583e-01 8.089954e-01 -2.061254e-01 3.261685e-01 -1.096315e-01 1.752864e+00 -7.727536e-01 3.563137e+00 -2.166498e-01 9.795811e-01 -2.312004e-01 8.338805e-02
6.576000e+01 -2.042404e-01 8.221202e-01 -2.107973e-01 3.488756e-01 -1.144312e-01 1.765820e+00 -7.716060e-01 3.601667e+00 -2.264579e-01 1.025620e+00 -2.511018e-01 1.130279e-01
6.584000e+01 -1.863103e-01 8.350137e-01 -2.153861e-01 3.731444e-01 -1.191872e-01 1.776397e+00 -7.703983e-01 3.639290e+00 -2.360008e-01 1.071358e+00 -2.701066e-01 1.433310e-01
6.592000e+01 -1.683509e-01 8.481813e-01 -2.171540e-01 3.959210e-01 -1.230011e-01 1.791192e+00 -7.706866e-01 3.679929e+00 -2.479188e-01 1.118135e+00 -2.906842e-01 1.738325e-01
6.600000e+01 -1.485200e-01 8.595337e-01 -2.184758e-01 4.189436e-01 -1.263635e-01 1.804957e+00 -7.708871e-01 3.720630e+00 -2.592801e-01 1.165605e+00 -3.098393e-01 2.079155e-01
6.608000e+01 -1.291167e-01 8.722310e-01 -2.190932e-01 4.420333e-01 -1.294383e-01 1.818577e+00 -7.717957e-01 3.762696e+00 -2.718916e-01 1.212934e+00 -3.287669e-01 2.401535e-01
6.616000e+01 -1.091846e-01 8.834491e-01 -2.197437e-01 4.620996e-01 -1.332917e-01 1.830797e+00 -7.728316e-01 3.803372e+00 -2.841322e-01 1.259609e+00 -3.462306e-01 2.718909e-01
6.624000e+01 -9.086518e-02 8.869830e-01 -2.254057e-01 4.839937e-01 -1.431357e-01 1.844734e+00 -7.760842e-01 3.826602e+00 -2.919439e-01 1.310289e+00 -3.604716e-01 3.044394e-01
6.632000e+01 -7.224989e-02 8.888050e-01 -2.277663e-01 5.014070e-01 -1.482842e-01 1.853215e+00 -7.768856e-01 3.860961e+00 -3.039434e-01 1.357082e+00 -3.755875e-01 3.341874e-01
6.640000e+01 -5.206280e-02 8.868758e-01 -2.278849e-01 5.157396e-01 -1.497579e-01 1.860861e+00 -7.722890e-01 3.891118e+00 -3.176982e-01 1.406021e+00 -3.893532e-01 3.595872e-01
6.648000e+01 -2.930844e-02 8.837723e-01 -2.283343e-01 5.237640e-01 -1.510985e-01 1.866381e+00 -7.695307e-01 3.924476e+00 -3.306992e-01 1.451007e+00 -4.013396e-01 3.845840e-01
6.656000e+01 -7.500091e-03 8.704544e-01 -2.313722e-01 5.286441e-01 -1.531826e-01 1.869842e+00 -7.676905e-01 3.958305e+00 -3.430268e-01 1.495992e+00 -4.098671e-01 4.068756e-01
6.664000e+01 1.476522e-02 8.621188e-01 -2.344920e-01 5.320190e-01 -1.572227e-01 1.873098e+00 -7.699762e-01 3.991849e+00 -3.552908e-01 1.535206e+00 -4.178222e-01 4.315275e-01
6.672000e+01 3.655381e-02 8.519889e-01 -2.364258e-01 5.349993e-01 -1.613050e-01 1.875155e+00 -7.700789e-01 4.026278e+00 -3.677862e-01 1.579086e+00 -4.248167e-01 4.541284e-01
6.680000e+01 5.958078e-02 8.410423e-01 -2.383977e-01 5.328050e-01 -1.661588e-01 1.874474e+00 -7.697393e-01 4.061573e+00 -3.796173e-01 1.620403e+00 -4.302423e-01 4.765208e-01
6.688000e+01 8.036576e-02 8.291138e-01 -2.410572e-01 5.304115e-01 -1.728957e-01 1.873849e+00 -7.718543e-01 4.097736e+00 -3.919941e-01 1.657892e+00 -4.349339e-01 4.973158e-01
6.696000e+01 1.012500e-01 8.158813e-01 -2.434084e-01 5.269026e-01 -1.798372e-01 1.871099e+00 -7.717742e-01 4.134078e+00 -4.041793e-01 1.696370e+00 -4.386007e-01 5.177291e-01
6.704000e+01 1.226518e-01 8.014036e-01 -2.442215e-01 5.213762e-01 -1.852941e-01 1.865993e+00 -7.671619e-01 4.171036e+00 -4.163109e-01 1.739691e+00 -4.413489e-01 5.354708e-01
6.712000e+01 1.437519e-01 7.854231e-01 -2.456505e-01 5.147582e-01 -1.915382e-01 1.859204e+00 -7.636199e-01 4.210015e+00 -4.281173e-01 1.776458e+00 -4.428499e-01 5.525357e-01
6.720000e+01 1.640352e-01 7.680715e-01 -2.490792e-01 5.076200e-01 -2.002102e-01 1.850593e+00 -7.636459e-01 4.247618e+00 -4.394197e-01 1.805535e+00 -4.417878e-01 5.703266e-01
6.728000e+01 1.875900e-01 7.502993e-01 -2.494571e-01 4.914797e-01 -2.052395e-01 1.837524e+00 -7.566816e-01 4.282199e+00 -4.500470e-01 1.845568e+00 -4.393073e-01 5.841982e-01
6.736000e+01 2.078242e-01 7.310963e-01 -2.512252e-01 4.754187e-01 -2.117065e-01 1.822414e+00 -7.513094e-01 4.317438e+00 -4.596630e-01 1.877622e+00 -4.356388e-01 5.934210e-01
6.744000e+01 2.289500e-01 7.156731e-01 -2.513265e-01 4.592065e-01 -2.173974e-01 1.806530e+00 -7.460433e-01 4.352872e+00 -4.697628e-01 1.908313e+00 -4.327053e-01 6.061072e-01
6.752000e+01 2.499064e-01 6.954817e-01 -2.519569e-01 4.409386e-01 -2.221681e-01 1.786531e+00 -7.412890e-01 4.391961e+00 -4.812247e-01 1.934492e+00 -4.280459e-01 6.153704e-01
6.760000e+01 2.703674e-01 6.756321e-01 -2.526034e-01 4.220181e-01 -2.266831e-01 1.765788e+00 -7.376687e-01 4.423236e+00 -4.927846e-01 1.958617e+00 -4.223208e-01 6.236015e-01
6.768000e+01 2.901938e-01 6.550803e-01 -2.537385e-01 4.023960e-01 -2.313116e-01 1.743961e+00 -7.350096e-01 4.451212e+00 -5.041405e-01 1.980720e+00 -4.152046e-01 6.305924e-01
6.776000e+01 3.085332e-01 6.384276e-01 -2.578293e-01 3.855585e-01 -2.415102e-01 1.724068e+00 -7.335792e-01 4.460257e+00 -5.096722e-01 2.010396e+00 -4.055761e-01 6.416068e-01
6.784000e+01 3.281421e-01 6.182881e-01 -2.587882e-01 3.657799e-01 -2.473963e-01 1.700382e+00 -7.282734e-01 4.475788e+00 -5.189674e-01 2.033101e+00 -3.956617e-01 6.504771e-01
6.792000e+01 3.458095e-01 5.993570e-01 -2.607650e-01 3.457351e-01 -2.542344e-01 1.674955e+00 -7.250581e-01 4.495886e+00 -5.280102e-01 2.049067e+00 -3.853907e-01 6.581112e-01
6.800000e+01 3.630042e-01 5.786579e-01 -2.633140e-01 3.247084e-01 -2.611315e-01 1.647205e+00 -7.208279e-01 4.515031e+00 -5.355405e-01 2.064012e+00 -3.718071e-01 6.630921e-01
6.808000e+01 3.790782e-01 5.661780e-01 -2.627330e-01 3.058064e-01 -2.667388e-01 1.619480e+00 -7.162107e-01 4.535167e+00 -5.437884e-01 2.078936e+00 -3.602138e-01 6.670110e-01
6.816000e+01 3.939147e-01 5.574351e-01 -2.653580e-01 2.891769e-01 -2.796304e-01 1.594177e+00 -7.120081e-01 4.528530e+00 -5.439623e-01 2.103472e+00 -3.454266e-01 6.757801e-01
6.824000e+01 4.081267e-01 5.453545e-01 -2.651492e-01 2.682410e-01 -2.888129e-01 1.562516e+00 -7.056327e-01 4.527291e+00 -5.487440e-01 2.117513e+00 -3.309137e-01 6.755376e-01
6.832000e+01 4.194602e-01 5.384904e-01 -2.673492e-01 2.505672e-01 -3.044828e-01 1.533529e+00 -7.000829e-01 4.506510e+00 -5.448487e-01 2.139859e+00 -3.136797e-01 6.796018e-01
6.840000e+01 4.257561e-01 5.306644e-01 -2.695297e-01 2.383999e-01 -3.233068e-01 1.518291e+00 -7.002042e-01 4.476114e+00 -5.423166e-01 2.165628e+00 -2.991937e-01 6.833198e-01
6.848000e+01 4.334940e-01 5.224109e-01 -2.689949e-01 2.215979e-01 -3.393673e-01 1.485256e+00 -6.966838e-01 4.462121e+00 -5.412963e-01 2.170969e+00 -2.828378e-01 6.822244e-01
6.856000e+01 4.416493e-01 5.129760e-01 -2.660540e-01 2.006020e-01 -3.522229e-01 1.455497e+00 -6.922344e-01 4.456705e+00 -5.404703e-01 2.180334e+00 -2.659404e-01 6.775641e-01
6.864000e+01 4.501887e-01 4.980931e-01 -2.624860e-01 1.761504e-01 -3.637106e-01 1.418605e+00 -6.843565e-01 4.453817e+00 -5.374526e-01 2.185215e+00 -2.459321e-01 6.686277e-01
6.872000e+01 4.585585e-01 4.865983e-01 -2.558461e-01 1.492898e-01 -3.723093e-01 1.381497e+00 -6.765018e-01 4.452232e+00 -5.347411e-01 2.186989e+00 -2.258581e-01 6.571801e-01
6.880000e+01 4.589961e-01 4.752167e-01 -2.470255e-01 1.407708e-01 -3.794568e-01 1.346697e+00 -6.689802e-01 4.452900e+00 -5.346009e-01 2.187869e+00 -2.094385e-01 6.440232e-01
6.888000e+01 4.630588e-01 4.639820e-01 -2.356397e-01 1.193729e-01 -3.829894e-01 1.310733e+00 -6.616830e-01 4.451634e+00 -5.338237e-01 2.184640e+00 -1.911764e-01 6.277350e-01
6.896000e+01 4.681430e-01 4.550805e-01 -2.226785e-01 9.502248e-02 -3.841472e-01 1.269253e+00 -6.536135e-01 4.444600e+00 -5.308115e-01 2.178033e+00 -1.705823e-01 6.099714e-01
6.904000e+01 4.729119e-01 4.545038e-01 -2.108219e-01 7.673388e-02 -3.904687e-01 1.229877e+00 -6.457664e-01 4.406809e+00 -5.191735e-01 2.180215e+00 -1.464230e-01 5.982289e-01
6.912000e+01 4.769975e-01 4.462965e-01 -1.939384e-01 5.126100e-02 -3.923979e-01 1.193541e+00 -6.409552e-01 4.382462e+00 -5.118999e-01 2.177547e+00 -1.235574e-01 5.801081e-01
6.920000e+01 4.819006e-01 4.430621e-01 -1.738954e-01 2.952288e-02 -3.927311e-01 1.145627e+00 -6.303128e-01 4.361180e+00 -5.004258e-01 2.171974e+00 -9.778931e-02 5.614364e-01
6.928000e+01 4.855279e-01 4.395875e-01 -1.508146e-01 8.367720e-03 -3.897557e-01 1.100365e+00 -6.188828e-01 4.343110e+00 -4.888245e-01 2.163975e+00 -7.202469e-02 5.402628e-01
6.936000e+01 4.888143e-01 4.360556e-01 -1.252825e-01 -1.353370e-02 -3.847921e-01 1.053068e+00 -6.058794e-01 4.324495e+00 -4.766281e-01 2.151547e+00 -4.606164e-02 5.176381e-01
6.944000e+01 4.918364e-01 4.350486e-01 -9.653300e-02 -3.344244e-02 -3.790665e-01 1.004867e+00 -5.914361e-01 4.301906e+00 -4.633439e-01 2.137758e+00 -1.942989e-02 4.930202e-01
6.952000e+01 4.947219e-01 4.318638e-01 -6.538822e-02 -5.326472e-02 -3.704984e-01 9.508965e-01 -5.738970e-01 4.277324e+00 -4.490230e-01 2.122168e+00 8.554851e-03 4.661233e-01
6.960000e+01 4.974491e-01 4.245469e-01 -3.240209e-02 -7.415038e-02 -3.594461e-01 8.975889e-01 -5.567912e-01 4.249593e+00 -4.343608e-01 2.107214e+00 3.849766e-02 4.350733e-01
6.968000e+01 4.989662e-01 4.159069e-01 1.729210e-03 -9.485580e-02 -3.473830e-01 8.438411e-01 -5.409817e-01 4.218864e+00 -4.199942e-01 2.089097e+00 6.806913e-02 4.023535e-01
6.976000e+01 4.988941e-01 4.069703e-01 3.612292e-02 -1.103088e-01 -3.361232e-01 7.855628e-01 -5.236146e-01 4.183354e+00 -4.032714e-01 2.069078e+00 9.912099e-02 3.694075e-01
6.984000e+01 4.978495e-01 3.940346e-01 7.141615e-02 -1.265893e-01 -3.225159e-01 7.307717e-01 -5.086150e-01 4.148127e+00 -3.879355e-01 2.047002e+00 1.297959e-01 3.339487e-01
6.992000e+01 4.956722e-01 3.787909e-01 1.065117e-01 -1.415659e-01 -3.087046e-01 6.778913e-01 -4.946440e-01 4.110090e+00 -3.723299e-01 2.023031e+00 1.609893e-01 2.971490e-01
7.000000e+01 4.942817e-01 3.627742e-01 1.411236e-01 -1.553396e-01 -2.950798e-01 6.188229e-01 -4.774195e-01 4.068567e+00 -3.532885e-01 1.997286e+00 1.949709e-01 2.599285e-01
7.008000e+01 4.908463e-01 3.432968e-01 1.746681e-01 -1.659608e-01 -2.805206e-01 5.651769e-01 -4.617033e-01 4.026262e+00 -3.347650e-01 1.970593e+00 2.286334e-01 2.213094e-01
7.016000e+01 4.858798e-01 3.202379e-01 2.065889e-01 -1.741164e-01 -2.661011e-01 5.138079e-01 -4.471798e-01 3.982997e+00 -3.163716e-01 1.942395e+00 2.623675e-01 1.813026e-01
7.024000e+01 4.806548e-01 2.924305e-01 2.375968e-01 -1.794584e-01 -2.516696e-01 4.647801e-01 -4.305156e-01 3.937491e+00 -2.960375e-01 1.920008e+00 2.974739e-01 1.391659e-01
7.032000e+01 4.737451e-01 2.560672e-01 2.647042e-01 -1.848540e-01 -2.380088e-01 4.163763e-01 -4.154268e-01 3.892749e+00 -2.759801e-01 1.893002e+00 3.329956e-01 9.408360e-02
7.040000e+01 4.657872e-01 2.192089e-01 2.896090e-01 -1.862108e-01 -2.248171e-01 3.664894e-01 -3.997139e-01 3.847924e+00 -2.554658e-01 1.864086e+00 3.686174e-01 4.907808e-02
7.048000e+01 4.552207e-01 1.787228e-01 3.103677e-01 -1.861025e-01 -2.124005e-01 3.203339e-01 -3.861654e-01 3.801874e+00 -2.356743e-01 1.831836e+00 4.038651e-01 -5.190500e-04
7.056000e+01 4.423604e-01 1.378636e-01 3.289595e-01 -1.787050e-01 -2.011424e-01 2.792655e-01 -3.744417e-01 3.756891e+00 -2.171805e-01 1.798882e+00 4.364209e-01 -4.920944e-02
7.064000e+01 4.291082e-01 8.319318e-02 3.484500e-01 -1.822338e-01 -1.780010e-01 2.294920e-01 -3.622803e-01 3.753308e+00 -2.109743e-01 1.742140e+00 4.659065e-01 -1.154488e-01
7.072000e+01 4.145407e-01 3.078719e-02 3.586016e-01 -1.796544e-01 -1.642787e-01 1.865030e-01 -3.534098e-01 3.719997e+00 -1.946911e-01 1.693983e+00 4.978551e-01 -1.744924e-01
7.080000e+01 4.007410e-01 -3.117527e-02 3.685576e-01 -1.814494e-01 -1.445038e-01 1.405128e-01 -3.441698e-01 3.701946e+00 -1.855658e-01 1.636033e+00 5.279476e-01 -2.398139e-01
7.088000e+01 3.897926e-01 -9.665351e-02 3.793783e-01 -1.860368e-01 -1.173846e-01 9.279310e-02 -3.353661e-01 3.705961e+00 -1.840178e-01 1.566667e+00 5.550808e-01 -3.065955e-01
7.096000e+01 3.770528e-01 -1.649868e-01 3.798132e-01 -1.872250e-01 -1.002535e-01 5.200089e-02 -3.348793e-01 3.685058e+00 -1.746419e-01 1.507511e+00 5.849371e-01 -3.692066e-01
7.104000e+01 3.641949e-01 -2.291945e-01 3.774327e-01 -1.853933e-01 -8.538848e-02 1.615217e-02 -3.355104e-01 3.647554e+00 -1.654114e-01 1.453236e+00 6.131403e-01 -4.295612e-01
7.112000e+01 3.511404e-01 -2.860951e-01 3.711468e-01 -1.796730e-01 -7.531748e-02 -1.439848e-02 -3.429666e-01 3.602762e+00 -1.565858e-01 1.390888e+00 6.392318e-01 -4.835305e-01
7.120000e+01 3.388779e-01 -3.419950e-01 3.637229e-01 -1.715895e-01 -6.606577e-02 -4.037547e-02 -3.489562e-01 3.552974e+00 -1.486542e-01 1.339539e+00 6.643468e-01 -5.366211e-01
7.128000e+01 3.275212e-01 -3.957035e-01 3.541798e-01 -1.616179e-01 -5.829449e-02 -6.300139e-02 -3.550288e-01 3.504111e+00 -1.400542e-01 1.290809e+00 6.883757e-01 -5.881111e-01
7.136000e+01 3.156526e-01 -4.447661e-01 3.422625e-01 -1.486328e-01 -5.305050e-02 -8.139360e-02 -3.611537e-01 3.454845e+00 -1.304379e-01 1.243848e+00 7.111003e-01 -6.405153e-01
7.144000e+01 3.064724e-01 -4.921685e-01 3.285237e-01 -1.360049e-01 -4.934842e-02 -9.720245e-02 -3.664724e-01 3.406986e+00 -1.195733e-01 1.198097e+00 7.333892e-01 -6.900948e-01
7.152000e+01 2.970940e-01 -5.339494e-01 3.133200e-01 -1.176117e-01 -4.812468e-02 -1.085537e-01 -3.719021e-01 3.361279e+00 -1.085723e-01 1.153567e+00 7.539974e-01 -7.358790e-01
7.160000e+01 2.889011e-01 -5.710166e-01 2.975616e-01 -9.856597e-02 -4.726412e-02 -1.170537e-01 -3.762494e-01 3.318422e+00 -9.712923e-02 1.111932e+00 7.730350e-01 -7.790304e-01
7.168000e+01 2.815569e-01 -6.023842e-01 2.808510e-01 -7.738788e-02 -4.848498e-02 -1.213095e-01 -3.797937e-01 3.273590e+00 -8.421163e-02 1.073256e+00 7.913591e-01 -8.182739e-01
7.176000e+01 2.736870e-01 -6.285121e-01 2.646503e-01 -5.691648e-02 -4.770935e-02 -1.256465e-01 -3.820153e-01 3.245392e+00 -7.451173e-02 1.029475e+00 8.072559e-01 -8.606519e-01
7.184000e+01 2.663866e-01 -6.508519e-01 2.474990e-01 -3.520340e-02 -4.968114e-02 -1.255130e-01 -3.854801e-01 3.213344e+00 -6.246530e-02 9.919115e-01 8.227351e-01 -8.954373e-01
7.192000e+01 2.590383e-01 -6.700257e-01 2.302307e-01 -1.386136e-02 -5.232469e-02 -1.238074e-01 -3.881035e-01 3.183599e+00 -5.071333e-02 9.568180e-01 8.371351e-01 -9.268316e-01
7.200000e+01 2.515797e-01 -6.867867e-01 2.131107e-01 6.314036e-03 -5.498298e-02 -1.206829e-01 -3.904634e-01 3.153589e+00 -3.939489e-02 9.231432e-01 8.506659e-01 -9.552537e-01
7.208000e+01 2.425642e-01 -6.995372e-01 1.947690e-01 2.669216e-02 -5.976358e-02 -1.154819e-01 -3.973157e-01 3.123880e+00 -2.872340e-02 8.824725e-01 8.630433e-01 -9.776205e-01
7.216000e+01 2.343398e-01 -7.113118e-01 1.775488e-01 4.332346e-02 -6.317979e-02 -1.100845e-01 -4.016725e-01 3.092265e+00 -1.866999e-02 8.496288e-01 8.758485e-01 -9.988819e-01
7.224000e+01 2.257664e-01 -7.251647e-01 1.629788e-01 5.632678e-02 -6.169634e-02 -1.059149e-01 -4.051204e-01 3.075642e+00 -1.317405e-02 8.108341e-01 8.870644e-01 -1.022029e+00
7.232000e+01 2.160227e-01 -7.363212e-01 1.467681e-01 6.958472e-02 -6.249638e-02 -9.968149e-02 -4.103835e-01 3.054785e+00 -4.935957e-03 7.777328e-01 8.987801e-01 -1.039987e+00
7.240000e+01 2.060754e-01 -7.462401e-01 1.316344e-01 8.150788e-02 -6.282410e-02 -9.194195e-02 -4.150701e-01 3.031157e+00 3.190550e-03 7.476039e-01 9.099136e-01 -1.054918e+00
7.248000e+01 1.950447e-01 -7.541584e-01 1.165363e-01 9.233205e-02 -6.343517e-02 -8.353664e-02 -4.200118e-01 3.005943e+00 1.142506e-02 7.163852e-01 9.202326e-01 -1.068233e+00
7.256000e+01 1.839989e-01 -7.613213e-01 1.023731e-01 1.020365e-01 -6.376566e-02 -7.429837e-02 -4.249927e-01 2.980319e+00 1.901456e-02 6.853552e-01 9.311433e-01 -1.076562e+00
7.264000e+01 1.726468e-01 -7.678717e-01 8.922166e-02 1.101349e-01 -6.329573e-02 -6.379233e-02 -4.295813e-01 2.955742e+00 2.644823e-02 6.571379e-01 9.409260e-01 -1.085139e+00
7.272000e+01 1.611616e-01 -7.730848e-01 7.694504e-02 1.174088e-01 -6.256280e-02 -5.320509e-02 -4.337538e-01 2.931923e+00 3.395418e-02 6.301719e-01 9.503725e-01 -1.092687e+00
7.280000e+01 1.496814e-01 -7.768696e-01 6.559444e-02 1.240611e-01 -6.151014e-02 -4.272018e-02 -4.374303e-01 2.909118e+00 4.148581e-02 6.043842e-01 9.594025e-01 -1.099148e+00
7.288000e+01 1.382190e-01 -7.792573e-01 5.514940e-02 1.300155e-01 -6.018386e-02 -3.180835e-02 -4.408829e-01 2.887493e+00 4.882978e-02 5.797083e-01 9.678065e-01 -1.104595e+00
7.296000e+01 1.258762e-01 -7.774763e-01 4.471635e-02 1.366831e-01 -6.032109e-02 -2.003538e-02 -4.471305e-01 2.866947e+00 5.551023e-02 5.496278e-01 9.745253e-01 -1.106146e+00
7.304000e+01 1.193641e-01 -7.745057e-01 3.706576e-02 1.346876e-01 -5.859376e-02 -1.049035e-02 -4.503466e-01 2.845395e+00 6.308225e-02 5.245578e-01 9.832778e-01 -1.105684e+00
7.312000e+01 1.100279e-01 -7.712770e-01 3.059853e-02 1.366891e-01 -5.720397e-02 -1.754470e-04 -4.534204e-01 2.825525e+00 7.000290e-02 5.008498e-01 9.907948e-01 -1.106652e+00
7.320000e+01 9.811614e-02 -7.670807e-01 2.392401e-02 1.384280e-01 -5.639528e-02 9.944573e-03 -4.566091e-01 2.806236e+00 7.592258e-02 4.777668e-01 9.965299e-01 -1.115343e+00
7.328000e+01 8.597082e-02 -7.606661e-01 1.757439e-02 1.405436e-01 -5.612519e-02 2.003232e-02 -4.601617e-01 2.787363e+00 8.192912e-02 4.526107e-01 1.000178e+00 -1.119212e+00
7.336000e+01 7.403200e-02 -7.529972e-01 1.242104e-02 1.425609e-01 -5.550133e-02 3.041505e-02 -4.632279e-01 2.769428e+00 8.778941e-02 4.290672e-01 1.003419e+00 -1.122093e+00
7.344000e+01 6.226996e-02 -7.442063e-01 8.439334e-03 1.444086e-01 -5.464879e-02 4.099410e-02 -4.659893e-01 2.752563e+00 9.354675e-02 4.066537e-01 1.006130e+00 -1.124068e+00
7.352000e+01 5.107375e-02 -7.300243e-01 8.114961e-03 1.466446e-01 -5.106167e-02 5.209253e-02 -4.672776e-01 2.743124e+00 9.685140e-02 3.848820e-01 1.006469e+00 -1.125498e+00
7.360000e+01 3.960747e-02 -7.107856e-01 9.247741e-03 1.504905e-01 -4.804283e-02 6.469438e-02 -4.697147e-01 2.734541e+00 1.004696e-01 3.656801e-01 1.005490e+00 -1.123970e+00
7.368000e+01 2.785580e-02 -6.942653e-01 1.049333e-02 1.536474e-01 -4.579690e-02 7.728350e-02 -4.724253e-01 2.725034e+00 1.044755e-01 3.474729e-01 1.004786e+00 -1.122390e+00
7.376000e+01 1.596231e-02 -6.788158e-01 1.198650e-02 1.564905e-01 -4.412933e-02 9.040642e-02 -4.754133e-01 2.715182e+00 1.084785e-01 3.300407e-01 1.004218e+00 -1.120116e+00
7.384000e+01 3.383288e-03 -6.618346e-01 1.373767e-02 1.598004e-01 -4.377652e-02 1.041317e-01 -4.806112e-01 2.705621e+00 1.118839e-01 3.088300e-01 1.002418e+00 -1.115347e+00
7.392000e+01 -8.950325e-03 -6.450475e-01 1.691430e-02 1.627422e-01 -4.298976e-02 1.181369e-01 -4.845801e-01 2.695724e+00 1.149177e-01 2.915226e-01 1.000585e+00 -1.110965e+00
7.400000e+01 -2.129365e-02 -6.232419e-01 2.225472e-02 1.669239e-01 -4.179658e-02 1.334357e-01 -4.883602e-01 2.687540e+00 1.173587e-01 2.763884e-01 9.970485e-01 -1.104798e+00
7.408000e+01 -3.391396e-02 -6.038308e-01 2.787866e-02 1.705843e-01 -4.101834e-02 1.487316e-01 -4.921099e-01 2.679842e+00 1.198546e-01 2.618845e-01 9.935121e-01 -1.099073e+00
7.416000e+01 -4.669547e-02 -5.829437e-01 3.458344e-02 1.747322e-01 -4.029103e-02 1.646895e-01 -4.958769e-01 2.673359e+00 1.219720e-01 2.486769e-01 9.890155e-01 -1.092577e+00
7.424000e+01 -5.971737e-02 -5.631657e-01 4.170278e-02 1.786928e-01 -3.987066e-02 1.808044e-01 -4.997051e-01 2.667612e+00 1.239138e-01 2.362045e-01 9.841555e-01 -1.086080e+00
7.432000e+01 -7.690504e-02 -5.491706e-01 5.070142e-02 1.819023e-01 -3.390272e-02 1.926329e-01 -5.043635e-01 2.687596e+00 1.162892e-01 2.099994e-01 9.752306e-01 -1.094226e+00
7.440000e+01 -9.395126e-02 -5.321726e-01 5.781676e-02 1.851880e-01 -3.048276e-02 2.067112e-01 -5.098771e-01 2.698902e+00 1.115739e-01 1.915504e-01 9.648568e-01 -1.094996e+00
7.448000e+01 -1.109997e-01 -5.143610e-01 6.508267e-02 1.883836e-01 -2.774068e-02 2.218066e-01 -5.159275e-01 2.705931e+00 1.072825e-01 1.761120e-01 9.537557e-01 -1.093720e+00
7.456000e+01 -1.279866e-01 -4.961499e-01 7.285224e-02 1.915389e-01 -2.543554e-02 2.377380e-01 -5.224580e-01 2.710496e+00 1.030067e-01 1.626979e-01 9.421087e-01 -1.091065e+00
7.464000e+01 -1.448847e-01 -4.775289e-01 8.113419e-02 1.948572e-01 -2.360868e-02 2.545605e-01 -5.294780e-01 2.713624e+00 9.865775e-02 1.511243e-01 9.300035e-01 -1.087131e+00
7.472000e+01 -1.616760e-01 -4.583652e-01 8.986779e-02 1.985801e-01 -2.232986e-02 2.724019e-01 -5.369712e-01 2.716080e+00 9.423158e-02 1.413949e-01 9.174831e-01 -1.081903e+00
7.480000e+01 -1.783552e-01 -4.385054e-01 9.897433e-02 2.029253e-01 -2.165064e-02 2.913842e-01 -5.448914e-01 2.718545e+00 8.974684e-02 1.335480e-01 9.045484e-01 -1.075356e+00
7.488000e+01 -1.950249e-01 -4.181837e-01 1.082697e-01 2.077064e-01 -2.169689e-02 3.112425e-01 -5.532554e-01 2.721238e+00 8.513655e-02 1.272470e-01 8.910832e-01 -1.067856e+00
7.496000e+01 -2.116604e-01 -3.970941e-01 1.177276e-01 2.132350e-01 -2.242487e-02 3.321880e-01 -5.619226e-01 2.724711e+00 8.043061e-02 1.226526e-01 8.770497e-01 -1.059200e+00
7.504000e+01 -2.297254e-01 -3.740546e-01 1.269145e-01 2.196633e-01 -2.409731e-02 3.540731e-01 -5.709843e-01 2.729011e+00 7.556335e-02 1.192063e-01 8.621224e-01 -1.051314e+00
7.512000e+01 -2.470306e-01 -3.511223e-01 1.360565e-01 2.266398e-01 -2.640497e-02 3.768364e-01 -5.801536e-01 2.734459e+00 7.066548e-02 1.172749e-01 8.466847e-01 -1.041608e+00
7.520000e+01 -2.640205e-01 -3.274675e-01 1.447990e-01 2.348377e-01 -2.933257e-02 3.993792e-01 -5.890994e-01 2.740811e+00 6.589187e-02 1.167773e-01 8.308632e-01 -1.030619e+00
7.528000e+01 -2.808303e-01 -3.041369e-01 1.540124e-01 2.429539e-01 -3.222401e-02 4.230816e-01 -5.969153e-01 2.748891e+00 6.061109e-02 1.195367e-01 8.140283e-01 -1.019530e+00
7.536000e+01 -2.976583e-01 -2.801610e-01 1.628430e-01 2.516746e-01 -3.587028e-02 4.475569e-01 -6.053610e-01 2.758811e+00 5.504480e-02 1.224799e-01 7.964078e-01 -1.007366e+00
7.544000e+01 -3.145830e-01 -2.551083e-01 1.708748e-01 2.613070e-01 -4.037837e-02 4.720045e-01 -6.140249e-01 2.769546e+00 4.958957e-02 1.260509e-01 7.781901e-01 -9.949350e-01
7.552000e+01 -3.315110e-01 -2.300311e-01 1.787738e-01 2.710338e-01 -4.531530e-02 4.973587e-01 -6.228759e-01 2.781717e+00 4.350095e-02 1.310038e-01 7.590433e-01 -9.815738e-01
7.560000e+01 -3.485927e-01 -2.056854e-01 1.865987e-01 2.805565e-01 -5.010575e-02 5.230408e-01 -6.307143e-01 2.795318e+00 3.735928e-02 1.408265e-01 7.403612e-01 -9.709121e-01
7.568000e+01 -3.652945e-01 -1.809482e-01 1.938602e-01 2.902968e-01 -5.517758e-02 5.492009e-01 -6.392435e-01 2.811192e+00 3.074086e-02 1.495464e-01 7.196412e-01 -9.574349e-01
7.576000e+01 -3.823214e-01 -1.562293e-01 1.999429e-01 2.992514e-01 -6.135879e-02 5.790738e-01 -6.496466e-01 2.827718e+00 2.300710e-02 1.589051e-01 6.975445e-01 -9.431434e-01
7.584000e+01 -3.982848e-01 -1.314434e-01 2.063210e-01 3.088241e-01 -6.793308e-02 6.082785e-01 -6.582899e-01 2.844612e+00 1.588508e-02 1.738168e-01 6.761144e-01 -9.295476e-01
7.592000e+01 -4.144833e-01 -1.057754e-01 2.116032e-01 3.189083e-01 -7.537564e-02 6.370660e-01 -6.676549e-01 2.863661e+00 8.435155e-03 1.872180e-01 6.527704e-01 -9.137632e-01
7.600000e+01 -4.307983e-01 -7.913015e-02 2.158628e-01 3.294423e-01 -8.342169e-02 6.658092e-01 -6.774797e-01 2.883583e+00 5.898232e-04 2.009626e-01 6.285221e-01 -8.975389e-01
7.608000e+01 -4.469397e-01 -5.217695e-02 2.195151e-01 3.401484e-01 -9.154803e-02 6.947392e-01 -6.875594e-01 2.904632e+00 -8.039704e-03 2.159271e-01 6.034306e-01 -8.799364e-01
7.616000e+01 -4.628448e-01 -2.678407e-02 2.230808e-01 3.486835e-01 -9.781231e-02 7.276097e-01 -6.986832e-01 2.929405e+00 -1.895536e-02 2.349252e-01 5.773444e-01 -8.637600e-01
7.624000e+01 -4.787495e-01 2.460929e-04 2.250538e-01 3.583321e-01 -1.063246e-01 7.585152e-01 -7.100838e-01 2.953519e+00 -2.919142e-02 2.529631e-01 5.502880e-01 -8.448764e-01
7.632000e+01 -4.911419e-01 2.775272e-02 2.283635e-01 3.688616e-01 -1.135169e-01 7.901787e-01 -7.202352e-01 2.980351e+00 -3.863077e-02 2.754842e-01 5.228392e-01 -8.157862e-01
7.640000e+01 -5.040176e-01 5.620738e-02 2.297351e-01 3.801540e-01 -1.215615e-01 8.208643e-01 -7.307888e-01 3.007754e+00 -4.901076e-02 2.981375e-01 4.963129e-01 -7.900500e-01
7.648000e+01 -5.168264e-01 8.423268e-02 2.305583e-01 3.905460e-01 -1.286712e-01 8.505291e-01 -7.416633e-01 3.039885e+00 -6.116229e-02 3.212241e-01 4.684349e-01 -7.645619e-01
7.656000e+01 -5.267448e-01 1.130669e-01 2.315436e-01 4.017720e-01 -1.351773e-01 8.815756e-01 -7.523268e-01 3.069864e+00 -7.206793e-02 3.479322e-01 4.403141e-01 -7.311547e-01
7.664000e+01 -5.370745e-01 1.430535e-01 2.304143e-01 4.141749e-01 -1.420847e-01 9.111639e-01 -7.631192e-01 3.099717e+00 -8.380963e-02 3.753486e-01 4.129269e-01 -7.005630e-01
7.672000e+01 -5.475971e-01 1.727661e-01 2.283753e-01 4.257277e-01 -1.490726e-01 9.434062e-01 -7.746771e-01 3.131369e+00 -9.688759e-02 4.042940e-01 3.838303e-01 -6.700461e-01
7.680000e+01 -5.574934e-01 2.048142e-01 2.254524e-01 4.361349e-01 -1.566041e-01 9.749654e-01 -7.860318e-01 3.163826e+00 -1.100723e-01 4.344768e-01 3.536549e-01 -6.389407e-01
7.688000e+01 -5.673645e-01 2.362781e-01 2.210510e-01 4.475966e-01 -1.640917e-01 1.006781e+00 -7.973927e-01 3.197639e+00 -1.237129e-01 4.659452e-01 3.224441e-01 -6.074486e-01
7.696000e+01 -5.772681e-01 2.631586e-01 2.137696e-01 4.584670e-01 -1.724773e-01 1.037647e+00 -8.089571e-01 3.231388e+00 -1.372787e-01 4.971022e-01 2.921189e-01 -5.783311e-01
7.704000e+01 -5.870125e-01 2.955019e-01 2.046629e-01 4.719690e-01 -1.839788e-01 1.073170e+00 -8.192126e-01 3.250189e+00 -1.469432e-01 5.418554e-01 2.616391e-01 -5.442941e-01
7.712000e+01 -5.964370e-01 3.300132e-01 1.930038e-01 4.872151e-01 -1.991521e-01 1.108533e+00 -8.292946e-01 3.259636e+00 -1.519084e-01 5.960949e-01 2.316273e-01 -5.070091e-01
7.720000e+01 -6.046312e-01 3.759238e-01 1.858908e-01 5.045325e-01 -2.096520e-01 1.143955e+00 -8.378367e-01 3.281377e+00 -1.620479e-01 6.426131e-01 1.968532e-01 -4.688352e-01
7.728000e+01 -6.130381e-01 4.127402e-01 1.751738e-01 5.191313e-01 -2.210093e-01 1.176997e+00 -8.460826e-01 3.308219e+00 -1.716191e-01 6.855814e-01 1.638334e-01 -4.344952e-01
7.736000e+01 -6.191063e-01 4.484320e-01 1.643630e-01 5.333576e-01 -2.311444e-01 1.209864e+00 -8.531014e-01 3.341619e+00 -1.813387e-01 7.303026e-01 1.305688e-01 -3.962748e-01
7.744000e+01 -6.239623e-01 4.875900e-01 1.538414e-01 5.471254e-01 -2.390268e-01 1.242283e+00 -8.594639e-01 3.382412e+00 -1.930660e-01 7.754763e-01 9.646934e-02 -3.573625e-01
7.752000e+01 -6.235752e-01 5.259835e-01 1.421651e-01 5.496978e-01 -2.470442e-01 1.269526e+00 -8.637066e-01 3.422108e+00 -2.025148e-01 8.197936e-01 6.507201e-02 -3.190460e-01
7.760000e+01 -6.236304e-01 5.655782e-01 1.297722e-01 5.611684e-01 -2.551409e-01 1.293405e+00 -8.659541e-01 3.462260e+00 -2.120083e-01 8.654883e-01 3.309876e-02 -2.796758e-01
7.768000e+01 -6.204866e-01 6.012533e-01 1.175551e-01 5.725478e-01 -2.615654e-01 1.316899e+00 -8.666834e-01 3.504751e+00 -2.215725e-01 9.137391e-01 1.501422e-03 -2.352033e-01
7.776000e+01 -6.171952e-01 6.342926e-01 1.033680e-01 5.840480e-01 -2.679030e-01 1.339453e+00 -8.678768e-01 3.548025e+00 -2.321432e-01 9.614373e-01 -2.891783e-02 -1.947107e-01
7.784000e+01 -6.127670e-01 6.647248e-01 8.839495e-02 5.922017e-01 -2.739990e-01 1.361540e+00 -8.695913e-01 3.591777e+00 -2.436423e-01 1.008757e+00 -5.908450e-02 -1.555231e-01
7.792000e+01 -6.077551e-01 6.927345e-01 7.219142e-02 6.011271e-01 -2.790251e-01 1.383905e+00 -8.721757e-01 3.635971e+00 -2.561680e-01 1.055129e+00 -8.916127e-02 -1.164649e-01
7.800000e+01 -6.024911e-01 7.182828e-01 5.517089e-02 6.084989e-01 -2.839308e-01 1.407823e+00 -8.760701e-01 3.679949e+00 -2.695595e-01 1.100500e+00 -1.189062e-01 -7.758888e-02
7.808000e+01 -5.947753e-01 7.431691e-01 3.898026e-02 6.163497e-01 -2.861987e-01 1.430673e+00 -8.768386e-01 3.724422e+00 -2.831637e-01 1.152442e+00 -1.485001e-01 -3.838602e-02
7.816000e+01 -5.850134e-01 7.656616e-01 2.198924e-02 6.238309e-01 -2.881043e-01 1.453441e+00 -8.790919e-01 3.770945e+00 -2.969051e-01 1.201118e+00 -1.771969e-01 2.726519e-03
7.824000e+01 -5.761065e-01 7.825785e-01 -1.363301e-03 6.329872e-01 -2.967051e-01 1.477239e+00 -8.832911e-01 3.798329e+00 -3.051965e-01 1.255205e+00 -2.004672e-01 4.202273e-02
7.832000e+01 -5.680952e-01 7.963934e-01 -2.806942e-02 6.455840e-01 -3.070931e-01 1.495000e+00 -8.855150e-01 3.815958e+00 -3.115325e-01 1.307180e+00 -2.196309e-01 7.747240e-02
7.840000e+01 -5.588676e-01 8.130987e-01 -4.979182e-02 6.507406e-01 -3.131239e-01 1.513505e+00 -8.860102e-01 3.845542e+00 -3.226365e-01 1.354658e+00 -2.423646e-01 1.131464e-01
7.848000e+01 -5.480649e-01 8.281716e-01 -7.060298e-02 6.556621e-01 -3.171223e-01 1.531085e+00 -8.864614e-01 3.882757e+00 -3.348585e-01 1.400921e+00 -2.657181e-01 1.478519e-01
7.856000e+01 -5.346279e-01 8.396488e-01 -9.039185e-02 6.582950e-01 -3.191928e-01 1.546495e+00 -8.835194e-01 3.922908e+00 -3.464679e-01 1.453138e+00 -2.867634e-01 1.795371e-01
7.864000e+01 -5.209210e-01 8.490201e-01 -1.111204e-01 6.585150e-01 -3.220858e-01 1.565415e+00 -8.844036e-01 3.965576e+00 -3.591874e-01 1.500236e+00 -3.083588e-01 2.113602e-01
7.872000e+01 -5.033775e-01 8.586122e-01 -1.318348e-01 6.525720e-01 -3.265230e-01 1.578781e+00 -8.865227e-01 4.007460e+00 -3.711187e-01 1.542034e+00 -3.269911e-01 2.434238e-01
7.880000e+01 -4.862735e-01 8.654147e-01 -1.515858e-01 6.473845e-01 -3.310753e-01 1.592737e+00 -8.884291e-01 4.049306e+00 -3.845910e-01 1.586300e+00 -3.456513e-01 2.739486e-01
7.888000e+01 -4.679927e-01 8.705434e-01 -1.704224e-01 6.422085e-01 -3.353361e-01 1.603610e+00 -8.886875e-01 4.092090e+00 -3.981433e-01 1.631912e+00 -3.623192e-01 3.025321e-01
7.896000e+01 -4.494069e-01 8.776860e-01 -1.880277e-01 6.371953e-01 -3.390730e-01 1.611349e+00 -8.904344e-01 4.140835e+00 -4.136729e-01 1.672528e+00 -3.798376e-01 3.322235e-01
7.904000e+01 -4.283790e-01 8.840978e-01 -2.026684e-01 6.323417e-01 -3.412598e-01 1.618809e+00 -8.906046e-01 4.185117e+00 -4.292846e-01 1.718035e+00 -3.970284e-01 3.648696e-01
7.912000e+01 -4.065431e-01 8.858403e-01 -2.166389e-01 6.274753e-01 -3.422604e-01 1.625190e+00 -8.879888e-01 4.227679e+00 -4.450548e-01 1.768716e+00 -4.119275e-01 3.921784e-01
7.920000e+01 -3.849650e-01 8.879241e-01 -2.311882e-01 6.206590e-01 -3.446435e-01 1.635837e+00 -8.897375e-01 4.271889e+00 -4.611827e-01 1.812746e+00 -4.266531e-01 4.199917e-01
7.928000e+01 -3.634042e-01 8.898094e-01 -2.448238e-01 6.141184e-01 -3.481150e-01 1.642543e+00 -8.910199e-01 4.316230e+00 -4.774577e-01 1.854554e+00 -4.409741e-01 4.474412e-01
7.936000e+01 -3.411963e-01 8.828418e-01 -2.606027e-01 6.039675e-01 -3.542361e-01 1.644358e+00 -8.922465e-01 4.357901e+00 -4.925554e-01 1.891804e+00 -4.510253e-01 4.707973e-01
7.944000e+01 -3.188532e-01 8.791019e-01 -2.743075e-01 5.957559e-01 -3.594315e-01 1.645553e+00 -8.932433e-01 4.400772e+00 -5.086472e-01 1.928859e+00 -4.615460e-01 4.962198e-01
7.952000e+01 -2.960094e-01 8.790469e-01 -2.861073e-01 5.890646e-01 -3.644883e-01 1.645848e+00 -8.940059e-01 4.444123e+00 -5.252955e-01 1.965562e+00 -4.720405e-01 5.230433e-01
7.960000e+01 -2.744819e-01 8.826606e-01 -2.999666e-01 5.879518e-01 -3.761550e-01 1.648291e+00 -8.961388e-01 4.468847e+00 -5.368979e-01 2.009918e+00 -4.810249e-01 5.556422e-01
7.968000e+01 -2.512111e-01 8.813925e-01 -3.101571e-01 5.796269e-01 -3.832510e-01 1.648493e+00 -8.960392e-01 4.499309e+00 -5.534744e-01 2.046195e+00 -4.896438e-01 5.826688e-01
7.976000e+01 -2.276757e-01 8.798055e-01 -3.193976e-01 5.721818e-01 -3.905940e-01 1.645217e+00 -8.960489e-01 4.535310e+00 -5.693472e-01 2.080114e+00 -4.969739e-01 6.093016e-01
7.984000e+01 -2.027780e-01 8.781448e-01 -3.274993e-01 5.621655e-01 -3.974821e-01 1.638297e+00 -8.948966e-01 4.571509e+00 -5.841791e-01 2.112611e+00 -5.023209e-01 6.354943e-01
7.992000e+01 -1.787541e-01 8.815509e-01 -3.374592e-01 5.587707e-01 -4.120814e-01 1.634444e+00 -8.942858e-01 4.581836e+00 -5.916644e-01 2.156218e+00 -5.046726e-01 6.679656e-01
8.000000e+01 -1.540207e-01 8.798876e-01 -3.431502e-01 5.529862e-01 -4.220230e-01 1.624355e+00 -8.907054e-01 4.600088e+00 -6.034951e-01 2.192069e+00 -5.068876e-01 6.946908e-01
8.008000e+01 -1.307890e-01 8.897150e-01 -3.551537e-01 5.569774e-01 -4.468009e-01 1.621252e+00 -8.918752e-01 4.575345e+00 -6.002004e-01 2.243518e+00 -5.035601e-01 7.352437e-01
8.016000e+01 -1.070129e-01 8.890292e-01 -3.596365e-01 5.553234e-01 -4.611008e-01 1.606615e+00 -8.855146e-01 4.573668e+00 -6.080044e-01 2.280375e+00 -5.016067e-01 7.594820e-01
8.024000e+01 -8.300734e-02 8.863450e-01 -3.626754e-01 5.537942e-01 -4.732684e-01 1.589615e+00 -8.784453e-01 4.586338e+00 -6.125726e-01 2.313865e+00 -4.976608e-01 7.836311e-01
8.032000e+01 -5.822549e-02 8.819554e-01 -3.641838e-01 5.518562e-01 -4.829131e-01 1.569756e+00 -8.693400e-01 4.605668e+00 -6.166433e-01 2.343745e+00 -4.917932e-01 8.046637e-01
8.040000e+01 -3.153907e-02 8.778592e-01 -3.643463e-01 5.436316e-01 -4.916352e-01 1.542859e+00 -8.575192e-01 4.625694e+00 -6.187279e-01 2.369323e+00 -4.824242e-01 8.232031e-01
8.048000e+01 -5.348890e-03 8.693693e-01 -3.623072e-01 5.378511e-01 -4.952324e-01 1.515693e+00 -8.452316e-01 4.647184e+00 -6.224335e-01 2.392123e+00 -4.731022e-01 8.376476e-01
8.056000e+01 2.089488e-02 8.639214e-01 -3.628460e-01 5.351862e-01 -5.039882e-01 1.491968e+00 -8.332443e-01 4.638104e+00 -6.183241e-01 2.422184e+00 -4.591513e-01 8.554880e-01
8.064000e+01 4.412319e-02 8.528483e-01 -3.617299e-01 5.299676e-01 -5.088609e-01 1.462897e+00 -8.225090e-01 4.639183e+00 -6.165899e-01 2.444720e+00 -4.434119e-01 8.633309e-01
8.072000e+01 6.983695e-02 8.413015e-01 -3.580682e-01 5.191654e-01 -5.101778e-01 1.430488e+00 -8.101476e-01 4.644462e+00 -6.139828e-01 2.462503e+00 -4.259694e-01 8.693631e-01
8.080000e+01 9.563402e-02 8.292887e-01 -3.513935e-01 5.086170e-01 -5.088332e-01 1.396347e+00 -7.963145e-01 4.652195e+00 -6.113864e-01 2.476534e+00 -4.079462e-01 8.732950e-01
8.088000e+01 1.212898e-01 8.160705e-01 -3.427015e-01 4.978441e-01 -5.050263e-01 1.360484e+00 -7.814669e-01 4.658841e+00 -6.088449e-01 2.486563e+00 -3.886195e-01 8.733486e-01
8.096000e+01 1.468305e-01 8.041935e-01 -3.314943e-01 4.854303e-01 -4.980872e-01 1.323197e+00 -7.660095e-01 4.662697e+00 -6.065119e-01 2.493724e+00 -3.695399e-01 8.724117e-01
8.104000e+01 1.718003e-01 7.932447e-01 -3.224735e-01 4.753464e-01 -4.957428e-01 1.288059e+00 -7.520361e-01 4.640241e+00 -5.972861e-01 2.508705e+00 -3.466798e-01 8.747176e-01
8.112000e+01 1.965298e-01 7.741735e-01 -3.096755e-01 4.592702e-01 -4.864651e-01 1.247301e+00 -7.355026e-01 4.624313e+00 -5.940343e-01 2.511429e+00 -3.232563e-01 8.663275e-01
8.120000e+01 2.203776e-01 7.524186e-01 -2.969639e-01 4.406006e-01 -4.762212e-01 1.204892e+00 -7.213757e-01 4.610208e+00 -5.894203e-01 2.508801e+00 -2.978064e-01 8.538015e-01
8.128000e+01 2.433873e-01 7.287135e-01 -2.845158e-01 4.197231e-01 -4.655458e-01 1.160946e+00 -7.080758e-01 4.593163e+00 -5.836719e-01 2.501968e+00 -2.694105e-01 8.380381e-01
8.136000e+01 2.660086e-01 7.071193e-01 -2.698913e-01 3.979161e-01 -4.534893e-01 1.111505e+00 -6.929053e-01 4.574015e+00 -5.766175e-01 2.492753e+00 -2.401849e-01 8.196878e-01
8.144000e+01 2.873611e-01 6.841649e-01 -2.531044e-01 3.718154e-01 -4.404291e-01 1.069705e+00 -6.811733e-01 4.553722e+00 -5.708229e-01 2.481188e+00 -2.113379e-01 7.976642e-01
8.152000e+01 3.081034e-01 6.610749e-01 -2.354703e-01 3.457214e-01 -4.261042e-01 1.026077e+00 -6.689906e-01 4.530660e+00 -5.639123e-01 2.467122e+00 -1.814752e-01 7.730229e-01
8.160000e+01 3.223622e-01 6.372159e-01 -2.187148e-01 3.205890e-01 -4.150495e-01 9.805165e-01 -6.577437e-01 4.503533e+00 -5.560348e-01 2.448680e+00 -1.508130e-01 7.412887e-01
8.168000e+01 3.366456e-01 6.128139e-01 -2.007637e-01 2.932038e-01 -4.041050e-01 9.345733e-01 -6.465299e-01 4.474333e+00 -5.477544e-01 2.428553e+00 -1.196625e-01 7.100635e-01
8.176000e+01 3.516100e-01 5.905804e-01 -1.801902e-01 2.601139e-01 -3.928545e-01 8.852140e-01 -6.342643e-01 4.443764e+00 -5.380311e-01 2.406394e+00 -8.725424e-02 6.774840e-01
8.184000e+01 3.650992e-01 5.671612e-01 -1.558125e-01 2.225939e-01 -3.809614e-01 8.419133e-01 -6.246637e-01 4.413979e+00 -5.298240e-01 2.382227e+00 -5.572212e-02 6.415545e-01
8.192000e+01 3.788113e-01 5.419772e-01 -1.267143e-01 1.819092e-01 -3.637088e-01 7.857520e-01 -6.107813e-01 4.399071e+00 -5.242570e-01 2.344361e+00 -2.307463e-02 5.981879e-01
8.200000e+01 3.905925e-01 5.234215e-01 -9.839297e-02 1.460653e-01 -3.539445e-01 7.307161e-01 -5.993099e-01 4.366652e+00 -5.093751e-01 2.313317e+00 1.235403e-02 5.602651e-01
8.208000e+01 4.018986e-01 5.044301e-01 -6.643756e-02 1.104257e-01 -3.427478e-01 6.738570e-01 -5.863184e-01 4.325714e+00 -4.947569e-01 2.282821e+00 4.811090e-02 5.205353e-01
8.216000e+01 4.120593e-01 4.828250e-01 -3.086370e-02 7.349506e-02 -3.315746e-01 6.171580e-01 -5.730890e-01 4.281515e+00 -4.797995e-01 2.251313e+00 8.463985e-02 4.787615e-01
8.224000e+01 4.207989e-01 4.634009e-01 7.122937e-03 3.907305e-02 -3.226360e-01 5.574382e-01 -5.591737e-01 4.231801e+00 -4.624109e-01 2.215690e+00 1.217161e-01 4.380630e-01
8.232000e+01 4.272383e-01 4.433504e-01 4.687340e-02 6.005380e-03 -3.141949e-01 4.995659e-01 -5.500981e-01 4.182823e+00 -4.453014e-01 2.171694e+00 1.581917e-01 3.978448e-01
8.240000e+01 4.329810e-01 4.207022e-01 8.950509e-02 -2.546325e-02 -3.048288e-01 4.414887e-01 -5.372971e-01 4.128629e+00 -4.273278e-01 2.136010e+00 1.960440e-01 3.540650e-01
8.248000e+01 4.420089e-01 3.954200e-01 1.347952e-01 -6.298228e-02 -2.929222e-01 3.799104e-01 -5.207014e-01 4.072757e+00 -4.060416e-01 2.102512e+00 2.378579e-01 3.058541e-01
8.256000e+01 4.480654e-01 3.689011e-01 1.808966e-01 -9.155188e-02 -2.818996e-01 3.166096e-01 -5.017865e-01 4.016965e+00 -3.835462e-01 2.067479e+00 2.794212e-01 2.569012e-01
8.264000e+01 4.523170e-01 3.394139e-01 2.269523e-01 -1.149804e-01 -2.705129e-01 2.555190e-01 -4.834503e-01 3.960206e+00 -3.606003e-01 2.030656e+00 3.210354e-01 2.060417e-01
8.272000e+01 4.553364e-01 3.076818e-01 2.714583e-01 -1.320528e-01 -2.600252e-01 1.945501e-01 -4.646475e-01 3.899797e+00 -3.356661e-01 1.992148e+00 3.637168e-01 1.540094e-01
8.280000e+01 4.570281e-01 2.717740e-01 3.149270e-01 -1.445586e-01 -2.476628e-01 1.354918e-01 -4.457971e-01 3.840038e+00 -3.109063e-01 1.952488e+00 4.061378e-01 9.991402e-02
8.288000e+01 4.558413e-01 2.272572e-01 3.539136e-01 -1.526478e-01 -2.352724e-01 7.676606e-02 -4.274213e-01 3.778141e+00 -2.856425e-01 1.909110e+00 4.497604e-01 3.894417e-02
8.296000e+01 4.519701e-01 1.830633e-01 3.885472e-01 -1.550681e-01 -2.231464e-01 1.860140e-02 -4.097798e-01 3.713964e+00 -2.596829e-01 1.861164e+00 4.925998e-01 -2.465667e-02
8.304000e+01 4.469629e-01 1.306317e-01 4.192830e-01 -1.503682e-01 -2.105458e-01 -3.618246e-02 -3.923648e-01 3.649175e+00 -2.331149e-01 1.812981e+00 5.354750e-01 -8.889912e-02
8.312000e+01 4.432606e-01 7.045782e-02 4.486905e-01 -1.493012e-01 -1.892465e-01 -9.521231e-02 -3.739605e-01 3.608355e+00 -2.125670e-01 1.753128e+00 5.770128e-01 -1.607934e-01
8.320000e+01 4.419786e-01 5.252743e-03 4.752405e-01 -1.479180e-01 -1.632838e-01 -1.563063e-01 -3.503622e-01 3.566968e+00 -1.913882e-01 1.691435e+00 6.213898e-01 -2.408273e-01
8.328000e+01 4.400666e-01 -6.166661e-02 4.938349e-01 -1.416522e-01 -1.415262e-01 -2.117507e-01 -3.320569e-01 3.514503e+00 -1.660188e-01 1.636069e+00 6.660896e-01 -3.137459e-01
8.336000e+01 4.383755e-01 -1.365124e-01 5.130873e-01 -1.382015e-01 -1.087542e-01 -2.706232e-01 -3.132119e-01 3.489709e+00 -1.532535e-01 1.562079e+00 7.064966e-01 -3.987772e-01
8.344000e+01 4.366062e-01 -2.058256e-01 5.266905e-01 -1.290045e-01 -7.733571e-02 -3.251999e-01 -3.005312e-01 3.466805e+00 -1.393974e-01 1.488469e+00 7.448233e-01 -4.798762e-01
8.352000e+01 4.343612e-01 -2.658143e-01 5.339958e-01 -1.105090e-01 -5.252279e-02 -3.688312e-01 -2.910548e-01 3.418038e+00 -1.207466e-01 1.427406e+00 7.823064e-01 -5.510788e-01
8.360000e+01 4.322991e-01 -3.275902e-01 5.366222e-01 -8.868513e-02 -3.004033e-02 -4.065962e-01 -2.819681e-01 3.364662e+00 -1.027338e-01 1.369495e+00 8.193529e-01 -6.180790e-01
8.368000e+01 4.291892e-01 -3.855939e-01 5.333311e-01 -6.196393e-02 -1.226987e-02 -4.376095e-01 -2.792372e-01 3.307435e+00 -8.518617e-02 1.304251e+00 8.538063e-01 -6.773936e-01
8.376000e+01 4.260243e-01 -4.430102e-01 5.257515e-01 -3.112026e-02 2.573437e-03 -4.606978e-01 -2.766984e-01 3.246008e+00 -6.900717e-02 1.248900e+00 8.872303e-01 -7.369588e-01
8.384000e+01 4.237347e-01 -5.026898e-01 5.130502e-01 -1.691015e-03 1.554848e-02 -4.807681e-01 -2.740700e-01 3.183802e+00 -5.154229e-02 1.195487e+00 9.210915e-01 -7.943485e-01
8.392000e+01 4.206916e-01 -5.530371e-01 4.974740e-01 3.087347e-02 2.630222e-02 -4.950129e-01 -2.725329e-01 3.123717e+00 -3.452329e-02 1.144180e+00 9.521787e-01 -8.507502e-01
8.400000e+01 4.166112e-01 -6.019391e-01 4.773831e-01 6.269206e-02 3.390673e-02 -5.043182e-01 -2.728046e-01 3.064438e+00 -1.772414e-02 1.092142e+00 9.820603e-01 -9.050642e-01
8.408000e+01 4.145353e-01 -6.467079e-01 4.577545e-01 9.388491e-02 4.354689e-02 -5.104775e-01 -2.720598e-01 3.019477e+00 -4.428170e-03 1.038655e+00 1.007898e+00 -9.560074e-01
8.416000e+01 4.142991e-01 -6.875639e-01 4.342698e-01 1.212176e-01 4.941963e-02 -5.135501e-01 -2.727743e-01 2.973678e+00 1.186843e-02 9.904066e-01 1.033907e+00 -9.998076e-01
8.424000e+01 4.145000e-01 -7.245026e-01 4.092076e-01 1.488223e-01 5.275317e-02 -5.125448e-01 -2.733233e-01 2.928017e+00 2.810556e-02 9.460565e-01 1.058606e+00 -1.038310e+00
8.432000e+01 4.141340e-01 -7.548921e-01 3.810590e-01 1.769759e-01 5.139592e-02 -5.105991e-01 -2.777886e-01 2.883066e+00 4.453462e-02 8.936175e-01 1.081952e+00 -1.068890e+00
8.440000e+01 4.125426e-01 -7.870271e-01 3.514965e-01 2.050729e-01 4.882021e-02 -5.034219e-01 -2.807348e-01 2.838963e+00 5.872168e-02 8.511034e-01 1.104347e+00 -1.097477e+00
8.448000e+01 4.087286e-01 -8.137260e-01 3.192940e-01 2.278412e-01 4.420091e-02 -4.944161e-01 -2.843257e-01 2.796304e+00 7.182895e-02 8.082702e-01 1.125440e+00 -1.129114e+00
8.456000e+01 4.073813e-01 -8.399111e-01 2.895333e-01 2.405333e-01 4.354462e-02 -4.867612e-01 -2.865334e-01 2.769312e+00 8.128105e-02 7.597654e-01 1.143994e+00 -1.159328e+00
8.464000e+01 4.036094e-01 -8.557694e-01 2.587870e-01 2.540919e-01 3.906045e-02 -4.776671e-01 -2.904352e-01 2.739500e+00 9.361377e-02 7.169333e-01 1.161125e+00 -1.185521e+00
8.472000e+01 3.997895e-01 -8.705680e-01 2.286028e-01 2.629259e-01 3.328289e-02 -4.665156e-01 -2.948778e-01 2.707383e+00 1.052674e-01 6.748606e-01 1.178291e+00 -1.205037e+00
8.480000e+01 3.956173e-01 -8.830018e-01 2.001161e-01 2.676757e-01 2.707134e-02 -4.540640e-01 -2.994279e-01 2.675801e+00 1.161108e-01 6.345634e-01 1.193280e+00 -1.222108e+00
8.488000e+01 3.904630e-01 -8.909543e-01 1.721627e-01 2.693365e-01 1.860421e-02 -4.409024e-01 -3.069065e-01 2.644471e+00 1.263407e-01 5.889365e-01 1.207200e+00 -1.234246e+00
8.496000e+01 3.866560e-01 -8.949667e-01 1.494428e-01 2.688693e-01 1.176540e-02 -4.262513e-01 -3.123332e-01 2.614543e+00 1.351889e-01 5.505974e-01 1.220315e+00 -1.242819e+00
8.504000e+01 3.822998e-01 -8.974253e-01 1.277689e-01 2.642932e-01 4.452410e-03 -4.127540e-01 -3.170426e-01 2.585000e+00 1.450311e-01 5.134408e-01 1.233783e+00 -1.251164e+00
8.512000e+01 3.780385e-01 -8.955426e-01 1.090021e-01 2.581649e-01 -2.461880e-03 -3.996608e-01 -3.211763e-01 2.557057e+00 1.548683e-01 4.781136e-01 1.246594e+00 -1.257991e+00
8.520000e+01 3.684138e-01 -8.905252e-01 9.080354e-02 2.522061e-01 -9.922403e-03 -3.870954e-01 -3.260700e-01 2.529881e+00 1.628604e-01 4.419694e-01 1.257188e+00 -1.271398e+00
8.528000e+01 3.597406e-01 -8.872776e-01 7.535786e-02 2.420141e-01 -1.484833e-02 -3.767526e-01 -3.297664e-01 2.508107e+00 1.701113e-01 4.039775e-01 1.266297e+00 -1.283112e+00
8.536000e+01 3.503597e-01 -8.814858e-01 6.177410e-02 2.328540e-01 -1.994117e-02 -3.660969e-01 -3.339360e-01 2.486471e+00 1.780017e-01 3.689388e-01 1.273974e+00 -1.291633e+00
8.544000e+01 3.402684e-01 -8.722769e-01 4.947600e-02 2.234849e-01 -2.501059e-02 -3.566599e-01 -3.396710e-01 2.464174e+00 1.863107e-01 3.305323e-01 1.280658e+00 -1.295826e+00
8.552000e+01 3.304684e-01 -8.619978e-01 4.000090e-02 2.138034e-01 -2.783471e-02 -3.483369e-01 -3.428885e-01 2.441088e+00 1.947662e-01 2.974587e-01 1.287512e+00 -1.299527e+00
8.560000e+01 3.203706e-01 -8.506426e-01 3.244879e-02 2.041327e-01 -2.898906e-02 -3.394922e-01 -3.452600e-01 2.418916e+00 2.031820e-01 2.664697e-01 1.293715e+00 -1.301965e+00
8.568000e+01 3.102913e-01 -8.378725e-01 2.731986e-02 1.960534e-01 -2.850150e-02 -3.320932e-01 -3.463468e-01 2.397575e+00 2.119349e-01 2.372720e-01 1.299644e+00 -1.302973e+00
8.576000e+01 2.995306e-01 -8.219221e-01 2.495050e-02 1.934277e-01 -2.711866e-02 -3.243304e-01 -3.467942e-01 2.378070e+00 2.202147e-01 2.103449e-01 1.304119e+00 -1.302179e+00
8.584000e+01 2.895656e-01 -8.124350e-01 2.783110e-02 1.852774e-01 -1.570437e-02 -3.231493e-01 -3.443895e-01 2.384556e+00 2.216636e-01 1.736594e-01 1.306624e+00 -1.307872e+00
8.592000e+01 2.787290e-01 -7.988334e-01 3.042126e-02 1.809497e-01 -5.992636e-03 -3.208948e-01 -3.429285e-01 2.382586e+00 2.255401e-01 1.443588e-01 1.308753e+00 -1.308206e+00
8.600000e+01 2.675481e-01 -7.846202e-01 3.452791e-02 1.782308e-01 4.310383e-03 -3.167800e-01 -3.420365e-01 2.376905e+00 2.291632e-01 1.186450e-01 1.309908e+00 -1.306070e+00
8.608000e+01 2.557181e-01 -7.637036e-01 4.156984e-02 1.803693e-01 1.531984e-02 -3.118214e-01 -3.410110e-01 2.369730e+00 2.325595e-01 9.579608e-02 1.309018e+00 -1.302002e+00
8.616000e+01 2.430752e-01 -7.442556e-01 5.100105e-02 1.889009e-01 2.733686e-02 -3.040628e-01 -3.400931e-01 2.362874e+00 2.356445e-01 7.681004e-02 1.306566e+00 -1.291673e+00
8.624000e+01 2.305579e-01 -7.250761e-01 6.059116e-02 1.964927e-01 3.858849e-02 -2.961764e-01 -3.398149e-01 2.354466e+00 2.387597e-01 5.834246e-02 1.304535e+00 -1.284792e+00
8.632000e+01 2.167082e-01 -7.057110e-01 7.148903e-02 2.070688e-01 5.025299e-02 -2.865262e-01 -3.400234e-01 2.346463e+00 2.415658e-01 4.167375e-02 1.300876e+00 -1.276151e+00
8.640000e+01 2.022344e-01 -6.812598e-01 8.557849e-02 2.201995e-01 6.267137e-02 -2.742822e-01 -3.404447e-01 2.340511e+00 2.435723e-01 2.914530e-02 1.294177e+00 -1.267863e+00
8.648000e+01 1.925442e-01 -6.538514e-01 1.028835e-01 2.297964e-01 7.488690e-02 -2.613467e-01 -3.410900e-01 2.335051e+00 2.455341e-01 1.759214e-02 1.287420e+00 -1.255446e+00
8.656000e+01 1.777968e-01 -6.287760e-01 1.201678e-01 2.450972e-01 8.574909e-02 -2.465609e-01 -3.428938e-01 2.330275e+00 2.471789e-01 6.326826e-03 1.279341e+00 -1.244629e+00
8.664000e+01 1.616230e-01 -6.038185e-01 1.385286e-01 2.622425e-01 9.565566e-02 -2.299879e-01 -3.456462e-01 2.326493e+00 2.482910e-01 -4.286755e-03 1.270038e+00 -1.234174e+00
8.672000e+01 1.442796e-01 -5.716335e-01 1.597349e-01 2.823663e-01 1.052755e-01 -2.088019e-01 -3.497329e-01 2.325524e+00 2.477720e-01 -1.252282e-02 1.257280e+00 -1.221532e+00
8.680000e+01 1.255113e-01 -5.392611e-01 1.823741e-01 3.051801e-01 1.134665e-01 -1.863038e-01 -3.547155e-01 2.325878e+00 2.465629e-01 -2.000561e-02 1.243195e+00 -1.209695e+00
8.688000e+01 1.105938e-01 -5.125007e-01 2.089794e-01 3.275424e-01 1.235708e-01 -1.608329e-01 -3.576433e-01 2.330239e+00 2.489899e-01 -1.979995e-02 1.230136e+00 -1.183699e+00
8.696000e+01 8.834204e-02 -4.812138e-01 2.299446e-01 3.541225e-01 1.243069e-01 -1.321897e-01 -3.655039e-01 2.319983e+00 2.488692e-01 -2.315080e-02 1.215126e+00 -1.174276e+00
8.704000e+01 6.668249e-02 -4.524735e-01 2.535517e-01 3.831782e-01 1.258107e-01 -1.016192e-01 -3.743178e-01 2.322665e+00 2.473348e-01 -2.596906e-02 1.196959e+00 -1.158685e+00
8.712000e+01 4.402988e-02 -4.243751e-01 2.770355e-01 4.112604e-01 1.258297e-01 -7.014689e-02 -3.835768e-01 2.327141e+00 2.452215e-01 -2.911107e-02 1.178380e+00 -1.145404e+00
8.720000e+01 1.931494e-02 -3.969510e-01 3.008167e-01 4.426051e-01 1.242830e-01 -3.637057e-02 -3.937101e-01 2.334185e+00 2.416643e-01 -3.158522e-02 1.157877e+00 -1.132455e+00
8.728000e+01 -5.614835e-03 -3.698446e-01 3.245337e-01 4.722764e-01 1.217865e-01 -1.852953e-03 -4.042409e-01 2.342786e+00 2.373503e-01 -3.374626e-02 1.136573e+00 -1.119704e+00
8.736000e+01 -3.048879e-02 -3.424553e-01 3.482820e-01 5.006426e-01 1.179202e-01 3.165551e-02 -4.143393e-01 2.352367e+00 2.328361e-01 -3.555176e-02 1.115345e+00 -1.106681e+00
8.744000e+01 -5.576338e-02 -3.150871e-01 3.722725e-01 5.292959e-01 1.135665e-01 6.587057e-02 -4.252061e-01 2.363309e+00 2.271290e-01 -3.647059e-02 1.092984e+00 -1.093655e+00
8.752000e+01 -8.158054e-02 -2.871830e-01 3.970686e-01 5.570123e-01 1.085111e-01 1.018464e-01 -4.370122e-01 2.375962e+00 2.199367e-01 -3.612475e-02 1.069204e+00 -1.080164e+00
8.760000e+01 -1.081354e-01 -2.599135e-01 4.215200e-01 5.836517e-01 1.022659e-01 1.386826e-01 -4.497801e-01 2.389516e+00 2.117660e-01 -3.500510e-02 1.044622e+00 -1.066657e+00
8.768000e+01 -1.354599e-01 -2.323362e-01 4.455102e-01 6.094754e-01 9.484499e-02 1.763050e-01 -4.636136e-01 2.403879e+00 2.027358e-01 -3.313170e-02 1.019079e+00 -1.053156e+00
8.776000e+01 -1.607345e-01 -2.046217e-01 4.690289e-01 6.302985e-01 8.640300e-02 2.133567e-01 -4.780080e-01 2.418459e+00 1.933273e-01 -3.064916e-02 9.936246e-01 -1.039322e+00
8.784000e+01 -1.902026e-01 -1.741556e-01 4.921963e-01 6.545537e-01 7.697220e-02 2.519274e-01 -4.934953e-01 2.434715e+00 1.823037e-01 -2.676929e-02 9.656983e-01 -1.026519e+00
8.792000e+01 -2.190567e-01 -1.523054e-01 5.127212e-01 6.738277e-01 6.679249e-02 2.890803e-01 -5.081301e-01 2.450533e+00 1.715632e-01 -2.101373e-02 9.389605e-01 -1.013662e+00
8.800000e+01 -2.505280e-01 -1.256114e-01 5.329400e-01 7.000662e-01 5.540270e-02 3.294240e-01 -5.248382e-01 2.469632e+00 1.587505e-01 -1.405051e-02 9.088220e-01 -9.993300e-01
8.808000e+01 -2.845446e-01 -9.949562e-02 5.510394e-01 7.304230e-01 4.273701e-02 3.715602e-01 -5.428599e-01 2.490713e+00 1.444744e-01 -5.287277e-03 8.766890e-01 -9.837840e-01
8.816000e+01 -3.183213e-01 -7.244573e-02 5.667492e-01 7.572845e-01 2.962592e-02 4.142304e-01 -5.614238e-01 2.512771e+00 1.298655e-01 4.912847e-03 8.436766e-01 -9.668343e-01
8.824000e+01 -3.526817e-01 -4.440400e-02 5.806213e-01 7.824298e-01 1.566713e-02 4.563025e-01 -5.803862e-01 2.535370e+00 1.151378e-01 1.616037e-02 8.099622e-01 -9.498953e-01
8.832000e+01 -3.850935e-01 -2.340726e-02 5.928530e-01 8.021132e-01 1.745705e-03 4.982982e-01 -5.986759e-01 2.558776e+00 1.006162e-01 3.197169e-02 7.781308e-01 -9.343794e-01
8.840000e+01 -4.158382e-01 -1.854139e-03 6.050550e-01 8.211612e-01 -1.217169e-02 5.394393e-01 -6.161102e-01 2.584113e+00 8.626643e-02 5.159317e-02 7.458499e-01 -9.189882e-01
8.848000e+01 -4.463514e-01 2.271740e-02 6.164508e-01 8.383898e-01 -2.639533e-02 5.822657e-01 -6.351738e-01 2.612089e+00 7.082739e-02 6.986249e-02 7.104446e-01 -9.002776e-01
8.856000e+01 -4.760453e-01 4.978464e-02 6.267540e-01 8.549261e-01 -4.228549e-02 6.239989e-01 -6.541052e-01 2.639470e+00 5.562477e-02 8.921386e-02 6.745229e-01 -8.797138e-01
8.864000e+01 -5.038413e-01 7.757122e-02 6.370552e-01 8.697276e-01 -5.744807e-02 6.640430e-01 -6.710408e-01 2.669000e+00 4.079517e-02 1.148692e-01 6.393646e-01 -8.602689e-01
8.872000e+01 -5.352671e-01 1.080446e-01 6.435400e-01 8.823673e-01 -7.466888e-02 7.024347e-01 -6.911036e-01 2.699775e+00 2.158201e-02 1.333940e-01 6.003943e-01 -8.496826e-01
8.880000e+01 -5.645461e-01 1.391915e-01 6.498762e-01 8.924309e-01 -9.191817e-02 7.428875e-01 -7.111428e-01 2.730845e+00 3.901607e-03 1.558079e-01 5.609443e-01 -8.313250e-01
8.888000e+01 -5.890047e-01 1.725722e-01 6.554166e-01 8.915192e-01 -1.074687e-01 7.756168e-01 -7.281645e-01 2.759960e+00 -1.055941e-02 1.793120e-01 5.242682e-01 -8.095833e-01
8.896000e+01 -6.132395e-01 2.058710e-01 6.602827e-01 8.935403e-01 -1.245568e-01 8.103209e-01 -7.456176e-01 2.792429e+00 -2.696251e-02 2.054941e-01 4.851455e-01 -7.863696e-01
8.904000e+01 -6.360474e-01 2.391892e-01 6.634319e-01 8.942591e-01 -1.421305e-01 8.439483e-01 -7.625677e-01 2.825866e+00 -4.331391e-02 2.331527e-01 4.460552e-01 -7.612765e-01
8.912000e+01 -6.468708e-01 2.657900e-01 6.702268e-01 8.934500e-01 -1.551455e-01 8.781696e-01 -7.747829e-01 2.864653e+00 -5.497035e-02 2.718816e-01 4.106625e-01 -7.089725e-01
8.920000e+01 -6.623423e-01 2.967298e-01 6.715328e-01 8.916177e-01 -1.714104e-01 9.102519e-01 -7.892164e-01 2.903166e+00 -7.058627e-02 3.060027e-01 3.777330e-01 -6.755326e-01
8.928000e+01 -6.762691e-01 3.273267e-01 6.713183e-01 8.876231e-01 -1.862979e-01 9.401494e-01 -8.030781e-01 2.945800e+00 -8.741282e-02 3.414452e-01 3.426297e-01 -6.402072e-01
8.936000e+01 -6.875085e-01 3.558061e-01 6.689715e-01 8.813756e-01 -2.002141e-01 9.695253e-01 -8.161265e-01 2.986483e+00 -1.032284e-01 3.797471e-01 3.076807e-01 -5.996085e-01
8.944000e+01 -6.978995e-01 3.866677e-01 6.634854e-01 8.744242e-01 -2.144192e-01 9.982383e-01 -8.293260e-01 3.027052e+00 -1.196043e-01 4.184347e-01 2.731412e-01 -5.623757e-01
8.952000e+01 -7.076460e-01 4.165184e-01 6.551863e-01 8.664323e-01 -2.280188e-01 1.028004e+00 -8.431680e-01 3.068540e+00 -1.368568e-01 4.583974e-01 2.376616e-01 -5.247373e-01
8.960000e+01 -7.163074e-01 4.452965e-01 6.440950e-01 8.576070e-01 -2.403142e-01 1.056562e+00 -8.541621e-01 3.110297e+00 -1.540216e-01 5.029718e-01 2.020815e-01 -4.880503e-01
8.968000e+01 -7.239595e-01 4.739795e-01 6.302794e-01 8.483936e-01 -2.513007e-01 1.085073e+00 -8.640043e-01 3.154447e+00 -1.711692e-01 5.495879e-01 1.653351e-01 -4.516007e-01
8.976000e+01 -7.310494e-01 4.997627e-01 6.133297e-01 8.364575e-01 -2.588462e-01 1.110583e+00 -8.741330e-01 3.208499e+00 -1.901227e-01 5.954691e-01 1.268665e-01 -4.160391e-01
8.984000e+01 -7.349960e-01 5.248802e-01 5.936619e-01 8.263792e-01 -2.654980e-01 1.137101e+00 -8.819941e-01 3.254151e+00 -2.089904e-01 6.416323e-01 8.887000e-02 -3.740780e-01
8.992000e+01 -7.337977e-01 5.573800e-01 5.726646e-01 8.029000e-01 -2.678685e-01 1.158271e+00 -8.885187e-01 3.302463e+00 -2.277585e-01 6.874416e-01 5.217109e-02 -3.332876e-01
9.000000e+01 -7.369248e-01 5.923233e-01 5.432831e-01 7.995943e-01 -2.823695e-01 1.192314e+00 -8.997961e-01 3.316627e+00 -2.398900e-01 7.506634e-01 1.517515e-02 -2.849663e-01
9.008000e+01 -7.364327e-01 6.190826e-01 5.134779e-01 7.922450e-01 -2.906318e-01 1.222814e+00 -9.094779e-01 3.345035e+00 -2.548061e-01 8.071822e-01 -2.153634e-02 -2.368585e-01
9.016000e+01 -7.354098e-01 6.456164e-01 4.768697e-01 7.897622e-01 -2.992407e-01 1.244975e+00 -9.151791e-01 3.374040e+00 -2.661186e-01 8.625396e-01 -5.482094e-02 -1.907718e-01
9.024000e+01 -7.335355e-01 6.655336e-01 4.388881e-01 7.859390e-01 -3.053130e-01 1.273931e+00 -9.191790e-01 3.414002e+00 -2.800765e-01 9.237629e-01 -8.970987e-02 -1.485381e-01
9.032000e+01 -7.294726e-01 6.844759e-01 3.959850e-01 7.839848e-01 -3.117193e-01 1.300314e+00 -9.220880e-01 3.458565e+00 -2.920566e-01 9.811977e-01 -1.225870e-01 -1.027586e-01
9.040000e+01 -7.242128e-01 6.919102e-01 3.488399e-01 7.824859e-01 -3.178066e-01 1.330554e+00 -9.259110e-01 3.508463e+00 -3.057929e-01 1.035910e+00 -1.529997e-01 -5.991719e-02
9.048000e+01 -7.207368e-01 6.913089e-01 2.956289e-01 7.824278e-01 -3.241578e-01 1.358888e+00 -9.295984e-01 3.559038e+00 -3.196033e-01 1.087391e+00 -1.805517e-01 -2.340721e-02
9.056000e+01 -7.128619e-01 6.953990e-01 2.418096e-01 7.724485e-01 -3.274988e-01 1.383731e+00 -9.312190e-01 3.609795e+00 -3.326045e-01 1.137897e+00 -2.074108e-01 1.577627e-02
9.064000e+01 -7.063892e-01 6.959542e-01 1.875543e-01 7.689850e-01 -3.306658e-01 1.410816e+00 -9.342202e-01 3.662432e+00 -3.479277e-01 1.188095e+00 -2.356572e-01 5.370372e-02
9.072000e+01 -6.942908e-01 6.973022e-01 1.329606e-01 7.602046e-01 -3.308154e-01 1.428919e+00 -9.308965e-01 3.710512e+00 -3.602621e-01 1.243027e+00 -2.603463e-01 8.943886e-02
9.080000e+01 -6.746202e-01 6.981566e-01 7.706712e-02 7.342012e-01 -3.337432e-01 1.446762e+00 -9.277378e-01 3.740639e+00 -3.653378e-01 1.302769e+00 -2.789841e-01 1.284752e-01
9.088000e+01 -6.598215e-01 6.952389e-01 2.095418e-02 7.259995e-01 -3.398956e-01 1.468039e+00 -9.253196e-01 3.768581e+00 -3.730303e-01 1.363295e+00 -2.995116e-01 1.666558e-01
9.096000e+01 -6.466017e-01 6.878078e-01 -3.443156e-02 7.198792e-01 -3.428063e-01 1.493442e+00 -9.244423e-01 3.807068e+00 -3.866535e-01 1.416677e+00 -3.218454e-01 2.004597e-01
9.104000e+01 -6.338220e-01 6.780378e-01 -9.049053e-02 7.156080e-01 -3.464495e-01 1.515123e+00 -9.233689e-01 3.850442e+00 -3.999054e-01 1.467073e+00 -3.419607e-01 2.329267e-01
9.112000e+01 -6.229058e-01 6.682739e-01 -1.449738e-01 7.175914e-01 -3.484427e-01 1.540860e+00 -9.249527e-01 3.898934e+00 -4.158297e-01 1.516790e+00 -3.638678e-01 2.654904e-01
9.120000e+01 -6.118085e-01 6.550817e-01 -1.978365e-01 7.237455e-01 -3.496406e-01 1.565905e+00 -9.260702e-01 3.949439e+00 -4.316145e-01 1.566319e+00 -3.845277e-01 3.016116e-01
9.128000e+01 -5.979795e-01 6.400851e-01 -2.489133e-01 7.235034e-01 -3.500190e-01 1.587168e+00 -9.262906e-01 3.999084e+00 -4.466088e-01 1.614692e+00 -4.008937e-01 3.332250e-01
9.136000e+01 -5.877325e-01 6.225988e-01 -2.955345e-01 7.323430e-01 -3.477317e-01 1.608292e+00 -9.242711e-01 4.056137e+00 -4.649764e-01 1.668453e+00 -4.192969e-01 3.615719e-01
9.144000e+01 -5.786839e-01 6.064507e-01 -3.407634e-01 7.432060e-01 -3.465838e-01 1.629524e+00 -9.273600e-01 4.109079e+00 -4.828457e-01 1.711969e+00 -4.370343e-01 3.919771e-01
9.152000e+01 -5.704327e-01 5.908431e-01 -3.823571e-01 7.555564e-01 -3.451482e-01 1.650371e+00 -9.297217e-01 4.159631e+00 -5.011718e-01 1.757082e+00 -4.545014e-01 4.222368e-01
9.160000e+01 -5.633771e-01 5.790812e-01 -4.199317e-01 7.717816e-01 -3.444858e-01 1.672924e+00 -9.345037e-01 4.210870e+00 -5.206439e-01 1.799774e+00 -4.724466e-01 4.543058e-01
9.168000e+01 -5.557414e-01 5.689657e-01 -4.531989e-01 7.854604e-01 -3.444181e-01 1.693224e+00 -9.382693e-01 4.261662e+00 -5.398904e-01 1.842953e+00 -4.892401e-01 4.866410e-01
9.176000e+01 -5.486395e-01 5.611331e-01 -4.816489e-01 8.010596e-01 -3.455312e-01 1.712867e+00 -9.423028e-01 4.313240e+00 -5.597748e-01 1.885687e+00 -5.058957e-01 5.196913e-01
9.184000e+01 -5.415976e-01 5.563173e-01 -5.051104e-01 8.177884e-01 -3.477195e-01 1.731549e+00 -9.463760e-01 4.365389e+00 -5.801932e-01 1.928242e+00 -5.224635e-01 5.536129e-01
9.192000e+01 -5.348291e-01 5.522259e-01 -5.245805e-01 8.314309e-01 -3.514105e-01 1.753688e+00 -9.533461e-01 4.417308e+00 -6.022766e-01 1.968555e+00 -5.396661e-01 5.880641e-01
9.200000e+01 -5.233842e-01 5.505884e-01 -5.390669e-01 8.371234e-01 -3.566116e-01 1.768336e+00 -9.581487e-01 4.467133e+00 -6.228481e-01 2.007959e+00 -5.539295e-01 6.225028e-01
9.208000e+01 -5.173018e-01 5.549207e-01 -5.530974e-01 8.502656e-01 -3.696764e-01 1.783893e+00 -9.637941e-01 4.498431e+00 -6.380279e-01 2.056589e+00 -5.670804e-01 6.593845e-01
9.216000e+01 -5.090827e-01 5.603676e-01 -5.585857e-01 8.579314e-01 -3.782960e-01 1.797469e+00 -9.669452e-01 4.537541e+00 -6.592636e-01 2.098019e+00 -5.817023e-01 6.928472e-01
9.224000e+01 -4.982289e-01 5.714582e-01 -5.587648e-01 8.614225e-01 -3.893275e-01 1.803209e+00 -9.688057e-01 4.581678e+00 -6.782672e-01 2.137498e+00 -5.941855e-01 7.286021e-01
9.232000e+01 -4.844609e-01 5.907087e-01 -5.561642e-01 8.658503e-01 -4.047840e-01 1.811594e+00 -9.700633e-01 4.602236e+00 -6.897572e-01 2.189627e+00 -6.043310e-01 7.716981e-01
9.240000e+01 -4.692690e-01 6.167923e-01 -5.425921e-01 8.696392e-01 -4.155660e-01 1.814109e+00 -9.673211e-01 4.633503e+00 -7.060475e-01 2.236993e+00 -6.173183e-01 8.137797e-01
9.248000e+01 -4.550142e-01 6.562172e-01 -5.300730e-01 8.830504e-01 -4.393803e-01 1.824112e+00 -9.661522e-01 4.624259e+00 -7.083290e-01 2.306416e+00 -6.264689e-01 8.682812e-01
9.256000e+01 -4.414780e-01 6.868488e-01 -5.076970e-01 8.904639e-01 -4.534712e-01 1.822864e+00 -9.594345e-01 4.637843e+00 -7.215103e-01 2.357362e+00 -6.376869e-01 9.080979e-01
9.264000e+01 -4.288598e-01 7.163188e-01 -4.811566e-01 8.986374e-01 -4.655963e-01 1.819365e+00 -9.522684e-01 4.668062e+00 -7.320723e-01 2.405877e+00 -6.483786e-01 9.495756e-01
9.272000e+01 -4.175060e-01 7.304536e-01 -4.546643e-01 9.044845e-01 -4.774717e-01 1.811428e+00 -9.454501e-01 4.703221e+00 -7.411143e-01 2.447910e+00 -6.534076e-01 9.833146e-01
9.280000e+01 -4.080050e-01 7.469239e-01 -4.250681e-01 9.109029e-01 -4.860713e-01 1.800354e+00 -9.353092e-01 4.741164e+00 -7.506560e-01 2.490141e+00 -6.585726e-01 1.017919e+00
9.288000e+01 -3.981532e-01 7.677085e-01 -3.957837e-01 9.168439e-01 -4.989806e-01 1.791700e+00 -9.241332e-01 4.751205e+00 -7.526521e-01 2.540355e+00 -6.603067e-01 1.056979e+00
9.296000e+01 -3.896463e-01 7.860101e-01 -3.644624e-01 9.250125e-01 -5.073671e-01 1.770597e+00 -9.103054e-01 4.771039e+00 -7.550410e-01 2.584617e+00 -6.606166e-01 1.092292e+00
9.304000e+01 -3.803870e-01 7.869388e-01 -3.310737e-01 9.255903e-01 -5.116725e-01 1.750032e+00 -8.957987e-01 4.800075e+00 -7.583984e-01 2.624900e+00 -6.586999e-01 1.124874e+00
9.312000e+01 -3.743889e-01 7.903208e-01 -2.974896e-01 9.305581e-01 -5.145616e-01 1.729200e+00 -8.818262e-01 4.832422e+00 -7.635477e-01 2.657529e+00 -6.579294e-01 1.155079e+00
9.320000e+01 -3.714792e-01 8.065305e-01 -2.695963e-01 9.469052e-01 -5.295944e-01 1.718750e+00 -8.688225e-01 4.811781e+00 -7.544118e-01 2.713018e+00 -6.525847e-01 1.195106e+00
9.328000e+01 -3.669222e-01 8.076156e-01 -2.353982e-01 9.518626e-01 -5.318414e-01 1.699793e+00 -8.528776e-01 4.816261e+00 -7.576176e-01 2.749303e+00 -6.489844e-01 1.219654e+00
9.336000e+01 -3.601778e-01 8.085016e-01 -2.013419e-01 9.510655e-01 -5.310070e-01 1.676774e+00 -8.364788e-01 4.829818e+00 -7.585624e-01 2.779773e+00 -6.428706e-01 1.241936e+00
9.344000e+01 -3.574386e-01 8.084121e-01 -1.720177e-01 9.591729e-01 -5.351548e-01 1.655861e+00 -8.216175e-01 4.827255e+00 -7.527559e-01 2.816856e+00 -6.344606e-01 1.265213e+00
9.352000e+01 -3.537031e-01 7.984322e-01 -1.390939e-01 9.612305e-01 -5.284109e-01 1.630076e+00 -8.015058e-01 4.843105e+00 -7.572543e-01 2.838541e+00 -6.275128e-01 1.277925e+00
9.360000e+01 -3.481412e-01 7.876729e-01 -1.099440e-01 9.549412e-01 -5.245013e-01 1.608630e+00 -7.883773e-01 4.850891e+00 -7.567361e-01 2.860791e+00 -6.175204e-01 1.288313e+00
9.368000e+01 -3.444082e-01 7.752090e-01 -8.344027e-02 9.524059e-01 -5.188116e-01 1.582719e+00 -7.733551e-01 4.853053e+00 -7.575958e-01 2.876901e+00 -6.057487e-01 1.295559e+00
9.376000e+01 -3.420730e-01 7.514693e-01 -6.084628e-02 9.476228e-01 -5.119497e-01 1.554854e+00 -7.606378e-01 4.854646e+00 -7.597733e-01 2.885967e+00 -5.927383e-01 1.296351e+00
9.384000e+01 -3.411896e-01 7.296138e-01 -4.036409e-02 9.448451e-01 -5.036994e-01 1.528605e+00 -7.505259e-01 4.857887e+00 -7.641102e-01 2.890792e+00 -5.807956e-01 1.294656e+00
9.392000e+01 -3.416518e-01 6.994039e-01 -2.563893e-02 9.408380e-01 -4.964822e-01 1.502078e+00 -7.427274e-01 4.857387e+00 -7.679291e-01 2.891496e+00 -5.671431e-01 1.289496e+00
9.400000e+01 -3.438289e-01 6.711315e-01 -1.490594e-02 9.408708e-01 -4.898839e-01 1.474998e+00 -7.346589e-01 4.855546e+00 -7.716385e-01 2.891372e+00 -5.541710e-01 1.285279e+00
9.408000e+01 -3.464803e-01 6.393418e-01 -9.974834e-03 9.379052e-01 -4.842051e-01 1.450864e+00 -7.291870e-01 4.851265e+00 -7.757257e-01 2.888622e+00 -5.400680e-01 1.277901e+00
9.416000e+01 -3.481689e-01 6.024190e-01 -7.173942e-03 9.298598e-01 -4.746246e-01 1.425527e+00 -7.241731e-01 4.860006e+00 -7.848893e-01 2.874050e+00 -5.261048e-01 1.264825e+00
9.424000e+01 -3.509892e-01 5.662778e-01 -1.058085e-02 9.204242e-01 -4.691092e-01 1.402287e+00 -7.240031e-01 4.863470e+00 -7.906912e-01 2.861225e+00 -5.103615e-01 1.252876e+00
9.432000e+01 -3.540511e-01 5.254265e-01 -1.944065e-02 9.059038e-01 -4.661988e-01 1.378262e+00 -7.240614e-01 4.858437e+00 -7.953924e-01 2.848599e+00 -4.927603e-01 1.239452e+00
9.440000e+01 -3.592857e-01 4.780684e-01 -3.454453e-02 8.858879e-01 -4.666551e-01 1.352834e+00 -7.246117e-01 4.845902e+00 -7.989151e-01 2.832945e+00 -4.727776e-01 1.220003e+00
9.448000e+01 -3.636644e-01 4.341911e-01 -5.175386e-02 8.648891e-01 -4.689372e-01 1.328811e+00 -7.255287e-01 4.831572e+00 -8.025317e-01 2.817002e+00 -4.528756e-01 1.201706e+00
9.456000e+01 -3.675226e-01 3.912570e-01 -7.145780e-02 8.396831e-01 -4.727660e-01 1.303834e+00 -7.262488e-01 4.814909e+00 -8.052262e-01 2.799547e+00 -4.320507e-01 1.181851e+00
9.464000e+01 -3.695957e-01 3.471830e-01 -9.364114e-02 8.108912e-01 -4.783368e-01 1.277267e+00 -7.267157e-01 4.795882e+00 -8.064517e-01 2.780310e+00 -4.087187e-01 1.161664e+00
9.472000e+01 -3.693963e-01 3.000567e-01 -1.172834e-01 7.785039e-01 -4.848090e-01 1.243746e+00 -7.244763e-01 4.774366e+00 -8.054004e-01 2.759437e+00 -3.832402e-01 1.139451e+00
9.480000e+01 -3.674760e-01 2.561926e-01 -1.410725e-01 7.430413e-01 -4.908900e-01 1.212435e+00 -7.229347e-01 4.751757e+00 -8.040740e-01 2.737953e+00 -3.576726e-01 1.116789e+00
9.488000e+01 -3.640030e-01 2.119727e-01 -1.646893e-01 7.073472e-01 -4.952713e-01 1.182233e+00 -7.216257e-01 4.728506e+00 -8.029217e-01 2.715867e+00 -3.324237e-01 1.092703e+00
9.496000e+01 -3.587700e-01 1.687665e-01 -1.872279e-01 6.656061e-01 -5.013287e-01 1.153847e+00 -7.219188e-01 4.705615e+00 -8.020103e-01 2.692301e+00 -3.067055e-01 1.067028e+00
9.504000e+01 -3.509565e-01 1.280346e-01 -2.106126e-01 6.225471e-01 -5.079562e-01 1.119684e+00 -7.204380e-01 4.678075e+00 -7.984221e-01 2.667448e+00 -2.788274e-01 1.041810e+00
9.512000e+01 -3.400565e-01 8.956112e-02 -2.337073e-01 5.750954e-01 -5.140527e-01 1.080694e+00 -7.173473e-01 4.647526e+00 -7.926932e-01 2.641507e+00 -2.492967e-01 1.015364e+00
9.520000e+01 -3.266513e-01 5.164691e-02 -2.557499e-01 5.275057e-01 -5.188984e-01 1.039348e+00 -7.130491e-01 4.615529e+00 -7.860210e-01 2.615563e+00 -2.190999e-01 9.874244e-01
9.528000e+01 -3.176085e-01 1.987027e-02 -2.760607e-01 4.919623e-01 -5.231166e-01 1.000788e+00 -7.084742e-01 4.583188e+00 -7.796713e-01 2.591506e+00 -1.918156e-01 9.609673e-01
9.536000e+01 -2.998754e-01 -1.832705e-02 -2.923064e-01 4.441247e-01 -5.197645e-01 9.539361e-01 -7.010224e-01 4.571445e+00 -7.778653e-01 2.553418e+00 -1.634440e-01 9.258908e-01
9.544000e+01 -2.812348e-01 -4.432483e-02 -3.155115e-01 4.042900e-01 -5.291364e-01 9.143857e-01 -6.981705e-01 4.519253e+00 -7.613848e-01 2.528707e+00 -1.313710e-01 9.037665e-01
9.552000e+01 -2.587911e-01 -7.220960e-02 -3.357440e-01 3.625875e-01 -5.351186e-01 8.707263e-01 -6.926796e-01 4.477459e+00 -7.460049e-01 2.504953e+00 -9.838736e-02 8.774865e-01
9.560000e+01 -2.335113e-01 -1.009741e-01 -3.533228e-01 3.224229e-01 -5.382738e-01 8.255247e-01 -6.836230e-01 4.443618e+00 -7.301569e-01 2.480504e+00 -6.507819e-02 8.483314e-01
9.568000e+01 -2.041125e-01 -1.290262e-01 -3.689248e-01 2.817154e-01 -5.381126e-01 7.765862e-01 -6.691888e-01 4.409312e+00 -7.117092e-01 2.458184e+00 -2.857511e-02 8.149335e-01
9.576000e+01 -1.803814e-01 -1.554868e-01 -3.807478e-01 2.559635e-01 -5.355749e-01 7.368425e-01 -6.571383e-01 4.381190e+00 -6.985620e-01 2.435068e+00 1.266521e-03 7.803052e-01
9.584000e+01 -1.519775e-01 -1.764272e-01 -3.941768e-01 2.272435e-01 -5.310355e-01 6.859433e-01 -6.414486e-01 4.343982e+00 -6.813914e-01 2.406037e+00 3.430715e-02 7.428623e-01
9.592000e+01 -1.201295e-01 -1.932068e-01 -4.054347e-01 1.982296e-01 -5.228946e-01 6.341841e-01 -6.264167e-01 4.301609e+00 -6.634449e-01 2.374957e+00 6.689969e-02 7.060528e-01
9.600000e+01 -8.475945e-02 -2.100211e-01 -4.141079e-01 1.676612e-01 -5.115004e-01 5.790988e-01 -6.109185e-01 4.254828e+00 -6.442372e-01 2.342636e+00 1.001080e-01 6.669382e-01
9.608000e+01 -4.548857e-02 -2.232030e-01 -4.208496e-01 1.399708e-01 -4.992710e-01 5.152535e-01 -5.921241e-01 4.200403e+00 -6.206828e-01 2.308678e+00 1.363406e-01 6.264964e-01
9.616000e+01 6.254788e-04 -2.345750e-01 -4.241073e-01 1.044001e-01 -4.849683e-01 4.520128e-01 -5.773448e-01 4.143588e+00 -5.960722e-01 2.265964e+00 1.743359e-01 5.853466e-01
9.624000e+01 4.783012e-02 -2.420730e-01 -4.215349e-01 7.231991e-02 -4.671713e-01 3.881006e-01 -5.592296e-01 4.082879e+00 -5.714503e-01 2.230218e+00 2.121047e-01 5.405639e-01
9.632000e+01 9.517183e-02 -2.492166e-01 -4.152826e-01 4.149982e-02 -4.478525e-01 3.219957e-01 -5.391996e-01 4.019606e+00 -5.443426e-01 2.193172e+00 2.509470e-01 4.942286e-01
9.640000e+01 1.435627e-01 -2.536644e-01 -4.051102e-01 1.178644e-02 -4.272516e-01 2.556478e-01 -5.181106e-01 3.953488e+00 -5.153666e-01 2.153183e+00 2.896163e-01 4.473839e-01
9.648000e+01 1.941879e-01 -2.607376e-01 -3.876120e-01 -2.141951e-02 -3.977812e-01 1.793452e-01 -4.922338e-01 3.909933e+00 -4.906146e-01 2.104428e+00 3.274998e-01 3.923699e-01
9.656000e+01 2.449525e-01 -2.656103e-01 -3.678869e-01 -5.442153e-02 -3.687574e-01 1.062922e-01 -4.661358e-01 3.847263e+00 -4.634330e-01 2.055500e+00 3.660226e-01 3.368719e-01
9.664000e+01 2.875206e-01 -2.740830e-01 -3.409605e-01 -7.116968e-02 -3.315596e-01 3.460799e-02 -4.406096e-01 3.806721e+00 -4.452873e-01 2.002344e+00 3.989776e-01 2.717563e-01
9.672000e+01 3.358871e-01 -2.776178e-01 -3.133481e-01 -9.733468e-02 -2.965199e-01 -3.606265e-02 -4.134793e-01 3.745756e+00 -4.190608e-01 1.962709e+00 4.369201e-01 2.068946e-01
9.680000e+01 3.824955e-01 -2.764417e-01 -2.848785e-01 -1.245532e-01 -2.634259e-01 -1.053052e-01 -3.899508e-01 3.679358e+00 -3.931546e-01 1.918308e+00 4.719816e-01 1.446253e-01
9.688000e+01 4.214692e-01 -2.709516e-01 -2.559595e-01 -1.389960e-01 -2.336082e-01 -1.705285e-01 -3.682748e-01 3.610515e+00 -3.678319e-01 1.874904e+00 5.040889e-01 8.059538e-02
9.696000e+01 4.620380e-01 -2.702973e-01 -2.220291e-01 -1.684809e-01 -1.955133e-01 -2.383284e-01 -3.459899e-01 3.570912e+00 -3.510151e-01 1.810632e+00 5.343019e-01 3.010412e-03
9.704000e+01 5.002652e-01 -2.601159e-01 -1.906337e-01 -1.958520e-01 -1.675866e-01 -2.993324e-01 -3.297306e-01 3.519199e+00 -3.235084e-01 1.761711e+00 5.657890e-01 -6.277611e-02
9.712000e+01 5.365445e-01 -2.472475e-01 -1.564009e-01 -2.247002e-01 -1.423767e-01 -3.582574e-01 -3.105243e-01 3.455762e+00 -2.951985e-01 1.715787e+00 5.972878e-01 -1.273266e-01
9.720000e+01 5.735279e-01 -2.326098e-01 -1.185971e-01 -2.599027e-01 -1.197906e-01 -4.175417e-01 -2.923395e-01 3.389743e+00 -2.658366e-01 1.666275e+00 6.296688e-01 -1.906023e-01
9.728000e+01 6.069058e-01 -2.161324e-01 -7.717672e-02 -2.932016e-01 -1.001871e-01 -4.739076e-01 -2.716822e-01 3.317192e+00 -2.342590e-01 1.620628e+00 6.621964e-01 -2.545158e-01
9.736000e+01 6.450459e-01 -1.996722e-01 -3.119413e-02 -3.388382e-01 -8.206886e-02 -5.312902e-01 -2.487373e-01 3.241869e+00 -1.991721e-01 1.574618e+00 6.982551e-01 -3.162688e-01
9.744000e+01 6.778923e-01 -1.959260e-01 2.491245e-02 -3.892646e-01 -5.107059e-02 -5.965358e-01 -2.233811e-01 3.219516e+00 -1.783988e-01 1.508905e+00 7.290218e-01 -3.903979e-01
9.752000e+01 7.066397e-01 -1.927754e-01 8.380121e-02 -4.352419e-01 -2.103155e-02 -6.638530e-01 -1.974153e-01 3.194719e+00 -1.570697e-01 1.440841e+00 7.599932e-01 -4.627504e-01
9.760000e+01 7.286962e-01 -1.860868e-01 1.398859e-01 -4.768903e-01 2.080191e-03 -7.265305e-01 -1.767916e-01 3.147323e+00 -1.311928e-01 1.378080e+00 7.923731e-01 -5.335877e-01
9.768000e+01 7.488574e-01 -1.840863e-01 1.992694e-01 -5.134361e-01 2.363722e-02 -7.868088e-01 -1.570103e-01 3.086784e+00 -1.061750e-01 1.320098e+00 8.245048e-01 -5.997416e-01
9.776000e+01 7.637344e-01 -1.823895e-01 2.590457e-01 -5.406131e-01 4.330871e-02 -8.464633e-01 -1.425694e-01 3.028642e+00 -8.403151e-02 1.248763e+00 8.551184e-01 -6.627228e-01
9.784000e+01 7.753562e-01 -1.859718e-01 3.174496e-01 -5.601132e-01 6.008491e-02 -9.008388e-01 -1.290499e-01 2.961536e+00 -6.002933e-02 1.191545e+00 8.873764e-01 -7.214766e-01
9.792000e+01 7.855421e-01 -1.936266e-01 3.742954e-01 -5.747192e-01 7.473015e-02 -9.513054e-01 -1.151573e-01 2.889004e+00 -3.387444e-02 1.138115e+00 9.213064e-01 -7.770002e-01
9.800000e+01 7.894278e-01 -2.057704e-01 4.280327e-01 -5.781667e-01 8.708959e-02 -9.964942e-01 -1.014190e-01 2.815456e+00 -7.113240e-03 1.086457e+00 9.553122e-01 -8.329534e-01
9.808000e+01 7.871899e-01 -2.230503e-01 4.786808e-01 -5.638307e-01 9.778000e-02 -1.033476e+00 -8.810665e-02 2.744882e+00 1.928641e-02 1.037901e+00 9.875549e-01 -8.839042e-01
9.816000e+01 7.794912e-01 -2.482716e-01 5.175958e-01 -5.441875e-01 1.030708e-01 -1.073115e+00 -7.787360e-02 2.673614e+00 4.879749e-02 9.764682e-01 1.023396e+00 -9.383222e-01
9.824000e+01 7.715026e-01 -2.771862e-01 5.565636e-01 -5.176592e-01 1.103739e-01 -1.103569e+00 -6.596515e-02 2.602372e+00 7.629455e-02 9.239357e-01 1.058320e+00 -9.853695e-01
9.832000e+01 7.629100e-01 -3.117182e-01 5.937829e-01 -4.856827e-01 1.218217e-01 -1.130793e+00 -5.272770e-02 2.547607e+00 9.996423e-02 8.664707e-01 1.091629e+00 -1.031732e+00
9.840000e+01 7.511291e-01 -3.490339e-01 6.245409e-01 -4.411098e-01 1.296067e-01 -1.150998e+00 -4.188293e-02 2.490974e+00 1.257006e-01 8.153646e-01 1.125000e+00 -1.071629e+00
9.848000e+01 7.391968e-01 -3.916072e-01 6.506354e-01 -3.914507e-01 1.371303e-01 -1.164353e+00 -2.924611e-02 2.433625e+00 1.505607e-01 7.700637e-01 1.158207e+00 -1.106811e+00
9.856000e+01 7.249993e-01 -4.340558e-01 6.701704e-01 -3.381748e-01 1.424031e-01 -1.175019e+00 -1.830532e-02 2.375275e+00 1.751216e-01 7.207902e-01 1.191326e+00 -1.145838e+00
9.864000e+01 7.099293e-01 -4.746872e-01 6.845105e-01 -2.801386e-01 1.459491e-01 -1.180517e+00 -9.324579e-03 2.317282e+00 1.989339e-01 6.679871e-01 1.222567e+00 -1.177152e+00
9.872000e+01 6.949772e-01 -5.209775e-01 6.945138e-01 -2.211102e-01 1.505484e-01 -1.181550e+00 -7.974240e-04 2.265911e+00 2.201741e-01 6.148880e-01 1.252038e+00 -1.208544e+00
9.880000e+01 6.785571e-01 -5.699853e-01 6.974367e-01 -1.566486e-01 1.517650e-01 -1.175650e+00 4.900323e-03 2.215821e+00 2.404884e-01 5.637660e-01 1.279969e+00 -1.236890e+00
9.888000e+01 6.623045e-01 -6.133776e-01 6.945842e-01 -9.030594e-02 1.508557e-01 -1.167688e+00 7.546887e-03 2.166411e+00 2.604354e-01 5.071099e-01 1.306329e+00 -1.258727e+00
9.896000e+01 6.464450e-01 -6.584805e-01 6.869281e-01 -2.725897e-02 1.508357e-01 -1.154752e+00 1.000854e-02 2.120438e+00 2.780314e-01 4.547353e-01 1.331717e+00 -1.280431e+00
9.904000e+01 6.285553e-01 -7.013807e-01 6.726156e-01 3.310222e-02 1.479278e-01 -1.137078e+00 9.976256e-03 2.072436e+00 2.937982e-01 4.008303e-01 1.355558e+00 -1.307764e+00
9.912000e+01 6.122772e-01 -7.426696e-01 6.545427e-01 9.088940e-02 1.445342e-01 -1.118318e+00 1.047646e-02 2.026276e+00 3.099785e-01 3.477549e-01 1.377654e+00 -1.331075e+00
9.920000e+01 5.935610e-01 -7.812040e-01 6.318517e-01 1.499810e-01 1.386231e-01 -1.092387e+00 5.500524e-03 1.984712e+00 3.229317e-01 2.900526e-01 1.395017e+00 -1.349818e+00
9.928000e+01 5.770953e-01 -8.199216e-01 6.081225e-01 1.976021e-01 1.367390e-01 -1.066091e+00 1.480563e-03 1.956276e+00 3.315186e-01 2.307210e-01 1.410492e+00 -1.371217e+00
9.936000e+01 5.630183e-01 -8.556968e-01 5.837204e-01 2.334129e-01 1.348148e-01 -1.032141e+00 -7.040144e-03 1.927794e+00 3.376926e-01 1.707361e-01 1.424091e+00 -1.391787e+00
9.944000e+01 5.454698e-01 -8.837162e-01 5.564671e-01 2.674756e-01 1.285879e-01 -1.001842e+00 -1.529984e-02 1.900711e+00 3.433635e-01 1.125246e-01 1.435202e+00 -1.416393e+00
9.952000e+01 5.287804e-01 -9.070514e-01 5.303439e-01 2.957656e-01 1.219805e-01 -9.700871e-01 -2.359603e-02 1.873102e+00 3.491940e-01 5.739288e-02 1.443601e+00 -1.435526e+00
9.960000e+01 5.121185e-01 -9.262760e-01 5.059178e-01 3.188725e-01 1.149771e-01 -9.378364e-01 -3.259171e-02 1.845070e+00 3.543443e-01 3.333190e-03 1.449684e+00 -1.452339e+00
9.968000e+01 4.954048e-01 -9.419307e-01 4.839605e-01 3.367263e-01 1.078027e-01 -9.059769e-01 -4.167365e-02 1.816776e+00 3.589344e-01 -4.939273e-02 1.453733e+00 -1.467565e+00
9.976000e+01 4.786082e-01 -9.537131e-01 4.651976e-01 3.502766e-01 1.000442e-01 -8.743599e-01 -5.076628e-02 1.786199e+00 3.635856e-01 -1.012366e-01 1.456017e+00 -1.481290e+00
9.984000e+01 4.634053e-01 -9.611644e-01 4.495584e-01 3.574996e-01 9.092448e-02 -8.434553e-01 -5.925028e-02 1.749764e+00 3.697306e-01 -1.518807e-01 1.457884e+00 -1.492849e+00
9.992000e+01 4.464403e-01 -9.645033e-01 4.378829e-01 3.660092e-01 8.200977e-02 -8.178905e-01 -6.546103e-02 1.722957e+00 3.758688e-01 -2.019048e-01 1.457499e+00 -1.503029e+00
1.000000e+02 4.285483e-01 -9.665247e-01 4.313947e-01 3.709046e-01 7.643569e-02 -7.915656e-01 -7.245261e-02 1.707331e+00 3.778908e-01 -2.542499e-01 1.453544e+00 -1.513682e+00
1.000800e+02 4.085730e-01 -9.612776e-01 4.278530e-01 3.783877e-01 6.979665e-02 -7.633035e-01 -8.060189e-02 1.690864e+00 3.793286e-01 -3.014315e-01 1.446417e+00 -1.519344e+00
1.001600e+02 3.891627e-01 -9.513920e-01 4.262589e-01 3.819423e-01 6.260936e-02 -7.354294e-01 -8.860049e-02 1.674276e+00 3.810618e-01 -3.466432e-01 1.438256e+00 -1.521687e+00
1.002400e+02 3.662784e-01 -9.403805e-01 4.278414e-01 3.889686e-01 5.855245e-02 -7.069939e-01 -9.681603e-02 1.670701e+00 3.781766e-01 -3.926046e-01 1.426007e+00 -1.523294e+00
1.003200e+02 3.404858e-01 -9.210852e-01 4.308399e-01 4.009131e-01 5.413807e-02 -6.746980e-01 -1.058995e-01 1.667637e+00 3.740165e-01 -4.317836e-01 1.409769e+00 -1.519665e+00
1.004000e+02 3.134460e-01 -8.987657e-01 4.338684e-01 4.153929e-01 4.987785e-02 -6.390460e-01 -1.155521e-01 1.666420e+00 3.692272e-01 -4.653603e-01 1.391096e+00 -1.509166e+00
1.004800e+02 2.839138e-01 -8.747856e-01 4.357634e-01 4.314786e-01 4.556429e-02 -6.013892e-01 -1.259549e-01 1.666261e+00 3.638139e-01 -4.960230e-01 1.370795e+00 -1.497818e+00
1.005600e+02 2.517697e-01 -8.458709e-01 4.363191e-01 4.503457e-01 4.113932e-02 -5.600071e-01 -1.371531e-01 1.667577e+00 3.577347e-01 -5.224202e-01 1.347849e+00 -1.483424e+00
1.006400e+02 2.194224e-01 -8.030319e-01 4.372938e-01 4.753404e-01 3.735546e-02 -5.133526e-01 -1.495625e-01 1.674922e+00 3.495029e-01 -5.429190e-01 1.320040e+00 -1.463602e+00
1.007200e+02 1.825056e-01 -7.644117e-01 4.357845e-01 5.032906e-01 3.516309e-02 -4.626088e-01 -1.630251e-01 1.686769e+00 3.393185e-01 -5.587206e-01 1.289334e+00 -1.439934e+00
1.008000e+02 1.460143e-01 -7.240391e-01 4.316058e-01 5.303273e-01 3.372166e-02 -4.112448e-01 -1.767110e-01 1.700284e+00 3.300805e-01 -5.714672e-01 1.257972e+00 -1.412946e+00
1.008800e+02 1.074882e-01 -6.787979e-01 4.249796e-01 5.562826e-01 3.300103e-02 -3.594580e-01 -1.915747e-01 1.715278e+00 3.208955e-01 -5.841528e-01 1.225153e+00 -1.390049e+00
1.009600e+02 6.896958e-02 -6.317498e-01 4.191880e-01 5.820484e-01 3.450790e-02 -3.072444e-01 -2.064838e-01 1.732337e+00 3.101452e-01 -5.931673e-01 1.190271e+00 -1.365155e+00
1.010400e+02 3.187657e-02 -5.894882e-01 4.136032e-01 6.054007e-01 3.799150e-02 -2.554763e-01 -2.211257e-01 1.750516e+00 2.986760e-01 -5.993106e-01 1.154543e+00 -1.337720e+00
1.011200e+02 -6.482994e-03 -5.410669e-01 4.077351e-01 6.332486e-01 4.191882e-02 -2.026049e-01 -2.365846e-01 1.769732e+00 2.868388e-01 -6.038356e-01 1.116571e+00 -1.311230e+00
1.012000e+02 -4.553664e-02 -4.967900e-01 4.002947e-01 6.607129e-01 4.597396e-02 -1.491633e-01 -2.531087e-01 1.791008e+00 2.739626e-01 -6.075144e-01 1.077327e+00 -1.286330e+00
1.012800e+02 -8.330240e-02 -4.523361e-01 3.940369e-01 6.860309e-01 5.176864e-02 -9.678120e-02 -2.697582e-01 1.811662e+00 2.610422e-01 -6.095965e-01 1.037629e+00 -1.261947e+00
1.013600e+02 -1.151694e-01 -4.076392e-01 3.888490e-01 7.001596e-01 5.914425e-02 -4.757874e-02 -2.859243e-01 1.830473e+00 2.491237e-01 -6.116606e-01 9.993321e-01 -1.238769e+00
1.014400e+02 -1.500729e-01 -3.638346e-01 3.849788e-01 7.186621e-01 6.689268e-02 4.327803e-03 -3.030467e-01 1.851322e+00 2.355175e-01 -6.110623e-01 9.587946e-01 -1.215394e+00
1.015200e+02 -1.845201e-01 -3.195749e-01 3.827493e-01 7.342178e-01 7.585805e-02 5.631145e-02 -3.200199e-01 1.872829e+00 2.216501e-01 -6.080106e-01 9.176721e-01 -1.191592e+00
1.016000e+02 -2.199299e-01 -2.738137e-01 3.809957e-01 7.481381e-01 8.486784e-02 1.057835e-01 -3.365844e-01 1.894164e+00 2.084192e-01 -6.039829e-01 8.766472e-01 -1.169288e+00
1.016800e+02 -2.539975e-01 -2.281990e-01 3.812757e-01 7.581360e-01 9.452002e-02 1.573049e-01 -3.537036e-01 1.917115e+00 1.943713e-01 -5.973527e-01 8.346975e-01 -1.144643e+00
1.017600e+02 -2.881407e-01 -1.820124e-01 3.827938e-01 7.638386e-01 1.036714e-01 2.101415e-01 -3.714772e-01 1.941057e+00 1.800592e-01 -5.889854e-01 7.920527e-01 -1.119844e+00
1.018400e+02 -3.220651e-01 -1.477767e-01 3.824964e-01 7.596141e-01 1.113092e-01 2.625582e-01 -3.901640e-01 1.964000e+00 1.660167e-01 -5.805735e-01 7.517607e-01 -1.096343e+00
1.019200e+02 -3.564156e-01 -1.085876e-01 3.856013e-01 7.525116e-01 1.205681e-01 3.132635e-01 -4.088480e-01 1.996646e+00 1.488869e-01 -5.698902e-01 7.084954e-01 -1.074253e+00
1.020000e+02 -3.908913e-01 -6.758260e-02 3.900649e-01 7.459796e-01 1.290547e-01 3.667440e-01 -4.277850e-01 2.025942e+00 1.310158e-01 -5.529038e-01 6.651852e-01 -1.049847e+00
1.020800e+02 -4.270644e-01 -2.301454e-02 3.941216e-01 7.423970e-01 1.354891e-01 4.217314e-01 -4.478693e-01 2.056524e+00 1.126211e-01 -5.346032e-01 6.194032e-01 -1.021928e+00
1.021600e+02 -4.615327e-01 2.867292e-02 3.992131e-01 7.348082e-01 1.424998e-01 4.802739e-01 -4.670762e-01 2.090559e+00 9.368978e-02 -5.078133e-01 5.727376e-01 -9.921410e-01
1.022400e+02 -4.955858e-01 8.212619e-02 4.025418e-01 7.239999e-01 1.468156e-01 5.394083e-01 -4.876098e-01 2.126165e+00 7.581291e-02 -4.821081e-01 5.250163e-01 -9.599022e-01
1.023200e+02 -5.239702e-01 1.364826e-01 4.051659e-01 6.981791e-01 1.503602e-01 5.951658e-01 -5.069747e-01 2.160718e+00 6.026100e-02 -4.550379e-01 4.799902e-01 -9.254336e-01
1.024000e+02 -5.507979e-01 1.817423e-01 4.058458e-01 6.722158e-01 1.505446e-01 6.509478e-01 -5.268987e-01 2.197771e+00 4.376839e-02 -4.262676e-01 4.359220e-01 -8.907525e-01
1.024800e+02 -5.757889e-01 2.236689e-01 4.039956e-01 6.441998e-01 1.479949e-01 7.060966e-01 -5.473740e-01 2.236261e+00 2.670533e-02 -3.964834e-01 3.922524e-01 -8.583010e-01
1.025600e+02 -5.897625e-01 2.696350e-01 4.060015e-01 6.162500e-01 1.467878e-01 7.629537e-01 -5.655336e-01 2.280641e+00 1.146955e-02 -3.578831e-01 3.488940e-01 -8.054361e-01
1.026400e+02 -5.994222e-01 3.102778e-01 4.078236e-01 5.885160e-01 1.452804e-01 8.254795e-01 -5.840820e-01 2.330196e+00 -5.229135e-03 -3.107095e-01 3.103037e-01 -7.562728e-01
1.027200e+02 -6.092522e-01 3.533160e-01 4.052930e-01 5.619296e-01 1.383174e-01 8.903111e-01 -6.061202e-01 2.380141e+00 -2.273995e-02 -2.658749e-01 2.702015e-01 -7.085528e-01
1.028000e+02 -6.173340e-01 3.992660e-01 4.012758e-01 5.360486e-01 1.291717e-01 9.562955e-01 -6.295106e-01 2.434663e+00 -4.363041e-02 -2.183475e-01 2.272418e-01 -6.604779e-01
1.028800e+02 -6.239312e-01 4.419570e-01 3.951166e-01 5.127449e-01 1.170837e-01 1.019482e+00 -6.531597e-01 2.491244e+00 -6.552072e-02 -1.692549e-01 1.834678e-01 -6.124286e-01
1.029600e+02 -6.295087e-01 4.838573e-01 3.865984e-01 4.928647e-01 1.027513e-01 1.082075e+00 -6.776774e-01 2.547358e+00 -8.786911e-02 -1.161493e-01 1.381163e-01 -5.636658e-01
1.030400e+02 -6.317013e-01 5.116864e-01 3.736107e-01 4.714569e-01 8.598651e-02 1.140379e+00 -7.018461e-01 2.603397e+00 -1.094050e-01 -6.450027e-02 9.508687e-02 -5.143615e-01
1.031200e+02 -6.283143e-01 5.396483e-01 3.585407e-01 4.410901e-01 6.837151e-02 1.196082e+00 -7.270261e-01 2.657510e+00 -1.312847e-01 -1.463679e-02 5.339385e-02 -4.677288e-01
1.032000e+02 -6.202255e-01 5.743401e-01 3.457934e-01 4.084120e-01 5.157819e-02 1.246901e+00 -7.500441e-01 2.713496e+00 -1.537053e-01 3.761318e-02 1.083235e-02 -4.204279e-01
1.032800e+02 -6.113998e-01 6.039865e-01 3.325850e-01 3.863408e-01 3.353019e-02 1.295430e+00 -7.719683e-01 2.772204e+00 -1.771047e-01 9.360732e-02 -3.354106e-02 -3.698248e-01
1.033600e+02 -5.973921e-01 6.278849e-01 3.154586e-01 3.547094e-01 1.552071e-02 1.338225e+00 -7.924817e-01 2.828988e+00 -1.990620e-01 1.484863e-01 -7.427305e-02 -3.222639e-01
1.034400e+02 -5.837584e-01 6.566542e-01 2.995454e-01 3.380289e-01 -2.615760e-03 1.383543e+00 -8.131655e-01 2.890299e+00 -2.238692e-01 2.080929e-01 -1.191462e-01 -2.696385e-01
1.035200e+02 -5.673672e-01 6.817900e-01 2.806174e-01 3.155930e-01 -1.978945e-02 1.421997e+00 -8.327024e-01 2.954150e+00 -2.487612e-01 2.663121e-01 -1.627720e-01 -2.213086e-01
1.036000e+02 -5.537514e-01 7.068159e-01 2.578346e-01 3.075132e-01 -4.212805e-02 1.464576e+00 -8.534236e-01 3.001118e+00 -2.706519e-01 3.334720e-01 -2.065880e-01 -1.695162e-01
1.036800e+02 -5.422644e-01 7.266038e-01 2.338561e-01 3.093642e-01 -6.256889e-02 1.506103e+00 -8.724056e-01 3.054272e+00 -2.943751e-01 4.022206e-01 -2.503755e-01 -1.217243e-01
1.037600e+02 -5.330122e-01 7.398168e-01 2.010497e-01 3.193483e-01 -9.036215e-02 1.550869e+00 -8.931200e-01 3.087264e+00 -3.112734e-01 4.786988e-01 -2.897082e-01 -7.132497e-02
1.038400e+02 -5.239046e-01 7.536367e-01 1.702380e-01 3.339031e-01 -1.151341e-01 1.592352e+00 -9.122746e-01 3.131320e+00 -3.313532e-01 5.475153e-01 -3.311526e-01 -1.880841e-02
1.039200e+02 -5.141047e-01 7.623218e-01 1.397529e-01 3.542307e-01 -1.365915e-01 1.630729e+00 -9.288792e-01 3.187623e+00 -3.532227e-01 6.166876e-01 -3.734191e-01 3.296362e-02
1.040000e+02 -5.032397e-01 7.680573e-01 1.096734e-01 3.806944e-01 -1.553878e-01 1.668529e+00 -9.415676e-01 3.245383e+00 -3.750899e-01 6.914078e-01 -4.150542e-01 8.447093e-02
1.040800e+02 -4.834063e-01 7.761271e-01 7.928668e-02 4.031585e-01 -1.715906e-01 1.692683e+00 -9.463549e-01 3.300006e+00 -3.901737e-01 7.675318e-01 -4.499551e-01 1.417416e-01
1.041600e+02 -4.667256e-01 7.858055e-01 5.273072e-02 4.381440e-01 -1.856751e-01 1.725848e+00 -9.526428e-01 3.366728e+00 -4.104155e-01 8.467512e-01 -4.886800e-01 1.976711e-01
1.042400e+02 -4.510167e-01 7.988124e-01 2.506866e-02 4.832544e-01 -2.007036e-01 1.758678e+00 -9.574171e-01 3.428223e+00 -4.277369e-01 9.329374e-01 -5.275839e-01 2.575062e-01
1.043200e+02 -4.355683e-01 8.210028e-01 -4.109248e-03 5.374079e-01 -2.220416e-01 1.799407e+00 -9.620164e-01 3.464486e+00 -4.389001e-01 1.031665e+00 -5.649251e-01 3.270911e-01
1.044000e+02 -4.171590e-01 8.287080e-01 -2.896392e-02 5.812667e-01 -2.347331e-01 1.829153e+00 -9.643200e-01 3.530887e+00 -4.579216e-01 1.114163e+00 -6.003115e-01 3.822611e-01
1.044800e+02 -3.939846e-01 8.279839e-01 -5.754611e-02 6.180597e-01 -2.456096e-01 1.847977e+00 -9.613839e-01 3.587103e+00 -4.726297e-01 1.192121e+00 -6.297430e-01 4.388280e-01
1.045600e+02 -3.709902e-01 8.302127e-01 -8.114391e-02 6.577423e-01 -2.521588e-01 1.873522e+00 -9.603386e-01 3.652948e+00 -4.920724e-01 1.273617e+00 -6.619462e-01 4.964544e-01
1.046400e+02 -3.467665e-01 8.382685e-01 -1.028454e-01 7.008889e-01 -2.573227e-01 1.900218e+00 -9.599758e-01 3.721056e+00 -5.125014e-01 1.354354e+00 -6.945169e-01 5.572046e-01
1.047200e+02 -3.193707e-01 8.417586e-01 -1.242271e-01 7.367230e-01 -2.613794e-01 1.923506e+00 -9.583686e-01 3.790306e+00 -5.320995e-01 1.435046e+00 -7.233152e-01 6.175995e-01
1.048000e+02 -2.956123e-01 8.504700e-01 -1.444067e-01 7.759773e-01 -2.639384e-01 1.948124e+00 -9.579354e-01 3.862976e+00 -5.544596e-01 1.514678e+00 -7.538722e-01 6.698239e-01
1.048800e+02 -2.668530e-01 8.710654e-01 -1.605160e-01 8.163050e-01 -2.666112e-01 1.977245e+00 -9.538654e-01 3.923059e+00 -5.723679e-01 1.613212e+00 -7.839553e-01 7.326325e-01
1.049600e+02 -2.381846e-01 8.923085e-01 -1.739236e-01 8.580984e-01 -2.692341e-01 2.007810e+00 -9.488695e-01 3.982308e+00 -5.906903e-01 1.710257e+00 -8.156602e-01 7.973879e-01
1.050400e+02 -2.072449e-01 9.077237e-01 -1.845645e-01 8.934056e-01 -2.681449e-01 2.035767e+00 -9.422336e-01 4.052794e+00 -6.123923e-01 1.798626e+00 -8.460332e-01 8.598957e-01
1.051200e+02 -1.756408e-01 9.205461e-01 -1.941910e-01 9.171875e-01 -2.673870e-01 2.066964e+00 -9.384120e-01 4.128321e+00 -6.353225e-01 1.885051e+00 -8.736884e-01 9.185976e-01
1.052000e+02 -1.452680e-01 9.296067e-01 -2.025635e-01 9.374826e-01 -2.668387e-01 2.093005e+00 -9.340904e-01 4.208049e+00 -6.596838e-01 1.968521e+00 -9.006758e-01 9.767899e-01
1.052800e+02 -1.151417e-01 9.202037e-01 -2.136683e-01 9.361470e-01 -2.682117e-01 2.112296e+00 -9.310697e-01 4.290024e+00 -6.836020e-01 2.045271e+00 -9.209851e-01 1.032231e+00
1.053600e+02 -8.945784e-02 9.150337e-01 -2.230483e-01 9.392273e-01 -2.706907e-01 2.130167e+00 -9.322408e-01 4.369481e+00 -7.118237e-01 2.115764e+00 -9.413796e-01 1.082943e+00
1.054400e+02 -6.406606e-02 9.070559e-01 -2.305357e-01 9.368170e-01 -2.737932e-01 2.143687e+00 -9.312249e-01 4.446320e+00 -7.399548e-01 2.187615e+00 -9.597530e-01 1.133164e+00
1.055200e+02 -4.000276e-02 8.809928e-01 -2.412165e-01 9.232894e-01 -2.802243e-01 2.153157e+00 -9.336976e-01 4.519612e+00 -7.674687e-01 2.251281e+00 -9.718875e-01 1.178441e+00
1.056000e+02 -1.858334e-02 8.649451e-01 -2.533875e-01 9.122369e-01 -2.940369e-01 2.161215e+00 -9.356495e-01 4.574086e+00 -7.911743e-01 2.321160e+00 -9.811581e-01 1.222789e+00
1.056800e+02 2.655895e-03 8.434469e-01 -2.608323e-01 8.955924e-01 -3.042113e-01 2.162048e+00 -9.321539e-01 4.635860e+00 -8.182977e-01 2.383437e+00 -9.893136e-01 1.264787e+00
1.057600e+02 2.263969e-02 8.185113e-01 -2.678609e-01 8.760844e-01 -3.147788e-01 2.157238e+00 -9.288553e-01 4.704996e+00 -8.447896e-01 2.440722e+00 -9.936603e-01 1.304079e+00
1.058400e+02 4.355569e-02 7.997626e-01 -2.745272e-01 8.601814e-01 -3.316727e-01 2.155318e+00 -9.255569e-01 4.749204e+00 -8.626401e-01 2.507486e+00 -9.949825e-01 1.362324e+00
1.059200e+02 6.594337e-02 7.863292e-01 -2.815734e-01 8.487091e-01 -3.579830e-01 2.155868e+00 -9.192550e-01 4.752509e+00 -8.707829e-01 2.594075e+00 -9.884428e-01 1.430871e+00
1.060000e+02 8.547879e-02 7.677704e-01 -2.802699e-01 8.327676e-01 -3.751450e-01 2.149402e+00 -9.102388e-01 4.784082e+00 -8.911778e-01 2.662963e+00 -9.839171e-01 1.481374e+00
1.060800e+02 1.066634e-01 7.463553e-01 -2.768709e-01 8.149325e-01 -3.909699e-01 2.137560e+00 -8.984463e-01 4.832564e+00 -9.076639e-01 2.727720e+00 -9.755463e-01 1.535272e+00
1.061600e+02 1.253108e-01 7.124703e-01 -2.795187e-01 7.958769e-01 -4.143225e-01 2.122888e+00 -8.842110e-01 4.859002e+00 -9.145120e-01 2.796778e+00 -9.572090e-01 1.587330e+00
1.062400e+02 1.382664e-01 6.869755e-01 -2.816283e-01 7.816992e-01 -4.351966e-01 2.093132e+00 -8.675333e-01 4.899123e+00 -9.223141e-01 2.853767e+00 -9.377671e-01 1.630714e+00
1.063200e+02 1.482525e-01 6.671427e-01 -2.862450e-01 7.740050e-01 -4.670111e-01 2.074260e+00 -8.512223e-01 4.900472e+00 -9.174195e-01 2.930917e+00 -9.119527e-01 1.681950e+00
1.064000e+02 1.551970e-01 6.405238e-01 -2.843962e-01 7.605444e-01 -4.888476e-01 2.041648e+00 -8.310229e-01 4.924144e+00 -9.214539e-01 2.986586e+00 -8.872441e-01 1.720130e+00
1.064800e+02 1.505673e-01 6.152172e-01 -2.852691e-01 7.460289e-01 -5.093667e-01 2.001240e+00 -8.102689e-01 4.954034e+00 -9.307105e-01 3.023753e+00 -8.613099e-01 1.725940e+00
1.065600e+02 1.513348e-01 5.894406e-01 -2.804370e-01 7.325748e-01 -5.233450e-01 1.959242e+00 -7.861707e-01 4.979249e+00 -9.310544e-01 3.064979e+00 -8.318731e-01 1.750147e+00
1.066400e+02 1.406846e-01 5.631982e-01 -2.777414e-01 7.166639e-01 -5.346263e-01 1.913011e+00 -7.664555e-01 5.000254e+00 -9.412868e-01 3.085444e+00 -8.015658e-01 1.740493e+00
1.067200e+02 1.259927e-01 5.239494e-01 -2.788118e-01 6.975158e-01 -5.454211e-01 1.862775e+00 -7.480605e-01 4.999281e+00 -9.446534e-01 3.095439e+00 -7.659621e-01 1.722159e+00
1.068000e+02 1.053315e-01 4.944463e-01 -2.783311e-01 6.818132e-01 -5.554759e-01 1.816767e+00 -7.389777e-01 5.002978e+00 -9.467770e-01 3.104491e+00 -7.313547e-01 1.696461e+00
1.068800e+02 8.157276e-02 4.648712e-01 -2.758798e-01 6.665614e-01 -5.582822e-01 1.761597e+00 -7.254099e-01 5.013661e+00 -9.527801e-01 3.095226e+00 -6.963778e-01 1.655991e+00
1.069600e+02 5.959446e-02 4.373876e-01 -2.728880e-01 6.552566e-01 -5.583564e-01 1.704501e+00 -7.152417e-01 5.024893e+00 -9.596631e-01 3.072342e+00 -6.583460e-01 1.612407e+00
1.070400e+02 4.065812e-02 3.950551e-01 -2.686254e-01 6.422560e-01 -5.543027e-01 1.645607e+00 -7.034800e-01 5.025556e+00 -9.590289e-01 3.051797e+00 -6.179050e-01 1.578153e+00
1.071200e+02 1.745163e-02 3.620878e-01 -2.643952e-01 6.357446e-01 -5.488331e-01 1.586491e+00 -6.933311e-01 5.015661e+00 -9.595712e-01 3.027778e+00 -5.793656e-01 1.532647e+00
1.072000e+02 -3.232034e-03 3.369802e-01 -2.571236e-01 6.354563e-01 -5.408824e-01 1.529595e+00 -6.835603e-01 4.996864e+00 -9.559519e-01 3.003164e+00 -5.437807e-01 1.494158e+00
1.072800e+02 -1.705107e-02 3.078785e-01 -2.486461e-01 6.263723e-01 -5.295628e-01 1.469422e+00 -6.730463e-01 4.970598e+00 -9.490040e-01 2.976530e+00 -5.066128e-01 1.455299e+00
1.073600e+02 -3.192161e-02 2.788744e-01 -2.393846e-01 6.273257e-01 -5.182829e-01 1.408033e+00 -6.615069e-01 4.942014e+00 -9.398014e-01 2.948778e+00 -4.714404e-01 1.414587e+00
1.074400e+02 -4.304782e-02 2.483014e-01 -2.286793e-01 6.333063e-01 -5.048150e-01 1.351776e+00 -6.514649e-01 4.913718e+00 -9.293736e-01 2.922158e+00 -4.393327e-01 1.380139e+00
1.075200e+02 -5.795382e-02 2.226845e-01 -2.226327e-01 6.454984e-01 -4.947393e-01 1.299109e+00 -6.468543e-01 4.880834e+00 -9.188373e-01 2.882685e+00 -4.143600e-01 1.347693e+00
1.076000e+02 -7.617947e-02 1.937926e-01 -2.179771e-01 6.669698e-01 -4.827931e-01 1.252119e+00 -6.416136e-01 4.846866e+00 -9.063509e-01 2.849202e+00 -3.921708e-01 1.310950e+00
1.076800e+02 -9.782299e-02 1.643761e-01 -2.230950e-01 6.713713e-01 -4.770396e-01 1.205486e+00 -6.427562e-01 4.805620e+00 -8.970301e-01 2.802136e+00 -3.717714e-01 1.238026e+00
1.077600e+02 -1.118848e-01 1.385136e-01 -2.305630e-01 6.813587e-01 -4.704430e-01 1.154460e+00 -6.403698e-01 4.760334e+00 -8.807588e-01 2.752452e+00 -3.545388e-01 1.190795e+00
1.078400e+02 -1.228915e-01 1.033958e-01 -2.364528e-01 6.888526e-01 -4.525764e-01 1.109158e+00 -6.381977e-01 4.741059e+00 -8.750461e-01 2.696151e+00 -3.421115e-01 1.139872e+00
1.079200e+02 -1.373537e-01 7.747633e-02 -2.538363e-01 6.957708e-01 -4.459944e-01 1.066725e+00 -6.422343e-01 4.702963e+00 -8.643376e-01 2.644810e+00 -3.288055e-01 1.086426e+00
1.080000e+02 -1.443066e-01 5.038981e-02 -2.701859e-01 6.969326e-01 -4.367597e-01 1.027952e+00 -6.415505e-01 4.657878e+00 -8.521881e-01 2.604397e+00 -3.167056e-01 1.051470e+00
1.080800e+02 -1.538893e-01 2.440951e-02 -2.876935e-01 7.068477e-01 -4.292032e-01 1.000059e+00 -6.433815e-01 4.616089e+00 -8.468551e-01 2.569851e+00 -3.084299e-01 1.023376e+00
1.081600e+02 -1.610280e-01 1.117140e-03 -3.096388e-01 7.040436e-01 -4.236990e-01 9.763298e-01 -6.482101e-01 4.575370e+00 -8.471828e-01 2.529545e+00 -3.011162e-01 9.955251e-01
1.082400e+02 -1.654459e-01 -1.842715e-02 -3.325570e-01 6.924721e-01 -4.188363e-01 9.495991e-01 -6.507733e-01 4.532690e+00 -8.485192e-01 2.492399e+00 -2.912698e-01 9.695086e-01
1.083200e+02 -1.634986e-01 -3.550802e-02 -3.528621e-01 6.700758e-01 -4.118237e-01 9.242333e-01 -6.500251e-01 4.489895e+00 -8.499229e-01 2.465988e+00 -2.769217e-01 9.465665e-01
1.084000e+02 -1.579764e-01 -4.762610e-02 -3.704555e-01 6.376811e-01 -4.058422e-01 8.977340e-01 -6.489137e-01 4.447789e+00 -8.554824e-01 2.440203e+00 -2.612320e-01 9.237543e-01
1.084800e+02 -1.480295e-01 -5.508740e-02 -3.823187e-01 5.986716e-01 -3.994493e-01 8.665366e-01 -6.447216e-01 4.406914e+00 -8.629942e-01 2.416065e+00 -2.430259e-01 9.017150e-01
1.085600e+02 -1.335907e-01 -5.521351e-02 -3.866600e-01 5.510138e-01 -3.931988e-01 8.363633e-01 -6.401437e-01 4.366528e+00 -8.727960e-01 2.393873e+00 -2.223870e-01 8.799177e-01
1.086400e+02 -1.157873e-01 -5.420251e-02 -3.840061e-01 4.993520e-01 -3.880587e-01 8.013851e-01 -6.329414e-01 4.326488e+00 -8.838782e-01 2.373017e+00 -1.981790e-01 8.572665e-01
1.087200e+02 -9.681400e-02 -4.407306e-02 -3.653473e-01 4.548340e-01 -3.738863e-01 7.701712e-01 -6.207218e-01 4.310596e+00 -9.050887e-01 2.362179e+00 -1.769164e-01 8.269385e-01
1.088000e+02 -7.714310e-02 -3.171342e-02 -3.472210e-01 4.015374e-01 -3.669716e-01 7.364202e-01 -6.141274e-01 4.287756e+00 -9.218382e-01 2.347875e+00 -1.517097e-01 7.955204e-01
1.088800e+02 -5.473574e-02 -1.435763e-02 -3.250494e-01 3.480210e-01 -3.635286e-01 6.996059e-01 -6.094340e-01 4.257595e+00 -9.391927e-01 2.328783e+00 -1.238611e-01 7.668224e-01
1.089600e+02 -2.852376e-02 4.718391e-03 -2.970026e-01 2.886107e-01 -3.623427e-01 6.601957e-01 -6.026323e-01 4.221617e+00 -9.568702e-01 2.313549e+00 -9.452762e-02 7.393735e-01
1.090400e+02 -1.790947e-03 2.473646e-02 -2.615831e-01 2.315794e-01 -3.585420e-01 6.165376e-01 -5.909853e-01 4.188991e+00 -9.751412e-01 2.305149e+00 -6.381276e-02 7.071849e-01
1.091200e+02 2.358089e-02 4.656182e-02 -2.237032e-01 1.777372e-01 -3.570959e-01 5.739610e-01 -5.822044e-01 4.156503e+00 -9.919540e-01 2.289000e+00 -3.355321e-02 6.770473e-01
1.092000e+02 4.833783e-02 6.838714e-02 -1.841936e-01 1.280886e-01 -3.570624e-01 5.286768e-01 -5.729185e-01 4.122376e+00 -1.006593e+00 2.269845e+00 -3.055456e-03 6.487115e-01
1.092800e+02 6.768382e-02 9.833382e-02 -1.453009e-01 8.559785e-02 -3.612327e-01 4.826314e-01 -5.667951e-01 4.083640e+00 -1.019341e+00 2.239430e+00 2.297434e-02 6.241560e-01
1.093600e+02 8.620590e-02 1.269516e-01 -1.041426e-01 4.765498e-02 -3.646705e-01 4.372222e-01 -5.593424e-01 4.041069e+00 -1.026331e+00 2.213019e+00 4.999836e-02 5.993179e-01
1.094400e+02 1.006649e-01 1.554831e-01 -6.428933e-02 1.551873e-02 -3.696588e-01 3.908170e-01 -5.511066e-01 3.992472e+00 -1.027924e+00 2.186881e+00 7.652344e-02 5.703433e-01
1.095200e+02 1.146793e-01 1.819831e-01 -2.454676e-02 -1.510290e-02 -3.731495e-01 3.437936e-01 -5.412385e-01 3.941173e+00 -1.024008e+00 2.161537e+00 1.019151e-01 5.402240e-01
1.096000e+02 1.266564e-01 2.009530e-01 1.755759e-02 -4.370219e-02 -3.674343e-01 2.915636e-01 -5.283094e-01 3.910585e+00 -1.020776e+00 2.126130e+00 1.243298e-01 5.034735e-01
1.096800e+02 1.336828e-01 2.224386e-01 5.366409e-02 -6.322687e-02 -3.659620e-01 2.411627e-01 -5.190894e-01 3.865697e+00 -1.007456e+00 2.097635e+00 1.469605e-01 4.650219e-01
1.097600e+02 1.398880e-01 2.391600e-01 8.925673e-02 -7.838988e-02 -3.609399e-01 1.906921e-01 -5.069079e-01 3.813001e+00 -9.873401e-01 2.072930e+00 1.683863e-01 4.293708e-01
1.098400e+02 1.463959e-01 2.449192e-01 1.260129e-01 -9.185100e-02 -3.479509e-01 1.383780e-01 -4.914917e-01 3.770269e+00 -9.657302e-01 2.050694e+00 1.910289e-01 3.842733e-01
1.099200e+02 1.534463e-01 2.505245e-01 1.595887e-01 -9.905383e-02 -3.355999e-01 8.774753e-02 -4.789654e-01 3.724712e+00 -9.376527e-01 2.030699e+00 2.124798e-01 3.472995e-01
1.100000e+02 1.607582e-01 2.516143e-01 1.912879e-01 -1.026016e-01 -3.206323e-01 3.949647e-02 -4.672485e-01 3.678606e+00 -9.069762e-01 2.010115e+00 2.326404e-01 3.146802e-01
1.100800e+02 1.676031e-01 2.425928e-01 2.231476e-01 -1.077453e-01 -2.972319e-01 -1.286798e-02 -4.546725e-01 3.655365e+00 -8.807180e-01 1.977473e+00 2.519913e-01 2.708131e-01
1.101600e+02 1.743563e-01 2.279751e-01 2.525548e-01 -1.117332e-01 -2.699624e-01 -6.674069e-02 -4.415097e-01 3.649389e+00 -8.549646e-01 1.938430e+00 2.709882e-01 2.228966e-01
1.102400e+02 1.815098e-01 2.117376e-01 2.772762e-01 -1.113483e-01 -2.455911e-01 -1.146274e-01 -4.304872e-01 3.629563e+00 -8.237597e-01 1.913783e+00 2.930993e-01 1.748813e-01
1.103200e+02 1.881499e-01 1.947173e-01 2.952538e-01 -1.129446e-01 -2.258855e-01 -1.616475e-01 -4.251547e-01 3.598049e+00 -7.950457e-01 1.875623e+00 3.127459e-01 1.303603e-01
1.104000e+02 1.933904e-01 1.667745e-01 3.148538e-01 -1.117344e-01 -1.984925e-01 -2.099056e-01 -4.179287e-01 3.589578e+00 -7.763378e-01 1.831688e+00 3.303428e-01 7.695587e-02
1.104800e+02 1.982066e-01 1.408906e-01 3.265269e-01 -1.086330e-01 -1.784283e-01 -2.529278e-01 -4.142016e-01 3.567124e+00 -7.521848e-01 1.792526e+00 3.491583e-01 3.048334e-02
1.105600e+02 2.046930e-01 1.112174e-01 3.363705e-01 -1.057027e-01 -1.593399e-01 -2.931382e-01 -4.073892e-01 3.538043e+00 -7.269227e-01 1.763677e+00 3.704826e-01 -1.918763e-02
1.106400e+02 2.085355e-01 8.107130e-02 3.416422e-01 -9.545155e-02 -1.462657e-01 -3.265547e-01 -4.023889e-01 3.503333e+00 -7.025068e-01 1.733444e+00 3.894885e-01 -6.329964e-02
1.107200e+02 2.136110e-01 4.946725e-02 3.429916e-01 -8.836102e-02 -1.365624e-01 -3.578033e-01 -3.965349e-01 3.470067e+00 -6.781083e-01 1.702233e+00 4.087686e-01 -1.048900e-01
1.108000e+02 2.184015e-01 1.481305e-02 3.408497e-01 -7.789658e-02 -1.319274e-01 -3.855922e-01 -3.899900e-01 3.431311e+00 -6.523078e-01 1.671825e+00 4.291473e-01 -1.450873e-01
1.108800e+02 2.217435e-01 -2.013997e-02 3.361668e-01 -6.604671e-02 -1.296304e-01 -4.098726e-01 -3.825634e-01 3.397371e+00 -6.273497e-01 1.641499e+00 4.487086e-01 -1.830088e-01
1.109600e+02 2.274217e-01 -5.907114e-02 3.288749e-01 -5.929052e-02 -1.298953e-01 -4.337365e-01 -3.741762e-01 3.361524e+00 -6.018114e-01 1.610047e+00 4.701330e-01 -2.202108e-01
1.110400e+02 2.346813e-01 -9.727086e-02 3.204773e-01 -5.629863e-02 -1.316726e-01 -4.571832e-01 -3.648898e-01 3.324204e+00 -5.757827e-01 1.578151e+00 4.922681e-01 -2.567913e-01
1.111200e+02 2.424242e-01 -1.365961e-01 3.112432e-01 -5.573374e-02 -1.346510e-01 -4.767095e-01 -3.558847e-01 3.286688e+00 -5.509834e-01 1.546787e+00 5.140162e-01 -2.920887e-01
1.112000e+02 2.514542e-01 -1.755786e-01 3.022393e-01 -5.612850e-02 -1.385610e-01 -4.973424e-01 -3.460098e-01 3.247855e+00 -5.260448e-01 1.515225e+00 5.364121e-01 -3.266847e-01
1.112800e+02 2.620145e-01 -2.144683e-01 2.932327e-01 -5.887029e-02 -1.428566e-01 -5.177981e-01 -3.359250e-01 3.208044e+00 -5.011886e-01 1.483344e+00 5.593365e-01 -3.610140e-01
1.113600e+02 2.736514e-01 -2.527498e-01 2.843882e-01 -6.421257e-02 -1.465962e-01 -5.392605e-01 -3.251961e-01 3.167058e+00 -4.761435e-01 1.451124e+00 5.827911e-01 -3.950970e-01
1.114400e+02 2.859509e-01 -2.908352e-01 2.758808e-01 -6.990943e-02 -1.505066e-01 -5.600625e-01 -3.145625e-01 3.125521e+00 -4.514634e-01 1.418851e+00 6.060975e-01 -4.292690e-01
1.115200e+02 2.988163e-01 -3.283890e-01 2.673099e-01 -7.605955e-02 -1.547592e-01 -5.804407e-01 -3.051724e-01 3.083066e+00 -4.268415e-01 1.384508e+00 6.297552e-01 -4.629820e-01
1.116000e+02 3.127826e-01 -3.641046e-01 2.597491e-01 -8.196826e-02 -1.583529e-01 -6.032951e-01 -2.943089e-01 3.038633e+00 -4.016810e-01 1.350410e+00 6.539258e-01 -4.962181e-01
1.116800e+02 3.279088e-01 -4.040301e-01 2.554607e-01 -9.342357e-02 -1.545072e-01 -6.302784e-01 -2.829662e-01 3.015043e+00 -3.824195e-01 1.308698e+00 6.756082e-01 -5.353147e-01
1.117600e+02 3.438106e-01 -4.444554e-01 2.527250e-01 -1.072882e-01 -1.471462e-01 -6.571121e-01 -2.715313e-01 2.990235e+00 -3.663753e-01 1.261493e+00 6.959968e-01 -5.768403e-01
1.118400e+02 3.606903e-01 -4.867093e-01 2.525388e-01 -1.254667e-01 -1.333038e-01 -6.909509e-01 -2.619723e-01 2.984073e+00 -3.554439e-01 1.206781e+00 7.143767e-01 -6.224977e-01
1.119200e+02 3.737573e-01 -5.221725e-01 2.488655e-01 -1.380852e-01 -1.241909e-01 -7.187098e-01 -2.555876e-01 2.955128e+00 -3.415749e-01 1.159677e+00 7.314676e-01 -6.674351e-01
1.120000e+02 3.859589e-01 -5.551501e-01 2.442743e-01 -1.508343e-01 -1.165325e-01 -7.481344e-01 -2.501593e-01 2.913874e+00 -3.272492e-01 1.113614e+00 7.482255e-01 -7.136422e-01
1.120800e+02 3.993772e-01 -5.853881e-01 2.407104e-01 -1.618290e-01 -1.091361e-01 -7.752437e-01 -2.459063e-01 2.866953e+00 -3.124658e-01 1.070510e+00 7.635510e-01 -7.553229e-01
1.121600e+02 4.131104e-01 -6.081826e-01 2.385002e-01 -1.686503e-01 -1.023880e-01 -7.990838e-01 -2.427748e-01 2.817785e+00 -2.971692e-01 1.029930e+00 7.769946e-01 -7.940800e-01
1.122400e+02 4.274875e-01 -6.296659e-01 2.368083e-01 -1.741356e-01 -9.621617e-02 -8.207680e-01 -2.396396e-01 2.768071e+00 -2.808199e-01 9.925610e-01 7.903988e-01 -8.301983e-01
1.123200e+02 4.418775e-01 -6.469838e-01 2.347591e-01 -1.761165e-01 -9.175135e-02 -8.401089e-01 -2.370919e-01 2.718123e+00 -2.634557e-01 9.546532e-01 8.036713e-01 -8.619155e-01
1.124000e+02 4.576759e-01 -6.611297e-01 2.350460e-01 -1.736134e-01 -8.676988e-02 -8.601425e-01 -2.328540e-01 2.670210e+00 -2.449512e-01 9.200593e-01 8.159238e-01 -8.921115e-01
1.124800e+02 4.742513e-01 -6.729139e-01 2.360091e-01 -1.696278e-01 -8.119927e-02 -8.758042e-01 -2.278229e-01 2.625839e+00 -2.272542e-01 8.892968e-01 8.266846e-01 -9.178912e-01
1.125600e+02 4.894771e-01 -6.794131e-01 2.349146e-01 -1.624450e-01 -7.869720e-02 -8.884958e-01 -2.267340e-01 2.582527e+00 -2.088485e-01 8.503570e-01 8.361312e-01 -9.405377e-01
1.126400e+02 5.048943e-01 -6.819108e-01 2.356008e-01 -1.525026e-01 -7.530047e-02 -8.992375e-01 -2.230765e-01 2.539390e+00 -1.912325e-01 8.195703e-01 8.447944e-01 -9.628021e-01
1.127200e+02 5.197370e-01 -6.830297e-01 2.366058e-01 -1.413307e-01 -7.178113e-02 -9.086698e-01 -2.185954e-01 2.497494e+00 -1.732762e-01 7.898170e-01 8.529567e-01 -9.843021e-01
1.128000e+02 5.337852e-01 -6.818779e-01 2.381152e-01 -1.287601e-01 -6.795367e-02 -9.169084e-01 -2.135125e-01 2.457445e+00 -1.553130e-01 7.607839e-01 8.603949e-01 -1.005000e+00
1.128800e+02 5.465684e-01 -6.785569e-01 2.400040e-01 -1.148679e-01 -6.403478e-02 -9.237736e-01 -2.080759e-01 2.418329e+00 -1.373507e-01 7.322889e-01 8.672033e-01 -1.024852e+00
1.129600e+02 5.571679e-01 -6.737899e-01 2.415127e-01 -1.012754e-01 -6.010455e-02 -9.269762e-01 -2.030462e-01 2.380851e+00 -1.200561e-01 7.042619e-01 8.729420e-01 -1.044005e+00
1.130400e+02 5.616667e-01 -6.664814e-01 2.406132e-01 -8.726592e-02 -5.928911e-02 -9.247981e-01 -2.049717e-01 2.343304e+00 -1.045010e-01 6.663228e-01 8.770771e-01 -1.065337e+00
1.131200e+02 5.650190e-01 -6.583418e-01 2.415890e-01 -7.194908e-02 -5.767460e-02 -9.245129e-01 -2.029815e-01 2.304835e+00 -8.871670e-02 6.356480e-01 8.812195e-01 -1.084752e+00
1.132000e+02 5.660993e-01 -6.497390e-01 2.434417e-01 -5.611297e-02 -5.537036e-02 -9.232161e-01 -2.002381e-01 2.267661e+00 -7.282353e-02 6.055764e-01 8.853573e-01 -1.102718e+00
1.132800e+02 5.638051e-01 -6.398919e-01 2.463175e-01 -3.703892e-02 -5.281291e-02 -9.203534e-01 -1.974352e-01 2.232154e+00 -5.738417e-02 5.757468e-01 8.888036e-01 -1.118727e+00
1.133600e+02 5.589030e-01 -6.311665e-01 2.495750e-01 -1.908799e-02 -4.951523e-02 -9.165385e-01 -1.942847e-01 2.197517e+00 -4.196428e-02 5.461767e-01 8.928075e-01 -1.133586e+00
1.134400e+02 5.512275e-01 -6.238093e-01 2.535917e-01 -1.347007e-03 -4.564437e-02 -9.119018e-01 -1.909187e-01 2.163792e+00 -2.667120e-02 5.167663e-01 8.973153e-01 -1.147263e+00
1.135200e+02 5.416788e-01 -6.202962e-01 2.602840e-01 1.524389e-02 -3.761788e-02 -9.124057e-01 -1.851612e-01 2.141989e+00 -1.403990e-02 4.817121e-01 9.021881e-01 -1.162725e+00
1.136000e+02 5.288785e-01 -6.168689e-01 2.665901e-01 3.277182e-02 -3.047339e-02 -9.100035e-01 -1.813367e-01 2.116944e+00 -4.741378e-04 4.500615e-01 9.073143e-01 -1.175252e+00
1.136800e+02 5.127448e-01 -6.039989e-01 2.767619e-01 5.486620e-02 -2.154229e-02 -9.043438e-01 -1.779406e-01 2.095238e+00 1.087852e-02 4.226399e-01 9.086218e-01 -1.181129e+00
1.137600e+02 4.935427e-01 -5.989716e-01 2.851139e-01 7.662202e-02 -1.433841e-02 -8.977094e-01 -1.754223e-01 2.068785e+00 2.259510e-02 3.934443e-01 9.118152e-01 -1.188992e+00
1.138400e+02 4.722141e-01 -5.983825e-01 2.929997e-01 9.830320e-02 -7.547089e-03 -8.899575e-01 -1.731397e-01 2.041553e+00 3.408892e-02 3.644190e-01 9.159185e-01 -1.196309e+00
1.139200e+02 4.516186e-01 -6.018502e-01 3.015985e-01 1.206032e-01 -3.102730e-04 -8.804639e-01 -1.706868e-01 2.015232e+00 4.549741e-02 3.372277e-01 9.207652e-01 -1.197621e+00
1.140000e+02 4.288564e-01 -6.117712e-01 3.106254e-01 1.407338e-01 9.941017e-03 -8.730357e-01 -1.684066e-01 2.001850e+00 5.273982e-02 3.039643e-01 9.255490e-01 -1.204447e+00
1.140800e+02 4.049494e-01 -6.320327e-01 3.151987e-01 1.582413e-01 1.770516e-02 -8.664667e-01 -1.665781e-01 1.981849e+00 6.166555e-02 2.717875e-01 9.331850e-01 -1.210896e+00
1.141600e+02 3.804672e-01 -6.596670e-01 3.166292e-01 1.779507e-01 2.344934e-02 -8.582433e-01 -1.655580e-01 1.957067e+00 7.051369e-02 2.372707e-01 9.430450e-01 -1.220496e+00
1.142400e+02 3.556983e-01 -6.820315e-01 3.162573e-01 2.015380e-01 2.561419e-02 -8.451086e-01 -1.653528e-01 1.925871e+00 8.209115e-02 2.098487e-01 9.526114e-01 -1.223602e+00
1.143200e+02 3.338054e-01 -7.053761e-01 3.169755e-01 2.250060e-01 2.960561e-02 -8.309795e-01 -1.654268e-01 1.905972e+00 9.245376e-02 1.832535e-01 9.614234e-01 -1.221518e+00
1.144000e+02 3.112805e-01 -7.235098e-01 3.173718e-01 2.506360e-01 3.325869e-02 -8.149893e-01 -1.658268e-01 1.887129e+00 1.015445e-01 1.574467e-01 9.690533e-01 -1.220514e+00
1.144800e+02 2.888774e-01 -7.437018e-01 3.160218e-01 2.757595e-01 3.634853e-02 -7.985370e-01 -1.665018e-01 1.868068e+00 1.101917e-01 1.312357e-01 9.764429e-01 -1.220271e+00
1.145600e+02 2.701110e-01 -7.654422e-01 3.125175e-01 2.954800e-01 3.878205e-02 -7.834176e-01 -1.671723e-01 1.847858e+00 1.191434e-01 1.037875e-01 9.848906e-01 -1.220925e+00
1.146400e+02 2.504572e-01 -7.863638e-01 3.080469e-01 3.175149e-01 4.115105e-02 -7.674140e-01 -1.683913e-01 1.828376e+00 1.269131e-01 7.632518e-02 9.920331e-01 -1.222224e+00
1.147200e+02 2.320688e-01 -8.050434e-01 3.036615e-01 3.360478e-01 4.565713e-02 -7.533535e-01 -1.702041e-01 1.818354e+00 1.304416e-01 4.248057e-02 9.971550e-01 -1.230172e+00
1.148000e+02 2.132065e-01 -8.199728e-01 2.983153e-01 3.558314e-01 4.943785e-02 -7.380750e-01 -1.729832e-01 1.806735e+00 1.338507e-01 1.089072e-02 9.996959e-01 -1.235600e+00
1.148800e+02 1.984563e-01 -8.306684e-01 2.927234e-01 3.703347e-01 5.261416e-02 -7.232541e-01 -1.760566e-01 1.792636e+00 1.379915e-01 -1.952110e-02 1.001994e+00 -1.239722e+00
1.149600e+02 1.823497e-01 -8.379457e-01 2.875701e-01 3.886532e-01 5.522916e-02 -7.068961e-01 -1.797780e-01 1.778569e+00 1.412751e-01 -4.837009e-02 1.002398e+00 -1.242636e+00
1.150400e+02 1.668589e-01 -8.413597e-01 2.826206e-01 4.060994e-01 5.734164e-02 -6.888010e-01 -1.838397e-01 1.762730e+00 1.446550e-01 -7.607794e-02 1.001896e+00 -1.244299e+00
1.151200e+02 1.523204e-01 -8.436507e-01 2.797874e-01 4.202699e-01 6.271206e-02 -6.721655e-01 -1.877194e-01 1.758796e+00 1.445479e-01 -1.076267e-01 9.994324e-01 -1.247759e+00
1.152000e+02 1.380092e-01 -8.415478e-01 2.771577e-01 4.339829e-01 6.707070e-02 -6.544888e-01 -1.921899e-01 1.752461e+00 1.445832e-01 -1.359599e-01 9.959117e-01 -1.248957e+00
1.152800e+02 1.224541e-01 -8.330724e-01 2.758257e-01 4.512507e-01 7.072846e-02 -6.339426e-01 -1.977495e-01 1.746219e+00 1.434536e-01 -1.614599e-01 9.896928e-01 -1.248028e+00
1.153600e+02 1.068141e-01 -8.226241e-01 2.744206e-01 4.653943e-01 7.354142e-02 -6.120511e-01 -2.047994e-01 1.739321e+00 1.420329e-01 -1.877136e-01 9.824755e-01 -1.245497e+00
1.154400e+02 9.144195e-02 -8.087254e-01 2.744744e-01 4.781398e-01 7.692174e-02 -5.894415e-01 -2.115450e-01 1.732771e+00 1.402616e-01 -2.110555e-01 9.742191e-01 -1.241550e+00
1.155200e+02 7.474027e-02 -7.933853e-01 2.755211e-01 4.933243e-01 7.947900e-02 -5.648099e-01 -2.189379e-01 1.726787e+00 1.377704e-01 -2.324182e-01 9.644533e-01 -1.236238e+00
1.156000e+02 5.874219e-02 -7.760955e-01 2.771863e-01 5.064067e-01 8.150341e-02 -5.394061e-01 -2.268078e-01 1.720805e+00 1.358638e-01 -2.535640e-01 9.540482e-01 -1.230435e+00
1.156800e+02 4.236407e-02 -7.569935e-01 2.798818e-01 5.181001e-01 8.341282e-02 -5.132849e-01 -2.347725e-01 1.715638e+00 1.334021e-01 -2.728303e-01 9.426471e-01 -1.223507e+00
1.157600e+02 2.558974e-02 -7.314931e-01 2.844800e-01 5.305562e-01 8.539495e-02 -4.855966e-01 -2.428674e-01 1.712062e+00 1.304215e-01 -2.898834e-01 9.296810e-01 -1.214395e+00
1.158400e+02 8.033692e-03 -7.020441e-01 2.911271e-01 5.428066e-01 8.761633e-02 -4.565910e-01 -2.511372e-01 1.710051e+00 1.267155e-01 -3.050820e-01 9.146759e-01 -1.204425e+00
1.159200e+02 -1.099525e-02 -6.765025e-01 2.978075e-01 5.555004e-01 8.851671e-02 -4.263480e-01 -2.601045e-01 1.708607e+00 1.225924e-01 -3.199058e-01 8.990200e-01 -1.195499e+00
1.160000e+02 -3.039310e-02 -6.518526e-01 3.051950e-01 5.662503e-01 8.959799e-02 -3.966527e-01 -2.690498e-01 1.707364e+00 1.185080e-01 -3.343632e-01 8.829597e-01 -1.186614e+00
1.160800e+02 -4.995058e-02 -6.237710e-01 3.145610e-01 5.768993e-01 9.133906e-02 -3.661223e-01 -2.778186e-01 1.707733e+00 1.137389e-01 -3.467125e-01 8.652081e-01 -1.175717e+00
1.161600e+02 -7.024301e-02 -5.973033e-01 3.241278e-01 5.863823e-01 9.270631e-02 -3.357457e-01 -2.867648e-01 1.708380e+00 1.089249e-01 -3.589738e-01 8.468892e-01 -1.165698e+00
1.162400e+02 -9.117829e-02 -5.735987e-01 3.336180e-01 5.943726e-01 9.370700e-02 -3.055760e-01 -2.958432e-01 1.709277e+00 1.039812e-01 -3.711032e-01 8.282427e-01 -1.156198e+00
1.163200e+02 -1.126612e-01 -5.508140e-01 3.432237e-01 6.016284e-01 9.443132e-02 -2.749458e-01 -3.051022e-01 1.711080e+00 9.864245e-02 -3.824214e-01 8.088741e-01 -1.146325e+00
1.164000e+02 -1.346263e-01 -5.303748e-01 3.521684e-01 6.074320e-01 9.504090e-02 -2.450783e-01 -3.144830e-01 1.714453e+00 9.288522e-02 -3.936944e-01 7.892702e-01 -1.136565e+00
1.164800e+02 -1.571012e-01 -5.096001e-01 3.616093e-01 6.124762e-01 9.554420e-02 -2.142053e-01 -3.242193e-01 1.718193e+00 8.644863e-02 -4.037326e-01 7.685265e-01 -1.126285e+00
1.165600e+02 -1.801679e-01 -4.885217e-01 3.711716e-01 6.168826e-01 9.576517e-02 -1.823818e-01 -3.342141e-01 1.722986e+00 7.950573e-02 -4.125172e-01 7.468218e-01 -1.115218e+00
1.166400e+02 -2.038225e-01 -4.670223e-01 3.807164e-01 6.205319e-01 9.566095e-02 -1.496349e-01 -3.444667e-01 1.728930e+00 7.208885e-02 -4.200406e-01 7.241611e-01 -1.103325e+00
1.167200e+02 -2.295316e-01 -4.449731e-01 3.895710e-01 6.230843e-01 9.496623e-02 -1.163244e-01 -3.548922e-01 1.735611e+00 6.425539e-02 -4.266087e-01 7.005421e-01 -1.093020e+00
1.168000e+02 -2.547511e-01 -4.218371e-01 3.985714e-01 6.249914e-01 9.415574e-02 -8.163336e-02 -3.656573e-01 1.744149e+00 5.581111e-02 -4.314188e-01 6.758268e-01 -1.079871e+00
1.168800e+02 -2.801501e-01 -3.962703e-01 4.077000e-01 6.265043e-01 9.322954e-02 -4.539466e-02 -3.766684e-01 1.754628e+00 4.683883e-02 -4.341441e-01 6.498830e-01 -1.064795e+00
1.169600e+02 -3.056281e-01 -3.701241e-01 4.164653e-01 6.271698e-01 9.212100e-02 -7.830717e-03 -3.877769e-01 1.766889e+00 3.770714e-02 -4.349333e-01 6.234172e-01 -1.048342e+00
1.170400e+02 -3.313846e-01 -3.430673e-01 4.246081e-01 6.264280e-01 9.062440e-02 3.172688e-02 -3.995854e-01 1.780943e+00 2.790193e-02 -4.339180e-01 5.959159e-01 -1.030718e+00
1.171200e+02 -3.602523e-01 -3.156002e-01 4.324777e-01 6.334122e-01 8.859457e-02 7.529442e-02 -4.120071e-01 1.798899e+00 1.632411e-02 -4.274750e-01 5.663577e-01 -1.012734e+00
1.172000e+02 -3.873802e-01 -2.868755e-01 4.386313e-01 6.366047e-01 8.704013e-02 1.200245e-01 -4.242105e-01 1.819012e+00 6.172312e-03 -4.193526e-01 5.359645e-01 -9.875313e-01
1.172800e+02 -4.108765e-01 -2.564491e-01 4.444980e-01 6.290726e-01 8.796164e-02 1.618542e-01 -4.344282e-01 1.839925e+00 -3.315509e-03 -4.077261e-01 5.086485e-01 -9.644466e-01
1.173600e+02 -4.347425e-01 -2.260771e-01 4.496027e-01 6.249304e-01 8.712050e-02 2.047894e-01 -4.452295e-01 1.863105e+00 -1.379720e-02 -3.950443e-01 4.793419e-01 -9.406787e-01
1.174400e+02 -4.585017e-01 -1.941793e-01 4.533742e-01 6.199867e-01 8.564428e-02 2.498272e-01 -4.574815e-01 1.888358e+00 -2.526545e-02 -3.820970e-01 4.485669e-01 -9.151482e-01
1.175200e+02 -4.821080e-01 -1.600187e-01 4.558769e-01 6.148052e-01 8.354037e-02 2.963452e-01 -4.704272e-01 1.915395e+00 -3.722479e-02 -3.669856e-01 4.168281e-01 -8.889984e-01
1.176000e+02 -5.041488e-01 -1.249740e-01 4.577997e-01 6.093850e-01 8.154703e-02 3.430722e-01 -4.822669e-01 1.942914e+00 -4.817558e-02 -3.457926e-01 3.859060e-01 -8.624331e-01
1.176800e+02 -5.256631e-01 -8.926722e-02 4.589647e-01 6.031885e-01 7.979864e-02 3.911557e-01 -4.950966e-01 1.973999e+00 -6.050740e-02 -3.244697e-01 3.527519e-01 -8.340023e-01
1.177600e+02 -5.466331e-01 -5.904816e-02 4.587036e-01 5.930060e-01 7.963142e-02 4.389716e-01 -5.088599e-01 2.014070e+00 -7.573506e-02 -3.024755e-01 3.181594e-01 -8.080089e-01
1.178400e+02 -5.665257e-01 -2.595900e-02 4.571968e-01 5.835917e-01 7.885332e-02 4.876947e-01 -5.232792e-01 2.050085e+00 -9.122300e-02 -2.780197e-01 2.833876e-01 -7.788434e-01
1.179200e+02 -5.855605e-01 8.729236e-03 4.536250e-01 5.747945e-01 7.660620e-02 5.380747e-01 -5.387680e-01 2.083941e+00 -1.053495e-01 -2.511812e-01 2.486867e-01 -7.471944e-01
1.180000e+02 -6.036558e-01 4.289438e-02 4.491147e-01 5.655514e-01 7.506900e-02 5.899174e-01 -5.550148e-01 2.121177e+00 -1.214663e-01 -2.217740e-01 2.128826e-01 -7.150793e-01
1.180800e+02 -6.207724e-01 7.733581e-02 4.427400e-01 5.564605e-01 7.322282e-02 6.426924e-01 -5.719169e-01 2.160298e+00 -1.378729e-01 -1.907587e-01 1.766687e-01 -6.826891e-01
1.181600e+02 -6.351030e-01 1.099873e-01 4.357002e-01 5.461771e-01 7.199443e-02 7.008649e-01 -5.902807e-01 2.202631e+00 -1.555517e-01 -1.556783e-01 1.395060e-01 -6.442453e-01
1.182400e+02 -6.452181e-01 1.424379e-01 4.268736e-01 5.234215e-01 7.131354e-02 7.568530e-01 -6.084814e-01 2.244674e+00 -1.725353e-01 -1.201307e-01 1.047744e-01 -6.078522e-01
1.183200e+02 -6.555376e-01 1.758066e-01 4.185617e-01 5.076071e-01 6.886618e-02 8.136560e-01 -6.270506e-01 2.290405e+00 -1.913883e-01 -8.134163e-02 6.738083e-02 -5.708935e-01
1.184000e+02 -6.643911e-01 2.060689e-01 4.081633e-01 4.976688e-01 6.510016e-02 8.724216e-01 -6.457420e-01 2.339490e+00 -2.106369e-01 -3.867695e-02 2.938171e-02 -5.282996e-01
1.184800e+02 -6.732800e-01 2.306215e-01 3.931139e-01 4.870460e-01 6.009079e-02 9.291916e-01 -6.647882e-01 2.388663e+00 -2.296502e-01 3.391558e-03 -6.249803e-03 -4.914481e-01
1.185600e+02 -6.816721e-01 2.564674e-01 3.766551e-01 4.775646e-01 5.666316e-02 9.857307e-01 -6.835560e-01 2.441712e+00 -2.500065e-01 4.796930e-02 -4.359804e-02 -4.526367e-01
1.186400e+02 -6.888811e-01 2.881960e-01 3.596867e-01 4.714439e-01 5.325059e-02 1.044091e+00 -7.022387e-01 2.497421e+00 -2.712857e-01 9.643583e-02 -8.328832e-02 -4.099724e-01
1.187200e+02 -6.958578e-01 3.224951e-01 3.411214e-01 4.688188e-01 4.968101e-02 1.103868e+00 -7.209950e-01 2.556028e+00 -2.934660e-01 1.481359e-01 -1.248919e-01 -3.658831e-01
1.188000e+02 -7.011705e-01 3.546796e-01 3.190377e-01 4.682384e-01 4.386416e-02 1.163410e+00 -7.395526e-01 2.611360e+00 -3.136359e-01 2.047728e-01 -1.657203e-01 -3.182840e-01
1.188800e+02 -7.063631e-01 3.836679e-01 2.944235e-01 4.715911e-01 3.796441e-02 1.222885e+00 -7.576762e-01 2.669180e+00 -3.348354e-01 2.617853e-01 -2.072801e-01 -2.724683e-01
1.189600e+02 -7.055386e-01 4.077842e-01 2.691180e-01 4.650534e-01 3.410446e-02 1.278655e+00 -7.725066e-01 2.728656e+00 -3.552140e-01 3.225257e-01 -2.465970e-01 -2.275521e-01
1.190400e+02 -7.050383e-01 4.300753e-01 2.438860e-01 4.673840e-01 2.962205e-02 1.336192e+00 -7.880889e-01 2.792895e+00 -3.772637e-01 3.845109e-01 -2.880570e-01 -1.812834e-01
1.191200e+02 -6.993495e-01 4.500965e-01 2.170920e-01 4.644307e-01 2.546305e-02 1.390157e+00 -8.024330e-01 2.857845e+00 -3.981717e-01 4.471822e-01 -3.271822e-01 -1.340254e-01
1.192000e+02 -6.888882e-01 4.762481e-01 1.929538e-01 4.594191e-01 2.283070e-02 1.442375e+00 -8.152133e-01 2.925275e+00 -4.190732e-01 5.127084e-01 -3.664677e-01 -8.315935e-02
1.192800e+02 -6.769121e-01 5.007383e-01 1.667694e-01 4.575502e-01 1.639015e-02 1.493963e+00 -8.280026e-01 2.982929e+00 -4.369071e-01 5.847476e-01 -4.041577e-01 -2.885555e-02
1.193600e+02 -6.660495e-01 5.224210e-01 1.420468e-01 4.686944e-01 1.013486e-02 1.548013e+00 -8.416541e-01 3.046660e+00 -4.581781e-01 6.581465e-01 -4.443085e-01 2.718167e-02
1.194400e+02 -6.579964e-01 5.441522e-01 1.125092e-01 4.896938e-01 -4.718762e-03 1.612176e+00 -8.592441e-01 3.089620e+00 -4.747946e-01 7.444410e-01 -4.836395e-01 8.802874e-02
1.195200e+02 -6.528257e-01 5.610224e-01 8.481984e-02 5.223415e-01 -1.888867e-02 1.674073e+00 -8.750456e-01 3.146194e+00 -4.964266e-01 8.237400e-01 -5.249960e-01 1.473747e-01
1.196000e+02 -6.470258e-01 5.742785e-01 5.738406e-02 5.566257e-01 -3.344901e-02 1.733220e+00 -8.893515e-01 3.209369e+00 -5.179704e-01 9.014527e-01 -5.641200e-01 2.051241e-01
1.196800e+02 -6.425420e-01 5.755765e-01 3.156659e-02 5.927436e-01 -4.419053e-02 1.788707e+00 -8.999827e-01 3.285608e+00 -5.427004e-01 9.825141e-01 -6.028266e-01 2.565107e-01
1.197600e+02 -6.367419e-01 5.835721e-01 6.699564e-03 6.329214e-01 -5.536462e-02 1.837014e+00 -9.077523e-01 3.357310e+00 -5.639216e-01 1.062576e+00 -6.402761e-01 3.150033e-01
1.198400e+02 -6.299364e-01 5.940384e-01 -1.447743e-02 6.742408e-01 -6.757360e-02 1.888201e+00 -9.152381e-01 3.428266e+00 -5.846683e-01 1.149881e+00 -6.790833e-01 3.774550e-01
1.199200e+02 -6.226492e-01 6.097798e-01 -3.607136e-02 7.171562e-01 -8.864684e-02 1.945101e+00 -9.220736e-01 3.473319e+00 -5.986375e-01 1.249674e+00 -7.150170e-01 4.496209e-01
1.200000e+02 -6.149792e-01 6.189774e-01 -5.097832e-02 7.580432e-01 -1.007371e-01 1.991981e+00 -9.267724e-01 3.552924e+00 -6.234195e-01 1.335416e+00 -7.536977e-01 5.139681e-01
1.200800e+02 -6.039619e-01 6.348813e-01 -6.306555e-02 7.986588e-01 -1.097277e-01 2.033088e+00 -9.230138e-01 3.627659e+00 -6.449980e-01 1.429819e+00 -7.900955e-01 5.802942e-01
1.201600e+02 -5.907200e-01 6.519868e-01 -7.160339e-02 8.328968e-01 -1.159732e-01 2.075600e+00 -9.200710e-01 3.712606e+00 -6.682266e-01 1.522552e+00 -8.268761e-01 6.477399e-01
1.202400e+02 -5.752725e-01 6.767895e-01 -7.740146e-02 8.651563e-01 -1.201496e-01 2.117174e+00 -9.167471e-01 3.802537e+00 -6.922964e-01 1.616508e+00 -8.635427e-01 7.176789e-01
1.203200e+02 -5.575869e-01 6.911046e-01 -8.625939e-02 8.869332e-01 -1.257335e-01 2.152917e+00 -9.128677e-01 3.891048e+00 -7.149944e-01 1.706996e+00 -8.944004e-01 7.827875e-01
1.204000e+02 -5.394427e-01 7.198550e-01 -9.519064e-02 9.131763e-01 -1.340930e-01 2.192732e+00 -9.104798e-01 3.968329e+00 -7.353882e-01 1.805296e+00 -9.263654e-01 8.575523e-01
1.204800e+02 -5.167440e-01 7.563805e-01 -1.001513e-01 9.371379e-01 -1.398796e-01 2.231571e+00 -9.047468e-01 4.044207e+00 -7.562871e-01 1.906992e+00 -9.593556e-01 9.426609e-01
1.205600e+02 -4.976394e-01 7.930434e-01 -1.058878e-01 9.564331e-01 -1.436326e-01 2.265274e+00 -8.972868e-01 4.129533e+00 -7.812902e-01 2.000929e+00 -9.904267e-01 1.010009e+00
1.206400e+02 -4.747630e-01 8.342001e-01 -1.084639e-01 9.761597e-01 -1.437883e-01 2.300245e+00 -8.894562e-01 4.225408e+00 -8.081558e-01 2.096470e+00 -1.021653e+00 1.080345e+00
1.207200e+02 -4.483645e-01 8.807863e-01 -1.107934e-01 9.842092e-01 -1.452457e-01 2.329350e+00 -8.810810e-01 4.323103e+00 -8.338875e-01 2.189825e+00 -1.049446e+00 1.150629e+00
1.208000e+02 -4.227050e-01 9.177504e-01 -1.141032e-01 9.933053e-01 -1.436611e-01 2.356606e+00 -8.760640e-01 4.429765e+00 -8.638598e-01 2.276041e+00 -1.076154e+00 1.213743e+00
1.208800e+02 -3.970489e-01 9.665089e-01 -1.150471e-01 1.001435e+00 -1.411954e-01 2.384163e+00 -8.717266e-01 4.531412e+00 -8.965753e-01 2.361575e+00 -1.104734e+00 1.275819e+00
1.209600e+02 -3.681011e-01 1.007890e+00 -1.147244e-01 1.007892e+00 -1.376277e-01 2.410225e+00 -8.656419e-01 4.633024e+00 -9.278563e-01 2.450539e+00 -1.130747e+00 1.343539e+00
1.210400e+02 -3.453322e-01 1.051199e+00 -1.191455e-01 1.016016e+00 -1.426916e-01 2.436908e+00 -8.631942e-01 4.716170e+00 -9.546692e-01 2.540074e+00 -1.155301e+00 1.408953e+00
1.211200e+02 -3.163467e-01 1.085693e+00 -1.211570e-01 1.025074e+00 -1.502087e-01 2.463625e+00 -8.565848e-01 4.784484e+00 -9.797312e-01 2.638583e+00 -1.173754e+00 1.478801e+00
1.212000e+02 -2.995537e-01 1.123244e+00 -1.306902e-01 1.035433e+00 -1.672391e-01 2.479049e+00 -8.499473e-01 4.830971e+00 -9.997548e-01 2.728127e+00 -1.187872e+00 1.528683e+00
1.212800e+02 -2.747990e-01 1.160036e+00 -1.318680e-01 1.044187e+00 -1.842477e-01 2.508240e+00 -8.460720e-01 4.880332e+00 -1.021838e+00 2.827661e+00 -1.202910e+00 1.587818e+00
1.213600e+02 -2.476870e-01 1.190264e+00 -1.323743e-01 1.051226e+00 -2.067082e-01 2.529851e+00 -8.367291e-01 4.924450e+00 -1.040490e+00 2.924425e+00 -1.213011e+00 1.642996e+00
1.214400e+02 -2.202196e-01 1.189976e+00 -1.351126e-01 1.046007e+00 -2.310283e-01 2.543745e+00 -8.302815e-01 4.991728e+00 -1.060149e+00 3.007359e+00 -1.216165e+00 1.682887e+00
1.215200e+02 -1.928584e-01 1.199317e+00 -1.377158e-01 1.046523e+00 -2.637872e-01 2.559804e+00 -8.238873e-01 5.047649e+00 -1.070801e+00 3.095389e+00 -1.214550e+00 1.737198e+00
1.216000e+02 -1.652053e-01 1.208283e+00 -1.341731e-01 1.049362e+00 -2.959241e-01 2.567074e+00 -8.096911e-01 5.104437e+00 -1.082384e+00 3.190643e+00 -1.212592e+00 1.791398e+00
1.216800e+02 -1.517638e-01 1.213671e+00 -1.339834e-01 1.037458e+00 -3.364976e-01 2.572388e+00 -8.004836e-01 5.154161e+00 -1.098379e+00 3.258118e+00 -1.212875e+00 1.826895e+00
1.217600e+02 -1.346466e-01 1.211883e+00 -1.279554e-01 1.026783e+00 -3.704031e-01 2.566618e+00 -7.798454e-01 5.193473e+00 -1.106774e+00 3.326635e+00 -1.207176e+00 1.865213e+00
1.218400e+02 -1.229649e-01 1.206528e+00 -1.206790e-01 1.014008e+00 -4.015000e-01 2.547696e+00 -7.652769e-01 5.255346e+00 -1.126053e+00 3.370216e+00 -1.199780e+00 1.876789e+00
1.219200e+02 -1.108328e-01 1.188151e+00 -1.070221e-01 9.969098e-01 -4.237828e-01 2.520763e+00 -7.465591e-01 5.320454e+00 -1.135660e+00 3.413301e+00 -1.189629e+00 1.901661e+00
1.220000e+02 -1.201196e-01 1.171327e+00 -9.745631e-02 9.764591e-01 -4.452107e-01 2.483548e+00 -7.308248e-01 5.374255e+00 -1.146703e+00 3.441661e+00 -1.177223e+00 1.884639e+00
1.220800e+02 -1.255135e-01 1.154828e+00 -8.089960e-02 9.566755e-01 -4.574907e-01 2.443568e+00 -7.169271e-01 5.421356e+00 -1.156205e+00 3.457885e+00 -1.164784e+00 1.886000e+00
1.221600e+02 -1.393912e-01 1.127961e+00 -6.547232e-02 9.299719e-01 -4.661891e-01 2.395238e+00 -7.049722e-01 5.453155e+00 -1.161994e+00 3.464875e+00 -1.146513e+00 1.864138e+00
1.222400e+02 -1.639530e-01 1.082119e+00 -6.095663e-02 8.900849e-01 -4.796736e-01 2.339986e+00 -6.977126e-01 5.448507e+00 -1.157694e+00 3.460120e+00 -1.118438e+00 1.816235e+00
1.223200e+02 -1.962601e-01 1.055772e+00 -5.495975e-02 8.568584e-01 -4.940549e-01 2.283557e+00 -6.933000e-01 5.417500e+00 -1.145322e+00 3.451156e+00 -1.091179e+00 1.769130e+00
1.224000e+02 -2.320241e-01 1.020084e+00 -4.462457e-02 8.197073e-01 -5.006799e-01 2.218415e+00 -6.874411e-01 5.397133e+00 -1.131522e+00 3.430479e+00 -1.063997e+00 1.711386e+00
1.224800e+02 -2.575673e-01 9.797532e-01 -2.681699e-02 7.758177e-01 -4.987165e-01 2.148510e+00 -6.711322e-01 5.381418e+00 -1.106871e+00 3.422053e+00 -1.028976e+00 1.663324e+00
1.225600e+02 -2.812402e-01 9.520035e-01 -4.780789e-03 7.323414e-01 -4.945294e-01 2.075698e+00 -6.532441e-01 5.369567e+00 -1.079411e+00 3.408735e+00 -9.939926e-01 1.621188e+00
1.226400e+02 -3.117578e-01 9.376550e-01 1.222505e-02 6.968917e-01 -4.954866e-01 1.990836e+00 -6.384553e-01 5.348819e+00 -1.055245e+00 3.375258e+00 -9.626331e-01 1.572043e+00
1.227200e+02 -3.394462e-01 9.098471e-01 3.829862e-02 6.573405e-01 -4.902474e-01 1.914527e+00 -6.231089e-01 5.330853e+00 -1.033620e+00 3.348136e+00 -9.351147e-01 1.530063e+00
1.228000e+02 -3.688910e-01 8.871152e-01 6.228476e-02 6.242774e-01 -4.870191e-01 1.833995e+00 -6.089222e-01 5.303208e+00 -1.015021e+00 3.314817e+00 -9.079422e-01 1.501197e+00
1.228800e+02 -4.009667e-01 8.776201e-01 8.668108e-02 5.997286e-01 -4.860423e-01 1.755773e+00 -6.024817e-01 5.272836e+00 -1.005905e+00 3.271018e+00 -8.852756e-01 1.480952e+00
1.229600e+02 -4.231489e-01 8.692495e-01 1.200889e-01 5.788598e-01 -4.771022e-01 1.679326e+00 -5.891408e-01 5.240275e+00 -1.003287e+00 3.254899e+00 -8.605477e-01 1.472877e+00
1.230400e+02 -4.545210e-01 8.642888e-01 1.415974e-01 5.696971e-01 -4.799444e-01 1.607380e+00 -5.949368e-01 5.200430e+00 -1.017519e+00 3.198950e+00 -8.465375e-01 1.487307e+00
1.231200e+02 -4.868942e-01 8.559051e-01 1.738618e-01 5.666727e-01 -4.668772e-01 1.536852e+00 -5.919622e-01 5.184705e+00 -1.036049e+00 3.148046e+00 -8.301114e-01 1.485366e+00
1.232000e+02 -5.194884e-01 8.505351e-01 2.019632e-01 5.590334e-01 -4.528346e-01 1.466253e+00 -5.934170e-01 5.181719e+00 -1.065964e+00 3.094897e+00 -8.128175e-01 1.461681e+00
1.232800e+02 -5.470599e-01 8.389274e-01 2.279288e-01 5.524503e-01 -4.410290e-01 1.414150e+00 -5.861611e-01 5.138549e+00 -1.086285e+00 3.087250e+00 -7.830570e-01 1.418157e+00
1.233600e+02 -5.644824e-01 8.368990e-01 2.537684e-01 5.520200e-01 -4.287801e-01 1.364977e+00 -5.847421e-01 5.103847e+00 -1.118039e+00 3.083986e+00 -7.564001e-01 1.403657e+00
1.234400e+02 -5.806101e-01 8.375163e-01 2.792932e-01 5.544552e-01 -4.162352e-01 1.321973e+00 -5.779989e-01 5.067784e+00 -1.152135e+00 3.083676e+00 -7.289689e-01 1.397726e+00
1.235200e+02 -5.891877e-01 8.436210e-01 3.024154e-01 5.505520e-01 -4.054378e-01 1.280037e+00 -5.705185e-01 5.035224e+00 -1.194448e+00 3.077534e+00 -6.964125e-01 1.387034e+00
1.236000e+02 -5.895982e-01 8.347523e-01 3.296477e-01 5.474321e-01 -3.881869e-01 1.240318e+00 -5.537681e-01 5.011381e+00 -1.242415e+00 3.092692e+00 -6.594347e-01 1.378883e+00
1.236800e+02 -5.965081e-01 8.302105e-01 3.481205e-01 5.495976e-01 -3.767528e-01 1.207762e+00 -5.474620e-01 4.988131e+00 -1.300761e+00 3.088906e+00 -6.255200e-01 1.359358e+00
1.237600e+02 -6.085466e-01 8.326844e-01 3.610883e-01 5.526086e-01 -3.717939e-01 1.185002e+00 -5.544316e-01 4.961480e+00 -1.367822e+00 3.065871e+00 -6.015850e-01 1.347232e+00
1.238400e+02 -6.151002e-01 8.284239e-01 3.731486e-01 5.543705e-01 -3.668378e-01 1.167336e+00 -5.643432e-01 4.931436e+00 -1.432161e+00 3.049328e+00 -5.775336e-01 1.343716e+00
1.239200e+02 -6.278238e-01 8.225451e-01 3.752447e-01 5.610125e-01 -3.694550e-01 1.152920e+00 -5.806019e-01 4.890560e+00 -1.493683e+00 3.026133e+00 -5.589120e-01 1.341998e+00
1.240000e+02 -6.387200e-01 8.125632e-01 3.733701e-01 5.643948e-01 -3.756371e-01 1.140218e+00 -5.960481e-01 4.842827e+00 -1.535640e+00 3.002016e+00 -5.373915e-01 1.338359e+00
1.240800e+02 -6.489294e-01 7.940359e-01 3.687656e-01 5.614339e-01 -3.798974e-01 1.125184e+00 -6.092134e-01 4.806996e+00 -1.569355e+00 2.973098e+00 -5.170392e-01 1.327009e+00
1.241600e+02 -6.620075e-01 7.777414e-01 3.528768e-01 5.604883e-01 -3.943887e-01 1.112831e+00 -6.308148e-01 4.758928e+00 -1.583745e+00 2.931292e+00 -5.038102e-01 1.337414e+00
1.242400e+02 -6.718556e-01 7.566474e-01 3.331747e-01 5.590420e-01 -4.130489e-01 1.107469e+00 -6.453096e-01 4.677445e+00 -1.573498e+00 2.916115e+00 -4.832631e-01 1.340027e+00
1.243200e+02 -6.789840e-01 7.255541e-01 3.114752e-01 5.501370e-01 -4.285284e-01 1.097447e+00 -6.563988e-01 4.622825e+00 -1.555535e+00 2.906052e+00 -4.637193e-01 1.333046e+00
1.244000e+02 -6.801904e-01 6.709454e-01 2.964318e-01 5.203410e-01 -4.205405e-01 1.069788e+00 -6.595157e-01 4.642384e+00 -1.548125e+00 2.865396e+00 -4.491767e-01 1.299756e+00
1.244800e+02 -6.794254e-01 6.202398e-01 2.709351e-01 4.915208e-01 -4.211811e-01 1.047442e+00 -6.678096e-01 4.631862e+00 -1.519389e+00 2.845460e+00 -4.294281e-01 1.270812e+00
1.245600e+02 -6.762611e-01 5.782060e-01 2.528269e-01 4.690132e-01 -4.117459e-01 1.029974e+00 -6.698275e-01 4.606466e+00 -1.490854e+00 2.855714e+00 -4.099581e-01 1.233181e+00
1.246400e+02 -6.714225e-01 5.281338e-01 2.237558e-01 4.363284e-01 -4.098841e-01 1.007967e+00 -6.860631e-01 4.570777e+00 -1.465492e+00 2.832356e+00 -3.950671e-01 1.202757e+00
1.247200e+02 -6.610451e-01 4.726502e-01 1.922927e-01 3.957338e-01 -4.064230e-01 9.761411e-01 -6.972951e-01 4.530455e+00 -1.438284e+00 2.817728e+00 -3.741340e-01 1.166444e+00
1.248000e+02 -6.466235e-01 4.270300e-01 1.611326e-01 3.552524e-01 -4.033907e-01 9.524822e-01 -7.120268e-01 4.500692e+00 -1.412077e+00 2.800774e+00 -3.548890e-01 1.134953e+00
1.248800e+02 -6.279920e-01 3.750257e-01 1.267450e-01 3.086695e-01 -4.037843e-01 9.277204e-01 -7.239363e-01 4.480391e+00 -1.382617e+00 2.781662e+00 -3.310440e-01 1.103428e+00
1.249600e+02 -6.050016e-01 3.223880e-01 9.109290e-02 2.584826e-01 -4.072792e-01 9.007818e-01 -7.307102e-01 4.473533e+00 -1.351385e+00 2.762767e+00 -3.035790e-01 1.072854e+00
1.250400e+02 -5.796899e-01 2.691905e-01 5.566122e-02 2.172014e-01 -4.136585e-01 8.733651e-01 -7.307011e-01 4.478760e+00 -1.319006e+00 2.752635e+00 -2.719399e-01 1.040382e+00
1.251200e+02 -5.489633e-01 2.328935e-01 2.307829e-02 1.716455e-01 -4.219631e-01 8.447624e-01 -7.249286e-01 4.493586e+00 -1.287692e+00 2.744066e+00 -2.425904e-01 1.016290e+00
1.252000e+02 -5.206307e-01 1.927047e-01 -8.479620e-03 1.383546e-01 -4.336764e-01 8.116622e-01 -7.144184e-01 4.512516e+00 -1.255966e+00 2.735889e+00 -2.125609e-01 9.923721e-01
1.252800e+02 -4.857111e-01 1.538281e-01 -3.848417e-02 9.666214e-02 -4.454209e-01 7.756933e-01 -7.007739e-01 4.528159e+00 -1.222586e+00 2.727301e+00 -1.799612e-01 9.670777e-01
1.253600e+02 -4.462239e-01 1.110216e-01 -6.639240e-02 5.087891e-02 -4.564357e-01 7.328883e-01 -6.847030e-01 4.538330e+00 -1.187888e+00 2.717128e+00 -1.441539e-01 9.384474e-01
1.254400e+02 -4.034643e-01 8.234816e-02 -8.822343e-02 7.049220e-03 -4.648744e-01 6.863315e-01 -6.684845e-01 4.542641e+00 -1.153538e+00 2.703358e+00 -1.106354e-01 9.133125e-01
1.255200e+02 -3.569080e-01 5.648806e-02 -1.037062e-01 -3.785178e-02 -4.702801e-01 6.393586e-01 -6.531962e-01 4.537379e+00 -1.118609e+00 2.690358e+00 -7.613904e-02 8.839400e-01
1.256000e+02 -3.069887e-01 3.595647e-02 -1.113718e-01 -7.867109e-02 -4.698365e-01 5.832636e-01 -6.344170e-01 4.526641e+00 -1.082558e+00 2.677610e+00 -4.138701e-02 8.519685e-01
1.256800e+02 -2.528447e-01 2.266371e-02 -1.112881e-01 -1.200022e-01 -4.637293e-01 5.209739e-01 -6.134196e-01 4.509541e+00 -1.044402e+00 2.663969e+00 -5.809131e-03 8.179796e-01
1.257600e+02 -1.950924e-01 1.605197e-02 -1.022592e-01 -1.620191e-01 -4.513985e-01 4.542927e-01 -5.915798e-01 4.488061e+00 -1.005196e+00 2.649039e+00 2.935895e-02 7.816017e-01
1.258400e+02 -1.395633e-01 1.130608e-02 -8.982848e-02 -1.981276e-01 -4.400123e-01 3.840628e-01 -5.755891e-01 4.458627e+00 -9.653510e-01 2.614256e+00 6.225991e-02 7.489884e-01
1.259200e+02 -8.302881e-02 1.786754e-02 -6.742860e-02 -2.246238e-01 -4.243025e-01 3.112530e-01 -5.534584e-01 4.422776e+00 -9.244843e-01 2.589007e+00 9.485026e-02 7.141459e-01
1.260000e+02 -2.912499e-02 2.727322e-02 -3.924366e-02 -2.462382e-01 -4.058124e-01 2.367857e-01 -5.310706e-01 4.384644e+00 -8.826731e-01 2.560694e+00 1.244384e-01 6.808444e-01
1.260800e+02 2.127721e-02 4.674767e-02 -6.916259e-03 -2.600868e-01 -3.877143e-01 1.647046e-01 -5.134760e-01 4.344399e+00 -8.419910e-01 2.523120e+00 1.498039e-01 6.522311e-01
1.261600e+02 7.019980e-02 7.139883e-02 3.215533e-02 -2.690639e-01 -3.682556e-01 9.344663e-02 -4.919679e-01 4.297917e+00 -8.000558e-01 2.493370e+00 1.738760e-01 6.227745e-01
1.262400e+02 1.158564e-01 9.738740e-02 7.624888e-02 -2.733043e-01 -3.471804e-01 2.323418e-02 -4.686124e-01 4.251010e+00 -7.568404e-01 2.465624e+00 1.962413e-01 5.893145e-01
1.263200e+02 1.577780e-01 1.230134e-01 1.232042e-01 -2.731662e-01 -3.256133e-01 -4.474035e-02 -4.443414e-01 4.204689e+00 -7.129172e-01 2.438480e+00 2.160251e-01 5.589114e-01
1.264000e+02 1.962230e-01 1.505555e-01 1.757739e-01 -2.691500e-01 -3.024178e-01 -1.086514e-01 -4.187369e-01 4.160272e+00 -6.689675e-01 2.413518e+00 2.324117e-01 5.286574e-01
1.264800e+02 2.312508e-01 1.767810e-01 2.314630e-01 -2.611951e-01 -2.787411e-01 -1.684798e-01 -3.921847e-01 4.117572e+00 -6.240035e-01 2.389361e+00 2.461522e-01 5.019411e-01
1.265600e+02 2.617358e-01 2.005761e-01 2.876057e-01 -2.501246e-01 -2.559801e-01 -2.220898e-01 -3.662082e-01 4.076260e+00 -5.802353e-01 2.363486e+00 2.573236e-01 4.745490e-01
1.266400e+02 2.909204e-01 2.208607e-01 3.437289e-01 -2.382301e-01 -2.345417e-01 -2.733200e-01 -3.404953e-01 4.035199e+00 -5.364121e-01 2.335690e+00 2.678651e-01 4.476642e-01
1.267200e+02 3.153442e-01 2.345754e-01 3.966023e-01 -2.219684e-01 -2.158251e-01 -3.193651e-01 -3.195202e-01 3.995288e+00 -4.937788e-01 2.300407e+00 2.773733e-01 4.229485e-01
1.268000e+02 3.418336e-01 2.426931e-01 4.474824e-01 -2.115310e-01 -1.972375e-01 -3.630938e-01 -2.970515e-01 3.953412e+00 -4.515964e-01 2.269758e+00 2.881832e-01 3.980898e-01
1.268800e+02 3.645677e-01 2.434857e-01 4.953873e-01 -1.977042e-01 -1.781007e-01 -4.052596e-01 -2.765767e-01 3.923390e+00 -4.133669e-01 2.237794e+00 2.967230e-01 3.719052e-01
1.269600e+02 3.841863e-01 2.390917e-01 5.381581e-01 -1.804993e-01 -1.601379e-01 -4.422493e-01 -2.556383e-01 3.874655e+00 -3.782601e-01 2.198674e+00 3.035719e-01 3.477374e-01
1.270400e+02 4.014108e-01 2.310522e-01 5.757935e-01 -1.495042e-01 -1.454906e-01 -4.720363e-01 -2.405038e-01 3.825770e+00 -3.443421e-01 2.161070e+00 3.100895e-01 3.302626e-01
1.271200e+02 4.192187e-01 2.164202e-01 6.057903e-01 -1.224468e-01 -1.319993e-01 -4.959360e-01 -2.275019e-01 3.786236e+00 -3.124241e-01 2.126739e+00 3.170762e-01 3.117588e-01
1.272000e+02 4.354004e-01 1.926781e-01 6.266228e-01 -9.648614e-02 -1.229106e-01 -5.146111e-01 -2.167921e-01 3.747787e+00 -2.811691e-01 2.091829e+00 3.257813e-01 2.905926e-01
1.272800e+02 4.516511e-01 1.610160e-01 6.386817e-01 -7.293458e-02 -1.178833e-01 -5.296132e-01 -2.072138e-01 3.710084e+00 -2.498295e-01 2.056359e+00 3.369510e-01 2.690495e-01
1.273600e+02 4.630748e-01 1.278477e-01 6.422018e-01 -4.618309e-02 -1.173853e-01 -5.395208e-01 -2.003052e-01 3.674570e+00 -2.226912e-01 2.018172e+00 3.470839e-01 2.401737e-01
1.274400e+02 4.764614e-01 9.345810e-02 6.390729e-01 -2.500092e-02 -1.190654e-01 -5.463744e-01 -1.941659e-01 3.639549e+00 -1.962358e-01 1.977326e+00 3.567536e-01 2.169599e-01
1.275200e+02 4.899584e-01 5.837161e-02 6.317188e-01 -6.259392e-03 -1.223953e-01 -5.509249e-01 -1.878435e-01 3.605069e+00 -1.710341e-01 1.937961e+00 3.676357e-01 1.946803e-01
1.276000e+02 5.036100e-01 2.232948e-02 6.209311e-01 1.241098e-02 -1.275082e-01 -5.522905e-01 -1.821408e-01 3.571369e+00 -1.479035e-01 1.899741e+00 3.787227e-01 1.727390e-01
1.276800e+02 5.177616e-01 -1.171668e-02 6.061067e-01 2.589433e-02 -1.349704e-01 -5.573108e-01 -1.766200e-01 3.534052e+00 -1.246527e-01 1.858785e+00 3.920887e-01 1.447836e-01
1.277600e+02 5.335093e-01 -4.448645e-02 5.894482e-01 3.483366e-02 -1.430111e-01 -5.593518e-01 -1.708753e-01 3.493637e+00 -1.021088e-01 1.819451e+00 4.059692e-01 1.196176e-01
1.278400e+02 5.512045e-01 -8.380681e-02 5.766830e-01 3.362396e-02 -1.420841e-01 -5.673391e-01 -1.635461e-01 3.484101e+00 -8.972129e-02 1.768954e+00 4.182689e-01 8.780817e-02
1.279200e+02 5.659174e-01 -1.144024e-01 5.576282e-01 3.299228e-02 -1.488603e-01 -5.730158e-01 -1.576660e-01 3.449435e+00 -7.141423e-02 1.723949e+00 4.339466e-01 5.597654e-02
1.280000e+02 5.823250e-01 -1.465116e-01 5.417203e-01 2.893288e-02 -1.533752e-01 -5.782125e-01 -1.516583e-01 3.413671e+00 -5.719106e-02 1.681693e+00 4.497037e-01 2.714006e-02
1.280800e+02 5.987129e-01 -1.772967e-01 5.269768e-01 2.295308e-02 -1.572265e-01 -5.840173e-01 -1.462088e-01 3.372933e+00 -4.459232e-02 1.640547e+00 4.660773e-01 -1.655374e-03
1.281600e+02 6.124550e-01 -2.118148e-01 5.157667e-01 1.416200e-02 -1.546416e-01 -5.915308e-01 -1.432491e-01 3.350309e+00 -4.049398e-02 1.591850e+00 4.796446e-01 -3.690984e-02
1.282400e+02 6.262890e-01 -2.418183e-01 5.037117e-01 4.237426e-03 -1.541872e-01 -6.019408e-01 -1.391893e-01 3.306977e+00 -3.442398e-02 1.545635e+00 4.952693e-01 -7.082677e-02
1.283200e+02 6.379608e-01 -2.699239e-01 4.927525e-01 -2.830504e-03 -1.536069e-01 -6.115277e-01 -1.371147e-01 3.256792e+00 -2.980810e-02 1.502040e+00 5.107373e-01 -1.046610e-01
1.284000e+02 6.498605e-01 -2.961703e-01 4.826752e-01 -1.209551e-02 -1.525712e-01 -6.215631e-01 -1.360108e-01 3.202629e+00 -2.545202e-02 1.460964e+00 5.273523e-01 -1.377748e-01
1.284800e+02 6.619124e-01 -3.284176e-01 4.812441e-01 -3.044820e-02 -1.374030e-01 -6.419172e-01 -1.345247e-01 3.194953e+00 -3.498725e-02 1.399416e+00 5.392403e-01 -1.824464e-01
1.285600e+02 6.715336e-01 -3.578775e-01 4.781367e-01 -4.725855e-02 -1.230328e-01 -6.645894e-01 -1.338278e-01 3.183426e+00 -4.485566e-02 1.337049e+00 5.526706e-01 -2.282266e-01
1.286400e+02 6.791087e-01 -3.810577e-01 4.741739e-01 -5.959440e-02 -1.122162e-01 -6.851212e-01 -1.358243e-01 3.153937e+00 -5.187819e-02 1.286525e+00 5.663386e-01 -2.691133e-01
1.287200e+02 6.849529e-01 -4.024303e-01 4.700318e-01 -6.912258e-02 -1.031935e-01 -7.047355e-01 -1.378277e-01 3.110658e+00 -5.783565e-02 1.241395e+00 5.808514e-01 -3.089662e-01
1.288000e+02 6.898491e-01 -4.241680e-01 4.682522e-01 -7.719859e-02 -9.205676e-02 -7.258448e-01 -1.396647e-01 3.070793e+00 -6.645896e-02 1.194670e+00 5.950510e-01 -3.512999e-01
1.288800e+02 6.927459e-01 -4.427600e-01 4.657580e-01 -8.143596e-02 -8.362132e-02 -7.445982e-01 -1.428197e-01 3.025072e+00 -7.226750e-02 1.157372e+00 6.095841e-01 -3.917710e-01
1.289600e+02 6.937783e-01 -4.587204e-01 4.631387e-01 -8.154177e-02 -7.753614e-02 -7.611076e-01 -1.471093e-01 2.975643e+00 -7.679551e-02 1.122858e+00 6.242985e-01 -4.307434e-01
1.290400e+02 6.929610e-01 -4.726796e-01 4.608990e-01 -7.723867e-02 -7.285118e-02 -7.751556e-01 -1.501010e-01 2.925379e+00 -7.967720e-02 1.094892e+00 6.397172e-01 -4.728456e-01
1.291200e+02 6.907899e-01 -4.854877e-01 4.594431e-01 -6.980031e-02 -6.916028e-02 -7.871496e-01 -1.532997e-01 2.877468e+00 -8.250695e-02 1.068634e+00 6.543630e-01 -5.122938e-01
1.292000e+02 6.869012e-01 -4.940621e-01 4.583578e-01 -5.758934e-02 -6.724556e-02 -7.968141e-01 -1.568727e-01 2.831189e+00 -8.487009e-02 1.042732e+00 6.686978e-01 -5.496026e-01
1.292800e+02 6.799262e-01 -5.033474e-01 4.571962e-01 -3.958340e-02 -6.687974e-02 -8.034807e-01 -1.608027e-01 2.787745e+00 -8.754569e-02 1.018593e+00 6.818226e-01 -5.887836e-01
1.293600e+02 6.728583e-01 -5.147792e-01 4.576228e-01 -2.410198e-02 -6.282123e-02 -8.115740e-01 -1.634722e-01 2.759409e+00 -9.327890e-02 9.876719e-01 6.939724e-01 -6.313382e-01
1.294400e+02 6.615509e-01 -5.274197e-01 4.539124e-01 -7.926390e-03 -6.320577e-02 -8.153853e-01 -1.704307e-01 2.726671e+00 -9.653119e-02 9.595906e-01 7.068464e-01 -6.758362e-01
1.295200e+02 6.486365e-01 -5.361936e-01 4.510122e-01 1.514403e-02 -6.523453e-02 -8.180819e-01 -1.763102e-01 2.691724e+00 -9.904936e-02 9.342013e-01 7.183703e-01 -7.171962e-01
1.296000e+02 6.374171e-01 -5.450773e-01 4.492009e-01 3.571884e-02 -6.567159e-02 -8.205820e-01 -1.810043e-01 2.660814e+00 -1.021594e-01 9.068725e-01 7.301486e-01 -7.575440e-01
1.296800e+02 6.241119e-01 -5.521608e-01 4.472324e-01 5.884887e-02 -6.713370e-02 -8.212859e-01 -1.864226e-01 2.629432e+00 -1.039378e-01 8.816584e-01 7.417846e-01 -7.961630e-01
1.297600e+02 6.093498e-01 -5.573328e-01 4.448169e-01 8.358347e-02 -6.976781e-02 -8.204070e-01 -1.923785e-01 2.596735e+00 -1.048961e-01 8.555731e-01 7.541166e-01 -8.315659e-01
1.298400e+02 5.942915e-01 -5.601719e-01 4.435149e-01 1.109583e-01 -7.260154e-02 -8.198891e-01 -1.966564e-01 2.563861e+00 -1.042304e-01 8.323433e-01 7.661640e-01 -8.652516e-01
1.299200e+02 5.774362e-01 -5.622473e-01 4.409866e-01 1.390761e-01 -7.670481e-02 -8.157919e-01 -2.053063e-01 2.532401e+00 -1.038446e-01 8.017957e-01 7.774296e-01 -8.947055e-01
1.300000e+02 5.602673e-01 -5.652663e-01 4.390877e-01 1.660489e-01 -7.960307e-02 -8.091748e-01 -2.121671e-01 2.501045e+00 -1.040443e-01 7.784890e-01 7.890524e-01 -9.240320e-01
1.300800e+02 5.426322e-01 -5.677638e-01 4.374512e-01 1.932937e-01 -8.241521e-02 -8.012572e-01 -2.187022e-01 2.470075e+00 -1.032352e-01 7.554902e-01 8.010109e-01 -9.524703e-01
1.301600e+02 5.252201e-01 -5.709364e-01 4.368212e-01 2.202901e-01 -8.434075e-02 -7.916997e-01 -2.245550e-01 2.441151e+00 -1.021875e-01 7.342654e-01 8.130151e-01 -9.774591e-01
1.302400e+02 5.075214e-01 -5.735164e-01 4.362094e-01 2.472142e-01 -8.611726e-02 -7.810713e-01 -2.299448e-01 2.413578e+00 -1.001729e-01 7.135835e-01 8.252020e-01 -1.000937e+00
1.303200e+02 4.895321e-01 -5.721889e-01 4.366241e-01 2.752966e-01 -8.749520e-02 -7.684453e-01 -2.355597e-01 2.388228e+00 -9.792642e-02 6.934505e-01 8.364645e-01 -1.021391e+00
1.304000e+02 4.711482e-01 -5.736712e-01 4.371013e-01 3.016968e-01 -8.847917e-02 -7.545956e-01 -2.405805e-01 2.364392e+00 -9.512634e-02 6.742999e-01 8.478985e-01 -1.040455e+00
1.304800e+02 4.528209e-01 -5.755537e-01 4.375523e-01 3.275427e-01 -8.915791e-02 -7.405979e-01 -2.450142e-01 2.341759e+00 -9.156217e-02 6.556939e-01 8.594179e-01 -1.057303e+00
1.305600e+02 4.345724e-01 -5.780172e-01 4.381527e-01 3.526342e-01 -8.956525e-02 -7.260985e-01 -2.490500e-01 2.320593e+00 -8.752211e-02 6.376648e-01 8.707149e-01 -1.071985e+00
1.306400e+02 4.164109e-01 -5.806954e-01 4.390565e-01 3.769738e-01 -8.966751e-02 -7.110809e-01 -2.527441e-01 2.300966e+00 -8.313600e-02 6.203488e-01 8.814092e-01 -1.084335e+00
1.307200e+02 3.979618e-01 -5.835311e-01 4.388448e-01 4.015416e-01 -9.142206e-02 -6.952112e-01 -2.597472e-01 2.282713e+00 -7.855033e-02 5.969865e-01 8.916430e-01 -1.090934e+00
1.308000e+02 3.805454e-01 -5.880832e-01 4.400442e-01 4.243865e-01 -9.173555e-02 -6.791144e-01 -2.643029e-01 2.264624e+00 -7.427447e-02 5.806968e-01 9.016151e-01 -1.095498e+00
1.308800e+02 3.626876e-01 -5.927117e-01 4.411296e-01 4.464472e-01 -9.174763e-02 -6.628520e-01 -2.684007e-01 2.248222e+00 -6.955123e-02 5.649039e-01 9.107654e-01 -1.099284e+00
1.309600e+02 3.477334e-01 -6.028894e-01 4.427866e-01 4.603094e-01 -8.876254e-02 -6.507399e-01 -2.712463e-01 2.242927e+00 -6.673178e-02 5.425406e-01 9.201819e-01 -1.105845e+00
1.310400e+02 3.301391e-01 -6.101859e-01 4.441681e-01 4.785138e-01 -8.709861e-02 -6.368161e-01 -2.752505e-01 2.235716e+00 -6.283971e-02 5.247918e-01 9.274033e-01 -1.108841e+00
1.311200e+02 3.119275e-01 -6.172043e-01 4.453865e-01 4.962207e-01 -8.594969e-02 -6.224894e-01 -2.789788e-01 2.226760e+00 -5.836540e-02 5.089444e-01 9.335122e-01 -1.110249e+00
1.312000e+02 2.945641e-01 -6.246603e-01 4.466088e-01 5.116465e-01 -8.498919e-02 -6.082965e-01 -2.823866e-01 2.217116e+00 -5.355125e-02 4.940623e-01 9.388623e-01 -1.109993e+00
1.312800e+02 2.747845e-01 -6.325150e-01 4.474139e-01 5.304301e-01 -8.459624e-02 -5.926219e-01 -2.862352e-01 2.208153e+00 -4.922177e-02 4.798947e-01 9.420073e-01 -1.109193e+00
1.313600e+02 2.547702e-01 -6.407859e-01 4.474290e-01 5.479343e-01 -8.464588e-02 -5.762308e-01 -2.903292e-01 2.199497e+00 -4.488540e-02 4.659740e-01 9.439266e-01 -1.107911e+00
1.314400e+02 2.347441e-01 -6.459001e-01 4.479345e-01 5.647162e-01 -8.445572e-02 -5.593698e-01 -2.945267e-01 2.191743e+00 -4.071788e-02 4.528035e-01 9.441170e-01 -1.105522e+00
1.315200e+02 2.145888e-01 -6.528462e-01 4.476950e-01 5.795069e-01 -8.464189e-02 -5.428953e-01 -2.988961e-01 2.184122e+00 -3.635908e-02 4.394865e-01 9.437894e-01 -1.103455e+00
1.316000e+02 1.950502e-01 -6.627392e-01 4.487824e-01 5.900253e-01 -8.113053e-02 -5.295995e-01 -3.029943e-01 2.190356e+00 -3.578999e-02 4.202828e-01 9.415901e-01 -1.105108e+00
1.316800e+02 1.772126e-01 -6.707894e-01 4.484225e-01 5.990311e-01 -7.967226e-02 -5.161878e-01 -3.075781e-01 2.191328e+00 -3.416488e-02 4.034420e-01 9.392241e-01 -1.105451e+00
1.317600e+02 1.596027e-01 -6.775728e-01 4.479471e-01 6.084577e-01 -7.804713e-02 -5.019304e-01 -3.123965e-01 2.191088e+00 -3.283822e-02 3.887492e-01 9.356904e-01 -1.102832e+00
1.318400e+02 1.416211e-01 -6.829787e-01 4.467493e-01 6.163273e-01 -7.708371e-02 -4.877884e-01 -3.178203e-01 2.189402e+00 -3.170037e-02 3.743149e-01 9.316432e-01 -1.101846e+00
1.319200e+02 1.240077e-01 -6.868336e-01 4.451973e-01 6.227226e-01 -7.657036e-02 -4.735596e-01 -3.237593e-01 2.186933e+00 -3.079261e-02 3.603143e-01 9.268945e-01 -1.101073e+00
1.320000e+02 1.068523e-01 -6.889661e-01 4.433122e-01 6.276051e-01 -7.651166e-02 -4.592283e-01 -3.301690e-01 2.183974e+00 -3.006486e-02 3.467279e-01 9.215140e-01 -1.100363e+00
1.320800e+02 9.016943e-02 -6.899800e-01 4.406961e-01 6.309305e-01 -7.708002e-02 -4.449741e-01 -3.369866e-01 2.180574e+00 -2.928482e-02 3.333459e-01 9.160853e-01 -1.099578e+00
1.321600e+02 7.393415e-02 -6.889514e-01 4.380384e-01 6.323913e-01 -7.777250e-02 -4.306722e-01 -3.440968e-01 2.177737e+00 -2.887853e-02 3.204864e-01 9.098294e-01 -1.098789e+00
1.322400e+02 5.810668e-02 -6.860691e-01 4.351132e-01 6.320900e-01 -7.879577e-02 -4.162926e-01 -3.514043e-01 2.174971e+00 -2.854348e-02 3.081422e-01 9.030972e-01 -1.097707e+00
1.323200e+02 4.480798e-02 -6.801445e-01 4.323039e-01 6.224799e-01 -7.773190e-02 -4.057687e-01 -3.571256e-01 2.171034e+00 -2.658106e-02 2.957380e-01 8.977906e-01 -1.096052e+00
1.324000e+02 2.898832e-02 -6.741911e-01 4.283679e-01 6.199273e-01 -7.975509e-02 -3.913782e-01 -3.644217e-01 2.169413e+00 -2.661407e-02 2.846775e-01 8.899838e-01 -1.094370e+00
1.324800e+02 1.391232e-02 -6.617916e-01 4.261045e-01 6.146620e-01 -7.905470e-02 -3.770492e-01 -3.711377e-01 2.175745e+00 -2.908700e-02 2.718130e-01 8.800336e-01 -1.092256e+00
1.325600e+02 -1.473034e-03 -6.444512e-01 4.237186e-01 6.083103e-01 -7.886594e-02 -3.619780e-01 -3.783109e-01 2.181648e+00 -3.097807e-02 2.619176e-01 8.691046e-01 -1.087868e+00
1.326400e+02 -1.722320e-02 -6.309406e-01 4.196377e-01 5.984663e-01 -7.946444e-02 -3.479198e-01 -3.854655e-01 2.185879e+00 -3.212694e-02 2.523994e-01 8.590805e-01 -1.084202e+00
1.327200e+02 -3.302006e-02 -6.182520e-01 4.146517e-01 5.859229e-01 -8.033583e-02 -3.344943e-01 -3.923378e-01 2.189273e+00 -3.301210e-02 2.434035e-01 8.492882e-01 -1.080327e+00
1.328000e+02 -4.877353e-02 -6.062283e-01 4.087932e-01 5.707726e-01 -8.134286e-02 -3.217672e-01 -3.988442e-01 2.192082e+00 -3.372750e-02 2.347776e-01 8.397137e-01 -1.076276e+00
1.328800e+02 -6.444334e-02 -5.917178e-01 4.028107e-01 5.541098e-01 -8.214410e-02 -3.090873e-01 -4.049768e-01 2.195129e+00 -3.460778e-02 2.271097e-01 8.295784e-01 -1.071229e+00
1.329600e+02 -8.011339e-02 -5.742609e-01 3.968419e-01 5.361866e-01 -8.263512e-02 -2.962429e-01 -4.107273e-01 2.198726e+00 -3.566600e-02 2.205976e-01 8.187266e-01 -1.064972e+00
1.330400e+02 -9.582005e-02 -5.607462e-01 3.891781e-01 5.153673e-01 -8.345985e-02 -2.845630e-01 -4.161701e-01 2.201611e+00 -3.631678e-02 2.137646e-01 8.087654e-01 -1.059706e+00
1.331200e+02 -1.113477e-01 -5.485270e-01 3.803362e-01 4.923844e-01 -8.431075e-02 -2.732064e-01 -4.214097e-01 2.204382e+00 -3.691727e-02 2.070798e-01 7.990434e-01 -1.054528e+00
1.332000e+02 -1.264725e-01 -5.371483e-01 3.705114e-01 4.678088e-01 -8.513292e-02 -2.629021e-01 -4.261760e-01 2.207030e+00 -3.732754e-02 2.005672e-01 7.896520e-01 -1.049326e+00
1.332800e+02 -1.405790e-01 -5.269590e-01 3.602831e-01 4.416297e-01 -8.510831e-02 -2.531226e-01 -4.296874e-01 2.210141e+00 -3.747167e-02 1.971429e-01 7.812898e-01 -1.045474e+00
1.333600e+02 -1.544180e-01 -5.173361e-01 3.486552e-01 4.142610e-01 -8.520846e-02 -2.440080e-01 -4.332096e-01 2.213317e+00 -3.726607e-02 1.922661e-01 7.724914e-01 -1.040776e+00
1.334400e+02 -1.677934e-01 -5.080796e-01 3.360238e-01 3.860410e-01 -8.514478e-02 -2.353581e-01 -4.364925e-01 2.216484e+00 -3.711347e-02 1.873254e-01 7.636985e-01 -1.035979e+00
1.335200e+02 -1.802754e-01 -5.015828e-01 3.239905e-01 3.550267e-01 -8.149646e-02 -2.292270e-01 -4.390696e-01 2.230794e+00 -4.020408e-02 1.771135e-01 7.540923e-01 -1.034123e+00
1.336000e+02 -1.925880e-01 -4.938618e-01 3.101587e-01 3.246674e-01 -7.897176e-02 -2.224919e-01 -4.420157e-01 2.241309e+00 -4.226793e-02 1.700064e-01 7.445794e-01 -1.030434e+00
1.336800e+02 -2.045462e-01 -4.858483e-01 2.952386e-01 2.945050e-01 -7.659237e-02 -2.154898e-01 -4.450738e-01 2.249972e+00 -4.417071e-02 1.640804e-01 7.350031e-01 -1.026188e+00
1.337600e+02 -2.162711e-01 -4.749215e-01 2.779846e-01 2.674411e-01 -7.777821e-02 -2.046800e-01 -4.483529e-01 2.244740e+00 -4.261727e-02 1.633677e-01 7.264545e-01 -1.018508e+00
1.338400e+02 -2.273832e-01 -4.652176e-01 2.606312e-01 2.398894e-01 -7.773289e-02 -1.947157e-01 -4.520668e-01 2.249430e+00 -4.204616e-02 1.609247e-01 7.174841e-01 -1.012028e+00
1.339200e+02 -2.379090e-01 -4.553539e-01 2.425766e-01 2.133583e-01 -7.754922e-02 -1.857449e-01 -4.543272e-01 2.254606e+00 -4.110548e-02 1.585730e-01 7.085874e-01 -1.005298e+00
1.340000e+02 -2.494058e-01 -4.456451e-01 2.233091e-01 1.872577e-01 -7.737838e-02 -1.761387e-01 -4.566925e-01 2.259804e+00 -4.037628e-02 1.555178e-01 6.994273e-01 -1.000783e+00
1.340800e+02 -2.554578e-01 -4.349717e-01 2.044214e-01 1.507684e-01 -7.477267e-02 -1.703429e-01 -4.570291e-01 2.263383e+00 -3.789721e-02 1.517159e-01 6.925804e-01 -9.949909e-01
1.341600e+02 -2.623963e-01 -4.247512e-01 1.858798e-01 1.208986e-01 -7.312099e-02 -1.628268e-01 -4.578614e-01 2.268166e+00 -3.681427e-02 1.485194e-01 6.843065e-01 -9.892539e-01
1.342400e+02 -2.690754e-01 -4.145961e-01 1.665610e-01 9.270680e-02 -7.131400e-02 -1.547541e-01 -4.586732e-01 2.273089e+00 -3.618285e-02 1.455085e-01 6.756211e-01 -9.834450e-01
1.343200e+02 -2.754777e-01 -4.045423e-01 1.466091e-01 6.620903e-02 -6.925361e-02 -1.464563e-01 -4.594969e-01 2.277911e+00 -3.586519e-02 1.425576e-01 6.666276e-01 -9.776216e-01
1.344000e+02 -2.814217e-01 -3.951826e-01 1.265110e-01 4.113337e-02 -6.634863e-02 -1.372256e-01 -4.600813e-01 2.283471e+00 -3.598181e-02 1.415544e-01 6.566496e-01 -9.727746e-01
1.344800e+02 -2.873858e-01 -3.852933e-01 1.054738e-01 1.807099e-02 -6.355618e-02 -1.273037e-01 -4.610650e-01 2.288788e+00 -3.629779e-02 1.399115e-01 6.467034e-01 -9.670622e-01
1.345600e+02 -2.932653e-01 -3.775938e-01 8.322712e-02 -4.381426e-03 -6.072051e-02 -1.171365e-01 -4.623252e-01 2.293698e+00 -3.667818e-02 1.378335e-01 6.370163e-01 -9.613886e-01
1.346400e+02 -2.988848e-01 -3.687436e-01 6.089685e-02 -2.539957e-02 -5.728290e-02 -1.062514e-01 -4.637673e-01 2.298894e+00 -3.739696e-02 1.360698e-01 6.268707e-01 -9.552013e-01
1.347200e+02 -3.046151e-01 -3.595365e-01 3.834933e-02 -4.425105e-02 -5.374567e-02 -9.420378e-02 -4.656244e-01 2.304491e+00 -3.859225e-02 1.346424e-01 6.161211e-01 -9.486762e-01
1.348000e+02 -3.095969e-01 -3.495443e-01 1.580564e-02 -6.388194e-02 -4.918514e-02 -8.256321e-02 -4.672680e-01 2.309851e+00 -3.957320e-02 1.333239e-01 6.054870e-01 -9.417391e-01
1.348800e+02 -3.147870e-01 -3.392820e-01 -6.582607e-03 -8.031694e-02 -4.492776e-02 -6.929911e-02 -4.694340e-01 2.315919e+00 -4.115710e-02 1.325943e-01 5.940970e-01 -9.344179e-01
1.349600e+02 -3.201289e-01 -3.288758e-01 -2.889819e-02 -9.463558e-02 -4.069559e-02 -5.478889e-02 -4.720268e-01 2.322390e+00 -4.317426e-02 1.322350e-01 5.821150e-01 -9.268699e-01
1.350400e+02 -3.256381e-01 -3.179623e-01 -5.101021e-02 -1.068097e-01 -3.638956e-02 -3.911352e-02 -4.748945e-01 2.329360e+00 -4.555607e-02 1.324355e-01 5.695267e-01 -9.187868e-01
1.351200e+02 -3.277647e-01 -3.062887e-01 -7.249645e-02 -1.255227e-01 -3.127750e-02 -2.502088e-02 -4.771783e-01 2.335250e+00 -4.691550e-02 1.321995e-01 5.583232e-01 -9.106227e-01
1.352000e+02 -3.275650e-01 -2.881372e-01 -9.084794e-02 -1.459161e-01 -2.518413e-02 -1.095770e-02 -4.790108e-01 2.341751e+00 -4.831141e-02 1.330401e-01 5.465334e-01 -9.009577e-01
1.352800e+02 -3.294889e-01 -2.713483e-01 -1.082691e-01 -1.597539e-01 -1.990649e-02 5.190404e-03 -4.816360e-01 2.349448e+00 -5.080358e-02 1.347647e-01 5.334334e-01 -8.913593e-01
1.353600e+02 -3.287469e-01 -2.541768e-01 -1.256449e-01 -1.811588e-01 -1.374653e-02 2.028970e-02 -4.839485e-01 2.355890e+00 -5.232814e-02 1.358722e-01 5.216083e-01 -8.822180e-01
1.354400e+02 -3.291166e-01 -2.365701e-01 -1.425195e-01 -1.981248e-01 -7.809969e-03 3.603635e-02 -4.863658e-01 2.363513e+00 -5.462151e-02 1.381040e-01 5.087802e-01 -8.723327e-01
1.355200e+02 -3.312088e-01 -2.192969e-01 -1.593725e-01 -2.106634e-01 -2.756743e-03 5.385704e-02 -4.897070e-01 2.371894e+00 -5.782834e-02 1.407222e-01 4.947949e-01 -8.632360e-01
1.356000e+02 -3.296309e-01 -2.013794e-01 -1.754088e-01 -2.296894e-01 3.106784e-03 6.978077e-02 -4.921286e-01 2.379403e+00 -5.993842e-02 1.432172e-01 4.822805e-01 -8.532177e-01
1.356800e+02 -3.305211e-01 -1.834901e-01 -1.904930e-01 -2.403280e-01 7.972371e-03 8.868220e-02 -4.955695e-01 2.388854e+00 -6.363505e-02 1.470609e-01 4.677259e-01 -8.425940e-01
1.357600e+02 -3.323945e-01 -1.654436e-01 -2.053946e-01 -2.473078e-01 1.256771e-02 1.094230e-01 -4.995652e-01 2.399318e+00 -6.801826e-02 1.517877e-01 4.521385e-01 -8.313190e-01
1.358400e+02 -3.346327e-01 -1.489795e-01 -2.198313e-01 -2.518825e-01 1.735961e-02 1.316360e-01 -5.034776e-01 2.410844e+00 -7.272929e-02 1.591162e-01 4.365848e-01 -8.206119e-01
1.359200e+02 -3.365291e-01 -1.309111e-01 -2.336036e-01 -2.570018e-01 2.278728e-02 1.538579e-01 -5.075096e-01 2.422793e+00 -7.720331e-02 1.658885e-01 4.203321e-01 -8.083667e-01
1.360000e+02 -3.393220e-01 -1.124538e-01 -2.462423e-01 -2.578558e-01 2.751294e-02 1.781220e-01 -5.123527e-01 2.435990e+00 -8.264531e-02 1.735106e-01 4.027697e-01 -7.953764e-01
1.360800e+02 -3.429390e-01 -9.728016e-02 -2.590872e-01 -2.564783e-01 3.136327e-02 2.035588e-01 -5.179834e-01 2.449573e+00 -8.858118e-02 1.812101e-01 3.850490e-01 -7.829141e-01
1.361600e+02 -3.473004e-01 -7.965363e-02 -2.709772e-01 -2.522014e-01 3.488273e-02 2.308745e-01 -5.243394e-01 2.464259e+00 -9.515423e-02 1.897823e-01 3.659955e-01 -7.694546e-01
1.362400e+02 -3.519644e-01 -6.187940e-02 -2.815343e-01 -2.458250e-01 3.867351e-02 2.598855e-01 -5.303411e-01 2.480282e+00 -1.026725e-01 2.010078e-01 3.458192e-01 -7.551983e-01
1.363200e+02 -3.570596e-01 -4.334126e-02 -2.912610e-01 -2.371618e-01 4.200620e-02 2.906587e-01 -5.374612e-01 2.497895e+00 -1.109413e-01 2.124850e-01 3.246077e-01 -7.396711e-01
1.364000e+02 -3.625153e-01 -2.407836e-02 -3.000815e-01 -2.263937e-01 4.489636e-02 3.231423e-01 -5.453895e-01 2.516755e+00 -1.199109e-01 2.250433e-01 3.023703e-01 -7.229735e-01
1.364800e+02 -3.672197e-01 -4.281880e-03 -3.078816e-01 -2.158045e-01 4.703523e-02 3.570569e-01 -5.539861e-01 2.536531e+00 -1.293407e-01 2.385674e-01 2.795713e-01 -7.053168e-01
1.365600e+02 -3.726832e-01 1.686660e-02 -3.152725e-01 -2.032529e-01 4.854653e-02 3.923600e-01 -5.632939e-01 2.557587e+00 -1.395042e-01 2.534704e-01 2.557213e-01 -6.863123e-01
1.366400e+02 -3.751734e-01 3.872859e-02 -3.218328e-01 -1.956800e-01 5.038998e-02 4.269220e-01 -5.724092e-01 2.578649e+00 -1.492256e-01 2.691034e-01 2.324741e-01 -6.664054e-01
1.367200e+02 -3.777430e-01 6.378670e-02 -3.274755e-01 -1.791544e-01 4.810439e-02 4.662452e-01 -5.822256e-01 2.589148e+00 -1.560173e-01 2.946612e-01 2.085983e-01 -6.370115e-01
1.368000e+02 -3.819950e-01 9.062522e-02 -3.301752e-01 -1.573845e-01 4.646497e-02 5.077899e-01 -5.927678e-01 2.608677e+00 -1.667335e-01 3.180255e-01 1.821029e-01 -6.104285e-01
1.368800e+02 -3.871036e-01 1.166202e-01 -3.349900e-01 -1.344502e-01 4.134407e-02 5.505243e-01 -6.041888e-01 2.621487e+00 -1.746677e-01 3.451323e-01 1.567013e-01 -5.837159e-01
1.369600e+02 -3.908354e-01 1.432401e-01 -3.368563e-01 -1.146241e-01 3.835439e-02 5.920269e-01 -6.143339e-01 2.640054e+00 -1.843378e-01 3.706022e-01 1.303344e-01 -5.563245e-01
1.370400e+02 -3.928702e-01 1.685105e-01 -3.365328e-01 -9.441817e-02 3.553776e-02 6.390017e-01 -6.260057e-01 2.663909e+00 -1.957867e-01 3.982829e-01 1.022594e-01 -5.241093e-01
1.371200e+02 -3.936669e-01 1.941660e-01 -3.353221e-01 -7.533748e-02 3.158942e-02 6.827817e-01 -6.370494e-01 2.690233e+00 -2.076619e-01 4.263836e-01 7.471592e-02 -4.931495e-01
1.372000e+02 -3.944875e-01 2.204720e-01 -3.328934e-01 -5.432405e-02 2.739395e-02 7.267212e-01 -6.482045e-01 2.720696e+00 -2.209019e-01 4.560085e-01 4.577683e-02 -4.619667e-01
1.372800e+02 -3.954652e-01 2.464697e-01 -3.302898e-01 -3.347628e-02 2.196116e-02 7.752976e-01 -6.615386e-01 2.753551e+00 -2.357543e-01 4.869639e-01 1.530964e-02 -4.302507e-01
1.373600e+02 -3.957233e-01 2.789363e-01 -3.258751e-01 -9.459288e-03 1.514341e-02 8.226637e-01 -6.743244e-01 2.787898e+00 -2.507402e-01 5.202468e-01 -1.679271e-02 -3.959840e-01
1.374400e+02 -3.953081e-01 3.094094e-01 -3.204954e-01 1.509318e-02 7.741787e-03 8.692166e-01 -6.870443e-01 2.825187e+00 -2.666957e-01 5.551431e-01 -4.962509e-02 -3.611434e-01
1.375200e+02 -3.941568e-01 3.386764e-01 -3.139311e-01 3.982806e-02 1.299271e-03 9.152420e-01 -6.998664e-01 2.866511e+00 -2.842765e-01 5.916775e-01 -8.358779e-02 -3.257594e-01
1.376000e+02 -3.921497e-01 3.670194e-01 -3.065896e-01 6.791407e-02 -5.965673e-03 9.612415e-01 -7.107736e-01 2.908714e+00 -3.021433e-01 6.345875e-01 -1.179603e-01 -2.904650e-01
1.376800e+02 -3.882348e-01 4.000092e-01 -2.979560e-01 9.674996e-02 -1.309613e-02 1.007261e+00 -7.221161e-01 2.953881e+00 -3.200505e-01 6.778842e-01 -1.541133e-01 -2.512730e-01
1.377600e+02 -3.836086e-01 4.311165e-01 -2.890662e-01 1.249547e-01 -2.077811e-02 1.055317e+00 -7.346734e-01 3.001638e+00 -3.393812e-01 7.224243e-01 -1.909413e-01 -2.116471e-01
1.378400e+02 -3.789866e-01 4.613610e-01 -2.792964e-01 1.550545e-01 -2.822434e-02 1.101431e+00 -7.476021e-01 3.054997e+00 -3.606481e-01 7.681729e-01 -2.291190e-01 -1.709454e-01
1.379200e+02 -3.723680e-01 4.924103e-01 -2.693720e-01 1.852885e-01 -3.643704e-02 1.147655e+00 -7.612454e-01 3.106499e+00 -3.821274e-01 8.156651e-01 -2.674136e-01 -1.287837e-01
1.380000e+02 -3.644730e-01 5.271660e-01 -2.611187e-01 2.195298e-01 -4.981235e-02 1.197475e+00 -7.756104e-01 3.143016e+00 -3.998000e-01 8.725676e-01 -3.046612e-01 -8.013465e-02
1.380800e+02 -3.546877e-01 5.624922e-01 -2.532031e-01 2.514293e-01 -6.519244e-02 1.245499e+00 -7.908911e-01 3.179204e+00 -4.160842e-01 9.341678e-01 -3.415404e-01 -2.827131e-02
1.381600e+02 -3.428560e-01 6.004245e-01 -2.414166e-01 2.839927e-01 -7.757826e-02 1.292242e+00 -8.024162e-01 3.219146e+00 -4.365516e-01 9.923171e-01 -3.803492e-01 2.370132e-02
1.382400e+02 -3.286299e-01 6.352469e-01 -2.284623e-01 3.148314e-01 -8.848425e-02 1.336098e+00 -8.131864e-01 3.269484e+00 -4.584595e-01 1.050898e+00 -4.193704e-01 7.757500e-02
1.383200e+02 -3.136578e-01 6.645031e-01 -2.174473e-01 3.440458e-01 -1.000632e-01 1.380193e+00 -8.257006e-01 3.319998e+00 -4.809431e-01 1.109188e+00 -4.571178e-01 1.311666e-01
1.384000e+02 -2.976306e-01 6.956492e-01 -2.055898e-01 3.749487e-01 -1.113146e-01 1.424160e+00 -8.375948e-01 3.374937e+00 -5.043266e-01 1.170840e+00 -4.960764e-01 1.860569e-01
1.384800e+02 -2.806239e-01 7.309820e-01 -1.928583e-01 4.078864e-01 -1.226202e-01 1.468550e+00 -8.486734e-01 3.434884e+00 -5.282941e-01 1.235821e+00 -5.357933e-01 2.440568e-01
1.385600e+02 -2.619800e-01 7.630554e-01 -1.801353e-01 4.394253e-01 -1.311914e-01 1.506635e+00 -8.536470e-01 3.498004e+00 -5.514858e-01 1.307352e+00 -5.741132e-01 3.015328e-01
1.386400e+02 -2.419188e-01 7.866261e-01 -1.684604e-01 4.670693e-01 -1.412882e-01 1.543766e+00 -8.563507e-01 3.564435e+00 -5.739973e-01 1.381732e+00 -6.088057e-01 3.543863e-01
1.387200e+02 -2.219357e-01 8.046271e-01 -1.607086e-01 4.958581e-01 -1.525385e-01 1.574371e+00 -8.580354e-01 3.631252e+00 -5.944312e-01 1.450285e+00 -6.398707e-01 4.065302e-01
1.388000e+02 -2.012257e-01 8.169477e-01 -1.533214e-01 5.173346e-01 -1.635594e-01 1.604919e+00 -8.603323e-01 3.701144e+00 -6.161639e-01 1.516922e+00 -6.708472e-01 4.606508e-01
1.388800e+02 -1.802398e-01 8.298510e-01 -1.445340e-01 5.371935e-01 -1.736050e-01 1.636742e+00 -8.627103e-01 3.774862e+00 -6.398026e-01 1.585559e+00 -7.024754e-01 5.171024e-01
1.389600e+02 -1.589493e-01 8.334505e-01 -1.424605e-01 5.547799e-01 -1.898667e-01 1.665885e+00 -8.649153e-01 3.829502e+00 -6.569571e-01 1.661469e+00 -7.279530e-01 5.776369e-01
1.390400e+02 -1.351489e-01 8.340557e-01 -1.409794e-01 5.662232e-01 -2.055550e-01 1.690120e+00 -8.640578e-01 3.879652e+00 -6.737860e-01 1.738359e+00 -7.505678e-01 6.390940e-01
1.391200e+02 -1.110553e-01 8.337533e-01 -1.371805e-01 5.783957e-01 -2.180122e-01 1.712023e+00 -8.609520e-01 3.940245e+00 -6.949022e-01 1.810364e+00 -7.731815e-01 6.973459e-01
1.392000e+02 -8.734626e-02 8.338690e-01 -1.361973e-01 5.890217e-01 -2.314675e-01 1.725206e+00 -8.574545e-01 4.003022e+00 -7.147445e-01 1.875363e+00 -7.930163e-01 7.555098e-01
1.392800e+02 -6.385865e-02 8.288277e-01 -1.340479e-01 5.978692e-01 -2.427285e-01 1.740616e+00 -8.564488e-01 4.072886e+00 -7.370422e-01 1.938804e+00 -8.119057e-01 8.121640e-01
1.393600e+02 -3.684063e-02 8.203443e-01 -1.307076e-01 6.035041e-01 -2.513108e-01 1.753511e+00 -8.522004e-01 4.144345e+00 -7.585910e-01 2.006176e+00 -8.277280e-01 8.728884e-01
1.394400e+02 -1.226358e-02 8.098594e-01 -1.289990e-01 6.087476e-01 -2.598310e-01 1.764058e+00 -8.491194e-01 4.216558e+00 -7.809577e-01 2.069125e+00 -8.414428e-01 9.310919e-01
1.395200e+02 3.525443e-03 7.958533e-01 -1.308731e-01 6.097259e-01 -2.679843e-01 1.768609e+00 -8.463620e-01 4.291063e+00 -8.051564e-01 2.125516e+00 -8.538605e-01 9.720659e-01
1.396000e+02 2.280357e-02 7.680957e-01 -1.347102e-01 6.038153e-01 -2.744557e-01 1.768888e+00 -8.430129e-01 4.357843e+00 -8.279918e-01 2.179670e+00 -8.603889e-01 1.013999e+00
1.396800e+02 4.054612e-02 7.451473e-01 -1.389220e-01 5.994744e-01 -2.809821e-01 1.768743e+00 -8.431080e-01 4.423693e+00 -8.516003e-01 2.228771e+00 -8.655878e-01 1.055574e+00
1.397600e+02 5.708695e-02 7.197791e-01 -1.437722e-01 5.935365e-01 -2.869495e-01 1.765942e+00 -8.415161e-01 4.486635e+00 -8.760702e-01 2.279231e+00 -8.670427e-01 1.090636e+00
1.398400e+02 7.402267e-02 6.921687e-01 -1.466432e-01 5.836735e-01 -2.906509e-01 1.768028e+00 -8.412607e-01 4.551762e+00 -9.010875e-01 2.330492e+00 -8.687669e-01 1.132280e+00
1.399200e+02 8.741773e-02 6.751562e-01 -1.579309e-01 5.797182e-01 -3.124264e-01 1.781555e+00 -8.439591e-01 4.560137e+00 -9.113298e-01 2.402879e+00 -8.630041e-01 1.183856e+00
1.400000e+02 9.516726e-02 6.617073e-01 -1.712440e-01 5.813673e-01 -3.432752e-01 1.794184e+00 -8.480473e-01 4.546235e+00 -9.173143e-01 2.479524e+00 -8.577713e-01 1.241441e+00
1.400800e+02 1.027629e-01 6.329156e-01 -1.832603e-01 5.785811e-01 -3.734346e-01 1.795373e+00 -8.426940e-01 4.541979e+00 -9.223660e-01 2.550740e+00 -8.469659e-01 1.289671e+00
1.401600e+02 1.133398e-01 6.019712e-01 -1.881021e-01 5.715599e-01 -3.941492e-01 1.790775e+00 -8.313634e-01 4.576675e+00 -9.325741e-01 2.609363e+00 -8.360836e-01 1.335431e+00
1.402400e+02 1.188564e-01 5.712633e-01 -1.934057e-01 5.641393e-01 -4.135701e-01 1.778187e+00 -8.163464e-01 4.625631e+00 -9.406840e-01 2.660823e+00 -8.212477e-01 1.370782e+00
1.403200e+02 1.262014e-01 5.399619e-01 -1.952549e-01 5.571433e-01 -4.281846e-01 1.761040e+00 -7.982032e-01 4.681250e+00 -9.484460e-01 2.706697e+00 -8.050163e-01 1.413739e+00
1.404000e+02 1.319714e-01 5.079019e-01 -1.949613e-01 5.474318e-01 -4.386211e-01 1.737271e+00 -7.784103e-01 4.735370e+00 -9.570066e-01 2.749103e+00 -7.845091e-01 1.447244e+00
1.404800e+02 1.334000e-01 4.867636e-01 -2.007277e-01 5.476690e-01 -4.612054e-01 1.721169e+00 -7.611443e-01 4.729536e+00 -9.516891e-01 2.807857e+00 -7.563106e-01 1.487474e+00
1.405600e+02 1.374692e-01 4.468520e-01 -2.007845e-01 5.372128e-01 -4.731253e-01 1.691650e+00 -7.438843e-01 4.751201e+00 -9.525749e-01 2.854606e+00 -7.261323e-01 1.520012e+00
1.406400e+02 1.362326e-01 4.176802e-01 -2.008840e-01 5.309679e-01 -4.842649e-01 1.660244e+00 -7.282016e-01 4.779730e+00 -9.575775e-01 2.888964e+00 -6.953295e-01 1.535889e+00
1.407200e+02 1.242209e-01 3.956449e-01 -2.062145e-01 5.279321e-01 -5.007845e-01 1.627428e+00 -7.139294e-01 4.785257e+00 -9.556685e-01 2.922630e+00 -6.640076e-01 1.535010e+00
1.408000e+02 1.176256e-01 3.699698e-01 -2.032023e-01 5.208957e-01 -5.048352e-01 1.588431e+00 -6.933927e-01 4.802140e+00 -9.586051e-01 2.943433e+00 -6.352208e-01 1.533977e+00
1.408800e+02 9.956496e-02 3.507197e-01 -2.063487e-01 5.081891e-01 -5.120141e-01 1.539472e+00 -6.783428e-01 4.812511e+00 -9.639081e-01 2.942682e+00 -6.043508e-01 1.496623e+00
1.409600e+02 8.866041e-02 3.295525e-01 -2.027574e-01 4.991869e-01 -5.091664e-01 1.491888e+00 -6.625487e-01 4.820077e+00 -9.655196e-01 2.941797e+00 -5.747505e-01 1.473879e+00
1.410400e+02 8.022253e-02 3.086759e-01 -1.967950e-01 4.906120e-01 -5.016448e-01 1.443550e+00 -6.483274e-01 4.823191e+00 -9.673029e-01 2.938397e+00 -5.440150e-01 1.451327e+00
1.411200e+02 7.500240e-02 2.746603e-01 -1.922361e-01 4.789293e-01 -4.925613e-01 1.392599e+00 -6.356075e-01 4.818160e+00 -9.672626e-01 2.930547e+00 -5.092179e-01 1.427428e+00
1.412000e+02 7.345915e-02 2.486365e-01 -1.861896e-01 4.644162e-01 -4.815250e-01 1.340721e+00 -6.239806e-01 4.808439e+00 -9.661582e-01 2.920077e+00 -4.740774e-01 1.402000e+00
1.412800e+02 6.575441e-02 2.251336e-01 -1.834144e-01 4.579258e-01 -4.725053e-01 1.291160e+00 -6.181212e-01 4.793114e+00 -9.703875e-01 2.897738e+00 -4.419819e-01 1.356838e+00
1.413600e+02 6.266398e-02 2.050110e-01 -1.783456e-01 4.515401e-01 -4.632147e-01 1.241754e+00 -6.108757e-01 4.772205e+00 -9.663073e-01 2.877462e+00 -4.112522e-01 1.325371e+00
1.414400e+02 6.081969e-02 1.826006e-01 -1.726765e-01 4.446180e-01 -4.536422e-01 1.196689e+00 -6.058731e-01 4.752284e+00 -9.630266e-01 2.856372e+00 -3.825539e-01 1.290346e+00
1.415200e+02 6.184855e-02 1.632591e-01 -1.683979e-01 4.422390e-01 -4.446362e-01 1.143999e+00 -5.973562e-01 4.727680e+00 -9.555474e-01 2.833919e+00 -3.532188e-01 1.256293e+00
1.416000e+02 6.363667e-02 1.403664e-01 -1.652255e-01 4.368804e-01 -4.315733e-01 1.091319e+00 -5.930564e-01 4.720397e+00 -9.549525e-01 2.786245e+00 -3.300085e-01 1.221491e+00
1.416800e+02 6.862272e-02 1.225468e-01 -1.644417e-01 4.330881e-01 -4.222741e-01 1.042889e+00 -5.906867e-01 4.698994e+00 -9.452570e-01 2.753131e+00 -3.046030e-01 1.188803e+00
1.417600e+02 7.475803e-02 1.147957e-01 -1.629756e-01 4.314521e-01 -4.135276e-01 1.000702e+00 -5.891177e-01 4.670704e+00 -9.387203e-01 2.720783e+00 -2.856515e-01 1.161082e+00
1.418400e+02 8.309493e-02 1.073862e-01 -1.609656e-01 4.267087e-01 -4.052719e-01 9.659394e-01 -5.893971e-01 4.641081e+00 -9.342840e-01 2.692197e+00 -2.694350e-01 1.133080e+00
1.419200e+02 9.406213e-02 1.003574e-01 -1.614978e-01 4.192861e-01 -3.973814e-01 9.282364e-01 -5.882951e-01 4.610216e+00 -9.302226e-01 2.664486e+00 -2.533914e-01 1.106004e+00
1.420000e+02 1.041608e-01 9.589401e-02 -1.654151e-01 4.088307e-01 -3.920173e-01 8.896804e-01 -5.874533e-01 4.574880e+00 -9.265267e-01 2.636941e+00 -2.389828e-01 1.074267e+00
1.420800e+02 1.153766e-01 9.454897e-02 -1.706825e-01 3.946965e-01 -3.876722e-01 8.466442e-01 -5.849227e-01 4.536134e+00 -9.228400e-01 2.607981e+00 -2.247287e-01 1.040135e+00
1.421600e+02 1.312101e-01 9.823132e-02 -1.737223e-01 3.769918e-01 -3.814178e-01 8.032781e-01 -5.800318e-01 4.497479e+00 -9.196923e-01 2.581211e+00 -2.098519e-01 1.013461e+00
1.422400e+02 1.500938e-01 1.070666e-01 -1.743543e-01 3.551228e-01 -3.755379e-01 7.609943e-01 -5.739215e-01 4.456371e+00 -9.173581e-01 2.556971e+00 -1.936739e-01 9.914512e-01
1.423200e+02 1.651068e-01 1.204844e-01 -1.710600e-01 3.406893e-01 -3.676981e-01 7.238451e-01 -5.683659e-01 4.418658e+00 -9.195617e-01 2.538893e+00 -1.796381e-01 9.697322e-01
1.424000e+02 1.830961e-01 1.431840e-01 -1.635856e-01 3.132190e-01 -3.600032e-01 6.870957e-01 -5.629414e-01 4.380102e+00 -9.242143e-01 2.519044e+00 -1.653503e-01 9.482894e-01
1.424800e+02 2.014125e-01 1.675043e-01 -1.497370e-01 2.792425e-01 -3.514049e-01 6.506990e-01 -5.562442e-01 4.342042e+00 -9.285564e-01 2.502605e+00 -1.501338e-01 9.345180e-01
1.425600e+02 2.218517e-01 1.894996e-01 -1.241885e-01 2.357090e-01 -3.349823e-01 6.112349e-01 -5.445520e-01 4.322863e+00 -9.394836e-01 2.488912e+00 -1.324820e-01 9.100264e-01
1.426400e+02 2.399876e-01 2.184060e-01 -9.442338e-02 1.917018e-01 -3.233376e-01 5.692718e-01 -5.363805e-01 4.299218e+00 -9.479982e-01 2.477859e+00 -1.142213e-01 8.918581e-01
1.427200e+02 2.549896e-01 2.468489e-01 -5.919693e-02 1.456364e-01 -3.147004e-01 5.287481e-01 -5.280507e-01 4.264370e+00 -9.564078e-01 2.465909e+00 -9.461332e-02 8.716657e-01
1.428000e+02 2.714671e-01 2.775360e-01 -1.568981e-02 9.727119e-02 -3.057533e-01 4.836850e-01 -5.162135e-01 4.227724e+00 -9.640606e-01 2.453417e+00 -7.355317e-02 8.533286e-01
1.428800e+02 2.862721e-01 3.046789e-01 3.700211e-02 5.251025e-02 -2.940006e-01 4.407643e-01 -5.007020e-01 4.192961e+00 -9.708876e-01 2.450152e+00 -5.149502e-02 8.308298e-01
1.429600e+02 2.979196e-01 3.319728e-01 9.293481e-02 1.481838e-02 -2.856084e-01 3.986897e-01 -4.907775e-01 4.160720e+00 -9.760491e-01 2.433945e+00 -2.994839e-02 8.118879e-01
1.430400e+02 3.061849e-01 3.552560e-01 1.517618e-01 -1.647110e-02 -2.782080e-01 3.577187e-01 -4.803550e-01 4.127035e+00 -9.816398e-01 2.420732e+00 -8.867570e-03 7.895030e-01
1.431200e+02 3.109056e-01 3.767808e-01 2.088547e-01 -3.773679e-02 -2.752665e-01 3.171063e-01 -4.725884e-01 4.089912e+00 -9.848758e-01 2.397726e+00 1.039241e-02 7.720940e-01
1.432000e+02 3.183035e-01 3.919676e-01 2.655941e-01 -5.847213e-02 -2.713949e-01 2.756519e-01 -4.637012e-01 4.052340e+00 -9.845962e-01 2.375278e+00 3.269989e-02 7.508882e-01
1.432800e+02 3.214761e-01 4.020625e-01 3.187043e-01 -6.694235e-02 -2.682151e-01 2.362637e-01 -4.554691e-01 4.015390e+00 -9.828180e-01 2.352585e+00 5.422378e-02 7.285040e-01
1.433600e+02 3.235163e-01 4.011419e-01 3.701679e-01 -7.303509e-02 -2.575341e-01 1.938241e-01 -4.462108e-01 4.001091e+00 -9.853917e-01 2.317331e+00 7.386101e-02 6.983864e-01
1.434400e+02 3.217998e-01 3.990593e-01 4.117823e-01 -6.568070e-02 -2.539750e-01 1.575952e-01 -4.419615e-01 3.975036e+00 -9.794730e-01 2.290269e+00 9.421578e-02 6.723977e-01
1.435200e+02 3.180025e-01 3.849165e-01 4.445432e-01 -5.351594e-02 -2.518467e-01 1.238304e-01 -4.369621e-01 3.938982e+00 -9.709950e-01 2.263523e+00 1.151884e-01 6.434168e-01
1.436000e+02 3.110647e-01 3.674669e-01 4.691504e-01 -3.621043e-02 -2.504554e-01 9.256795e-02 -4.326629e-01 3.900179e+00 -9.604506e-01 2.235640e+00 1.349291e-01 6.095351e-01
1.436800e+02 3.038150e-01 3.456391e-01 4.863697e-01 -1.489916e-02 -2.490105e-01 6.290418e-02 -4.274828e-01 3.860353e+00 -9.463327e-01 2.207898e+00 1.540819e-01 5.755270e-01
1.437600e+02 2.994460e-01 3.147648e-01 5.004664e-01 8.936206e-03 -2.426678e-01 3.742827e-02 -4.208571e-01 3.833300e+00 -9.333095e-01 2.182449e+00 1.732118e-01 5.382574e-01
1.438400e+02 2.917924e-01 2.821915e-01 5.047231e-01 3.779652e-02 -2.394301e-01 1.541545e-02 -4.183914e-01 3.804212e+00 -9.171327e-01 2.157152e+00 1.907308e-01 5.016093e-01
1.439200e+02 2.849084e-01 2.462892e-01 5.018024e-01 6.369050e-02 -2.367304e-01 -4.457296e-03 -4.162832e-01 3.771095e+00 -8.986102e-01 2.131284e+00 2.079313e-01 4.645917e-01
1.440000e+02 2.773213e-01 2.035436e-01 4.923784e-01 8.996888e-02 -2.350234e-01 -2.222138e-02 -4.150049e-01 3.736691e+00 -8.789632e-01 2.103539e+00 2.249799e-01 4.250495e-01
1.440800e+02 2.714528e-01 1.593201e-01 4.780358e-01 1.115313e-01 -2.333724e-01 -3.903316e-02 -4.139699e-01 3.702126e+00 -8.578866e-01 2.074190e+00 2.421412e-01 3.849522e-01
1.441600e+02 2.668078e-01 1.135674e-01 4.599247e-01 1.306144e-01 -2.322525e-01 -5.470737e-02 -4.134219e-01 3.668149e+00 -8.360794e-01 2.043559e+00 2.591149e-01 3.441723e-01
1.442400e+02 2.664569e-01 6.009512e-02 4.434733e-01 1.401879e-01 -2.228655e-01 -7.448291e-02 -4.097104e-01 3.658666e+00 -8.195500e-01 2.007811e+00 2.767238e-01 2.926687e-01
1.443200e+02 2.622409e-01 1.442949e-02 4.181754e-01 1.541554e-01 -2.233512e-01 -9.020385e-02 -4.138071e-01 3.639381e+00 -8.003803e-01 1.963370e+00 2.911658e-01 2.534321e-01
1.444000e+02 2.593142e-01 -3.750228e-02 3.912470e-01 1.644106e-01 -2.237473e-01 -1.060387e-01 -4.158555e-01 3.611201e+00 -7.826334e-01 1.924534e+00 3.066435e-01 2.103155e-01
1.444800e+02 2.593003e-01 -9.209802e-02 3.624484e-01 1.680674e-01 -2.247354e-01 -1.233128e-01 -4.174754e-01 3.577711e+00 -7.635265e-01 1.886736e+00 3.245905e-01 1.651569e-01
1.445600e+02 2.625726e-01 -1.514258e-01 3.358911e-01 1.631662e-01 -2.193850e-01 -1.489085e-01 -4.174914e-01 3.564303e+00 -7.501585e-01 1.835552e+00 3.416290e-01 1.133414e-01
1.446400e+02 2.652196e-01 -2.033159e-01 3.049246e-01 1.591037e-01 -2.202647e-01 -1.713030e-01 -4.213223e-01 3.536461e+00 -7.304623e-01 1.791848e+00 3.594281e-01 6.485414e-02
1.447200e+02 2.707787e-01 -2.554706e-01 2.763555e-01 1.532960e-01 -2.195434e-01 -1.926341e-01 -4.203907e-01 3.501126e+00 -7.096939e-01 1.759599e+00 3.792073e-01 1.478528e-02
1.448000e+02 2.775210e-01 -3.044116e-01 2.470630e-01 1.444404e-01 -2.202434e-01 -2.149257e-01 -4.193310e-01 3.463156e+00 -6.886917e-01 1.724437e+00 3.974672e-01 -3.325238e-02
1.448800e+02 2.868275e-01 -3.567829e-01 2.224238e-01 1.283415e-01 -2.130907e-01 -2.444596e-01 -4.158817e-01 3.450859e+00 -6.747403e-01 1.675704e+00 4.132952e-01 -8.732137e-02
1.449600e+02 2.965303e-01 -4.013860e-01 1.955596e-01 1.141257e-01 -2.111868e-01 -2.712957e-01 -4.135007e-01 3.422588e+00 -6.544989e-01 1.634558e+00 4.300892e-01 -1.357934e-01
1.450400e+02 3.075470e-01 -4.418326e-01 1.696187e-01 9.959437e-02 -2.107247e-01 -2.965280e-01 -4.093170e-01 3.383671e+00 -6.327049e-01 1.595791e+00 4.472595e-01 -1.821124e-01
1.451200e+02 3.200415e-01 -4.794936e-01 1.454393e-01 8.379531e-02 -2.095415e-01 -3.231185e-01 -4.037188e-01 3.345073e+00 -6.107408e-01 1.557320e+00 4.640731e-01 -2.280444e-01
1.452000e+02 3.341238e-01 -5.138192e-01 1.230657e-01 6.738095e-02 -2.078188e-01 -3.506787e-01 -3.974014e-01 3.303106e+00 -5.883250e-01 1.518819e+00 4.809289e-01 -2.725403e-01
1.452800e+02 3.498784e-01 -5.450337e-01 1.030158e-01 5.029869e-02 -2.049858e-01 -3.786736e-01 -3.903581e-01 3.259196e+00 -5.654174e-01 1.481417e+00 4.974415e-01 -3.167111e-01
1.453600e+02 3.680876e-01 -5.723544e-01 8.510953e-02 3.132597e-02 -2.009359e-01 -4.081055e-01 -3.823668e-01 3.213449e+00 -5.414349e-01 1.444424e+00 5.145434e-01 -3.603707e-01
1.454400e+02 3.875593e-01 -5.959405e-01 6.967594e-02 1.427137e-02 -1.960300e-01 -4.375468e-01 -3.737720e-01 3.167268e+00 -5.169987e-01 1.408419e+00 5.314982e-01 -4.035483e-01
1.455200e+02 4.091933e-01 -6.140728e-01 6.097353e-02 -3.012034e-03 -1.834506e-01 -4.688958e-01 -3.635301e-01 3.141561e+00 -4.989691e-01 1.363679e+00 5.455275e-01 -4.506847e-01
1.456000e+02 4.303512e-01 -6.299404e-01 5.028669e-02 -2.031237e-02 -1.739427e-01 -4.963631e-01 -3.572913e-01 3.109995e+00 -4.766205e-01 1.325037e+00 5.610997e-01 -4.941379e-01
1.456800e+02 4.527632e-01 -6.412635e-01 4.180858e-02 -3.535671e-02 -1.644331e-01 -5.247818e-01 -3.490085e-01 3.070514e+00 -4.526367e-01 1.289886e+00 5.775209e-01 -5.355635e-01
1.457600e+02 4.760133e-01 -6.494567e-01 3.547737e-02 -4.968352e-02 -1.540414e-01 -5.515241e-01 -3.401407e-01 3.027631e+00 -4.284999e-01 1.256189e+00 5.943266e-01 -5.759317e-01
1.458400e+02 4.998738e-01 -6.540306e-01 3.124005e-02 -6.258100e-02 -1.429035e-01 -5.785251e-01 -3.296557e-01 2.983255e+00 -4.037010e-01 1.223685e+00 6.119032e-01 -6.147511e-01
1.459200e+02 5.227051e-01 -6.547468e-01 2.817801e-02 -7.517639e-02 -1.315670e-01 -6.024393e-01 -3.198858e-01 2.937791e+00 -3.787807e-01 1.191243e+00 6.298393e-01 -6.542544e-01
1.460000e+02 5.454493e-01 -6.568935e-01 2.963484e-02 -9.072480e-02 -1.139305e-01 -6.326766e-01 -3.078652e-01 2.912466e+00 -3.587702e-01 1.151850e+00 6.469815e-01 -6.970539e-01
1.460800e+02 5.676863e-01 -6.605069e-01 3.534832e-02 -1.089023e-01 -9.012073e-02 -6.666782e-01 -2.937171e-01 2.897457e+00 -3.436035e-01 1.106327e+00 6.632274e-01 -7.409782e-01
1.461600e+02 5.869052e-01 -6.583136e-01 4.059231e-02 -1.237058e-01 -6.905136e-02 -6.986200e-01 -2.802311e-01 2.864472e+00 -3.256479e-01 1.065394e+00 6.806062e-01 -7.806672e-01
1.462400e+02 6.014277e-01 -6.546094e-01 4.675939e-02 -1.373273e-01 -4.864779e-02 -7.291714e-01 -2.682812e-01 2.822613e+00 -3.081924e-01 1.027610e+00 6.984790e-01 -8.209697e-01
1.463200e+02 6.129757e-01 -6.482460e-01 5.383034e-02 -1.486613e-01 -2.974545e-02 -7.578356e-01 -2.584260e-01 2.775208e+00 -2.900849e-01 9.900664e-01 7.170562e-01 -8.536068e-01
1.464000e+02 6.213957e-01 -6.418743e-01 6.312658e-02 -1.583452e-01 -1.131352e-02 -7.833635e-01 -2.494829e-01 2.726663e+00 -2.716447e-01 9.571340e-01 7.351891e-01 -8.826674e-01
1.464800e+02 6.275093e-01 -6.208259e-01 7.912134e-02 -1.630579e-01 8.492624e-03 -8.026290e-01 -2.401146e-01 2.682716e+00 -2.544347e-01 9.330104e-01 7.496804e-01 -8.983265e-01
1.465600e+02 6.294106e-01 -6.046449e-01 9.465287e-02 -1.645113e-01 2.465013e-02 -8.196277e-01 -2.315445e-01 2.638737e+00 -2.354983e-01 9.094393e-01 7.659698e-01 -9.157429e-01
1.466400e+02 6.271305e-01 -5.900824e-01 1.095150e-01 -1.651497e-01 3.761306e-02 -8.346069e-01 -2.265607e-01 2.596689e+00 -2.157929e-01 8.791605e-01 7.827312e-01 -9.278356e-01
1.467200e+02 6.218461e-01 -5.800978e-01 1.257725e-01 -1.632980e-01 4.932250e-02 -8.462840e-01 -2.194838e-01 2.555642e+00 -1.968840e-01 8.573867e-01 8.000161e-01 -9.396653e-01
1.468000e+02 6.142228e-01 -5.738738e-01 1.426192e-01 -1.600458e-01 5.969258e-02 -8.559408e-01 -2.116886e-01 2.516832e+00 -1.776111e-01 8.369485e-01 8.176071e-01 -9.506398e-01
1.468800e+02 6.050445e-01 -5.713912e-01 1.597692e-01 -1.553477e-01 6.873677e-02 -8.639679e-01 -2.033893e-01 2.479954e+00 -1.581416e-01 8.171453e-01 8.353555e-01 -9.613325e-01
1.469600e+02 5.950687e-01 -5.704965e-01 1.774162e-01 -1.485506e-01 7.663796e-02 -8.702411e-01 -1.948569e-01 2.445064e+00 -1.388732e-01 7.978325e-01 8.526276e-01 -9.717773e-01
1.470400e+02 5.842786e-01 -5.748361e-01 1.945658e-01 -1.425432e-01 8.363412e-02 -8.710028e-01 -1.884374e-01 2.412490e+00 -1.213756e-01 7.778908e-01 8.688979e-01 -9.837891e-01
1.471200e+02 5.712203e-01 -5.902584e-01 2.065815e-01 -1.326591e-01 8.475871e-02 -8.745757e-01 -1.861128e-01 2.378222e+00 -1.030274e-01 7.466937e-01 8.875859e-01 -9.977747e-01
1.472000e+02 5.606613e-01 -6.074931e-01 2.186071e-01 -1.247194e-01 8.642988e-02 -8.782533e-01 -1.809061e-01 2.342597e+00 -8.478878e-02 7.217981e-01 9.069285e-01 -1.011899e+00
1.472800e+02 5.517099e-01 -6.214882e-01 2.310265e-01 -1.137519e-01 8.762261e-02 -8.799619e-01 -1.756207e-01 2.308691e+00 -6.727418e-02 6.972476e-01 9.249377e-01 -1.025967e+00
1.473600e+02 5.438359e-01 -6.340879e-01 2.431982e-01 -1.007690e-01 8.833512e-02 -8.802349e-01 -1.704538e-01 2.275970e+00 -5.020556e-02 6.724442e-01 9.421077e-01 -1.040449e+00
1.474400e+02 5.365343e-01 -6.449646e-01 2.538037e-01 -8.910181e-02 8.777426e-02 -8.806431e-01 -1.658551e-01 2.242776e+00 -3.340723e-02 6.451800e-01 9.591216e-01 -1.060321e+00
1.475200e+02 5.297442e-01 -6.571062e-01 2.634694e-01 -7.449154e-02 8.713286e-02 -8.838517e-01 -1.596823e-01 2.209995e+00 -1.571924e-02 6.173406e-01 9.760791e-01 -1.078726e+00
1.476000e+02 5.227216e-01 -6.654849e-01 2.734872e-01 -5.743094e-02 8.774512e-02 -8.845195e-01 -1.551410e-01 2.181260e+00 -1.853572e-04 5.881429e-01 9.903792e-01 -1.096319e+00
1.476800e+02 5.153535e-01 -6.717509e-01 2.832299e-01 -3.791266e-02 8.795535e-02 -8.823117e-01 -1.512800e-01 2.151145e+00 1.498655e-02 5.593518e-01 1.004048e+00 -1.112952e+00
1.477600e+02 5.077733e-01 -6.792053e-01 2.943984e-01 -1.882223e-02 9.171412e-02 -8.802420e-01 -1.473643e-01 2.133421e+00 2.615336e-02 5.249023e-01 1.016037e+00 -1.131896e+00
1.478400e+02 4.988237e-01 -6.837755e-01 3.041830e-01 3.211182e-03 9.367719e-02 -8.757291e-01 -1.452327e-01 2.112633e+00 3.836521e-02 4.940841e-01 1.027392e+00 -1.147588e+00
1.479200e+02 4.885783e-01 -6.871328e-01 3.135092e-01 2.713906e-02 9.520406e-02 -8.690765e-01 -1.437002e-01 2.090090e+00 5.032091e-02 4.648101e-01 1.037963e+00 -1.161535e+00
1.480000e+02 4.768399e-01 -6.899967e-01 3.224384e-01 5.225867e-02 9.661225e-02 -8.597689e-01 -1.428131e-01 2.067050e+00 6.158291e-02 4.363511e-01 1.047545e+00 -1.174039e+00
1.480800e+02 4.619567e-01 -6.917191e-01 3.312260e-01 8.442663e-02 9.775219e-02 -8.501512e-01 -1.420185e-01 2.044508e+00 7.219096e-02 4.077315e-01 1.055457e+00 -1.183799e+00
1.481600e+02 4.460324e-01 -6.939377e-01 3.391481e-01 1.164784e-01 9.900751e-02 -8.373437e-01 -1.422615e-01 2.022316e+00 8.198710e-02 3.799798e-01 1.062700e+00 -1.192577e+00
1.482400e+02 4.280576e-01 -6.991082e-01 3.480562e-01 1.497760e-01 1.030593e-01 -8.245839e-01 -1.431500e-01 2.013175e+00 8.766276e-02 3.474045e-01 1.067721e+00 -1.203137e+00
1.483200e+02 4.088774e-01 -7.032900e-01 3.557319e-01 1.829646e-01 1.064971e-01 -8.098528e-01 -1.447710e-01 2.000180e+00 9.356044e-02 3.181286e-01 1.071990e+00 -1.210812e+00
1.484000e+02 3.858961e-01 -7.052102e-01 3.607119e-01 2.180977e-01 1.065182e-01 -7.916444e-01 -1.480685e-01 1.977228e+00 1.001654e-01 2.898048e-01 1.075926e+00 -1.222150e+00
1.484800e+02 3.646584e-01 -7.080041e-01 3.660074e-01 2.496694e-01 1.073067e-01 -7.735392e-01 -1.508916e-01 1.961103e+00 1.066549e-01 2.619458e-01 1.078540e+00 -1.230456e+00
1.485600e+02 3.413790e-01 -7.141201e-01 3.700268e-01 2.818021e-01 1.079894e-01 -7.548529e-01 -1.543028e-01 1.945066e+00 1.128961e-01 2.343141e-01 1.080830e+00 -1.237127e+00
1.486400e+02 3.182414e-01 -7.169222e-01 3.775276e-01 3.193961e-01 1.112790e-01 -7.326633e-01 -1.583086e-01 1.938076e+00 1.153639e-01 2.073494e-01 1.079481e+00 -1.238397e+00
1.487200e+02 2.933075e-01 -7.208641e-01 3.830338e-01 3.552732e-01 1.135430e-01 -7.099765e-01 -1.637428e-01 1.929344e+00 1.182716e-01 1.820544e-01 1.078562e+00 -1.240296e+00
1.488000e+02 2.680680e-01 -7.235966e-01 3.871421e-01 3.895762e-01 1.145077e-01 -6.869780e-01 -1.704906e-01 1.918810e+00 1.220083e-01 1.561940e-01 1.077506e+00 -1.243544e+00
1.488800e+02 2.446385e-01 -7.269632e-01 3.914566e-01 4.197568e-01 1.156873e-01 -6.638267e-01 -1.774393e-01 1.908113e+00 1.251290e-01 1.319130e-01 1.076498e+00 -1.244855e+00
1.489600e+02 2.194616e-01 -7.295844e-01 3.962850e-01 4.525504e-01 1.166510e-01 -6.380066e-01 -1.847971e-01 1.897358e+00 1.274294e-01 1.100713e-01 1.074009e+00 -1.243485e+00
1.490400e+02 1.947488e-01 -7.334089e-01 4.021772e-01 4.831306e-01 1.198705e-01 -6.124289e-01 -1.939169e-01 1.899212e+00 1.259187e-01 8.108354e-02 1.069500e+00 -1.240704e+00
1.491200e+02 1.687592e-01 -7.325781e-01 4.054693e-01 5.166350e-01 1.182513e-01 -5.830610e-01 -2.034014e-01 1.885261e+00 1.283361e-01 6.197127e-02 1.066173e+00 -1.234790e+00
1.492000e+02 1.419957e-01 -7.329776e-01 4.099620e-01 5.564224e-01 1.167756e-01 -5.496562e-01 -2.143322e-01 1.883519e+00 1.283961e-01 4.514446e-02 1.060025e+00 -1.224544e+00
1.492800e+02 1.160961e-01 -7.337591e-01 4.141621e-01 5.915561e-01 1.159161e-01 -5.162493e-01 -2.248318e-01 1.882919e+00 1.279147e-01 2.949938e-02 1.054120e+00 -1.214226e+00
1.493600e+02 8.973805e-02 -7.322713e-01 4.175273e-01 6.243772e-01 1.145173e-01 -4.831345e-01 -2.353004e-01 1.882795e+00 1.275195e-01 1.404741e-02 1.047440e+00 -1.205138e+00
1.494400e+02 6.332055e-02 -7.295759e-01 4.210075e-01 6.544926e-01 1.136106e-01 -4.499872e-01 -2.457022e-01 1.884529e+00 1.261895e-01 -2.926504e-04 1.039553e+00 -1.196169e+00
1.495200e+02 3.684816e-02 -7.249823e-01 4.241826e-01 6.823513e-01 1.120616e-01 -4.170400e-01 -2.563662e-01 1.886601e+00 1.245706e-01 -1.435066e-02 1.030763e+00 -1.187894e+00
1.496000e+02 1.047583e-02 -7.196441e-01 4.268344e-01 7.076755e-01 1.100518e-01 -3.844718e-01 -2.672725e-01 1.889176e+00 1.225680e-01 -2.812294e-02 1.021576e+00 -1.179927e+00
1.496800e+02 -1.530901e-02 -7.081393e-01 4.329298e-01 7.299959e-01 1.118901e-01 -3.528001e-01 -2.780026e-01 1.904835e+00 1.160891e-01 -4.464563e-02 1.008599e+00 -1.173288e+00
1.497600e+02 -4.145021e-02 -6.913078e-01 4.395079e-01 7.507752e-01 1.134366e-01 -3.196808e-01 -2.893926e-01 1.920831e+00 1.085002e-01 -5.823729e-02 9.934321e-01 -1.165089e+00
1.498400e+02 -7.182835e-02 -6.774660e-01 4.444109e-01 7.781615e-01 1.126506e-01 -2.839067e-01 -3.028025e-01 1.936375e+00 9.961190e-02 -6.914583e-02 9.760971e-01 -1.157030e+00
1.499200e+02 -1.011176e-01 -6.636657e-01 4.471585e-01 7.989512e-01 1.114528e-01 -2.487895e-01 -3.167937e-01 1.951008e+00 9.088389e-02 -7.895743e-02 9.586806e-01 -1.148738e+00
1.500000e+02 -1.296294e-01 -6.405376e-01 4.515652e-01 8.180758e-01 1.104730e-01 -2.119599e-01 -3.313799e-01 1.966508e+00 8.127509e-02 -8.565295e-02 9.387446e-01 -1.137511e+00
1.500800e+02 -1.578063e-01 -6.223745e-01 4.543535e-01 8.323078e-01 1.082891e-01 -1.766820e-01 -3.464292e-01 1.980633e+00 7.217991e-02 -9.217751e-02 9.198030e-01 -1.127688e+00
1.501600e+02 -1.851866e-01 -6.044846e-01 4.567343e-01 8.430373e-01 1.054272e-01 -1.423515e-01 -3.617055e-01 1.994457e+00 6.315847e-02 -9.767545e-02 9.008750e-01 -1.117669e+00
1.502400e+02 -2.118589e-01 -5.879887e-01 4.583900e-01 8.498641e-01 1.017697e-01 -1.082695e-01 -3.773252e-01 2.008402e+00 5.405100e-02 -1.022384e-01 8.821411e-01 -1.107584e+00
1.503200e+02 -2.378572e-01 -5.722687e-01 4.609357e-01 8.516913e-01 9.946577e-02 -7.666136e-02 -3.933169e-01 2.029336e+00 4.279568e-02 -1.072148e-01 8.622256e-01 -1.098775e+00
1.504000e+02 -2.632745e-01 -5.556441e-01 4.634039e-01 8.508695e-01 9.642668e-02 -4.486301e-02 -4.099935e-01 2.044972e+00 3.152508e-02 -1.104682e-01 8.421078e-01 -1.089258e+00
1.504800e+02 -2.880523e-01 -5.384596e-01 4.659031e-01 8.473442e-01 9.298168e-02 -1.312755e-02 -4.263917e-01 2.059907e+00 2.021393e-02 -1.112256e-01 8.217213e-01 -1.079540e+00
1.505600e+02 -3.137815e-01 -5.214180e-01 4.671103e-01 8.407412e-01 8.823437e-02 1.796458e-02 -4.434501e-01 2.074722e+00 9.133804e-03 -1.120404e-01 8.014003e-01 -1.071590e+00
1.506400e+02 -3.379614e-01 -5.032871e-01 4.685459e-01 8.322793e-01 8.301715e-02 4.925914e-02 -4.605491e-01 2.090690e+00 -2.023993e-03 -1.110459e-01 7.806506e-01 -1.061398e+00
1.507200e+02 -3.605862e-01 -4.849966e-01 4.706390e-01 8.217899e-01 7.798602e-02 8.015849e-02 -4.763416e-01 2.108235e+00 -1.283219e-02 -1.048487e-01 7.607233e-01 -1.052185e+00
1.508000e+02 -3.828526e-01 -4.632085e-01 4.725469e-01 8.100851e-01 7.213843e-02 1.114544e-01 -4.924812e-01 2.127561e+00 -2.348489e-02 -9.893495e-02 7.388910e-01 -1.040399e+00
1.508800e+02 -4.048266e-01 -4.421525e-01 4.733223e-01 7.962287e-01 6.519081e-02 1.420688e-01 -5.085979e-01 2.147477e+00 -3.394226e-02 -9.254663e-02 7.169972e-01 -1.028927e+00
1.509600e+02 -4.227919e-01 -4.194740e-01 4.741541e-01 7.702589e-01 6.032340e-02 1.674681e-01 -5.225071e-01 2.166453e+00 -4.246293e-02 -8.585028e-02 6.972477e-01 -1.016514e+00
1.510400e+02 -4.412591e-01 -3.979751e-01 4.744828e-01 7.485297e-01 5.319765e-02 1.950652e-01 -5.368735e-01 2.188152e+00 -5.249146e-02 -7.623221e-02 6.754237e-01 -1.004739e+00
1.511200e+02 -4.598671e-01 -3.764232e-01 4.737490e-01 7.257525e-01 4.527180e-02 2.220893e-01 -5.505195e-01 2.210592e+00 -6.239768e-02 -6.418408e-02 6.543684e-01 -9.949110e-01
1.512000e+02 -4.765082e-01 -3.549348e-01 4.729423e-01 7.021703e-01 3.754035e-02 2.481379e-01 -5.624794e-01 2.234725e+00 -7.167467e-02 -4.880457e-02 6.334594e-01 -9.840341e-01
1.512800e+02 -4.927738e-01 -3.320291e-01 4.709553e-01 6.781866e-01 2.892979e-02 2.741511e-01 -5.750243e-01 2.260121e+00 -8.115182e-02 -3.483909e-02 6.109362e-01 -9.708760e-01
1.513600e+02 -5.085643e-01 -3.096438e-01 4.675718e-01 6.534161e-01 1.965182e-02 2.999158e-01 -5.877632e-01 2.286210e+00 -9.108376e-02 -2.050146e-02 5.880192e-01 -9.572145e-01
1.514400e+02 -5.242011e-01 -2.868449e-01 4.625187e-01 6.279932e-01 9.647247e-03 3.259157e-01 -6.010185e-01 2.312737e+00 -1.012941e-01 -6.028164e-03 5.645863e-01 -9.437130e-01
1.515200e+02 -5.364339e-01 -2.648102e-01 4.579965e-01 6.023911e-01 7.907866e-04 3.525188e-01 -6.131060e-01 2.341661e+00 -1.111978e-01 1.227829e-02 5.410407e-01 -9.215251e-01
1.516000e+02 -5.492110e-01 -2.441653e-01 4.498431e-01 5.762339e-01 -1.037783e-02 3.787263e-01 -6.256631e-01 2.366854e+00 -1.203233e-01 3.255004e-02 5.193138e-01 -9.018061e-01
1.516800e+02 -5.616666e-01 -2.226892e-01 4.401114e-01 5.509329e-01 -2.192273e-02 4.048595e-01 -6.379491e-01 2.392922e+00 -1.297500e-01 5.235856e-02 4.970645e-01 -8.820554e-01
1.517600e+02 -5.739367e-01 -2.014687e-01 4.289083e-01 5.258987e-01 -3.285656e-02 4.311888e-01 -6.501223e-01 2.421448e+00 -1.405439e-01 7.285651e-02 4.736795e-01 -8.624968e-01
1.518400e+02 -5.860715e-01 -1.802401e-01 4.157414e-01 5.014289e-01 -4.342410e-02 4.575922e-01 -6.622564e-01 2.451686e+00 -1.520610e-01 9.402843e-02 4.494591e-01 -8.427820e-01
1.519200e+02 -5.978204e-01 -1.591792e-01 4.006624e-01 4.777314e-01 -5.351606e-02 4.840274e-01 -6.735886e-01 2.482900e+00 -1.637796e-01 1.177590e-01 4.247875e-01 -8.233593e-01
1.520000e+02 -6.094628e-01 -1.379802e-01 3.832988e-01 4.552502e-01 -6.340347e-02 5.107528e-01 -6.851313e-01 2.515516e+00 -1.758376e-01 1.418226e-01 3.992360e-01 -8.033297e-01
1.520800e+02 -6.213937e-01 -1.173861e-01 3.634008e-01 4.330128e-01 -7.306589e-02 5.409161e-01 -6.981481e-01 2.549391e+00 -1.891072e-01 1.666042e-01 3.723296e-01 -7.830935e-01
1.521600e+02 -6.302805e-01 -9.630889e-02 3.416703e-01 4.058158e-01 -8.214959e-02 5.675786e-01 -7.099114e-01 2.582859e+00 -2.014006e-01 1.916160e-01 3.464896e-01 -7.623133e-01
1.522400e+02 -6.351990e-01 -7.429792e-02 3.202875e-01 3.708200e-01 -8.888455e-02 5.903166e-01 -7.198173e-01 2.615657e+00 -2.123472e-01 2.168273e-01 3.221661e-01 -7.412931e-01
1.523200e+02 -6.420944e-01 -5.116031e-02 2.973119e-01 3.463314e-01 -9.694453e-02 6.155602e-01 -7.306052e-01 2.650487e+00 -2.246032e-01 2.433798e-01 2.957832e-01 -7.200507e-01
1.524000e+02 -6.490473e-01 -3.236108e-02 2.715668e-01 3.229789e-01 -1.034376e-01 6.409208e-01 -7.412712e-01 2.687697e+00 -2.380583e-01 2.708824e-01 2.690178e-01 -6.985520e-01
1.524800e+02 -6.565613e-01 -6.728680e-03 2.427066e-01 3.060420e-01 -1.135240e-01 6.747592e-01 -7.521439e-01 2.710927e+00 -2.485812e-01 3.113892e-01 2.412995e-01 -6.721683e-01
1.525600e+02 -6.648869e-01 1.574187e-02 2.122747e-01 2.942669e-01 -1.236932e-01 7.081417e-01 -7.635799e-01 2.740990e+00 -2.605100e-01 3.474188e-01 2.124399e-01 -6.467226e-01
1.526400e+02 -6.728994e-01 3.708599e-02 1.802352e-01 2.842038e-01 -1.326677e-01 7.407230e-01 -7.744508e-01 2.775469e+00 -2.726743e-01 3.830998e-01 1.832453e-01 -6.205610e-01
1.527200e+02 -6.778000e-01 6.919252e-02 1.442863e-01 2.740233e-01 -1.479669e-01 7.758344e-01 -7.848675e-01 2.785782e+00 -2.751340e-01 4.314866e-01 1.569605e-01 -5.848543e-01
1.528000e+02 -6.809365e-01 9.490012e-02 1.129216e-01 2.683871e-01 -1.576137e-01 8.102203e-01 -7.928591e-01 2.812178e+00 -2.831703e-01 4.754100e-01 1.281532e-01 -5.485242e-01
1.528800e+02 -6.850150e-01 1.138542e-01 7.765062e-02 2.658484e-01 -1.677236e-01 8.424654e-01 -8.004273e-01 2.842971e+00 -2.915739e-01 5.159233e-01 1.018868e-01 -5.183885e-01
1.529600e+02 -6.884433e-01 1.338201e-01 4.207537e-02 2.651406e-01 -1.753669e-01 8.726946e-01 -8.065292e-01 2.879525e+00 -3.014791e-01 5.565728e-01 7.486833e-02 -4.870906e-01
1.530400e+02 -6.913968e-01 1.519527e-01 6.480160e-03 2.665925e-01 -1.822948e-01 9.039421e-01 -8.122906e-01 2.919670e+00 -3.121043e-01 5.976181e-01 4.733777e-02 -4.553594e-01
1.531200e+02 -6.917086e-01 1.592073e-01 -3.060516e-02 2.671019e-01 -1.882365e-01 9.338916e-01 -8.170551e-01 2.961466e+00 -3.219248e-01 6.389192e-01 2.211705e-02 -4.204248e-01
1.532000e+02 -6.874253e-01 1.668943e-01 -6.727382e-02 2.571626e-01 -1.914186e-01 9.580888e-01 -8.204797e-01 3.006162e+00 -3.319662e-01 6.780190e-01 -4.852134e-04 -3.890888e-01
1.532800e+02 -6.806087e-01 1.793570e-01 -9.905430e-02 2.444181e-01 -1.888705e-01 9.779787e-01 -8.231703e-01 3.062765e+00 -3.461795e-01 7.139083e-01 -2.520478e-02 -3.588466e-01
1.533600e+02 -6.762783e-01 1.952583e-01 -1.304843e-01 2.425710e-01 -1.875742e-01 1.002838e+00 -8.266295e-01 3.111167e+00 -3.623125e-01 7.531610e-01 -5.269678e-02 -3.272076e-01
1.534400e+02 -6.729580e-01 2.089654e-01 -1.624765e-01 2.424931e-01 -1.861554e-01 1.029465e+00 -8.322995e-01 3.157341e+00 -3.794209e-01 7.928815e-01 -8.066234e-02 -2.963455e-01
1.535200e+02 -6.714390e-01 2.214990e-01 -1.942398e-01 2.484570e-01 -1.851361e-01 1.057766e+00 -8.393729e-01 3.203352e+00 -3.975494e-01 8.338830e-01 -1.097295e-01 -2.647626e-01
1.536000e+02 -6.708068e-01 2.408726e-01 -2.298887e-01 2.623961e-01 -1.941020e-01 1.093564e+00 -8.486031e-01 3.216352e+00 -4.064182e-01 8.911849e-01 -1.362604e-01 -2.232962e-01
1.536800e+02 -6.690042e-01 2.582516e-01 -2.623644e-01 2.765397e-01 -2.021726e-01 1.126845e+00 -8.571959e-01 3.236086e+00 -4.164052e-01 9.451988e-01 -1.626248e-01 -1.830634e-01
1.537600e+02 -6.675291e-01 2.652219e-01 -2.935851e-01 2.904443e-01 -2.084071e-01 1.156899e+00 -8.648839e-01 3.268944e+00 -4.295424e-01 9.928084e-01 -1.883594e-01 -1.476483e-01
1.538400e+02 -6.666239e-01 2.737502e-01 -3.223756e-01 3.100897e-01 -2.146510e-01 1.188717e+00 -8.725359e-01 3.306520e+00 -4.437869e-01 1.041026e+00 -2.153731e-01 -1.110150e-01
1.539200e+02 -6.610544e-01 2.829555e-01 -3.489552e-01 3.215930e-01 -2.198164e-01 1.217108e+00 -8.782782e-01 3.347054e+00 -4.565710e-01 1.087799e+00 -2.397936e-01 -7.383999e-02
1.540000e+02 -6.550585e-01 2.924674e-01 -3.717634e-01 3.349759e-01 -2.228547e-01 1.245430e+00 -8.830295e-01 3.395378e+00 -4.714141e-01 1.135604e+00 -2.657800e-01 -3.685168e-02
1.540800e+02 -6.479963e-01 3.038591e-01 -3.934555e-01 3.508346e-01 -2.268803e-01 1.266859e+00 -8.816414e-01 3.440882e+00 -4.833628e-01 1.187561e+00 -2.890065e-01 7.396293e-04
1.541600e+02 -6.406437e-01 3.139715e-01 -4.116285e-01 3.670213e-01 -2.301403e-01 1.290810e+00 -8.814933e-01 3.492917e+00 -4.973854e-01 1.236587e+00 -3.137782e-01 3.836193e-02
1.542400e+02 -6.316098e-01 3.237385e-01 -4.265367e-01 3.834419e-01 -2.315980e-01 1.310907e+00 -8.765745e-01 3.544837e+00 -5.108102e-01 1.292081e+00 -3.373013e-01 7.431674e-02
1.543200e+02 -6.224621e-01 3.345976e-01 -4.383298e-01 4.008454e-01 -2.333887e-01 1.333211e+00 -8.738291e-01 3.601247e+00 -5.256445e-01 1.343991e+00 -3.622257e-01 1.111799e-01
1.544000e+02 -6.107104e-01 3.476077e-01 -4.480294e-01 4.160879e-01 -2.354362e-01 1.350813e+00 -8.702215e-01 3.656226e+00 -5.391332e-01 1.395276e+00 -3.853674e-01 1.521943e-01
1.544800e+02 -5.998526e-01 3.639022e-01 -4.570391e-01 4.344317e-01 -2.421819e-01 1.373124e+00 -8.689921e-01 3.695829e+00 -5.499263e-01 1.455440e+00 -4.081022e-01 1.964302e-01
1.545600e+02 -5.880447e-01 3.772761e-01 -4.604905e-01 4.476816e-01 -2.453843e-01 1.394083e+00 -8.664047e-01 3.743126e+00 -5.659114e-01 1.509110e+00 -4.320618e-01 2.370128e-01
1.546400e+02 -5.754241e-01 3.929571e-01 -4.621136e-01 4.607821e-01 -2.486612e-01 1.412709e+00 -8.648406e-01 3.794255e+00 -5.821572e-01 1.560478e+00 -4.552874e-01 2.786317e-01
1.547200e+02 -5.628522e-01 4.126084e-01 -4.636156e-01 4.753728e-01 -2.560969e-01 1.432260e+00 -8.645939e-01 3.834020e+00 -5.946592e-01 1.617740e+00 -4.769503e-01 3.251495e-01
1.548000e+02 -5.486616e-01 4.360889e-01 -4.607432e-01 4.865818e-01 -2.613407e-01 1.449198e+00 -8.662797e-01 3.880285e+00 -6.107885e-01 1.664331e+00 -4.992056e-01 3.723765e-01
1.548800e+02 -5.342508e-01 4.573643e-01 -4.544123e-01 4.979214e-01 -2.656922e-01 1.466320e+00 -8.663692e-01 3.929262e+00 -6.280435e-01 1.715803e+00 -5.216042e-01 4.180158e-01
1.549600e+02 -5.183936e-01 4.789104e-01 -4.459815e-01 5.060450e-01 -2.689421e-01 1.480352e+00 -8.653620e-01 3.980730e+00 -6.451227e-01 1.766451e+00 -5.429402e-01 4.639272e-01
1.550400e+02 -5.018655e-01 5.007104e-01 -4.352133e-01 5.133229e-01 -2.714848e-01 1.492516e+00 -8.635543e-01 4.033752e+00 -6.624710e-01 1.817178e+00 -5.635114e-01 5.100456e-01
1.551200e+02 -4.822056e-01 5.258340e-01 -4.233360e-01 5.163908e-01 -2.740913e-01 1.494713e+00 -8.577534e-01 4.082406e+00 -6.764535e-01 1.867379e+00 -5.800811e-01 5.574603e-01
1.552000e+02 -4.672424e-01 5.481004e-01 -4.088563e-01 5.222343e-01 -2.765147e-01 1.501197e+00 -8.547978e-01 4.135623e+00 -6.941379e-01 1.916181e+00 -5.989279e-01 5.997594e-01
1.552800e+02 -4.499602e-01 5.615493e-01 -3.955119e-01 5.192862e-01 -2.785667e-01 1.500838e+00 -8.521031e-01 4.190260e+00 -7.122905e-01 1.956766e+00 -6.131698e-01 6.386068e-01
1.553600e+02 -4.320155e-01 5.833047e-01 -3.767535e-01 5.157796e-01 -2.782574e-01 1.500442e+00 -8.486495e-01 4.240826e+00 -7.310123e-01 2.000798e+00 -6.292060e-01 6.828214e-01
1.554400e+02 -4.137702e-01 6.062149e-01 -3.553294e-01 5.135425e-01 -2.779260e-01 1.499499e+00 -8.455276e-01 4.290626e+00 -7.500317e-01 2.045285e+00 -6.442576e-01 7.267912e-01
1.555200e+02 -3.960135e-01 6.284992e-01 -3.315224e-01 5.114502e-01 -2.776908e-01 1.497653e+00 -8.423073e-01 4.340406e+00 -7.691304e-01 2.090075e+00 -6.588657e-01 7.713493e-01
1.556000e+02 -3.793299e-01 6.468418e-01 -3.073249e-01 5.091440e-01 -2.785343e-01 1.494090e+00 -8.391570e-01 4.389370e+00 -7.881445e-01 2.133433e+00 -6.713143e-01 8.136814e-01
1.556800e+02 -3.634931e-01 6.691321e-01 -2.799531e-01 5.089356e-01 -2.789748e-01 1.490831e+00 -8.360441e-01 4.439861e+00 -8.081623e-01 2.176380e+00 -6.855422e-01 8.581401e-01
1.557600e+02 -3.496176e-01 6.942569e-01 -2.545539e-01 5.138951e-01 -2.879217e-01 1.498950e+00 -8.359182e-01 4.461977e+00 -8.218199e-01 2.231108e+00 -6.973534e-01 9.081384e-01
1.558400e+02 -3.373366e-01 7.298339e-01 -2.345842e-01 5.293261e-01 -3.150237e-01 1.515160e+00 -8.424445e-01 4.441722e+00 -8.228702e-01 2.298554e+00 -7.063743e-01 9.801040e-01
1.559200e+02 -3.275814e-01 7.625349e-01 -2.132110e-01 5.494023e-01 -3.463041e-01 1.527560e+00 -8.424548e-01 4.409818e+00 -8.222382e-01 2.373216e+00 -7.134177e-01 1.046596e+00
1.560000e+02 -3.169282e-01 7.803772e-01 -1.848904e-01 5.634366e-01 -3.666513e-01 1.534246e+00 -8.336012e-01 4.420810e+00 -8.316923e-01 2.429154e+00 -7.222000e-01 1.100675e+00
1.560800e+02 -3.063949e-01 7.897554e-01 -1.560395e-01 5.779494e-01 -3.849179e-01 1.538503e+00 -8.235720e-01 4.456950e+00 -8.403610e-01 2.481308e+00 -7.284752e-01 1.147590e+00
1.561600e+02 -2.975054e-01 7.993262e-01 -1.279469e-01 5.943538e-01 -4.023128e-01 1.535845e+00 -8.117432e-01 4.502632e+00 -8.495482e-01 2.522675e+00 -7.356185e-01 1.194167e+00
1.562400e+02 -2.886200e-01 8.047453e-01 -9.861145e-02 6.114386e-01 -4.155522e-01 1.529074e+00 -7.979436e-01 4.548741e+00 -8.591466e-01 2.562974e+00 -7.404927e-01 1.234819e+00
1.563200e+02 -2.762549e-01 8.082479e-01 -6.933321e-02 6.177961e-01 -4.262656e-01 1.513375e+00 -7.830297e-01 4.589380e+00 -8.673865e-01 2.598849e+00 -7.409395e-01 1.270636e+00
1.564000e+02 -2.660848e-01 8.065313e-01 -3.963059e-02 6.300490e-01 -4.321249e-01 1.498963e+00 -7.704788e-01 4.626138e+00 -8.781606e-01 2.632973e+00 -7.418092e-01 1.301447e+00
1.564800e+02 -2.514241e-01 8.013632e-01 -1.081127e-02 6.324343e-01 -4.345127e-01 1.479949e+00 -7.590237e-01 4.657880e+00 -8.885014e-01 2.662522e+00 -7.389080e-01 1.327010e+00
1.565600e+02 -2.387592e-01 7.991738e-01 1.458735e-02 6.456066e-01 -4.414720e-01 1.469128e+00 -7.500408e-01 4.657968e+00 -8.913125e-01 2.706091e+00 -7.330744e-01 1.363472e+00
1.566400e+02 -2.244481e-01 7.870115e-01 3.978261e-02 6.487203e-01 -4.420227e-01 1.450019e+00 -7.415309e-01 4.669656e+00 -8.993842e-01 2.737700e+00 -7.238450e-01 1.387067e+00
1.567200e+02 -2.149873e-01 7.751627e-01 6.249306e-02 6.566742e-01 -4.414194e-01 1.432565e+00 -7.352474e-01 4.684811e+00 -9.079997e-01 2.762605e+00 -7.165209e-01 1.408373e+00
1.568000e+02 -2.077110e-01 7.534789e-01 8.180568e-02 6.639662e-01 -4.389586e-01 1.414848e+00 -7.282630e-01 4.701560e+00 -9.158540e-01 2.784822e+00 -7.062394e-01 1.422727e+00
1.568800e+02 -2.003467e-01 7.327549e-01 1.005267e-01 6.739433e-01 -4.338284e-01 1.398981e+00 -7.202160e-01 4.721418e+00 -9.239448e-01 2.807176e+00 -6.958439e-01 1.440296e+00
1.569600e+02 -1.967586e-01 7.155277e-01 1.129708e-01 6.900745e-01 -4.355069e-01 1.389701e+00 -7.128371e-01 4.715578e+00 -9.264023e-01 2.836200e+00 -6.824439e-01 1.458582e+00
1.570400e+02 -1.972600e-01 6.942513e-01 1.227884e-01 7.037732e-01 -4.361293e-01 1.377190e+00 -7.066771e-01 4.726174e+00 -9.313411e-01 2.859999e+00 -6.700141e-01 1.469797e+00
1.571200e+02 -1.990909e-01 6.717195e-01 1.284504e-01 7.175700e-01 -4.382580e-01 1.363636e+00 -7.005740e-01 4.741752e+00 -9.393046e-01 2.875296e+00 -6.568692e-01 1.474589e+00
1.572000e+02 -2.016330e-01 6.452411e-01 1.322152e-01 7.290380e-01 -4.392649e-01 1.348867e+00 -6.923049e-01 4.758485e+00 -9.450279e-01 2.889454e+00 -6.432700e-01 1.481638e+00
1.572800e+02 -2.063685e-01 6.217320e-01 1.297582e-01 7.424633e-01 -4.471461e-01 1.336724e+00 -6.850161e-01 4.750313e+00 -9.442851e-01 2.912780e+00 -6.271253e-01 1.491638e+00
1.573600e+02 -2.108688e-01 5.911818e-01 1.283066e-01 7.487895e-01 -4.485801e-01 1.319087e+00 -6.745034e-01 4.750801e+00 -9.510136e-01 2.923817e+00 -6.122212e-01 1.492725e+00
1.574400e+02 -2.158734e-01 5.394170e-01 1.190200e-01 7.460907e-01 -4.513312e-01 1.295962e+00 -6.676851e-01 4.750566e+00 -9.552997e-01 2.925628e+00 -5.913897e-01 1.484805e+00
1.575200e+02 -2.244543e-01 4.975652e-01 1.059855e-01 7.422765e-01 -4.548655e-01 1.272456e+00 -6.649361e-01 4.746409e+00 -9.632734e-01 2.918958e+00 -5.709197e-01 1.466140e+00
1.576000e+02 -2.294618e-01 4.460981e-01 9.167310e-02 7.316092e-01 -4.558836e-01 1.247285e+00 -6.615329e-01 4.738883e+00 -9.663265e-01 2.912231e+00 -5.475926e-01 1.455212e+00
1.576800e+02 -2.415281e-01 4.004480e-01 7.614534e-02 7.329769e-01 -4.564944e-01 1.227025e+00 -6.606020e-01 4.732769e+00 -9.724125e-01 2.906469e+00 -5.270256e-01 1.442240e+00
1.577600e+02 -2.498670e-01 3.561198e-01 5.867637e-02 7.251499e-01 -4.568228e-01 1.205336e+00 -6.598789e-01 4.723202e+00 -9.772955e-01 2.898081e+00 -5.049591e-01 1.427062e+00
1.578400e+02 -2.567120e-01 3.057604e-01 4.416045e-02 7.122853e-01 -4.482276e-01 1.182191e+00 -6.590022e-01 4.738656e+00 -9.905759e-01 2.876724e+00 -4.861736e-01 1.402738e+00
1.579200e+02 -2.626630e-01 2.641595e-01 2.289948e-02 6.969229e-01 -4.468866e-01 1.160517e+00 -6.625751e-01 4.736171e+00 -9.944855e-01 2.861180e+00 -4.636748e-01 1.383376e+00
1.580000e+02 -2.666911e-01 2.242853e-01 6.802811e-04 6.761626e-01 -4.464379e-01 1.136922e+00 -6.642776e-01 4.722164e+00 -9.979513e-01 2.845844e+00 -4.412474e-01 1.362591e+00
1.580800e+02 -2.763178e-01 1.796856e-01 -2.869229e-02 6.443182e-01 -4.506383e-01 1.106366e+00 -6.678696e-01 4.698441e+00 -1.001193e+00 2.820071e+00 -4.172480e-01 1.317461e+00
1.581600e+02 -2.793476e-01 1.390591e-01 -5.583416e-02 6.099223e-01 -4.544655e-01 1.073653e+00 -6.696896e-01 4.671792e+00 -1.000738e+00 2.793965e+00 -3.943637e-01 1.281608e+00
1.582400e+02 -2.790138e-01 1.000918e-01 -8.183221e-02 5.728265e-01 -4.583478e-01 1.039528e+00 -6.703494e-01 4.643796e+00 -9.987019e-01 2.767319e+00 -3.712378e-01 1.246240e+00
1.583200e+02 -2.727691e-01 6.013164e-02 -1.038320e-01 5.319796e-01 -4.591529e-01 1.003701e+00 -6.637460e-01 4.613968e+00 -9.931202e-01 2.755634e+00 -3.447352e-01 1.205046e+00
1.584000e+02 -2.644509e-01 2.183175e-02 -1.252085e-01 4.890812e-01 -4.608521e-01 9.685128e-01 -6.591533e-01 4.589162e+00 -9.863885e-01 2.736672e+00 -3.201762e-01 1.164893e+00
1.584800e+02 -2.530488e-01 -1.376970e-02 -1.461578e-01 4.450410e-01 -4.628226e-01 9.292189e-01 -6.533545e-01 4.561485e+00 -9.773526e-01 2.714315e+00 -2.950867e-01 1.125647e+00
1.585600e+02 -2.392688e-01 -5.054866e-02 -1.648204e-01 3.970244e-01 -4.642734e-01 8.939926e-01 -6.498039e-01 4.536299e+00 -9.698106e-01 2.689699e+00 -2.713930e-01 1.085741e+00
1.586400e+02 -2.226794e-01 -8.335951e-02 -1.832006e-01 3.525139e-01 -4.650103e-01 8.512135e-01 -6.438361e-01 4.507054e+00 -9.594640e-01 2.663158e+00 -2.470174e-01 1.047637e+00
1.587200e+02 -2.038084e-01 -1.117643e-01 -2.017694e-01 3.086720e-01 -4.662614e-01 8.035673e-01 -6.370632e-01 4.474168e+00 -9.469786e-01 2.630955e+00 -2.234111e-01 1.014251e+00
1.588000e+02 -1.821503e-01 -1.390084e-01 -2.187822e-01 2.638477e-01 -4.657924e-01 7.563793e-01 -6.304159e-01 4.439515e+00 -9.338233e-01 2.599544e+00 -1.996748e-01 9.799061e-01
1.588800e+02 -1.569680e-01 -1.647951e-01 -2.346051e-01 2.201114e-01 -4.644916e-01 7.047243e-01 -6.215002e-01 4.402289e+00 -9.189649e-01 2.568236e+00 -1.749228e-01 9.463537e-01
1.589600e+02 -1.283927e-01 -1.869113e-01 -2.495360e-01 1.780125e-01 -4.622160e-01 6.510685e-01 -6.123771e-01 4.362207e+00 -9.030283e-01 2.536016e+00 -1.497040e-01 9.148877e-01
1.590400e+02 -9.619900e-02 -2.042882e-01 -2.600853e-01 1.364599e-01 -4.572361e-01 5.979972e-01 -6.015941e-01 4.322646e+00 -8.871551e-01 2.508232e+00 -1.254841e-01 8.841005e-01
1.591200e+02 -6.839577e-02 -2.154118e-01 -2.681858e-01 1.134768e-01 -4.531480e-01 5.498260e-01 -5.916064e-01 4.283886e+00 -8.731188e-01 2.482735e+00 -1.063216e-01 8.580348e-01
1.592000e+02 -3.540933e-02 -2.222237e-01 -2.743073e-01 8.769395e-02 -4.459548e-01 4.992700e-01 -5.793412e-01 4.245064e+00 -8.582696e-01 2.457704e+00 -8.764681e-02 8.339541e-01
1.592800e+02 2.204555e-03 -2.320984e-01 -2.756048e-01 5.606764e-02 -4.310730e-01 4.450698e-01 -5.648826e-01 4.223345e+00 -8.475220e-01 2.424797e+00 -6.994833e-02 8.082908e-01
1.593600e+02 4.022740e-02 -2.343173e-01 -2.786493e-01 2.643924e-02 -4.209418e-01 3.913240e-01 -5.550221e-01 4.190635e+00 -8.327428e-01 2.392265e+00 -5.147790e-02 7.850790e-01
1.594400e+02 8.134222e-02 -2.297726e-01 -2.772390e-01 -2.612510e-04 -4.105681e-01 3.345893e-01 -5.399525e-01 4.147545e+00 -8.155420e-01 2.364533e+00 -3.207789e-02 7.652384e-01
1.595200e+02 1.244479e-01 -2.255543e-01 -2.711921e-01 -2.932352e-02 -3.977653e-01 2.785906e-01 -5.239315e-01 4.102175e+00 -7.989144e-01 2.338010e+00 -1.225650e-02 7.449895e-01
1.596000e+02 1.696015e-01 -2.189363e-01 -2.602281e-01 -5.915983e-02 -3.832519e-01 2.221982e-01 -5.067143e-01 4.055543e+00 -7.822921e-01 2.311929e+00 8.346049e-03 7.243772e-01
1.596800e+02 2.163962e-01 -2.103394e-01 -2.452682e-01 -8.899453e-02 -3.684301e-01 1.649375e-01 -4.910664e-01 4.007769e+00 -7.641644e-01 2.281612e+00 3.017291e-02 7.079065e-01
1.597600e+02 2.641882e-01 -1.965492e-01 -2.250519e-01 -1.171092e-01 -3.531694e-01 1.063696e-01 -4.720213e-01 3.955275e+00 -7.459671e-01 2.257973e+00 5.310795e-02 6.891292e-01
1.598400e+02 3.110133e-01 -1.787424e-01 -1.991500e-01 -1.432430e-01 -3.359762e-01 4.766847e-02 -4.517470e-01 3.902975e+00 -7.278369e-01 2.233168e+00 7.522745e-02 6.702109e-01
1.599200e+02 3.518966e-01 -1.583337e-01 -1.674086e-01 -1.558141e-01 -3.174999e-01 -6.780614e-03 -4.313532e-01 3.853570e+00 -7.116798e-01 2.210369e+00 9.464497e-02 6.502740e-01
1.600000e+02 3.958278e-01 -1.419616e-01 -1.278198e-01 -1.785963e-01 -2.890326e-01 -6.634051e-02 -4.068606e-01 3.827222e+00 -7.009746e-01 2.179471e+00 1.150858e-01 6.199494e-01
1.600800e+02 4.396563e-01 -1.178330e-01 -8.792485e-02 -2.011684e-01 -2.658633e-01 -1.260237e-01 -3.845994e-01 3.787757e+00 -6.828700e-01 2.154693e+00 1.383168e-01 5.946443e-01
1.601600e+02 4.785021e-01 -9.217785e-02 -4.383209e-02 -2.213841e-01 -2.428427e-01 -1.832318e-01 -3.621730e-01 3.740163e+00 -6.656229e-01 2.127786e+00 1.597866e-01 5.702240e-01
1.602400e+02 5.137944e-01 -6.726585e-02 5.306749e-03 -2.403105e-01 -2.192104e-01 -2.392374e-01 -3.393226e-01 3.690131e+00 -6.482297e-01 2.101239e+00 1.815826e-01 5.433094e-01
1.603200e+02 5.451955e-01 -4.336088e-02 5.812866e-02 -2.570588e-01 -1.965178e-01 -2.940997e-01 -3.179619e-01 3.638407e+00 -6.299380e-01 2.071969e+00 2.040291e-01 5.151407e-01
1.604000e+02 5.728722e-01 -2.141435e-02 1.143539e-01 -2.703467e-01 -1.753081e-01 -3.456255e-01 -2.951803e-01 3.579679e+00 -6.094593e-01 2.045975e+00 2.274044e-01 4.854473e-01
1.604800e+02 5.966386e-01 -4.045534e-03 1.732541e-01 -2.806588e-01 -1.545494e-01 -3.958004e-01 -2.716090e-01 3.526925e+00 -5.883633e-01 2.018924e+00 2.511752e-01 4.530664e-01
1.605600e+02 6.190860e-01 5.017555e-04 2.362520e-01 -2.955339e-01 -1.265826e-01 -4.519713e-01 -2.465522e-01 3.501713e+00 -5.734277e-01 1.977606e+00 2.746317e-01 4.103408e-01
1.606400e+02 6.351601e-01 3.014055e-03 2.934164e-01 -3.015582e-01 -1.053773e-01 -5.045738e-01 -2.238796e-01 3.459323e+00 -5.520081e-01 1.939918e+00 3.005585e-01 3.668644e-01
1.607200e+02 6.474917e-01 -1.509096e-03 3.495263e-01 -3.035936e-01 -8.563191e-02 -5.492847e-01 -2.029747e-01 3.408019e+00 -5.315599e-01 1.904018e+00 3.259707e-01 3.228339e-01
1.608000e+02 6.619759e-01 -1.514338e-02 4.039706e-01 -3.098953e-01 -6.462673e-02 -5.946722e-01 -1.821244e-01 3.359800e+00 -5.116428e-01 1.861513e+00 3.539297e-01 2.737084e-01
1.608800e+02 6.718029e-01 -3.450121e-02 4.524576e-01 -3.051094e-01 -4.763941e-02 -6.369096e-01 -1.645245e-01 3.310790e+00 -4.894106e-01 1.821830e+00 3.822709e-01 2.242387e-01
1.609600e+02 6.789324e-01 -6.141844e-02 4.941443e-01 -2.936100e-01 -3.330703e-02 -6.740993e-01 -1.488275e-01 3.256354e+00 -4.664875e-01 1.782688e+00 4.110084e-01 1.727202e-01
1.610400e+02 6.845520e-01 -9.545225e-02 5.286295e-01 -2.760647e-01 -2.050075e-02 -7.102807e-01 -1.321354e-01 3.199047e+00 -4.415591e-01 1.746388e+00 4.423847e-01 1.117608e-01
1.611200e+02 6.865162e-01 -1.328090e-01 5.517727e-01 -2.552402e-01 -1.162514e-02 -7.428825e-01 -1.179835e-01 3.139488e+00 -4.154559e-01 1.704597e+00 4.731347e-01 4.639686e-02
1.612000e+02 6.879311e-01 -1.830712e-01 5.700063e-01 -2.358404e-01 2.851339e-03 -7.753475e-01 -1.047200e-01 3.103316e+00 -3.967715e-01 1.648888e+00 5.014941e-01 -2.660942e-02
1.612800e+02 6.861926e-01 -2.340067e-01 5.764209e-01 -2.042355e-01 9.059836e-03 -7.982717e-01 -9.697286e-02 3.056762e+00 -3.738364e-01 1.599761e+00 5.293669e-01 -9.380689e-02
1.613600e+02 6.871992e-01 -2.931186e-01 5.770250e-01 -1.832912e-01 2.151519e-02 -8.236679e-01 -8.795772e-02 3.027969e+00 -3.568185e-01 1.538095e+00 5.564160e-01 -1.679439e-01
1.614400e+02 6.880099e-01 -3.483482e-01 5.676878e-01 -1.615112e-01 2.732975e-02 -8.440569e-01 -8.232739e-02 2.984429e+00 -3.346300e-01 1.481274e+00 5.850151e-01 -2.367014e-01
1.615200e+02 6.871774e-01 -4.017488e-01 5.519364e-01 -1.382618e-01 3.011494e-02 -8.598381e-01 -7.818147e-02 2.933798e+00 -3.121358e-01 1.425912e+00 6.123739e-01 -3.062180e-01
1.616000e+02 6.875254e-01 -4.549364e-01 5.318325e-01 -1.195835e-01 3.145320e-02 -8.723381e-01 -7.504749e-02 2.880511e+00 -2.898221e-01 1.371593e+00 6.393065e-01 -3.732049e-01
1.616800e+02 6.874140e-01 -4.996885e-01 5.090140e-01 -1.049320e-01 3.051147e-02 -8.822472e-01 -7.313648e-02 2.824995e+00 -2.666353e-01 1.317193e+00 6.649296e-01 -4.417642e-01
1.617600e+02 6.886704e-01 -5.458852e-01 4.892338e-01 -9.480566e-02 3.508204e-02 -8.966632e-01 -7.010558e-02 2.790273e+00 -2.487888e-01 1.257862e+00 6.880568e-01 -5.082814e-01
1.618400e+02 6.907742e-01 -5.917531e-01 4.700960e-01 -9.199462e-02 4.260773e-02 -9.130608e-01 -6.700897e-02 2.765000e+00 -2.352028e-01 1.192023e+00 7.094324e-01 -5.767777e-01
1.619200e+02 6.922863e-01 -6.323549e-01 4.507840e-01 -9.214305e-02 4.923107e-02 -9.286948e-01 -6.528960e-02 2.735572e+00 -2.233589e-01 1.123097e+00 7.299350e-01 -6.421362e-01
1.620000e+02 6.917060e-01 -6.658267e-01 4.310087e-01 -9.685351e-02 5.374688e-02 -9.440250e-01 -6.721692e-02 2.699050e+00 -2.099277e-01 1.059515e+00 7.497310e-01 -7.071526e-01
1.620800e+02 6.884128e-01 -6.918290e-01 4.123528e-01 -9.644806e-02 5.409905e-02 -9.533008e-01 -7.220185e-02 2.654699e+00 -1.963246e-01 1.003325e+00 7.663181e-01 -7.641904e-01
1.621600e+02 6.821276e-01 -7.072979e-01 3.935626e-01 -9.513971e-02 4.986193e-02 -9.591288e-01 -8.334818e-02 2.607469e+00 -1.832985e-01 9.409152e-01 7.807345e-01 -8.108146e-01
1.622400e+02 6.753737e-01 -7.234974e-01 3.777800e-01 -9.631082e-02 4.512106e-02 -9.603092e-01 -9.243733e-02 2.556580e+00 -1.708945e-01 8.922333e-01 7.945665e-01 -8.529841e-01
1.623200e+02 6.664692e-01 -7.357052e-01 3.632208e-01 -9.601599e-02 3.826881e-02 -9.588486e-01 -1.013190e-01 2.506658e+00 -1.569732e-01 8.465579e-01 8.077925e-01 -8.921370e-01
1.624000e+02 6.561881e-01 -7.451078e-01 3.504020e-01 -9.571422e-02 3.045338e-02 -9.551334e-01 -1.088353e-01 2.459154e+00 -1.421717e-01 8.047530e-01 8.204037e-01 -9.278972e-01
1.624800e+02 6.467658e-01 -7.518528e-01 3.402739e-01 -9.270905e-02 2.286308e-02 -9.511407e-01 -1.142629e-01 2.415468e+00 -1.259382e-01 7.664080e-01 8.326703e-01 -9.553786e-01
1.625600e+02 6.349098e-01 -7.573827e-01 3.308386e-01 -8.937677e-02 1.495962e-02 -9.447454e-01 -1.196066e-01 2.374665e+00 -1.101062e-01 7.296752e-01 8.441295e-01 -9.825022e-01
1.626400e+02 6.209280e-01 -7.601013e-01 3.210214e-01 -8.439699e-02 4.944668e-03 -9.367777e-01 -1.281581e-01 2.336088e+00 -9.454544e-02 6.871755e-01 8.543040e-01 -1.004848e+00
1.627200e+02 6.051326e-01 -7.628269e-01 3.125623e-01 -7.575655e-02 -4.664397e-03 -9.268183e-01 -1.345547e-01 2.298652e+00 -8.041619e-02 6.525845e-01 8.631436e-01 -1.026439e+00
1.628000e+02 5.891315e-01 -7.644761e-01 3.044194e-01 -6.823080e-02 -1.349006e-02 -9.168470e-01 -1.399433e-01 2.262856e+00 -6.618459e-02 6.188291e-01 8.714189e-01 -1.046411e+00
1.628800e+02 5.740014e-01 -7.640443e-01 2.987236e-01 -5.755357e-02 -2.144154e-02 -9.116792e-01 -1.432792e-01 2.227802e+00 -5.100242e-02 5.855618e-01 8.800351e-01 -1.064576e+00
1.629600e+02 5.576483e-01 -7.638146e-01 2.926301e-01 -4.492597e-02 -2.927533e-02 -9.047756e-01 -1.471565e-01 2.194725e+00 -3.673688e-02 5.521813e-01 8.873468e-01 -1.081377e+00
1.630400e+02 5.416606e-01 -7.627146e-01 2.868043e-01 -3.338942e-02 -3.598808e-02 -8.971429e-01 -1.502347e-01 2.162791e+00 -2.285148e-02 5.199173e-01 8.939947e-01 -1.097169e+00
1.631200e+02 5.262925e-01 -7.590371e-01 2.843889e-01 -2.173463e-02 -3.850898e-02 -8.894899e-01 -1.523096e-01 2.142506e+00 -1.268140e-02 4.833706e-01 8.984564e-01 -1.113845e+00
1.632000e+02 5.102386e-01 -7.552031e-01 2.815234e-01 -8.983424e-03 -4.176005e-02 -8.817224e-01 -1.552878e-01 2.120298e+00 -1.338207e-03 4.502395e-01 9.028811e-01 -1.127886e+00
1.632800e+02 4.940302e-01 -7.504898e-01 2.793204e-01 4.864518e-03 -4.446513e-02 -8.734442e-01 -1.581706e-01 2.096573e+00 9.789315e-03 4.186863e-01 9.068346e-01 -1.140306e+00
1.633600e+02 4.775186e-01 -7.446637e-01 2.773883e-01 2.002062e-02 -4.736888e-02 -8.647361e-01 -1.611082e-01 2.070689e+00 2.106486e-02 3.870377e-01 9.104374e-01 -1.150748e+00
1.634400e+02 4.608251e-01 -7.388862e-01 2.765604e-01 3.558289e-02 -4.860899e-02 -8.552905e-01 -1.638027e-01 2.045598e+00 3.128344e-02 3.562440e-01 9.134021e-01 -1.160356e+00
1.635200e+02 4.432234e-01 -7.333439e-01 2.754195e-01 5.015623e-02 -4.888300e-02 -8.424556e-01 -1.672096e-01 2.021426e+00 4.032249e-02 3.261131e-01 9.153943e-01 -1.168954e+00
1.636000e+02 4.270399e-01 -7.318819e-01 2.782331e-01 6.339962e-02 -4.353835e-02 -8.323747e-01 -1.696731e-01 2.011464e+00 4.490831e-02 2.919367e-01 9.161154e-01 -1.176838e+00
1.636800e+02 4.097725e-01 -7.316126e-01 2.789536e-01 7.567079e-02 -3.862919e-02 -8.247441e-01 -1.722716e-01 1.997191e+00 5.073369e-02 2.588547e-01 9.177297e-01 -1.184659e+00
1.637600e+02 3.913465e-01 -7.295220e-01 2.790536e-01 8.904357e-02 -3.421652e-02 -8.093028e-01 -1.766057e-01 1.978038e+00 5.553447e-02 2.261985e-01 9.184538e-01 -1.191434e+00
1.638400e+02 3.724511e-01 -7.229836e-01 2.788946e-01 1.071356e-01 -3.294669e-02 -7.928509e-01 -1.802780e-01 1.951437e+00 6.415309e-02 2.002882e-01 9.199629e-01 -1.193378e+00
1.639200e+02 3.534248e-01 -7.168717e-01 2.796885e-01 1.254206e-01 -3.020218e-02 -7.761555e-01 -1.840869e-01 1.933345e+00 7.211361e-02 1.739664e-01 9.209320e-01 -1.195147e+00
1.640000e+02 3.344876e-01 -7.113848e-01 2.813556e-01 1.470495e-01 -2.703391e-02 -7.576432e-01 -1.876575e-01 1.917629e+00 7.901809e-02 1.492681e-01 9.206275e-01 -1.193698e+00
1.640800e+02 3.148235e-01 -7.053613e-01 2.831365e-01 1.680796e-01 -2.267075e-02 -7.399393e-01 -1.906853e-01 1.901848e+00 8.577249e-02 1.248172e-01 9.202854e-01 -1.192604e+00
1.641600e+02 2.951099e-01 -6.992344e-01 2.852581e-01 1.891922e-01 -1.750916e-02 -7.235902e-01 -1.931911e-01 1.885868e+00 9.234433e-02 1.005147e-01 9.197219e-01 -1.191117e+00
1.642400e+02 2.751416e-01 -6.898004e-01 2.882410e-01 2.111531e-01 -1.140233e-02 -7.064876e-01 -1.955930e-01 1.870789e+00 9.805350e-02 7.725149e-02 9.177405e-01 -1.188373e+00
1.643200e+02 2.552404e-01 -6.853218e-01 2.924691e-01 2.301126e-01 -1.551757e-03 -6.920605e-01 -1.974074e-01 1.866796e+00 1.001491e-01 4.831062e-02 9.148627e-01 -1.188920e+00
1.644000e+02 2.350806e-01 -6.799069e-01 2.960222e-01 2.491514e-01 7.361589e-03 -6.769829e-01 -2.000436e-01 1.859387e+00 1.028546e-01 2.283073e-02 9.116396e-01 -1.187416e+00
1.644800e+02 2.181067e-01 -6.737410e-01 2.992257e-01 2.650210e-01 1.546457e-02 -6.628992e-01 -2.027375e-01 1.849151e+00 1.062571e-01 -1.671200e-03 9.091173e-01 -1.185162e+00
1.645600e+02 2.007282e-01 -6.681617e-01 3.028579e-01 2.821612e-01 2.373502e-02 -6.483658e-01 -2.054547e-01 1.838330e+00 1.091328e-01 -2.472173e-02 9.061632e-01 -1.181454e+00
1.646400e+02 1.819250e-01 -6.618257e-01 3.068888e-01 3.026772e-01 3.189153e-02 -6.344752e-01 -2.079406e-01 1.827095e+00 1.119937e-01 -4.681701e-02 9.025698e-01 -1.177276e+00
1.647200e+02 1.638624e-01 -6.570581e-01 3.120828e-01 3.234454e-01 4.103358e-02 -6.182859e-01 -2.106900e-01 1.817734e+00 1.134528e-01 -6.681049e-02 8.978314e-01 -1.170014e+00
1.648000e+02 1.447276e-01 -6.518952e-01 3.170809e-01 3.433962e-01 5.123368e-02 -6.036428e-01 -2.140666e-01 1.817139e+00 1.131783e-01 -9.313293e-02 8.918966e-01 -1.168537e+00
1.648800e+02 1.250690e-01 -6.453729e-01 3.220153e-01 3.647496e-01 6.060141e-02 -5.866133e-01 -2.180273e-01 1.815114e+00 1.122139e-01 -1.149438e-01 8.849206e-01 -1.163984e+00
1.649600e+02 1.051809e-01 -6.391348e-01 3.269556e-01 3.855885e-01 6.927163e-02 -5.691091e-01 -2.225512e-01 1.810919e+00 1.110740e-01 -1.358092e-01 8.773602e-01 -1.159636e+00
1.650400e+02 8.505301e-02 -6.316043e-01 3.320312e-01 4.073969e-01 7.722095e-02 -5.497075e-01 -2.276812e-01 1.806586e+00 1.095699e-01 -1.548407e-01 8.689749e-01 -1.154096e+00
1.651200e+02 6.473254e-02 -6.163641e-01 3.389097e-01 4.318264e-01 8.505880e-02 -5.270325e-01 -2.334519e-01 1.803833e+00 1.070690e-01 -1.709722e-01 8.581350e-01 -1.145824e+00
1.652000e+02 4.370247e-02 -5.966833e-01 3.465968e-01 4.579242e-01 9.201044e-02 -5.015733e-01 -2.406510e-01 1.802267e+00 1.038026e-01 -1.865134e-01 8.453320e-01 -1.135366e+00
1.652800e+02 2.246194e-02 -5.811446e-01 3.538974e-01 4.829864e-01 9.815969e-02 -4.748969e-01 -2.480394e-01 1.800786e+00 1.003486e-01 -1.998187e-01 8.327601e-01 -1.125268e+00
1.653600e+02 1.083375e-03 -5.667187e-01 3.606156e-01 5.077625e-01 1.031583e-01 -4.469488e-01 -2.561113e-01 1.799802e+00 9.690624e-02 -2.124582e-01 8.201782e-01 -1.115422e+00
1.654400e+02 -2.219813e-02 -5.527464e-01 3.673563e-01 5.374763e-01 1.064341e-01 -4.147687e-01 -2.657503e-01 1.801249e+00 9.183676e-02 -2.232978e-01 8.054339e-01 -1.105381e+00
1.655200e+02 -4.674156e-02 -5.331322e-01 3.750381e-01 5.704011e-01 1.096758e-01 -3.790993e-01 -2.763532e-01 1.805531e+00 8.547280e-02 -2.314581e-01 7.880293e-01 -1.093058e+00
1.656000e+02 -6.699728e-02 -5.164019e-01 3.815039e-01 5.938378e-01 1.119801e-01 -3.447870e-01 -2.870778e-01 1.809098e+00 8.025793e-02 -2.399840e-01 7.726430e-01 -1.081763e+00
1.656800e+02 -8.922514e-02 -4.975814e-01 3.888102e-01 6.184255e-01 1.144018e-01 -3.078406e-01 -2.987995e-01 1.816589e+00 7.330581e-02 -2.466043e-01 7.550611e-01 -1.069651e+00
1.657600e+02 -1.114152e-01 -4.803787e-01 3.960732e-01 6.415176e-01 1.157954e-01 -2.704054e-01 -3.111826e-01 1.824201e+00 6.621515e-02 -2.522566e-01 7.375118e-01 -1.057606e+00
1.658400e+02 -1.333017e-01 -4.633103e-01 4.035062e-01 6.630243e-01 1.164026e-01 -2.321216e-01 -3.240976e-01 1.833054e+00 5.873564e-02 -2.566641e-01 7.196271e-01 -1.045247e+00
1.659200e+02 -1.548657e-01 -4.462043e-01 4.110611e-01 6.827936e-01 1.162430e-01 -1.930067e-01 -3.375007e-01 1.843350e+00 5.083127e-02 -2.597430e-01 7.013929e-01 -1.032534e+00
1.660000e+02 -1.761262e-01 -4.289816e-01 4.187169e-01 7.006819e-01 1.153540e-01 -1.531504e-01 -3.513402e-01 1.855138e+00 4.251221e-02 -2.614665e-01 6.828298e-01 -1.019476e+00
1.660800e+02 -1.978442e-01 -4.123092e-01 4.265378e-01 7.160836e-01 1.142024e-01 -1.129474e-01 -3.647189e-01 1.868479e+00 3.402435e-02 -2.591794e-01 6.649241e-01 -1.009867e+00
1.661600e+02 -2.186689e-01 -3.953583e-01 4.344650e-01 7.293916e-01 1.124368e-01 -7.227563e-02 -3.783993e-01 1.883565e+00 2.540016e-02 -2.567393e-01 6.458171e-01 -9.977723e-01
1.662400e+02 -2.392772e-01 -3.781372e-01 4.423140e-01 7.405217e-01 1.099496e-01 -3.123546e-02 -3.926712e-01 1.900230e+00 1.625807e-02 -2.535478e-01 6.262697e-01 -9.849600e-01
1.663200e+02 -2.613310e-01 -3.621171e-01 4.491958e-01 7.531743e-01 1.062011e-01 1.037784e-02 -4.076592e-01 1.918350e+00 6.356621e-03 -2.493240e-01 6.060536e-01 -9.717409e-01
1.664000e+02 -2.847280e-01 -3.458416e-01 4.551825e-01 7.649538e-01 1.017189e-01 5.401867e-02 -4.238156e-01 1.938185e+00 -4.696088e-03 -2.439089e-01 5.844524e-01 -9.586917e-01
1.664800e+02 -3.069555e-01 -3.296812e-01 4.605931e-01 7.729658e-01 9.736209e-02 9.572314e-02 -4.390661e-01 1.958642e+00 -1.543130e-02 -2.353658e-01 5.638301e-01 -9.463018e-01
1.665600e+02 -3.292954e-01 -3.151217e-01 4.665529e-01 7.754568e-01 9.417461e-02 1.351608e-01 -4.550155e-01 1.987016e+00 -2.842617e-02 -2.290765e-01 5.412884e-01 -9.344973e-01
1.666400e+02 -3.515681e-01 -2.990670e-01 4.732649e-01 7.754581e-01 9.109613e-02 1.740786e-01 -4.703293e-01 2.010451e+00 -4.109489e-02 -2.180495e-01 5.192836e-01 -9.245843e-01
1.667200e+02 -3.734579e-01 -2.832250e-01 4.791416e-01 7.722608e-01 8.703878e-02 2.131960e-01 -4.867017e-01 2.033382e+00 -5.385070e-02 -2.081043e-01 4.962409e-01 -9.124639e-01
1.668000e+02 -3.949836e-01 -2.666445e-01 4.846215e-01 7.668840e-01 8.226073e-02 2.513281e-01 -5.027042e-01 2.056667e+00 -6.663678e-02 -1.968579e-01 4.729755e-01 -8.993345e-01
1.668800e+02 -4.165537e-01 -2.483673e-01 4.895746e-01 7.590750e-01 7.662978e-02 2.896379e-01 -5.194006e-01 2.080346e+00 -7.960869e-02 -1.850521e-01 4.489703e-01 -8.862457e-01
1.669600e+02 -4.343590e-01 -2.295903e-01 4.948536e-01 7.388971e-01 7.345392e-02 3.231447e-01 -5.338371e-01 2.103505e+00 -9.092091e-02 -1.713469e-01 4.266869e-01 -8.728166e-01
1.670400e+02 -4.532708e-01 -2.105462e-01 4.986575e-01 7.229110e-01 6.692309e-02 3.587841e-01 -5.489963e-01 2.127174e+00 -1.025865e-01 -1.560141e-01 4.034645e-01 -8.580638e-01
1.671200e+02 -4.719591e-01 -1.913671e-01 5.018357e-01 7.055107e-01 6.022832e-02 3.945160e-01 -5.643102e-01 2.153060e+00 -1.153468e-01 -1.395577e-01 3.794438e-01 -8.426473e-01
1.672000e+02 -4.903376e-01 -1.714903e-01 5.040424e-01 6.870306e-01 5.309155e-02 4.299917e-01 -5.795072e-01 2.180119e+00 -1.283353e-01 -1.218657e-01 3.550128e-01 -8.262492e-01
1.672800e+02 -5.083423e-01 -1.507596e-01 5.052249e-01 6.677423e-01 4.565834e-02 4.652374e-01 -5.944759e-01 2.208404e+00 -1.414955e-01 -1.027601e-01 3.301390e-01 -8.087538e-01
1.673600e+02 -5.259798e-01 -1.292410e-01 5.052354e-01 6.477833e-01 3.798343e-02 5.001712e-01 -6.091939e-01 2.237858e+00 -1.548471e-01 -8.225137e-02 3.047440e-01 -7.902404e-01
1.674400e+02 -5.436647e-01 -1.076296e-01 5.037307e-01 6.260879e-01 3.026617e-02 5.383480e-01 -6.252027e-01 2.269127e+00 -1.694209e-01 -6.031114e-02 2.780959e-01 -7.710552e-01
1.675200e+02 -5.611825e-01 -8.398357e-02 5.002781e-01 6.053577e-01 2.067557e-02 5.748576e-01 -6.404675e-01 2.298673e+00 -1.818782e-01 -3.680676e-02 2.516965e-01 -7.498036e-01
1.676000e+02 -5.785146e-01 -6.099870e-02 4.957590e-01 5.829873e-01 1.185558e-02 6.148304e-01 -6.569148e-01 2.331794e+00 -1.969627e-01 -1.148763e-02 2.234209e-01 -7.282019e-01
1.676800e+02 -5.952829e-01 -3.690454e-02 4.898730e-01 5.615108e-01 2.571759e-03 6.526972e-01 -6.723503e-01 2.366438e+00 -2.120673e-01 1.556735e-02 1.947590e-01 -7.050772e-01
1.677600e+02 -6.114398e-01 -1.305622e-02 4.820524e-01 5.402558e-01 -6.755019e-03 6.897396e-01 -6.871484e-01 2.402548e+00 -2.271842e-01 4.418706e-02 1.658723e-01 -6.807182e-01
1.678400e+02 -6.278275e-01 1.204601e-02 4.722505e-01 5.187293e-01 -1.619726e-02 7.307838e-01 -7.034774e-01 2.440559e+00 -2.435092e-01 7.411452e-02 1.349708e-01 -6.563501e-01
1.679200e+02 -6.415957e-01 3.173151e-02 4.611720e-01 4.973589e-01 -2.454743e-02 7.694250e-01 -7.184088e-01 2.481642e+00 -2.599314e-01 1.067804e-01 1.048050e-01 -6.268215e-01
1.680000e+02 -6.555154e-01 5.557443e-02 4.474287e-01 4.792898e-01 -3.495690e-02 8.083638e-01 -7.332795e-01 2.519409e+00 -2.750608e-01 1.438147e-01 7.487864e-02 -5.958502e-01
1.680800e+02 -6.687372e-01 7.962319e-02 4.323336e-01 4.627146e-01 -4.443352e-02 8.469006e-01 -7.473547e-01 2.560446e+00 -2.913048e-01 1.812777e-01 4.404690e-02 -5.644771e-01
1.681600e+02 -6.743507e-01 1.043831e-01 4.178995e-01 4.352330e-01 -4.954972e-02 8.809602e-01 -7.565825e-01 2.602446e+00 -3.051677e-01 2.241242e-01 1.567716e-02 -5.285725e-01
1.682400e+02 -6.814539e-01 1.293038e-01 4.019466e-01 4.164222e-01 -5.606561e-02 9.170238e-01 -7.670762e-01 2.648346e+00 -3.208326e-01 2.668162e-01 -1.419116e-02 -4.944950e-01
1.683200e+02 -6.881773e-01 1.603774e-01 3.851731e-01 4.026352e-01 -6.208562e-02 9.554966e-01 -7.774819e-01 2.696606e+00 -3.373159e-01 3.124375e-01 -4.648321e-02 -4.574255e-01
1.684000e+02 -6.948873e-01 1.900797e-01 3.662558e-01 3.912269e-01 -6.778232e-02 9.941948e-01 -7.880196e-01 2.747349e+00 -3.543526e-01 3.591410e-01 -7.994317e-02 -4.209517e-01
1.684800e+02 -7.015750e-01 2.128600e-01 3.431173e-01 3.824415e-01 -7.395008e-02 1.032489e+00 -7.989104e-01 2.798752e+00 -3.716460e-01 4.059139e-01 -1.122052e-01 -3.862550e-01
1.685600e+02 -7.092370e-01 2.468047e-01 3.177292e-01 3.846259e-01 -8.367118e-02 1.076763e+00 -8.106036e-01 2.838782e+00 -3.863068e-01 4.631814e-01 -1.468092e-01 -3.427250e-01
1.686400e+02 -7.162159e-01 2.765354e-01 2.916483e-01 3.871346e-01 -9.105541e-02 1.120052e+00 -8.220564e-01 2.885937e+00 -4.028235e-01 5.185472e-01 -1.822928e-01 -3.004423e-01
1.687200e+02 -7.217417e-01 3.085802e-01 2.617778e-01 3.969069e-01 -1.019717e-01 1.164780e+00 -8.333817e-01 2.922160e+00 -4.149972e-01 5.814773e-01 -2.166014e-01 -2.508692e-01
1.688000e+02 -7.272635e-01 3.378761e-01 2.310874e-01 4.086341e-01 -1.123586e-01 1.209724e+00 -8.442302e-01 2.962530e+00 -4.283073e-01 6.461506e-01 -2.521779e-01 -2.028704e-01
1.688800e+02 -7.308357e-01 3.625917e-01 2.001298e-01 4.206544e-01 -1.208859e-01 1.253542e+00 -8.536494e-01 3.007612e+00 -4.433921e-01 7.079128e-01 -2.873241e-01 -1.555749e-01
1.689600e+02 -7.281539e-01 3.853025e-01 1.690404e-01 4.242220e-01 -1.267104e-01 1.293591e+00 -8.606395e-01 3.056454e+00 -4.576014e-01 7.689003e-01 -3.202070e-01 -1.081356e-01
1.690400e+02 -7.259290e-01 4.067967e-01 1.392187e-01 4.364348e-01 -1.324831e-01 1.335659e+00 -8.675090e-01 3.111665e+00 -4.740975e-01 8.312182e-01 -3.550491e-01 -6.073290e-02
1.691200e+02 -7.135808e-01 4.268460e-01 1.098035e-01 4.289274e-01 -1.352913e-01 1.371095e+00 -8.715696e-01 3.167017e+00 -4.876100e-01 8.921653e-01 -3.846194e-01 -1.294783e-02
1.692000e+02 -6.984405e-01 4.526218e-01 8.396000e-02 4.252626e-01 -1.372320e-01 1.406511e+00 -8.740543e-01 3.227453e+00 -5.024695e-01 9.558626e-01 -4.153175e-01 3.789018e-02
1.692800e+02 -6.858036e-01 4.762584e-01 5.621705e-02 4.364126e-01 -1.439326e-01 1.446520e+00 -8.778619e-01 3.280919e+00 -5.172348e-01 1.026462e+00 -4.465792e-01 9.407735e-02
1.693600e+02 -6.751841e-01 4.966366e-01 2.676559e-02 4.518083e-01 -1.513129e-01 1.485419e+00 -8.831709e-01 3.331860e+00 -5.319511e-01 1.101614e+00 -4.787529e-01 1.499415e-01
1.694400e+02 -6.639805e-01 5.157341e-01 -2.271118e-03 4.721462e-01 -1.573363e-01 1.518605e+00 -8.834292e-01 3.379431e+00 -5.483409e-01 1.170290e+00 -5.099347e-01 2.042700e-01
1.695200e+02 -6.529738e-01 5.304899e-01 -3.043950e-02 4.965519e-01 -1.620710e-01 1.552874e+00 -8.837205e-01 3.433982e+00 -5.665260e-01 1.239083e+00 -5.419863e-01 2.578674e-01
1.696000e+02 -6.416189e-01 5.405025e-01 -5.674834e-02 5.224290e-01 -1.650536e-01 1.589933e+00 -8.826406e-01 3.495761e+00 -5.865121e-01 1.313420e+00 -5.744352e-01 3.094458e-01
1.696800e+02 -6.307344e-01 5.518878e-01 -8.163788e-02 5.560578e-01 -1.666560e-01 1.627028e+00 -8.797094e-01 3.563645e+00 -6.068357e-01 1.392115e+00 -6.072423e-01 3.611939e-01
1.697600e+02 -6.194399e-01 5.609835e-01 -1.058539e-01 5.883369e-01 -1.691266e-01 1.665101e+00 -8.786931e-01 3.637303e+00 -6.274658e-01 1.465878e+00 -6.395290e-01 4.140802e-01
1.698400e+02 -6.084124e-01 5.624732e-01 -1.307092e-01 6.186698e-01 -1.721657e-01 1.704230e+00 -8.796533e-01 3.713464e+00 -6.494359e-01 1.535309e+00 -6.694612e-01 4.643388e-01
1.699200e+02 -5.969549e-01 5.680615e-01 -1.535164e-01 6.487925e-01 -1.743324e-01 1.742652e+00 -8.805727e-01 3.792322e+00 -6.724161e-01 1.605622e+00 -7.001262e-01 5.176223e-01
1.700000e+02 -5.848464e-01 5.713747e-01 -1.814434e-01 6.816068e-01 -1.835311e-01 1.776180e+00 -8.807273e-01 3.850037e+00 -6.882362e-01 1.681820e+00 -7.239398e-01 5.726414e-01
1.700800e+02 -5.690461e-01 5.808553e-01 -2.035003e-01 7.037678e-01 -1.906147e-01 1.810566e+00 -8.791578e-01 3.906378e+00 -7.060277e-01 1.760617e+00 -7.493651e-01 6.312102e-01
1.701600e+02 -5.540267e-01 5.929889e-01 -2.215945e-01 7.292325e-01 -1.957975e-01 1.844708e+00 -8.766053e-01 3.973771e+00 -7.295125e-01 1.833894e+00 -7.767123e-01 6.866298e-01
1.702400e+02 -5.405701e-01 6.116159e-01 -2.380477e-01 7.585325e-01 -2.022149e-01 1.878601e+00 -8.759830e-01 4.049324e+00 -7.545186e-01 1.902757e+00 -8.063192e-01 7.473328e-01
1.703200e+02 -5.275838e-01 6.207297e-01 -2.558912e-01 7.861254e-01 -2.096569e-01 1.912291e+00 -8.792883e-01 4.127244e+00 -7.810236e-01 1.967351e+00 -8.333367e-01 8.022956e-01
1.704000e+02 -5.099682e-01 6.374067e-01 -2.688458e-01 8.113503e-01 -2.143802e-01 1.944923e+00 -8.799128e-01 4.208074e+00 -8.074299e-01 2.036093e+00 -8.606646e-01 8.671527e-01
1.704800e+02 -4.909958e-01 6.559948e-01 -2.788758e-01 8.328290e-01 -2.171732e-01 1.973960e+00 -8.800372e-01 4.296546e+00 -8.362297e-01 2.104612e+00 -8.869206e-01 9.288427e-01
1.705600e+02 -4.712993e-01 6.784981e-01 -2.871592e-01 8.539721e-01 -2.202548e-01 2.003261e+00 -8.824194e-01 4.380596e+00 -8.660815e-01 2.170581e+00 -9.130534e-01 9.913422e-01
1.706400e+02 -4.497652e-01 7.040727e-01 -2.923708e-01 8.721240e-01 -2.227895e-01 2.030947e+00 -8.837827e-01 4.464157e+00 -8.965607e-01 2.240465e+00 -9.380421e-01 1.052063e+00
1.707200e+02 -4.288940e-01 7.341634e-01 -2.963118e-01 8.861142e-01 -2.268275e-01 2.055641e+00 -8.852443e-01 4.547300e+00 -9.268703e-01 2.308691e+00 -9.618018e-01 1.109491e+00
1.708000e+02 -4.070381e-01 7.670087e-01 -2.984942e-01 8.925595e-01 -2.327967e-01 2.082445e+00 -8.896426e-01 4.630297e+00 -9.598317e-01 2.373721e+00 -9.853021e-01 1.163226e+00
1.708800e+02 -3.886284e-01 8.110157e-01 -3.057471e-01 9.110556e-01 -2.554516e-01 2.125845e+00 -8.997639e-01 4.660018e+00 -9.803201e-01 2.457660e+00 -1.008516e+00 1.235309e+00
1.709600e+02 -3.734526e-01 8.580527e-01 -3.124960e-01 9.311495e-01 -2.870006e-01 2.162204e+00 -9.060706e-01 4.667788e+00 -9.936453e-01 2.554936e+00 -1.027759e+00 1.303913e+00
1.710400e+02 -3.555205e-01 9.023470e-01 -3.134287e-01 9.480912e-01 -3.185694e-01 2.194280e+00 -9.096539e-01 4.688124e+00 -1.009081e+00 2.644778e+00 -1.045662e+00 1.371671e+00
1.711200e+02 -3.337683e-01 9.449780e-01 -3.050949e-01 9.621650e-01 -3.426115e-01 2.215727e+00 -9.032745e-01 4.744758e+00 -1.028498e+00 2.723749e+00 -1.065145e+00 1.440786e+00
1.712000e+02 -3.087674e-01 9.638479e-01 -2.992834e-01 9.699567e-01 -3.665019e-01 2.224961e+00 -8.915934e-01 4.811981e+00 -1.042478e+00 2.796514e+00 -1.073759e+00 1.498280e+00
1.712800e+02 -2.815781e-01 9.835873e-01 -2.844273e-01 9.746053e-01 -3.836089e-01 2.232193e+00 -8.750155e-01 4.894156e+00 -1.059188e+00 2.871263e+00 -1.082425e+00 1.556207e+00
1.713600e+02 -2.582981e-01 1.005208e+00 -2.762133e-01 9.872973e-01 -4.142893e-01 2.243591e+00 -8.588868e-01 4.920207e+00 -1.062338e+00 2.959836e+00 -1.080479e+00 1.611525e+00
1.714400e+02 -2.363833e-01 1.020939e+00 -2.594167e-01 9.923802e-01 -4.347670e-01 2.240918e+00 -8.431629e-01 4.976977e+00 -1.074346e+00 3.035294e+00 -1.080566e+00 1.654605e+00
1.715200e+02 -2.169348e-01 1.040781e+00 -2.420290e-01 9.991463e-01 -4.579947e-01 2.236515e+00 -8.264176e-01 5.019769e+00 -1.079079e+00 3.115266e+00 -1.078339e+00 1.698076e+00
1.716000e+02 -1.985180e-01 1.039636e+00 -2.217135e-01 9.963261e-01 -4.730245e-01 2.219534e+00 -8.055283e-01 5.074292e+00 -1.092512e+00 3.172108e+00 -1.072588e+00 1.721511e+00
1.716800e+02 -1.841599e-01 1.039848e+00 -2.013627e-01 9.923937e-01 -4.859761e-01 2.197324e+00 -7.895236e-01 5.131026e+00 -1.104360e+00 3.208220e+00 -1.067577e+00 1.749349e+00
1.717600e+02 -1.738807e-01 1.033529e+00 -1.762668e-01 9.852410e-01 -4.910681e-01 2.171043e+00 -7.722100e-01 5.181713e+00 -1.115937e+00 3.243718e+00 -1.059764e+00 1.762984e+00
1.718400e+02 -1.710393e-01 1.033129e+00 -1.535650e-01 9.758408e-01 -4.978619e-01 2.139224e+00 -7.621766e-01 5.219185e+00 -1.135811e+00 3.258709e+00 -1.050499e+00 1.749649e+00
1.719200e+02 -1.682852e-01 1.017351e+00 -1.264126e-01 9.640697e-01 -4.963105e-01 2.105598e+00 -7.519418e-01 5.249475e+00 -1.148758e+00 3.275556e+00 -1.041210e+00 1.748080e+00
1.720000e+02 -1.668900e-01 1.000468e+00 -9.776008e-02 9.460685e-01 -4.914730e-01 2.068317e+00 -7.425618e-01 5.272521e+00 -1.160485e+00 3.289932e+00 -1.028941e+00 1.743048e+00
1.720800e+02 -1.621165e-01 9.820024e-01 -6.798580e-02 9.165433e-01 -4.851400e-01 2.025012e+00 -7.331177e-01 5.287615e+00 -1.169197e+00 3.299484e+00 -1.012263e+00 1.734947e+00
1.721600e+02 -1.593236e-01 9.522380e-01 -3.966782e-02 8.843108e-01 -4.792525e-01 1.977210e+00 -7.239387e-01 5.296305e+00 -1.175415e+00 3.304077e+00 -9.918771e-01 1.723449e+00
1.722400e+02 -1.645711e-01 9.259165e-01 -1.318572e-02 8.603937e-01 -4.756371e-01 1.929105e+00 -7.180791e-01 5.300569e+00 -1.180726e+00 3.297124e+00 -9.737647e-01 1.714377e+00
1.723200e+02 -1.716167e-01 8.941133e-01 1.749413e-02 8.378403e-01 -4.672493e-01 1.879593e+00 -7.048153e-01 5.302033e+00 -1.180198e+00 3.303274e+00 -9.527607e-01 1.695226e+00
1.724000e+02 -1.838487e-01 8.618247e-01 4.821948e-02 8.185546e-01 -4.600661e-01 1.836653e+00 -6.960655e-01 5.308211e+00 -1.179051e+00 3.302384e+00 -9.348260e-01 1.673752e+00
1.724800e+02 -2.094579e-01 8.358248e-01 7.074246e-02 8.051216e-01 -4.591011e-01 1.787925e+00 -6.888662e-01 5.302339e+00 -1.174467e+00 3.291973e+00 -9.178004e-01 1.635080e+00
1.725600e+02 -2.481544e-01 7.800343e-01 7.776282e-02 7.849901e-01 -4.652189e-01 1.728887e+00 -6.854629e-01 5.282807e+00 -1.168470e+00 3.263257e+00 -8.958920e-01 1.563843e+00
1.726400e+02 -2.896663e-01 7.238003e-01 7.975783e-02 7.689043e-01 -4.709363e-01 1.671271e+00 -6.845565e-01 5.258835e+00 -1.162873e+00 3.228011e+00 -8.749795e-01 1.492201e+00
1.727200e+02 -3.274092e-01 6.799243e-01 8.243794e-02 7.565410e-01 -4.749190e-01 1.616290e+00 -6.832621e-01 5.233672e+00 -1.157100e+00 3.195235e+00 -8.555703e-01 1.439357e+00
1.728000e+02 -3.633062e-01 6.288099e-01 8.076679e-02 7.417986e-01 -4.787706e-01 1.559656e+00 -6.815157e-01 5.203703e+00 -1.151581e+00 3.163734e+00 -8.336176e-01 1.391722e+00
1.728800e+02 -3.969671e-01 5.645887e-01 7.777986e-02 7.200552e-01 -4.744700e-01 1.497628e+00 -6.787598e-01 5.196169e+00 -1.156373e+00 3.118468e+00 -8.108275e-01 1.342557e+00
1.729600e+02 -4.317172e-01 5.194581e-01 6.733468e-02 7.054321e-01 -4.772884e-01 1.441148e+00 -6.829745e-01 5.173424e+00 -1.155910e+00 3.078090e+00 -7.883175e-01 1.310773e+00
1.730400e+02 -4.670488e-01 4.764981e-01 5.484155e-02 6.895808e-01 -4.788686e-01 1.386488e+00 -6.839922e-01 5.135714e+00 -1.160346e+00 3.047839e+00 -7.637770e-01 1.269090e+00
1.731200e+02 -4.973420e-01 4.354220e-01 4.286086e-02 6.710691e-01 -4.785963e-01 1.339991e+00 -6.871538e-01 5.099406e+00 -1.169980e+00 3.019411e+00 -7.419196e-01 1.240360e+00
1.732000e+02 -5.305738e-01 3.985221e-01 2.822526e-02 6.690011e-01 -4.783186e-01 1.297512e+00 -6.897173e-01 5.061366e+00 -1.182430e+00 2.995111e+00 -7.215514e-01 1.221122e+00
1.732800e+02 -5.591405e-01 3.599732e-01 1.363860e-02 6.699824e-01 -4.738833e-01 1.261664e+00 -6.907997e-01 5.025562e+00 -1.197235e+00 2.977833e+00 -7.014518e-01 1.212972e+00
1.733600e+02 -5.811636e-01 3.262663e-01 -3.995700e-03 6.635212e-01 -4.713611e-01 1.225489e+00 -6.911772e-01 4.987417e+00 -1.214458e+00 2.960961e+00 -6.778368e-01 1.203576e+00
1.734400e+02 -5.964168e-01 2.868038e-01 -2.434626e-02 6.496062e-01 -4.680396e-01 1.189226e+00 -6.899104e-01 4.948350e+00 -1.231997e+00 2.946786e+00 -6.504799e-01 1.197932e+00
1.735200e+02 -6.054090e-01 2.537185e-01 -4.625860e-02 6.335352e-01 -4.649488e-01 1.148170e+00 -6.862400e-01 4.908470e+00 -1.252049e+00 2.931938e+00 -6.193333e-01 1.191861e+00
1.736000e+02 -6.080409e-01 2.179788e-01 -6.621099e-02 6.087374e-01 -4.552387e-01 1.109132e+00 -6.834346e-01 4.885872e+00 -1.281213e+00 2.906249e+00 -5.892466e-01 1.178654e+00
1.736800e+02 -6.072293e-01 1.864729e-01 -9.002849e-02 5.820433e-01 -4.506653e-01 1.073199e+00 -6.866710e-01 4.855350e+00 -1.307399e+00 2.883848e+00 -5.563277e-01 1.167046e+00
1.737600e+02 -6.013593e-01 1.552903e-01 -1.136602e-01 5.498542e-01 -4.482226e-01 1.042037e+00 -6.908226e-01 4.815188e+00 -1.335390e+00 2.863210e+00 -5.225719e-01 1.155451e+00
1.738400e+02 -5.911147e-01 1.234608e-01 -1.368841e-01 5.118464e-01 -4.473779e-01 1.013575e+00 -6.969697e-01 4.775647e+00 -1.365189e+00 2.840909e+00 -4.884242e-01 1.142582e+00
1.739200e+02 -5.782664e-01 9.393050e-02 -1.633923e-01 4.667282e-01 -4.513400e-01 9.817275e-01 -7.054361e-01 4.730264e+00 -1.394756e+00 2.811709e+00 -4.532200e-01 1.118379e+00
1.740000e+02 -5.606775e-01 6.585449e-02 -1.888672e-01 4.223749e-01 -4.557185e-01 9.481267e-01 -7.128127e-01 4.682409e+00 -1.418356e+00 2.782584e+00 -4.176584e-01 1.101283e+00
1.740800e+02 -5.385207e-01 4.454396e-02 -2.118939e-01 3.758390e-01 -4.613602e-01 9.119467e-01 -7.191671e-01 4.632959e+00 -1.436872e+00 2.753908e+00 -3.812722e-01 1.084975e+00
1.741600e+02 -5.157380e-01 1.810235e-02 -2.331937e-01 3.237919e-01 -4.643939e-01 8.677278e-01 -7.273627e-01 4.602976e+00 -1.456974e+00 2.697533e+00 -3.496838e-01 1.068066e+00
1.742400e+02 -4.865529e-01 -5.455567e-03 -2.520639e-01 2.731119e-01 -4.676593e-01 8.152562e-01 -7.314274e-01 4.569393e+00 -1.461426e+00 2.652509e+00 -3.112577e-01 1.048711e+00
1.743200e+02 -4.537332e-01 -2.072821e-02 -2.734257e-01 2.273473e-01 -4.783101e-01 7.711064e-01 -7.355146e-01 4.496439e+00 -1.451145e+00 2.623963e+00 -2.692937e-01 1.034713e+00
1.744000e+02 -4.160730e-01 -3.682417e-02 -2.895519e-01 1.777234e-01 -4.859731e-01 7.232494e-01 -7.362892e-01 4.442912e+00 -1.436715e+00 2.596715e+00 -2.286216e-01 1.018961e+00
1.744800e+02 -3.757994e-01 -5.126315e-02 -3.020333e-01 1.285787e-01 -4.917043e-01 6.732634e-01 -7.318497e-01 4.389398e+00 -1.415943e+00 2.568118e+00 -1.884024e-01 9.991561e-01
1.745600e+02 -3.411760e-01 -5.496961e-02 -3.078763e-01 1.009388e-01 -4.948955e-01 6.242777e-01 -7.230365e-01 4.341108e+00 -1.392810e+00 2.541775e+00 -1.543733e-01 9.778172e-01
1.746400e+02 -2.998668e-01 -6.383255e-02 -3.089853e-01 6.121229e-02 -4.906034e-01 5.707654e-01 -7.081066e-01 4.293557e+00 -1.364180e+00 2.523745e+00 -1.154212e-01 9.458673e-01
1.747200e+02 -2.576152e-01 -6.873988e-02 -3.079285e-01 1.954978e-02 -4.842732e-01 5.136171e-01 -6.941680e-01 4.243919e+00 -1.334392e+00 2.497190e+00 -7.933447e-02 9.134427e-01
1.748000e+02 -2.128958e-01 -7.018880e-02 -3.017312e-01 -2.390460e-02 -4.744194e-01 4.531821e-01 -6.797305e-01 4.193516e+00 -1.301735e+00 2.466318e+00 -4.361409e-02 8.802043e-01
1.748800e+02 -1.666254e-01 -6.731370e-02 -2.893086e-01 -6.697195e-02 -4.614698e-01 3.879353e-01 -6.633765e-01 4.143544e+00 -1.266354e+00 2.433263e+00 -7.247936e-03 8.450098e-01
1.749600e+02 -1.168261e-01 -6.710964e-02 -2.655357e-01 -1.141529e-01 -4.377248e-01 3.175767e-01 -6.435711e-01 4.120719e+00 -1.234406e+00 2.390707e+00 2.778619e-02 8.072582e-01
1.750400e+02 -6.886112e-02 -5.853374e-02 -2.376819e-01 -1.545964e-01 -4.160094e-01 2.472737e-01 -6.245614e-01 4.094973e+00 -1.198868e+00 2.354068e+00 6.384771e-02 7.696428e-01
1.751200e+02 -1.878206e-02 -5.497641e-02 -2.030981e-01 -1.948319e-01 -3.916279e-01 1.764206e-01 -6.001928e-01 4.060904e+00 -1.160820e+00 2.331652e+00 1.050461e-01 7.250279e-01
1.752000e+02 2.881827e-02 -4.485640e-02 -1.645045e-01 -2.288050e-01 -3.686075e-01 1.053410e-01 -5.766234e-01 4.025566e+00 -1.124580e+00 2.304805e+00 1.425581e-01 6.843135e-01
1.752800e+02 7.459004e-02 -2.993654e-02 -1.223133e-01 -2.548516e-01 -3.484631e-01 3.513569e-02 -5.519080e-01 3.981957e+00 -1.085339e+00 2.280527e+00 1.797753e-01 6.479337e-01
1.753600e+02 1.215169e-01 -1.307536e-02 -7.614699e-02 -2.799869e-01 -3.301272e-01 -3.570830e-02 -5.270029e-01 3.937165e+00 -1.046198e+00 2.248666e+00 2.174362e-01 6.121325e-01
1.754400e+02 1.646787e-01 2.480604e-03 -2.561741e-02 -2.976400e-01 -3.098405e-01 -1.050427e-01 -4.989005e-01 3.895003e+00 -1.008557e+00 2.222392e+00 2.535178e-01 5.748335e-01
1.755200e+02 2.060127e-01 1.644621e-02 2.851389e-02 -3.089069e-01 -2.882308e-01 -1.722733e-01 -4.686154e-01 3.855465e+00 -9.708067e-01 2.200701e+00 2.900368e-01 5.346090e-01
1.756000e+02 2.432925e-01 3.015467e-02 8.202527e-02 -3.133386e-01 -2.683262e-01 -2.390351e-01 -4.383260e-01 3.815339e+00 -9.339445e-01 2.174091e+00 3.248615e-01 4.921099e-01
1.756800e+02 2.786004e-01 4.060008e-02 1.356199e-01 -3.130635e-01 -2.485550e-01 -3.018169e-01 -4.087732e-01 3.774765e+00 -8.971614e-01 2.146666e+00 3.583872e-01 4.513241e-01
1.757600e+02 3.116382e-01 4.796462e-02 1.868392e-01 -3.084395e-01 -2.309410e-01 -3.560947e-01 -3.811096e-01 3.727404e+00 -8.598408e-01 2.119832e+00 3.913930e-01 4.108416e-01
1.758400e+02 3.382394e-01 5.098131e-02 2.358424e-01 -2.884900e-01 -2.150991e-01 -4.050462e-01 -3.542474e-01 3.688027e+00 -8.246129e-01 2.093303e+00 4.214462e-01 3.699162e-01
1.759200e+02 3.658041e-01 4.834905e-02 2.795327e-01 -2.721679e-01 -1.995649e-01 -4.514971e-01 -3.277720e-01 3.647320e+00 -7.890407e-01 2.064908e+00 4.526050e-01 3.274355e-01
1.760000e+02 3.937519e-01 4.030617e-02 3.205277e-01 -2.563171e-01 -1.828124e-01 -4.950511e-01 -3.018529e-01 3.608397e+00 -7.544162e-01 2.039858e+00 4.848180e-01 2.804363e-01
1.760800e+02 4.181685e-01 2.825195e-02 3.513389e-01 -2.370232e-01 -1.727727e-01 -5.384915e-01 -2.827794e-01 3.563540e+00 -7.210413e-01 1.997447e+00 5.152746e-01 2.392836e-01
1.761600e+02 4.452730e-01 1.247640e-02 3.805404e-01 -2.233583e-01 -1.607467e-01 -5.775215e-01 -2.625759e-01 3.515270e+00 -6.887875e-01 1.962000e+00 5.473871e-01 1.932894e-01
1.762400e+02 4.712565e-01 -1.153376e-02 4.081347e-01 -2.156840e-01 -1.422308e-01 -6.202808e-01 -2.433336e-01 3.493829e+00 -6.637537e-01 1.910422e+00 5.767713e-01 1.354275e-01
1.763200e+02 4.961221e-01 -3.437918e-02 4.289066e-01 -2.050336e-01 -1.305932e-01 -6.554622e-01 -2.266969e-01 3.451525e+00 -6.331999e-01 1.867086e+00 6.074948e-01 8.385401e-02
1.764000e+02 5.203235e-01 -6.024436e-02 4.453038e-01 -1.952513e-01 -1.215252e-01 -6.841319e-01 -2.112900e-01 3.401162e+00 -6.029141e-01 1.825421e+00 6.377910e-01 3.166057e-02
1.764800e+02 5.479757e-01 -8.860068e-02 4.586418e-01 -1.940922e-01 -1.134427e-01 -7.147868e-01 -1.953067e-01 3.349608e+00 -5.714384e-01 1.782393e+00 6.698190e-01 -2.179257e-02
1.765600e+02 5.724350e-01 -1.212655e-01 4.704071e-01 -1.880827e-01 -1.056561e-01 -7.367291e-01 -1.816512e-01 3.297918e+00 -5.417612e-01 1.746333e+00 7.005068e-01 -7.932026e-02
1.766400e+02 5.962949e-01 -1.533389e-01 4.767404e-01 -1.856448e-01 -1.008916e-01 -7.609914e-01 -1.684785e-01 3.243561e+00 -5.107426e-01 1.705824e+00 7.305315e-01 -1.367665e-01
1.767200e+02 6.196332e-01 -1.915816e-01 4.835287e-01 -1.896289e-01 -9.018819e-02 -7.897088e-01 -1.550969e-01 3.214532e+00 -4.869149e-01 1.651512e+00 7.579860e-01 -2.012138e-01
1.768000e+02 6.347920e-01 -2.263277e-01 4.826168e-01 -1.829905e-01 -8.795295e-02 -8.123286e-01 -1.467492e-01 3.173050e+00 -4.592280e-01 1.601679e+00 7.840063e-01 -2.659918e-01
1.768800e+02 6.516102e-01 -2.619899e-01 4.793161e-01 -1.831428e-01 -8.594872e-02 -8.367508e-01 -1.369874e-01 3.123140e+00 -4.311922e-01 1.552595e+00 8.104016e-01 -3.291921e-01
1.769600e+02 6.689450e-01 -2.970718e-01 4.745705e-01 -1.854391e-01 -8.494365e-02 -8.587295e-01 -1.281900e-01 3.069907e+00 -4.026537e-01 1.502952e+00 8.360756e-01 -3.881827e-01
1.770400e+02 6.834204e-01 -3.316460e-01 4.694241e-01 -1.832759e-01 -8.482547e-02 -8.772197e-01 -1.202322e-01 3.016296e+00 -3.746096e-01 1.455308e+00 8.594892e-01 -4.442141e-01
1.771200e+02 6.996066e-01 -3.637080e-01 4.650196e-01 -1.852138e-01 -8.516546e-02 -8.944699e-01 -1.123715e-01 2.961812e+00 -3.460453e-01 1.408603e+00 8.822736e-01 -4.976769e-01
1.772000e+02 7.154391e-01 -3.950490e-01 4.595356e-01 -1.888443e-01 -8.579272e-02 -9.121539e-01 -1.045114e-01 2.910343e+00 -3.175384e-01 1.359264e+00 9.050259e-01 -5.513415e-01
1.772800e+02 7.319320e-01 -4.276645e-01 4.568990e-01 -1.955273e-01 -8.253921e-02 -9.307683e-01 -9.656999e-02 2.872864e+00 -2.927026e-01 1.305916e+00 9.256870e-01 -6.045345e-01
1.773600e+02 7.474147e-01 -4.560166e-01 4.525470e-01 -2.002100e-01 -8.273098e-02 -9.476928e-01 -9.106112e-02 2.830045e+00 -2.643580e-01 1.258780e+00 9.462370e-01 -6.518166e-01
1.774400e+02 7.615721e-01 -4.789425e-01 4.470502e-01 -2.068681e-01 -8.378073e-02 -9.655109e-01 -8.420221e-02 2.779944e+00 -2.337945e-01 1.213259e+00 9.667770e-01 -6.996017e-01
1.775200e+02 7.764555e-01 -5.043295e-01 4.461007e-01 -2.127875e-01 -8.058496e-02 -9.884858e-01 -7.606914e-02 2.744217e+00 -2.081221e-01 1.162952e+00 9.850327e-01 -7.459180e-01
1.776000e+02 7.901891e-01 -5.264236e-01 4.447385e-01 -2.176446e-01 -7.826296e-02 -1.007381e+00 -6.738583e-02 2.693627e+00 -1.814482e-01 1.117157e+00 1.001524e+00 -7.904217e-01
1.776800e+02 8.007716e-01 -5.483389e-01 4.447556e-01 -2.203433e-01 -7.284400e-02 -1.027472e+00 -6.401124e-02 2.660737e+00 -1.612585e-01 1.057200e+00 1.013313e+00 -8.340541e-01
1.777600e+02 8.117802e-01 -5.715052e-01 4.472615e-01 -2.281981e-01 -6.130924e-02 -1.050344e+00 -5.812778e-02 2.634705e+00 -1.464957e-01 9.992093e-01 1.023190e+00 -8.817216e-01
1.778400e+02 8.213177e-01 -5.885706e-01 4.490099e-01 -2.318816e-01 -5.243146e-02 -1.070409e+00 -5.343010e-02 2.592630e+00 -1.291960e-01 9.478036e-01 1.032601e+00 -9.252056e-01
1.779200e+02 8.296537e-01 -6.023161e-01 4.513436e-01 -2.333272e-01 -4.363483e-02 -1.088933e+00 -5.062719e-02 2.546042e+00 -1.129626e-01 8.983828e-01 1.041645e+00 -9.638090e-01
1.780000e+02 8.379052e-01 -6.112818e-01 4.556334e-01 -2.288862e-01 -3.570685e-02 -1.107479e+00 -4.811831e-02 2.494068e+00 -9.467580e-02 8.527388e-01 1.050513e+00 -1.002310e+00
1.780800e+02 8.441425e-01 -6.177970e-01 4.591160e-01 -2.243874e-01 -2.882873e-02 -1.115002e+00 -4.953785e-02 2.442374e+00 -7.779311e-02 8.098635e-01 1.057457e+00 -1.039786e+00
1.781600e+02 8.488808e-01 -6.209334e-01 4.616887e-01 -2.159476e-01 -2.500160e-02 -1.122820e+00 -5.423880e-02 2.393216e+00 -6.033063e-02 7.613835e-01 1.064702e+00 -1.072245e+00
1.782400e+02 8.532026e-01 -6.189285e-01 4.666020e-01 -2.030231e-01 -2.065164e-02 -1.126140e+00 -5.643312e-02 2.343122e+00 -4.299246e-02 7.232796e-01 1.072042e+00 -1.102961e+00
1.783200e+02 8.558339e-01 -6.121699e-01 4.730859e-01 -1.856402e-01 -1.647365e-02 -1.125605e+00 -5.863491e-02 2.296629e+00 -2.544009e-02 6.867619e-01 1.079036e+00 -1.130065e+00
1.784000e+02 8.557624e-01 -5.998797e-01 4.819137e-01 -1.630217e-01 -1.212898e-02 -1.121029e+00 -6.056312e-02 2.254030e+00 -8.221452e-03 6.527433e-01 1.085215e+00 -1.153358e+00
1.784800e+02 8.531554e-01 -5.725765e-01 4.960482e-01 -1.355120e-01 -6.006515e-03 -1.111195e+00 -6.153288e-02 2.217319e+00 8.046457e-03 6.239378e-01 1.088071e+00 -1.166858e+00
1.785600e+02 8.448598e-01 -5.512912e-01 5.096116e-01 -1.044207e-01 -1.624710e-03 -1.098722e+00 -6.253006e-02 2.180292e+00 2.490976e-02 5.956292e-01 1.092698e+00 -1.180855e+00
1.786400e+02 8.299979e-01 -5.342250e-01 5.229434e-01 -7.319023e-02 2.706654e-03 -1.081155e+00 -6.431289e-02 2.148080e+00 4.013012e-02 5.681541e-01 1.096643e+00 -1.192960e+00
1.787200e+02 8.100074e-01 -5.072575e-01 5.415212e-01 -3.644588e-02 8.689028e-03 -1.060804e+00 -6.544217e-02 2.120821e+00 5.403731e-02 5.446547e-01 1.097453e+00 -1.196184e+00
1.788000e+02 7.820264e-01 -4.942366e-01 5.578631e-01 4.556838e-03 1.221581e-02 -1.039497e+00 -6.833255e-02 2.094374e+00 6.712391e-02 5.190439e-01 1.100134e+00 -1.202379e+00
1.788800e+02 7.492515e-01 -4.922583e-01 5.735924e-01 4.068412e-02 1.881373e-02 -1.016518e+00 -7.152519e-02 2.080753e+00 7.571046e-02 4.882574e-01 1.102142e+00 -1.210782e+00
1.789600e+02 7.126949e-01 -4.974842e-01 5.870653e-01 7.852229e-02 2.264620e-02 -9.938571e-01 -7.653459e-02 2.063897e+00 8.552710e-02 4.590289e-01 1.105464e+00 -1.215673e+00
1.790400e+02 6.738294e-01 -5.173274e-01 5.966954e-01 1.163997e-01 2.423374e-02 -9.719849e-01 -8.245580e-02 2.043845e+00 9.540414e-02 4.288117e-01 1.111997e+00 -1.223981e+00
1.791200e+02 6.326557e-01 -5.411641e-01 6.069294e-01 1.632667e-01 2.618908e-02 -9.452636e-01 -8.914136e-02 2.026980e+00 1.023864e-01 4.024249e-01 1.115806e+00 -1.224722e+00
1.792000e+02 5.931440e-01 -5.715938e-01 6.120511e-01 2.057056e-01 2.681298e-02 -9.197329e-01 -9.603546e-02 2.008426e+00 1.104650e-01 3.746142e-01 1.121920e+00 -1.226886e+00
1.792800e+02 5.555390e-01 -6.000977e-01 6.157575e-01 2.497336e-01 2.720002e-02 -8.927960e-01 -1.035724e-01 1.991280e+00 1.174007e-01 3.474776e-01 1.127203e+00 -1.228654e+00
1.793600e+02 5.201941e-01 -6.338534e-01 6.153835e-01 2.882974e-01 2.753188e-02 -8.717667e-01 -1.100940e-01 1.977218e+00 1.231952e-01 3.129672e-01 1.134518e+00 -1.240211e+00
1.794400e+02 4.853768e-01 -6.735063e-01 6.108249e-01 3.286153e-01 2.680264e-02 -8.495494e-01 -1.177271e-01 1.966017e+00 1.286295e-01 2.788277e-01 1.141026e+00 -1.252499e+00
1.795200e+02 4.528827e-01 -7.076486e-01 6.054085e-01 3.699054e-01 2.685982e-02 -8.275932e-01 -1.249653e-01 1.954148e+00 1.336151e-01 2.465645e-01 1.145847e+00 -1.260858e+00
1.796000e+02 4.218170e-01 -7.335277e-01 5.971976e-01 4.144519e-01 2.302401e-02 -8.002305e-01 -1.332627e-01 1.928073e+00 1.415590e-01 2.203218e-01 1.150389e+00 -1.264072e+00
1.796800e+02 3.920868e-01 -7.572118e-01 5.891434e-01 4.570627e-01 2.130495e-02 -7.726764e-01 -1.421624e-01 1.913834e+00 1.471868e-01 1.933304e-01 1.153094e+00 -1.268125e+00
1.797600e+02 3.645944e-01 -7.800776e-01 5.794616e-01 4.949693e-01 1.962270e-02 -7.459747e-01 -1.524995e-01 1.903661e+00 1.513429e-01 1.585600e-01 1.155506e+00 -1.271471e+00
1.798400e+02 3.367766e-01 -7.970505e-01 5.703975e-01 5.345258e-01 1.828813e-02 -7.191093e-01 -1.623213e-01 1.894017e+00 1.549053e-01 1.288701e-01 1.156757e+00 -1.273700e+00
1.799200e+02 3.167943e-01 -8.097727e-01 5.619218e-01 5.592226e-01 1.731696e-02 -6.961221e-01 -1.709099e-01 1.881963e+00 1.600827e-01 9.915997e-02 1.160190e+00 -1.275987e+00
1.800000e+02 2.920606e-01 -8.171700e-01 5.547381e-01 5.899059e-01 1.606528e-02 -6.718925e-01 -1.800965e-01 1.870725e+00 1.643698e-01 6.998863e-02 1.160770e+00 -1.279439e+00
1.800800e+02 2.653713e-01 -8.224625e-01 5.491133e-01 6.230260e-01 1.511969e-02 -6.447906e-01 -1.897973e-01 1.861918e+00 1.662158e-01 4.361348e-02 1.158568e+00 -1.280670e+00
1.801600e+02 2.371445e-01 -8.233068e-01 5.456961e-01 6.573450e-01 1.732350e-02 -6.176229e-01 -1.993790e-01 1.864775e+00 1.638467e-01 1.496288e-02 1.152697e+00 -1.282003e+00
1.802400e+02 2.122424e-01 -8.227887e-01 5.422915e-01 6.854462e-01 1.906631e-02 -5.906439e-01 -2.086299e-01 1.864534e+00 1.631040e-01 -8.947399e-03 1.147148e+00 -1.276766e+00
1.803200e+02 1.847206e-01 -8.199656e-01 5.375085e-01 7.089509e-01 1.866501e-02 -5.651914e-01 -2.191784e-01 1.861312e+00 1.611613e-01 -3.434156e-02 1.141407e+00 -1.280311e+00
1.804000e+02 1.596519e-01 -8.150803e-01 5.343699e-01 7.282751e-01 1.887548e-02 -5.400682e-01 -2.291558e-01 1.858122e+00 1.598393e-01 -5.765959e-02 1.133816e+00 -1.278607e+00
1.804800e+02 1.349161e-01 -8.042946e-01 5.329895e-01 7.451735e-01 1.906731e-02 -5.150625e-01 -2.391088e-01 1.856376e+00 1.577665e-01 -8.047170e-02 1.124503e+00 -1.276989e+00
1.805600e+02 1.076509e-01 -7.943224e-01 5.313072e-01 7.665372e-01 1.733786e-02 -4.876424e-01 -2.502377e-01 1.855506e+00 1.546050e-01 -1.012159e-01 1.113090e+00 -1.274708e+00
1.806400e+02 8.467705e-02 -7.875797e-01 5.319385e-01 7.821828e-01 2.009943e-02 -4.610487e-01 -2.602461e-01 1.867107e+00 1.482772e-01 -1.227213e-01 1.100390e+00 -1.266736e+00
1.807200e+02 6.203106e-02 -7.786030e-01 5.302061e-01 7.936972e-01 2.080096e-02 -4.366899e-01 -2.702473e-01 1.874327e+00 1.436693e-01 -1.422983e-01 1.089602e+00 -1.260626e+00
1.808000e+02 4.032365e-02 -7.681039e-01 5.286650e-01 8.007645e-01 2.116426e-02 -4.116507e-01 -2.806003e-01 1.880405e+00 1.387765e-01 -1.592982e-01 1.078121e+00 -1.254084e+00
1.808800e+02 1.948579e-02 -7.561368e-01 5.273910e-01 8.046994e-01 2.084003e-02 -3.875932e-01 -2.908195e-01 1.885367e+00 1.342428e-01 -1.751433e-01 1.066480e+00 -1.247784e+00
1.809600e+02 -6.942170e-04 -7.361523e-01 5.281303e-01 8.077291e-01 2.063616e-02 -3.624435e-01 -3.010651e-01 1.891181e+00 1.291191e-01 -1.883954e-01 1.052810e+00 -1.239425e+00
1.810400e+02 -2.090846e-02 -7.122994e-01 5.299232e-01 8.091813e-01 2.012277e-02 -3.365659e-01 -3.114426e-01 1.897553e+00 1.236939e-01 -1.997392e-01 1.037837e+00 -1.230081e+00
1.811200e+02 -4.142589e-02 -6.933968e-01 5.306163e-01 8.064268e-01 1.881745e-02 -3.121647e-01 -3.219989e-01 1.903946e+00 1.184575e-01 -2.111759e-01 1.023469e+00 -1.222308e+00
1.812000e+02 -6.194620e-02 -6.759105e-01 5.307338e-01 8.006969e-01 1.682788e-02 -2.881999e-01 -3.327084e-01 1.909592e+00 1.133320e-01 -2.219213e-01 1.009117e+00 -1.214677e+00
1.812800e+02 -8.248622e-02 -6.560683e-01 5.310686e-01 7.931493e-01 1.458742e-02 -2.639324e-01 -3.434653e-01 1.915896e+00 1.079103e-01 -2.312456e-01 9.938474e-01 -1.206180e+00
1.813600e+02 -1.032541e-01 -6.339310e-01 5.315485e-01 7.837332e-01 1.214803e-02 -2.393114e-01 -3.542114e-01 1.923042e+00 1.022506e-01 -2.390902e-01 9.776337e-01 -1.196768e+00
1.814400e+02 -1.214091e-01 -6.155524e-01 5.307926e-01 7.625835e-01 1.026229e-02 -2.188783e-01 -3.636656e-01 1.928254e+00 9.849692e-02 -2.476759e-01 9.640447e-01 -1.188676e+00
1.815200e+02 -1.402394e-01 -5.989498e-01 5.306370e-01 7.430340e-01 7.138818e-03 -1.982774e-01 -3.733364e-01 1.934232e+00 9.421198e-02 -2.554266e-01 9.499279e-01 -1.180919e+00
1.816000e+02 -1.550401e-01 -5.816896e-01 5.299794e-01 7.093204e-01 6.594201e-03 -1.837208e-01 -3.805114e-01 1.938139e+00 9.239509e-02 -2.635717e-01 9.386788e-01 -1.173184e+00
1.816800e+02 -1.713733e-01 -5.663572e-01 5.278179e-01 6.806420e-01 3.208485e-03 -1.667481e-01 -3.886529e-01 1.943833e+00 8.898655e-02 -2.705265e-01 9.257813e-01 -1.166030e+00
1.817600e+02 -1.887541e-01 -5.525142e-01 5.238505e-01 6.543795e-01 -1.942776e-03 -1.473508e-01 -3.975204e-01 1.950792e+00 8.456143e-02 -2.765852e-01 9.117415e-01 -1.159128e+00
1.818400e+02 -2.053747e-01 -5.387869e-01 5.187665e-01 6.247649e-01 -6.003237e-03 -1.293881e-01 -4.051748e-01 1.957710e+00 8.065451e-02 -2.814930e-01 8.980663e-01 -1.152282e+00
1.819200e+02 -2.216137e-01 -5.264616e-01 5.125521e-01 5.916296e-01 -8.068428e-03 -1.143038e-01 -4.127866e-01 1.971782e+00 7.504594e-02 -2.880857e-01 8.836009e-01 -1.146610e+00
1.820000e+02 -2.374267e-01 -5.145515e-01 5.040808e-01 5.569013e-01 -1.021729e-02 -9.901788e-02 -4.205810e-01 1.980230e+00 6.976907e-02 -2.937217e-01 8.693052e-01 -1.140425e+00
1.820800e+02 -2.528755e-01 -5.021134e-01 4.936837e-01 5.214391e-01 -1.226790e-02 -8.323771e-02 -4.283767e-01 1.987835e+00 6.455877e-02 -2.983987e-01 8.547285e-01 -1.133816e+00
1.821600e+02 -2.682102e-01 -4.894659e-01 4.812027e-01 4.862092e-01 -1.449416e-02 -6.631414e-02 -4.362292e-01 1.995807e+00 5.928361e-02 -3.020697e-01 8.396511e-01 -1.126785e+00
1.822400e+02 -2.831591e-01 -4.764115e-01 4.666162e-01 4.499325e-01 -1.639807e-02 -4.845008e-02 -4.440764e-01 2.004304e+00 5.409532e-02 -3.048574e-01 8.242412e-01 -1.119268e+00
1.823200e+02 -2.976932e-01 -4.626627e-01 4.493225e-01 4.094167e-01 -1.804609e-02 -3.184206e-02 -4.512289e-01 2.012297e+00 4.982760e-02 -3.079478e-01 8.094738e-01 -1.113756e+00
1.824000e+02 -3.112848e-01 -4.474764e-01 4.311393e-01 3.711259e-01 -1.904602e-02 -1.382482e-02 -4.580248e-01 2.021874e+00 4.522452e-02 -3.093877e-01 7.936992e-01 -1.105770e+00
1.824800e+02 -3.245212e-01 -4.328752e-01 4.104230e-01 3.331986e-01 -1.961666e-02 5.000574e-03 -4.645260e-01 2.032247e+00 4.069763e-02 -3.100187e-01 7.776361e-01 -1.097375e+00
1.825600e+02 -3.373872e-01 -4.180022e-01 3.871963e-01 2.964159e-01 -1.960400e-02 2.386459e-02 -4.700771e-01 2.043479e+00 3.644370e-02 -3.096725e-01 7.612706e-01 -1.088237e+00
1.826400e+02 -3.500732e-01 -4.032041e-01 3.614859e-01 2.605499e-01 -1.883390e-02 4.444148e-02 -4.758035e-01 2.055609e+00 3.197048e-02 -3.085200e-01 7.442735e-01 -1.078653e+00
1.827200e+02 -3.626761e-01 -3.883221e-01 3.333082e-01 2.260914e-01 -1.725441e-02 6.649284e-02 -4.815801e-01 2.068616e+00 2.726804e-02 -3.064815e-01 7.266199e-01 -1.068497e+00
1.828000e+02 -3.752955e-01 -3.733902e-01 3.027281e-01 1.933737e-01 -1.483120e-02 9.005465e-02 -4.874368e-01 2.082451e+00 2.229017e-02 -3.036089e-01 7.082528e-01 -1.057810e+00
1.828800e+02 -3.833517e-01 -3.571029e-01 2.704913e-01 1.499156e-01 -9.477991e-03 1.103343e-01 -4.914393e-01 2.094745e+00 1.937055e-02 -3.010735e-01 6.921278e-01 -1.046714e+00
1.829600e+02 -3.924546e-01 -3.418017e-01 2.379900e-01 1.155173e-01 -3.944174e-03 1.340640e-01 -4.951153e-01 2.109671e+00 1.509637e-02 -2.934080e-01 6.749381e-01 -1.036994e+00
1.830400e+02 -4.023832e-01 -3.261955e-01 2.027666e-01 8.498697e-02 1.696621e-03 1.600318e-01 -4.997229e-01 2.125779e+00 1.058310e-02 -2.870483e-01 6.557983e-01 -1.025709e+00
1.831200e+02 -4.132017e-01 -3.102116e-01 1.653196e-01 5.865992e-02 7.696515e-03 1.882784e-01 -5.049957e-01 2.142791e+00 5.413888e-03 -2.802405e-01 6.353902e-01 -1.014068e+00
1.832000e+02 -4.256583e-01 -2.971307e-01 1.251286e-01 3.539188e-02 1.382196e-02 2.181636e-01 -5.109453e-01 2.160134e+00 -2.371984e-04 -2.734507e-01 6.145096e-01 -1.003193e+00
1.832800e+02 -4.385226e-01 -2.761149e-01 8.614816e-02 2.029905e-02 2.113910e-02 2.526565e-01 -5.177309e-01 2.180483e+00 -7.743279e-03 -2.638884e-01 5.902284e-01 -9.885655e-01
1.833600e+02 -4.514926e-01 -2.567971e-01 4.699557e-02 7.731508e-03 2.979590e-02 2.885966e-01 -5.242293e-01 2.201731e+00 -1.528163e-02 -2.512669e-01 5.661396e-01 -9.745991e-01
1.834400e+02 -4.618390e-01 -2.329548e-01 9.176274e-03 -6.731327e-03 3.912637e-02 3.250151e-01 -5.308952e-01 2.223412e+00 -2.232726e-02 -2.392109e-01 5.411051e-01 -9.580879e-01
1.835200e+02 -4.687694e-01 -2.160684e-01 -2.384296e-02 -1.152424e-02 5.022854e-02 3.665103e-01 -5.365850e-01 2.249954e+00 -2.878833e-02 -2.193818e-01 5.149963e-01 -9.273706e-01
1.836000e+02 -4.738023e-01 -1.961519e-01 -5.699064e-02 -2.329212e-02 6.109356e-02 4.057509e-01 -5.425951e-01 2.275034e+00 -3.538956e-02 -2.021538e-01 4.929450e-01 -9.034236e-01
1.836800e+02 -4.814528e-01 -1.761990e-01 -8.813125e-02 -2.453249e-02 7.096160e-02 4.490896e-01 -5.492935e-01 2.302917e+00 -4.381013e-02 -1.799889e-01 4.689549e-01 -8.819985e-01
1.837600e+02 -4.864617e-01 -1.550727e-01 -1.179039e-01 -3.121545e-02 8.033578e-02 4.915700e-01 -5.566594e-01 2.330600e+00 -5.189606e-02 -1.602757e-01 4.443423e-01 -8.591899e-01
1.838400e+02 -4.958705e-01 -1.335647e-01 -1.454435e-01 -2.486923e-02 8.729940e-02 5.392503e-01 -5.664978e-01 2.361280e+00 -6.314584e-02 -1.388656e-01 4.155435e-01 -8.356204e-01
1.839200e+02 -5.076775e-01 -1.107481e-01 -1.722901e-01 -1.208342e-02 9.189693e-02 5.902052e-01 -5.781101e-01 2.391960e+00 -7.502694e-02 -1.161974e-01 3.844335e-01 -8.106193e-01
1.840000e+02 -5.197216e-01 -8.664237e-02 -1.974483e-01 2.556917e-03 9.641519e-02 6.411659e-01 -5.903421e-01 2.424214e+00 -8.809681e-02 -9.244186e-02 3.517482e-01 -7.848031e-01
1.840800e+02 -5.336342e-01 -6.205901e-02 -2.199249e-01 2.172228e-02 9.946507e-02 6.958901e-01 -6.042218e-01 2.458981e+00 -1.031726e-01 -6.693481e-02 3.162141e-01 -7.580616e-01
1.841600e+02 -5.500985e-01 -3.828954e-02 -2.411875e-01 4.057243e-02 1.005984e-01 7.625599e-01 -6.237546e-01 2.496126e+00 -1.220389e-01 -4.018374e-02 2.766987e-01 -7.310580e-01
1.842400e+02 -5.677895e-01 -1.795234e-02 -2.623826e-01 6.106230e-02 9.720139e-02 8.256206e-01 -6.432917e-01 2.529796e+00 -1.394472e-01 -1.054586e-02 2.373328e-01 -7.033849e-01
1.843200e+02 -5.853102e-01 1.390211e-02 -2.792161e-01 8.711206e-02 9.237923e-02 8.903338e-01 -6.630580e-01 2.566376e+00 -1.574909e-01 2.168327e-02 1.947777e-01 -6.694208e-01
1.844000e+02 -6.007651e-01 4.607231e-02 -2.916268e-01 1.125968e-01 8.788965e-02 9.582473e-01 -6.834667e-01 2.608512e+00 -1.779704e-01 5.758581e-02 1.497948e-01 -6.301400e-01
1.844800e+02 -6.145662e-01 7.854017e-02 -3.024172e-01 1.353794e-01 8.119226e-02 1.021974e+00 -7.035744e-01 2.651228e+00 -1.982462e-01 9.364677e-02 1.063800e-01 -5.936471e-01
1.845600e+02 -6.322031e-01 1.203813e-01 -3.070376e-01 1.670003e-01 7.549677e-02 1.093565e+00 -7.260151e-01 2.701788e+00 -2.231602e-01 1.358297e-01 5.562542e-02 -5.535401e-01
1.846400e+02 -6.465331e-01 1.623245e-01 -3.095170e-01 1.989226e-01 6.829988e-02 1.163150e+00 -7.471362e-01 2.753727e+00 -2.466069e-01 1.813551e-01 5.000699e-03 -5.059411e-01
1.847200e+02 -6.616351e-01 2.066482e-01 -3.110486e-01 2.298168e-01 5.944952e-02 1.230683e+00 -7.679233e-01 2.805846e+00 -2.701955e-01 2.280837e-01 -4.575098e-02 -4.621012e-01
1.848000e+02 -6.737712e-01 2.514351e-01 -3.084833e-01 2.595937e-01 5.163383e-02 1.297390e+00 -7.863097e-01 2.861785e+00 -2.944606e-01 2.816310e-01 -9.809144e-02 -4.155036e-01
1.848800e+02 -6.830273e-01 3.010963e-01 -3.049037e-01 2.923901e-01 3.936427e-02 1.366535e+00 -8.051198e-01 2.906813e+00 -3.147131e-01 3.441096e-01 -1.504115e-01 -3.596953e-01
1.849600e+02 -6.898699e-01 3.583059e-01 -2.964317e-01 3.255796e-01 2.868078e-02 1.433365e+00 -8.232660e-01 2.960462e+00 -3.367933e-01 4.067753e-01 -2.053279e-01 -3.024439e-01
1.850400e+02 -6.972724e-01 4.059624e-01 -2.902613e-01 3.622927e-01 1.255240e-02 1.500283e+00 -8.423486e-01 3.007686e+00 -3.567587e-01 4.757479e-01 -2.594168e-01 -2.434621e-01
1.851200e+02 -7.001451e-01 4.463480e-01 -2.842586e-01 3.941247e-01 -3.970161e-03 1.562767e+00 -8.600117e-01 3.049170e+00 -3.745214e-01 5.464854e-01 -3.108673e-01 -1.836003e-01
1.852000e+02 -6.984509e-01 4.888562e-01 -2.743768e-01 4.240653e-01 -1.775445e-02 1.622265e+00 -8.749528e-01 3.099229e+00 -3.940291e-01 6.163747e-01 -3.623853e-01 -1.225744e-01
1.852800e+02 -6.933166e-01 5.320749e-01 -2.629087e-01 4.516828e-01 -3.091226e-02 1.678434e+00 -8.881230e-01 3.154795e+00 -4.134034e-01 6.863621e-01 -4.133288e-01 -5.883913e-02
1.853600e+02 -6.820733e-01 5.708065e-01 -2.493595e-01 4.754370e-01 -4.114677e-02 1.730996e+00 -8.983364e-01 3.217338e+00 -4.330141e-01 7.590309e-01 -4.620667e-01 1.007607e-02
1.854400e+02 -6.677757e-01 5.956860e-01 -2.399086e-01 4.973125e-01 -5.202393e-02 1.773878e+00 -9.064022e-01 3.281242e+00 -4.507872e-01 8.285559e-01 -5.023319e-01 7.196088e-02
1.855200e+02 -6.518637e-01 6.301518e-01 -2.257092e-01 5.172948e-01 -5.827639e-02 1.815136e+00 -9.092736e-01 3.346240e+00 -4.699389e-01 9.065155e-01 -5.458367e-01 1.379496e-01
1.856000e+02 -6.333186e-01 6.699244e-01 -2.148231e-01 5.394616e-01 -7.134874e-02 1.857724e+00 -9.117766e-01 3.389459e+00 -4.808549e-01 9.955403e-01 -5.859686e-01 2.122737e-01
1.856800e+02 -6.130269e-01 7.042919e-01 -2.005831e-01 5.572169e-01 -8.006790e-02 1.897895e+00 -9.129619e-01 3.445664e+00 -4.958823e-01 1.083282e+00 -6.274948e-01 2.838973e-01
1.857600e+02 -5.902677e-01 7.320754e-01 -1.863258e-01 5.708643e-01 -8.522422e-02 1.932947e+00 -9.099737e-01 3.503155e+00 -5.128865e-01 1.165703e+00 -6.666450e-01 3.532000e-01
1.858400e+02 -5.665133e-01 7.504448e-01 -1.751482e-01 5.813546e-01 -9.028122e-02 1.963770e+00 -9.064977e-01 3.563098e+00 -5.292999e-01 1.244354e+00 -7.008236e-01 4.179862e-01
1.859200e+02 -5.410509e-01 7.888120e-01 -1.604855e-01 5.970555e-01 -9.185303e-02 1.990532e+00 -8.993809e-01 3.627400e+00 -5.448275e-01 1.328305e+00 -7.364090e-01 4.924128e-01
1.860000e+02 -5.148978e-01 8.227882e-01 -1.437236e-01 6.052475e-01 -9.173690e-02 2.017824e+00 -8.919516e-01 3.698262e+00 -5.619676e-01 1.414377e+00 -7.722843e-01 5.666947e-01
1.860800e+02 -4.883616e-01 8.611970e-01 -1.247170e-01 6.162324e-01 -8.890073e-02 2.045709e+00 -8.838042e-01 3.775472e+00 -5.806876e-01 1.503321e+00 -8.084144e-01 6.432425e-01
1.861600e+02 -4.610233e-01 8.913209e-01 -1.057174e-01 6.235769e-01 -8.384143e-02 2.070809e+00 -8.712386e-01 3.854195e+00 -5.986656e-01 1.599079e+00 -8.403075e-01 7.172048e-01
1.862400e+02 -4.396107e-01 9.237671e-01 -9.183642e-02 6.319221e-01 -8.554682e-02 2.097566e+00 -8.609281e-01 3.916828e+00 -6.112338e-01 1.695835e+00 -8.696366e-01 7.877833e-01
1.863200e+02 -4.163914e-01 9.552826e-01 -7.763679e-02 6.369129e-01 -8.820900e-02 2.121042e+00 -8.496105e-01 3.975509e+00 -6.240512e-01 1.788185e+00 -8.969114e-01 8.643288e-01
1.864000e+02 -3.953862e-01 9.800232e-01 -6.260440e-02 6.381086e-01 -8.774925e-02 2.140124e+00 -8.361892e-01 4.043525e+00 -6.411362e-01 1.872393e+00 -9.227677e-01 9.327577e-01
1.864800e+02 -3.682688e-01 1.000452e+00 -4.465100e-02 6.365089e-01 -8.399454e-02 2.158522e+00 -8.215885e-01 4.120324e+00 -6.585222e-01 1.958106e+00 -9.447242e-01 1.008145e+00
1.865600e+02 -3.429499e-01 1.023068e+00 -2.689757e-02 6.359393e-01 -8.166358e-02 2.175782e+00 -8.104680e-01 4.201254e+00 -6.775065e-01 2.038310e+00 -9.646285e-01 1.082265e+00
1.866400e+02 -3.163732e-01 1.043571e+00 -8.469011e-03 6.296567e-01 -8.019529e-02 2.187391e+00 -7.961623e-01 4.281605e+00 -6.958448e-01 2.122218e+00 -9.797799e-01 1.152307e+00
1.867200e+02 -2.937912e-01 1.060281e+00 9.257963e-03 6.247939e-01 -7.887926e-02 2.198709e+00 -7.852605e-01 4.363839e+00 -7.179852e-01 2.199568e+00 -9.949663e-01 1.212241e+00
1.868000e+02 -2.732776e-01 1.073229e+00 2.705904e-02 6.175237e-01 -7.699338e-02 2.205933e+00 -7.745312e-01 4.450331e+00 -7.428939e-01 2.271912e+00 -1.009241e+00 1.265485e+00
1.868800e+02 -2.486195e-01 1.082229e+00 4.721673e-02 6.053245e-01 -7.355140e-02 2.211592e+00 -7.631856e-01 4.531843e+00 -7.661728e-01 2.345482e+00 -1.019665e+00 1.325770e+00
1.869600e+02 -2.250467e-01 1.081345e+00 6.294158e-02 5.943701e-01 -7.687625e-02 2.217502e+00 -7.533157e-01 4.593542e+00 -7.835666e-01 2.426483e+00 -1.022163e+00 1.389114e+00
1.870400e+02 -2.054154e-01 1.077123e+00 7.874847e-02 5.823933e-01 -7.935608e-02 2.218794e+00 -7.426361e-01 4.660757e+00 -8.072077e-01 2.493194e+00 -1.022684e+00 1.444779e+00
1.871200e+02 -1.862611e-01 1.073473e+00 8.779548e-02 5.787313e-01 -9.699501e-02 2.229458e+00 -7.336576e-01 4.681472e+00 -8.148186e-01 2.582725e+00 -1.013166e+00 1.514674e+00
1.872000e+02 -1.688730e-01 1.078063e+00 9.630128e-02 5.826162e-01 -1.240632e-01 2.242619e+00 -7.281495e-01 4.681469e+00 -8.171463e-01 2.681975e+00 -9.997188e-01 1.594546e+00
1.872800e+02 -1.529057e-01 1.067376e+00 1.105321e-01 5.810227e-01 -1.427034e-01 2.242747e+00 -7.132732e-01 4.716079e+00 -8.297541e-01 2.767627e+00 -9.845544e-01 1.656651e+00
1.873600e+02 -1.436989e-01 1.050952e+00 1.202357e-01 5.780809e-01 -1.632842e-01 2.236498e+00 -6.971164e-01 4.770533e+00 -8.401920e-01 2.838339e+00 -9.660064e-01 1.705585e+00
1.874400e+02 -1.327412e-01 1.039589e+00 1.325100e-01 5.725282e-01 -1.804739e-01 2.225630e+00 -6.763361e-01 4.836868e+00 -8.501752e-01 2.905354e+00 -9.441789e-01 1.748772e+00
1.875200e+02 -1.243382e-01 1.019172e+00 1.415663e-01 5.637241e-01 -1.988075e-01 2.216918e+00 -6.579037e-01 4.899077e+00 -8.596230e-01 2.968149e+00 -9.180157e-01 1.783856e+00
1.876000e+02 -1.206991e-01 1.021741e+00 1.429738e-01 5.685486e-01 -2.369033e-01 2.224764e+00 -6.442955e-01 4.886197e+00 -8.559634e-01 3.053325e+00 -8.880319e-01 1.826906e+00
1.876800e+02 -1.195975e-01 1.017679e+00 1.504675e-01 5.667281e-01 -2.674362e-01 2.215911e+00 -6.303291e-01 4.903667e+00 -8.656232e-01 3.116260e+00 -8.621474e-01 1.849773e+00
1.877600e+02 -1.282021e-01 1.014232e+00 1.565923e-01 5.648472e-01 -2.948102e-01 2.196565e+00 -6.149648e-01 4.941536e+00 -8.784034e-01 3.159731e+00 -8.403492e-01 1.844069e+00
1.878400e+02 -1.379039e-01 1.013602e+00 1.607722e-01 5.663448e-01 -3.239505e-01 2.178808e+00 -6.038204e-01 4.972077e+00 -8.875151e-01 3.195246e+00 -8.183931e-01 1.832200e+00
1.879200e+02 -1.483691e-01 1.012658e+00 1.675430e-01 5.635370e-01 -3.465317e-01 2.151157e+00 -5.874687e-01 5.005346e+00 -8.957182e-01 3.219320e+00 -7.967785e-01 1.810621e+00
1.880000e+02 -1.559432e-01 9.914569e-01 1.720913e-01 5.551794e-01 -3.638207e-01 2.115545e+00 -5.726447e-01 5.036630e+00 -9.019006e-01 3.232926e+00 -7.709693e-01 1.780499e+00
1.880800e+02 -1.608003e-01 9.794974e-01 1.758495e-01 5.436191e-01 -3.758943e-01 2.075398e+00 -5.609629e-01 5.060925e+00 -9.050402e-01 3.232900e+00 -7.456233e-01 1.762134e+00
1.881600e+02 -1.638601e-01 9.733470e-01 1.860202e-01 5.308321e-01 -3.796679e-01 2.033804e+00 -5.495818e-01 5.079776e+00 -9.086156e-01 3.234619e+00 -7.203007e-01 1.732624e+00
1.882400e+02 -1.670143e-01 9.629129e-01 1.952733e-01 5.181759e-01 -3.817536e-01 1.990197e+00 -5.405582e-01 5.089157e+00 -9.087156e-01 3.231077e+00 -6.942261e-01 1.695446e+00
1.883200e+02 -1.740077e-01 9.622472e-01 2.041822e-01 5.071635e-01 -3.830086e-01 1.946464e+00 -5.358854e-01 5.091886e+00 -9.106961e-01 3.219257e+00 -6.718729e-01 1.644365e+00
1.884000e+02 -1.782553e-01 9.601563e-01 2.190643e-01 4.932363e-01 -3.758045e-01 1.901124e+00 -5.294193e-01 5.104941e+00 -9.107040e-01 3.200860e+00 -6.540806e-01 1.595819e+00
1.884800e+02 -1.806890e-01 9.636829e-01 2.339349e-01 4.767483e-01 -3.695495e-01 1.856182e+00 -5.256322e-01 5.110715e+00 -9.032998e-01 3.185809e+00 -6.365888e-01 1.548048e+00
1.885600e+02 -1.830761e-01 9.672705e-01 2.529736e-01 4.595374e-01 -3.589055e-01 1.809910e+00 -5.199818e-01 5.122279e+00 -8.989207e-01 3.164892e+00 -6.231929e-01 1.496163e+00
1.886400e+02 -1.847578e-01 9.720591e-01 2.722962e-01 4.444579e-01 -3.499156e-01 1.765284e+00 -5.157809e-01 5.128066e+00 -8.875028e-01 3.151073e+00 -6.103987e-01 1.453377e+00
1.887200e+02 -1.854958e-01 9.796677e-01 2.941698e-01 4.302600e-01 -3.414261e-01 1.721900e+00 -5.111349e-01 5.128277e+00 -8.784679e-01 3.141664e+00 -6.016460e-01 1.413373e+00
1.888000e+02 -1.863926e-01 9.834986e-01 3.164654e-01 4.101951e-01 -3.357165e-01 1.680524e+00 -5.078799e-01 5.123411e+00 -8.717832e-01 3.131578e+00 -5.949827e-01 1.369203e+00
1.888800e+02 -1.927064e-01 9.976802e-01 3.378807e-01 3.954783e-01 -3.327053e-01 1.639083e+00 -5.059705e-01 5.114161e+00 -8.677127e-01 3.116624e+00 -5.945402e-01 1.333830e+00
1.889600e+02 -2.004545e-01 1.008625e+00 3.603316e-01 3.806139e-01 -3.306192e-01 1.597395e+00 -5.034405e-01 5.102052e+00 -8.661760e-01 3.105893e+00 -5.955741e-01 1.296563e+00
1.890400e+02 -2.054774e-01 1.023036e+00 3.862470e-01 3.692010e-01 -3.278740e-01 1.557520e+00 -4.999520e-01 5.090550e+00 -8.684492e-01 3.100425e+00 -5.985671e-01 1.273328e+00
1.891200e+02 -2.075271e-01 1.039059e+00 4.163087e-01 3.609131e-01 -3.239780e-01 1.521473e+00 -4.955761e-01 5.081532e+00 -8.750994e-01 3.102107e+00 -6.025088e-01 1.261457e+00
1.892000e+02 -2.132104e-01 1.055876e+00 4.472699e-01 3.546103e-01 -3.210482e-01 1.490573e+00 -4.931973e-01 5.074702e+00 -8.874084e-01 3.105970e+00 -6.077861e-01 1.246360e+00
1.892800e+02 -2.172229e-01 1.074675e+00 4.789321e-01 3.498074e-01 -3.183580e-01 1.460702e+00 -4.906140e-01 5.067071e+00 -9.019691e-01 3.111338e+00 -6.129434e-01 1.234097e+00
1.893600e+02 -2.263520e-01 1.092927e+00 5.108994e-01 3.474454e-01 -3.160983e-01 1.438155e+00 -4.909417e-01 5.062876e+00 -9.209941e-01 3.117010e+00 -6.208272e-01 1.218574e+00
1.894400e+02 -2.381205e-01 1.102414e+00 5.368088e-01 3.508047e-01 -3.164218e-01 1.407136e+00 -4.883081e-01 5.054271e+00 -9.376765e-01 3.119387e+00 -6.238809e-01 1.200832e+00
1.895200e+02 -2.530362e-01 1.123488e+00 5.686573e-01 3.566728e-01 -3.119496e-01 1.389206e+00 -4.891663e-01 5.054136e+00 -9.621527e-01 3.124110e+00 -6.347619e-01 1.183583e+00
1.896000e+02 -2.703708e-01 1.131947e+00 5.964415e-01 3.660529e-01 -3.031186e-01 1.370540e+00 -4.907116e-01 5.072857e+00 -9.929666e-01 3.113658e+00 -6.454737e-01 1.160314e+00
1.896800e+02 -2.884623e-01 1.146674e+00 6.229928e-01 3.795666e-01 -2.974985e-01 1.354029e+00 -4.903721e-01 5.082760e+00 -1.016104e+00 3.122495e+00 -6.547872e-01 1.137376e+00
1.897600e+02 -3.094004e-01 1.161265e+00 6.435391e-01 3.973515e-01 -2.966766e-01 1.343925e+00 -4.936137e-01 5.084101e+00 -1.039197e+00 3.124941e+00 -6.651420e-01 1.117637e+00
1.898400e+02 -3.335440e-01 1.173256e+00 6.597226e-01 4.196052e-01 -2.971630e-01 1.338500e+00 -4.998852e-01 5.085991e+00 -1.065345e+00 3.126173e+00 -6.777135e-01 1.098575e+00
1.899200e+02 -3.568725e-01 1.183046e+00 6.700994e-01 4.379522e-01 -2.998810e-01 1.334783e+00 -5.081684e-01 5.085703e+00 -1.091841e+00 3.125802e+00 -6.898828e-01 1.079936e+00
1.900000e+02 -3.844046e-01 1.190834e+00 6.748443e-01 4.634132e-01 -3.056551e-01 1.335601e+00 -5.190058e-01 5.084532e+00 -1.119538e+00 3.126223e+00 -7.038810e-01 1.062257e+00
1.900800e+02 -4.156100e-01 1.197694e+00 6.734164e-01 4.909702e-01 -3.140332e-01 1.339096e+00 -5.313242e-01 5.081919e+00 -1.147342e+00 3.127960e+00 -7.198632e-01 1.043971e+00
1.901600e+02 -4.538456e-01 1.200981e+00 6.615484e-01 5.162673e-01 -3.273348e-01 1.342097e+00 -5.463252e-01 5.074575e+00 -1.174167e+00 3.125492e+00 -7.358571e-01 1.010645e+00
1.902400e+02 -4.850755e-01 1.201903e+00 6.461536e-01 5.382913e-01 -3.387432e-01 1.343984e+00 -5.607864e-01 5.068481e+00 -1.198210e+00 3.125192e+00 -7.513874e-01 9.870267e-01
1.903200e+02 -5.159423e-01 1.204171e+00 6.236303e-01 5.612039e-01 -3.580459e-01 1.353619e+00 -5.769855e-01 5.039458e+00 -1.214194e+00 3.133751e+00 -7.656603e-01 9.672829e-01
1.904000e+02 -5.471555e-01 1.195962e+00 5.958961e-01 5.820069e-01 -3.782695e-01 1.359522e+00 -5.944320e-01 5.036111e+00 -1.228083e+00 3.139567e+00 -7.797477e-01 9.437837e-01
1.904800e+02 -5.764206e-01 1.197833e+00 5.634822e-01 6.002931e-01 -4.022582e-01 1.363363e+00 -6.165147e-01 5.030930e+00 -1.240521e+00 3.125499e+00 -8.000708e-01 9.395332e-01
1.905600e+02 -6.065542e-01 1.199669e+00 5.227851e-01 6.132325e-01 -4.317380e-01 1.360140e+00 -6.428378e-01 5.016856e+00 -1.246938e+00 3.082537e+00 -8.213976e-01 9.437879e-01
1.906400e+02 -6.327641e-01 1.190294e+00 4.860196e-01 6.133069e-01 -4.517791e-01 1.357656e+00 -6.686289e-01 5.014509e+00 -1.252500e+00 3.031986e+00 -8.406376e-01 9.368980e-01
1.907200e+02 -6.491671e-01 1.178427e+00 4.497991e-01 6.041275e-01 -4.695176e-01 1.348766e+00 -6.903361e-01 5.001440e+00 -1.244155e+00 3.005956e+00 -8.502548e-01 9.240411e-01
1.908000e+02 -6.620373e-01 1.165172e+00 4.134423e-01 5.915701e-01 -4.847394e-01 1.336481e+00 -7.101893e-01 4.978915e+00 -1.236408e+00 2.986463e+00 -8.625465e-01 9.134428e-01
1.908800e+02 -6.791116e-01 1.147277e+00 3.738903e-01 5.743944e-01 -4.991709e-01 1.318610e+00 -7.288164e-01 4.949917e+00 -1.226196e+00 2.966746e+00 -8.728793e-01 8.867585e-01
1.909600e+02 -6.957886e-01 1.131119e+00 3.308445e-01 5.527295e-01 -5.153620e-01 1.296581e+00 -7.520726e-01 4.916972e+00 -1.215923e+00 2.929244e+00 -8.844337e-01 8.655735e-01
1.910400e+02 -6.964272e-01 1.104546e+00 2.991602e-01 5.204899e-01 -5.161328e-01 1.267578e+00 -7.658495e-01 4.909450e+00 -1.205512e+00 2.888910e+00 -8.918639e-01 8.469114e-01
1.911200e+02 -6.916949e-01 1.072310e+00 2.671794e-01 4.854826e-01 -5.161664e-01 1.236080e+00 -7.771723e-01 4.903935e+00 -1.190800e+00 2.862285e+00 -8.919937e-01 8.183538e-01
1.912000e+02 -6.835436e-01 1.046655e+00 2.377175e-01 4.559953e-01 -5.163184e-01 1.200192e+00 -7.841841e-01 4.889514e+00 -1.173368e+00 2.840906e+00 -8.957927e-01 8.076860e-01
1.912800e+02 -6.581723e-01 1.022420e+00 2.148226e-01 4.238827e-01 -5.133669e-01 1.167802e+00 -7.891752e-01 4.872538e+00 -1.156292e+00 2.819067e+00 -8.999997e-01 8.245818e-01
1.913600e+02 -6.333067e-01 9.986410e-01 1.943995e-01 3.902497e-01 -5.106825e-01 1.133322e+00 -7.897794e-01 4.850640e+00 -1.137810e+00 2.799289e+00 -9.038153e-01 8.410528e-01
1.914400e+02 -6.046752e-01 9.724876e-01 1.779839e-01 3.549767e-01 -5.067181e-01 1.095818e+00 -7.859242e-01 4.831584e+00 -1.119339e+00 2.781007e+00 -9.045661e-01 8.578638e-01
1.915200e+02 -5.711360e-01 9.457462e-01 1.662192e-01 3.193685e-01 -5.013438e-01 1.056018e+00 -7.785264e-01 4.814785e+00 -1.101964e+00 2.764064e+00 -9.025585e-01 8.774893e-01
1.916000e+02 -5.287110e-01 9.056071e-01 1.611889e-01 2.788018e-01 -4.906025e-01 1.012211e+00 -7.620580e-01 4.801286e+00 -1.082122e+00 2.762680e+00 -8.929481e-01 8.955861e-01
1.916800e+02 -4.784662e-01 8.734590e-01 1.581906e-01 2.445021e-01 -4.833244e-01 9.690486e-01 -7.527635e-01 4.793191e+00 -1.071916e+00 2.745836e+00 -8.857335e-01 9.398192e-01
1.917600e+02 -4.252551e-01 8.421872e-01 1.598460e-01 2.087317e-01 -4.742756e-01 9.222839e-01 -7.396855e-01 4.781237e+00 -1.065652e+00 2.734337e+00 -8.753634e-01 9.789175e-01
1.918400e+02 -3.712046e-01 7.942020e-01 1.611497e-01 1.718211e-01 -4.669567e-01 8.736590e-01 -7.275936e-01 4.766924e+00 -1.061810e+00 2.718675e+00 -8.582301e-01 1.010162e+00
1.919200e+02 -3.113666e-01 7.528263e-01 1.732694e-01 1.351994e-01 -4.529467e-01 8.304441e-01 -7.106530e-01 4.758426e+00 -1.061299e+00 2.719387e+00 -8.388641e-01 1.037027e+00
1.920000e+02 -2.435627e-01 7.024061e-01 1.901986e-01 9.902000e-02 -4.333577e-01 7.765278e-01 -6.813518e-01 4.749165e+00 -1.058101e+00 2.742180e+00 -8.084335e-01 1.052651e+00
1.920800e+02 -1.742688e-01 6.685937e-01 2.067901e-01 7.268673e-02 -4.160669e-01 7.145747e-01 -6.531784e-01 4.740910e+00 -1.064407e+00 2.754983e+00 -7.811455e-01 1.077841e+00
1.921600e+02 -1.047554e-01 6.263801e-01 2.244059e-01 4.565003e-02 -3.990121e-01 6.563819e-01 -6.292027e-01 4.727953e+00 -1.075222e+00 2.756559e+00 -7.529588e-01 1.102913e+00
1.922400e+02 -4.095199e-02 5.801354e-01 2.382541e-01 1.813667e-02 -3.872328e-01 5.950034e-01 -6.089531e-01 4.703131e+00 -1.089754e+00 2.745433e+00 -7.213553e-01 1.110898e+00
1.923200e+02 1.903479e-02 5.447214e-01 2.545456e-01 -5.286595e-03 -3.743243e-01 5.338135e-01 -5.904202e-01 4.675463e+00 -1.109538e+00 2.732360e+00 -6.897779e-01 1.111183e+00
1.924000e+02 8.355048e-02 5.161289e-01 2.783838e-01 -2.422055e-02 -3.578760e-01 4.724344e-01 -5.654340e-01 4.642589e+00 -1.129098e+00 2.733121e+00 -6.565564e-01 1.116805e+00
1.924800e+02 1.458723e-01 4.701519e-01 2.977217e-01 -4.494288e-02 -3.444182e-01 4.088993e-01 -5.441049e-01 4.605332e+00 -1.149769e+00 2.721640e+00 -6.188868e-01 1.120943e+00
1.925600e+02 2.053017e-01 4.201287e-01 3.138844e-01 -6.452655e-02 -3.330042e-01 3.446397e-01 -5.248357e-01 4.561079e+00 -1.172727e+00 2.707601e+00 -5.768423e-01 1.124817e+00
1.926400e+02 2.635871e-01 3.798608e-01 3.336277e-01 -8.069316e-02 -3.211940e-01 2.847505e-01 -5.086308e-01 4.513650e+00 -1.200118e+00 2.696432e+00 -5.356703e-01 1.132162e+00
1.927200e+02 3.187739e-01 3.471086e-01 3.533508e-01 -9.238636e-02 -3.112681e-01 2.258805e-01 -4.951245e-01 4.460188e+00 -1.230500e+00 2.686032e+00 -4.944625e-01 1.137336e+00
1.928000e+02 3.760470e-01 3.034872e-01 3.753096e-01 -1.049676e-01 -2.988748e-01 1.680448e-01 -4.745632e-01 4.400583e+00 -1.256920e+00 2.701273e+00 -4.458171e-01 1.131978e+00
1.928800e+02 4.276017e-01 2.714043e-01 3.962617e-01 -1.128387e-01 -2.887735e-01 1.136789e-01 -4.603645e-01 4.342615e+00 -1.282047e+00 2.700202e+00 -4.034031e-01 1.132777e+00
1.929600e+02 4.771377e-01 2.422667e-01 4.188151e-01 -1.177782e-01 -2.777480e-01 6.275560e-02 -4.464987e-01 4.282891e+00 -1.302850e+00 2.700559e+00 -3.613745e-01 1.134240e+00
1.930400e+02 5.233714e-01 2.153317e-01 4.411428e-01 -1.194668e-01 -2.670716e-01 1.489265e-02 -4.342032e-01 4.222336e+00 -1.319990e+00 2.699011e+00 -3.198061e-01 1.133597e+00
1.931200e+02 5.659570e-01 1.913977e-01 4.624113e-01 -1.169675e-01 -2.571855e-01 -3.010572e-02 -4.242172e-01 4.161449e+00 -1.333856e+00 2.693369e+00 -2.794988e-01 1.130293e+00
1.932000e+02 6.034894e-01 1.679808e-01 4.826432e-01 -1.124173e-01 -2.471864e-01 -7.352851e-02 -4.155546e-01 4.105448e+00 -1.344224e+00 2.679351e+00 -2.409785e-01 1.120982e+00
1.932800e+02 6.358937e-01 1.459947e-01 5.001524e-01 -1.050097e-01 -2.393282e-01 -1.120685e-01 -4.108989e-01 4.049648e+00 -1.347784e+00 2.660769e+00 -2.036495e-01 1.107889e+00
1.933600e+02 6.634514e-01 1.300663e-01 5.163269e-01 -9.295333e-02 -2.328196e-01 -1.454496e-01 -4.083501e-01 3.994839e+00 -1.345208e+00 2.638437e+00 -1.688232e-01 1.091588e+00
1.934400e+02 6.860154e-01 1.115173e-01 5.294712e-01 -7.935948e-02 -2.280215e-01 -1.753814e-01 -4.069328e-01 3.941580e+00 -1.335659e+00 2.610868e+00 -1.346353e-01 1.070306e+00
1.935200e+02 7.056329e-01 8.696779e-02 5.430046e-01 -6.882327e-02 -2.175830e-01 -2.066870e-01 -4.055370e-01 3.915934e+00 -1.326406e+00 2.565641e+00 -1.028855e-01 1.037625e+00
1.936000e+02 7.212783e-01 7.681959e-02 5.520125e-01 -4.991314e-02 -2.147906e-01 -2.278487e-01 -4.078285e-01 3.879431e+00 -1.303588e+00 2.529625e+00 -7.159745e-02 1.010583e+00
1.936800e+02 7.309953e-01 5.914033e-02 5.573578e-01 -3.291009e-02 -2.114964e-01 -2.495909e-01 -4.081303e-01 3.858088e+00 -1.282244e+00 2.480696e+00 -4.256019e-02 9.638203e-01
1.937600e+02 7.392243e-01 4.270694e-02 5.595301e-01 -1.308545e-02 -2.110982e-01 -2.667906e-01 -4.094793e-01 3.837244e+00 -1.251471e+00 2.434833e+00 -1.332617e-02 9.208463e-01
1.938400e+02 7.451056e-01 1.453960e-02 5.559677e-01 5.019441e-03 -2.138338e-01 -2.832537e-01 -4.090428e-01 3.810858e+00 -1.215612e+00 2.387698e+00 1.918993e-02 8.713865e-01
1.939200e+02 7.492853e-01 -1.918677e-02 5.488758e-01 2.297844e-02 -2.179106e-01 -2.977831e-01 -4.086446e-01 3.784534e+00 -1.175256e+00 2.337351e+00 5.342242e-02 8.232485e-01
1.940000e+02 7.530982e-01 -6.653090e-02 5.415620e-01 3.001337e-02 -2.132510e-01 -3.206963e-01 -4.046772e-01 3.787975e+00 -1.142555e+00 2.275373e+00 8.784469e-02 7.588443e-01
1.940800e+02 7.592794e-01 -1.021355e-01 5.362073e-01 4.210174e-02 -2.089930e-01 -3.362556e-01 -3.965884e-01 3.780072e+00 -1.101854e+00 2.237980e+00 1.254734e-01 6.978316e-01
1.941600e+02 7.621608e-01 -1.308287e-01 5.290005e-01 5.532344e-02 -2.068132e-01 -3.498040e-01 -3.904368e-01 3.765268e+00 -1.064544e+00 2.196300e+00 1.579757e-01 6.382453e-01
1.942400e+02 7.623331e-01 -1.569182e-01 5.187274e-01 6.955261e-02 -2.063843e-01 -3.621555e-01 -3.861211e-01 3.745778e+00 -1.028196e+00 2.150710e+00 1.886644e-01 5.766057e-01
1.943200e+02 7.622765e-01 -1.870998e-01 5.118361e-01 7.820195e-02 -1.972732e-01 -3.785466e-01 -3.812853e-01 3.752074e+00 -9.999107e-01 2.093053e+00 2.152181e-01 5.095595e-01
1.944000e+02 7.611104e-01 -2.110035e-01 5.028860e-01 9.011521e-02 -1.916209e-01 -3.903558e-01 -3.778806e-01 3.746739e+00 -9.667010e-01 2.051006e+00 2.432954e-01 4.450601e-01
1.944800e+02 7.570378e-01 -2.292800e-01 4.917231e-01 1.044389e-01 -1.894394e-01 -3.985217e-01 -3.762232e-01 3.725920e+00 -9.343363e-01 2.007691e+00 2.680116e-01 3.870403e-01
1.945600e+02 7.508794e-01 -2.455252e-01 4.805216e-01 1.178648e-01 -1.874708e-01 -4.054803e-01 -3.750145e-01 3.704797e+00 -9.038945e-01 1.966156e+00 2.905965e-01 3.270669e-01
1.946400e+02 7.445563e-01 -2.587955e-01 4.700720e-01 1.321724e-01 -1.857649e-01 -4.108311e-01 -3.739641e-01 3.681216e+00 -8.742197e-01 1.926626e+00 3.116946e-01 2.719594e-01
1.947200e+02 7.384121e-01 -2.711712e-01 4.614572e-01 1.452403e-01 -1.829988e-01 -4.151339e-01 -3.708589e-01 3.656886e+00 -8.447874e-01 1.896259e+00 3.338815e-01 2.144705e-01
1.948000e+02 7.291678e-01 -2.802645e-01 4.518619e-01 1.589850e-01 -1.820820e-01 -4.178174e-01 -3.698061e-01 3.631680e+00 -8.166679e-01 1.864217e+00 3.529817e-01 1.583683e-01
1.948800e+02 7.179526e-01 -2.852306e-01 4.421195e-01 1.749876e-01 -1.837769e-01 -4.216613e-01 -3.718145e-01 3.606125e+00 -7.910265e-01 1.826312e+00 3.700592e-01 1.103260e-01
1.949600e+02 7.058483e-01 -2.899847e-01 4.326870e-01 1.849947e-01 -1.845936e-01 -4.267530e-01 -3.715078e-01 3.576529e+00 -7.665718e-01 1.792899e+00 3.876207e-01 5.939280e-02
1.950400e+02 6.931038e-01 -2.937578e-01 4.237821e-01 1.979896e-01 -1.876777e-01 -4.291215e-01 -3.706838e-01 3.543062e+00 -7.411474e-01 1.762592e+00 4.045177e-01 1.186779e-02
1.951200e+02 6.815256e-01 -2.993452e-01 4.173967e-01 2.092258e-01 -1.889561e-01 -4.313667e-01 -3.661401e-01 3.515734e+00 -7.154657e-01 1.740675e+00 4.224819e-01 -3.703372e-02
1.952000e+02 6.682568e-01 -2.926670e-01 4.142396e-01 2.251218e-01 -1.897620e-01 -4.306314e-01 -3.617781e-01 3.492248e+00 -6.920153e-01 1.720383e+00 4.343074e-01 -7.664286e-02
1.952800e+02 6.544304e-01 -2.858200e-01 4.106367e-01 2.405334e-01 -1.913676e-01 -4.298857e-01 -3.578446e-01 3.467950e+00 -6.694353e-01 1.698712e+00 4.455957e-01 -1.172423e-01
1.953600e+02 6.395100e-01 -2.701335e-01 4.072347e-01 2.587843e-01 -1.970681e-01 -4.247636e-01 -3.543637e-01 3.427566e+00 -6.424106e-01 1.688004e+00 4.554852e-01 -1.468033e-01
1.954400e+02 6.243803e-01 -2.651317e-01 4.049077e-01 2.729093e-01 -1.996546e-01 -4.222031e-01 -3.475037e-01 3.392049e+00 -6.195338e-01 1.669375e+00 4.663234e-01 -1.828213e-01
1.955200e+02 6.090882e-01 -2.618587e-01 4.018243e-01 2.865360e-01 -2.032771e-01 -4.195694e-01 -3.423648e-01 3.357734e+00 -5.949985e-01 1.651727e+00 4.779769e-01 -2.165321e-01
1.956000e+02 5.926458e-01 -2.614201e-01 3.990112e-01 3.022900e-01 -2.058838e-01 -4.164332e-01 -3.370840e-01 3.327259e+00 -5.723597e-01 1.631468e+00 4.891623e-01 -2.501745e-01
1.956800e+02 5.776370e-01 -2.674117e-01 3.979066e-01 3.106846e-01 -2.021555e-01 -4.194292e-01 -3.316978e-01 3.317490e+00 -5.549476e-01 1.603331e+00 4.992364e-01 -2.879666e-01
1.957600e+02 5.629502e-01 -2.733435e-01 3.954614e-01 3.184119e-01 -1.994314e-01 -4.222664e-01 -3.264735e-01 3.289133e+00 -5.360468e-01 1.576077e+00 5.103808e-01 -3.235954e-01
1.958400e+02 5.488337e-01 -2.805637e-01 3.928985e-01 3.247617e-01 -1.962846e-01 -4.255742e-01 -3.231622e-01 3.258043e+00 -5.176908e-01 1.549095e+00 5.219056e-01 -3.580201e-01
1.959200e+02 5.352672e-01 -2.885953e-01 3.901191e-01 3.302931e-01 -1.932789e-01 -4.288067e-01 -3.212436e-01 3.225769e+00 -4.994335e-01 1.522906e+00 5.338545e-01 -3.908480e-01
1.960000e+02 5.219631e-01 -2.977985e-01 3.870421e-01 3.342316e-01 -1.907100e-01 -4.289103e-01 -3.216774e-01 3.193684e+00 -4.818389e-01 1.497344e+00 5.457323e-01 -4.225658e-01
1.960800e+02 5.093635e-01 -3.070502e-01 3.837882e-01 3.382108e-01 -1.889864e-01 -4.307265e-01 -3.211359e-01 3.162687e+00 -4.636235e-01 1.472735e+00 5.583009e-01 -4.523888e-01
1.961600e+02 4.964281e-01 -3.202948e-01 3.792296e-01 3.428352e-01 -1.882298e-01 -4.321177e-01 -3.202227e-01 3.133168e+00 -4.451368e-01 1.448762e+00 5.715946e-01 -4.812418e-01
1.962400e+02 4.846346e-01 -3.313288e-01 3.747857e-01 3.468779e-01 -1.875408e-01 -4.330244e-01 -3.186114e-01 3.105314e+00 -4.266255e-01 1.425683e+00 5.848101e-01 -5.083850e-01
1.963200e+02 4.727885e-01 -3.471908e-01 3.726746e-01 3.480942e-01 -1.812907e-01 -4.384116e-01 -3.161725e-01 3.099902e+00 -4.141774e-01 1.395331e+00 5.957724e-01 -5.395408e-01
1.964000e+02 4.614491e-01 -3.611144e-01 3.687314e-01 3.482324e-01 -1.769307e-01 -4.432287e-01 -3.126814e-01 3.079965e+00 -3.999079e-01 1.367656e+00 6.073563e-01 -5.675344e-01
1.964800e+02 4.521106e-01 -3.780242e-01 3.677275e-01 3.398399e-01 -1.657709e-01 -4.525106e-01 -3.097975e-01 3.079880e+00 -3.930403e-01 1.331050e+00 6.164364e-01 -6.004412e-01
1.965600e+02 4.421936e-01 -3.964418e-01 3.662658e-01 3.295730e-01 -1.539900e-01 -4.646736e-01 -3.070628e-01 3.077532e+00 -3.880433e-01 1.290472e+00 6.254216e-01 -6.330075e-01
1.966400e+02 4.313748e-01 -4.187127e-01 3.603554e-01 3.183165e-01 -1.469502e-01 -4.767334e-01 -3.088363e-01 3.062127e+00 -3.798242e-01 1.255524e+00 6.365666e-01 -6.645845e-01
1.967200e+02 4.215191e-01 -4.385188e-01 3.548250e-01 3.052359e-01 -1.398889e-01 -4.881727e-01 -3.111646e-01 3.042766e+00 -3.728881e-01 1.222116e+00 6.465818e-01 -6.930144e-01
1.968000e+02 4.135828e-01 -4.578113e-01 3.474016e-01 2.884324e-01 -1.356048e-01 -4.994640e-01 -3.149576e-01 3.017424e+00 -3.640086e-01 1.191749e+00 6.580187e-01 -7.194656e-01
1.968800e+02 4.047498e-01 -4.744795e-01 3.393926e-01 2.728615e-01 -1.329857e-01 -5.088007e-01 -3.190719e-01 2.990185e+00 -3.545746e-01 1.164875e+00 6.686959e-01 -7.426881e-01
1.969600e+02 3.960612e-01 -4.894958e-01 3.305913e-01 2.569213e-01 -1.318861e-01 -5.166797e-01 -3.228406e-01 2.962821e+00 -3.444051e-01 1.140404e+00 6.792457e-01 -7.637434e-01
1.970400e+02 3.876100e-01 -5.032130e-01 3.209412e-01 2.405153e-01 -1.320613e-01 -5.234000e-01 -3.258876e-01 2.936484e+00 -3.335238e-01 1.117762e+00 6.897620e-01 -7.830796e-01
1.971200e+02 3.794620e-01 -5.158497e-01 3.104352e-01 2.235786e-01 -1.332373e-01 -5.293296e-01 -3.280048e-01 2.911575e+00 -3.220147e-01 1.096522e+00 7.002748e-01 -8.010160e-01
1.972000e+02 3.716587e-01 -5.275818e-01 2.990850e-01 2.060536e-01 -1.351661e-01 -5.348434e-01 -3.291431e-01 2.888061e+00 -3.099973e-01 1.076338e+00 7.107845e-01 -8.178166e-01
1.972800e+02 3.641904e-01 -5.386147e-01 2.869578e-01 1.878149e-01 -1.376470e-01 -5.401165e-01 -3.294008e-01 2.865775e+00 -2.976351e-01 1.056927e+00 7.212404e-01 -8.337302e-01
1.973600e+02 3.556665e-01 -5.605047e-01 2.695659e-01 1.644836e-01 -1.420859e-01 -5.431691e-01 -3.304730e-01 2.842973e+00 -2.852742e-01 1.035426e+00 7.335754e-01 -8.540810e-01
1.974400e+02 3.485828e-01 -5.772444e-01 2.533185e-01 1.424150e-01 -1.460897e-01 -5.482961e-01 -3.300714e-01 2.820935e+00 -2.721887e-01 1.014812e+00 7.455594e-01 -8.703786e-01
1.975200e+02 3.421450e-01 -5.916537e-01 2.371497e-01 1.202198e-01 -1.498530e-01 -5.539768e-01 -3.289042e-01 2.799763e+00 -2.590563e-01 9.947825e-01 7.571462e-01 -8.855532e-01
1.976000e+02 3.360929e-01 -6.046749e-01 2.206566e-01 9.799168e-02 -1.535699e-01 -5.600924e-01 -3.271663e-01 2.779115e+00 -2.458262e-01 9.750333e-01 7.685637e-01 -9.000937e-01
1.976800e+02 3.296373e-01 -6.172561e-01 2.027658e-01 7.400285e-02 -1.572866e-01 -5.633244e-01 -3.258601e-01 2.759506e+00 -2.332832e-01 9.555858e-01 7.791313e-01 -9.143765e-01
1.977600e+02 3.225874e-01 -6.267011e-01 1.836022e-01 5.233010e-02 -1.629582e-01 -5.673496e-01 -3.282195e-01 2.739682e+00 -2.206463e-01 9.275952e-01 7.893043e-01 -9.248933e-01
1.978400e+02 3.161691e-01 -6.361781e-01 1.651916e-01 3.150547e-02 -1.672816e-01 -5.719467e-01 -3.280841e-01 2.718130e+00 -2.087316e-01 9.066164e-01 7.999222e-01 -9.364523e-01
1.979200e+02 3.096942e-01 -6.554262e-01 1.438296e-01 9.198482e-03 -1.723321e-01 -5.788397e-01 -3.275603e-01 2.694381e+00 -1.957366e-01 8.834220e-01 8.133926e-01 -9.525617e-01
1.980000e+02 3.032381e-01 -6.691256e-01 1.222353e-01 -1.161554e-02 -1.773212e-01 -5.857935e-01 -3.274845e-01 2.669837e+00 -1.823535e-01 8.570988e-01 8.269136e-01 -9.650664e-01
1.980800e+02 2.975934e-01 -6.786648e-01 1.028499e-01 -3.076544e-02 -1.800246e-01 -5.916218e-01 -3.260392e-01 2.646973e+00 -1.695247e-01 8.345841e-01 8.384060e-01 -9.766354e-01
1.981600e+02 2.921986e-01 -6.887035e-01 8.351884e-02 -4.931523e-02 -1.818428e-01 -5.978060e-01 -3.237718e-01 2.623988e+00 -1.562370e-01 8.123579e-01 8.501550e-01 -9.883796e-01
1.982400e+02 2.909992e-01 -6.966532e-01 6.524724e-02 -7.664184e-02 -1.810541e-01 -6.085658e-01 -3.191336e-01 2.599095e+00 -1.406876e-01 7.893872e-01 8.643346e-01 -1.000125e+00
1.983200e+02 2.885969e-01 -7.039756e-01 4.824983e-02 -9.761814e-02 -1.806424e-01 -6.180673e-01 -3.145964e-01 2.575306e+00 -1.260210e-01 7.671493e-01 8.772491e-01 -1.011918e+00
1.984000e+02 2.862559e-01 -7.104261e-01 3.165862e-02 -1.165703e-01 -1.795404e-01 -6.272997e-01 -3.096372e-01 2.551659e+00 -1.114105e-01 7.450959e-01 8.898539e-01 -1.023541e+00
1.984800e+02 2.852340e-01 -7.152673e-01 1.586690e-02 -1.375429e-01 -1.763621e-01 -6.385507e-01 -3.034271e-01 2.527301e+00 -9.590781e-02 7.228346e-01 9.031959e-01 -1.034767e+00
1.985600e+02 2.840013e-01 -7.195839e-01 1.043556e-03 -1.547561e-01 -1.732196e-01 -6.490905e-01 -2.971715e-01 2.503368e+00 -8.078808e-02 7.007914e-01 9.159488e-01 -1.045850e+00
1.986400e+02 2.817776e-01 -7.216277e-01 -1.431755e-02 -1.685299e-01 -1.716548e-01 -6.585758e-01 -2.946493e-01 2.479499e+00 -6.601027e-02 6.715563e-01 9.279815e-01 -1.053896e+00
1.987200e+02 2.797248e-01 -7.238960e-01 -2.809108e-02 -1.806788e-01 -1.687098e-01 -6.676397e-01 -2.898616e-01 2.454035e+00 -5.186496e-02 6.485702e-01 9.401415e-01 -1.062983e+00
1.988000e+02 2.775050e-01 -7.257417e-01 -4.080090e-02 -1.910177e-01 -1.650466e-01 -6.762072e-01 -2.845939e-01 2.428782e+00 -3.768656e-02 6.258185e-01 9.520581e-01 -1.071960e+00
1.988800e+02 2.750617e-01 -7.271351e-01 -5.248016e-02 -1.996887e-01 -1.607621e-01 -6.842601e-01 -2.789941e-01 2.403786e+00 -2.349717e-02 6.031453e-01 9.636916e-01 -1.080739e+00
1.989600e+02 2.723654e-01 -7.280957e-01 -6.312219e-02 -2.068817e-01 -1.559249e-01 -6.917987e-01 -2.731459e-01 2.379046e+00 -9.344948e-03 5.804765e-01 9.750190e-01 -1.089270e+00
1.990400e+02 2.688462e-01 -7.270124e-01 -7.306990e-02 -2.152043e-01 -1.505912e-01 -7.040624e-01 -2.665862e-01 2.352038e+00 5.859145e-03 5.541537e-01 9.870462e-01 -1.101203e+00
1.991200e+02 2.645892e-01 -7.253376e-01 -8.271308e-02 -2.220382e-01 -1.456986e-01 -7.144896e-01 -2.602618e-01 2.325207e+00 2.075483e-02 5.280421e-01 9.979961e-01 -1.113041e+00
1.992000e+02 2.597075e-01 -7.230328e-01 -9.182135e-02 -2.281839e-01 -1.408141e-01 -7.240967e-01 -2.540068e-01 2.298247e+00 3.563943e-02 5.015192e-01 1.008726e+00 -1.125394e+00
1.992800e+02 2.555691e-01 -7.219359e-01 -9.898987e-02 -2.339086e-01 -1.350437e-01 -7.326439e-01 -2.475438e-01 2.272097e+00 4.990935e-02 4.756844e-01 1.019247e+00 -1.135433e+00
1.993600e+02 2.520983e-01 -7.234785e-01 -1.032981e-01 -2.414196e-01 -1.253565e-01 -7.429474e-01 -2.403850e-01 2.257862e+00 6.069232e-02 4.439907e-01 1.028912e+00 -1.147760e+00
1.994400e+02 2.479645e-01 -7.226761e-01 -1.081149e-01 -2.471492e-01 -1.177442e-01 -7.519982e-01 -2.348623e-01 2.239180e+00 7.291271e-02 4.142687e-01 1.038295e+00 -1.156158e+00
1.995200e+02 2.411085e-01 -7.208653e-01 -1.136280e-01 -2.524209e-01 -1.115584e-01 -7.609825e-01 -2.302104e-01 2.216763e+00 8.444275e-02 3.837864e-01 1.047615e+00 -1.170610e+00
1.996000e+02 2.347799e-01 -7.188374e-01 -1.177642e-01 -2.574155e-01 -1.050388e-01 -7.691928e-01 -2.251651e-01 2.192857e+00 9.652454e-02 3.541838e-01 1.055773e+00 -1.181516e+00
1.996800e+02 2.286393e-01 -7.165694e-01 -1.207958e-01 -2.622256e-01 -9.837399e-02 -7.768276e-01 -2.199214e-01 2.168162e+00 1.087928e-01 3.249844e-01 1.063741e+00 -1.190948e+00
1.997600e+02 2.231193e-01 -7.169035e-01 -1.211643e-01 -2.694816e-01 -8.804181e-02 -7.869448e-01 -2.140193e-01 2.155767e+00 1.177316e-01 2.903071e-01 1.070816e+00 -1.202618e+00
1.998400e+02 2.172850e-01 -7.157244e-01 -1.218726e-01 -2.762450e-01 -7.886572e-02 -7.948968e-01 -2.085478e-01 2.138108e+00 1.274313e-01 2.586741e-01 1.077825e+00 -1.211526e+00
1.999200e+02 2.125509e-01 -7.133334e-01 -1.213701e-01 -2.823236e-01 -6.985091e-02 -8.028077e-01 -2.024081e-01 2.118410e+00 1.376815e-01 2.292045e-01 1.085022e+00 -1.217719e+00
2.000000e+02 2.089875e-01 -7.105385e-01 -1.200158e-01 -2.933539e-01 -5.953673e-02 -8.127330e-01 -1.956630e-01 2.096470e+00 1.488135e-01 1.996359e-01 1.093927e+00 -1.223596e+00
2.000800e+02 2.045044e-01 -7.062013e-01 -1.181942e-01 -3.013969e-01 -5.140410e-02 -8.214117e-01 -1.913733e-01 2.073740e+00 1.593007e-01 1.664649e-01 1.101690e+00 -1.227005e+00
2.001600e+02 2.009099e-01 -7.016460e-01 -1.140423e-01 -3.073990e-01 -4.263864e-02 -8.338369e-01 -1.854312e-01 2.050918e+00 1.698888e-01 1.358790e-01 1.110288e+00 -1.230710e+00
2.002400e+02 1.971690e-01 -6.967973e-01 -1.099659e-01 -3.133505e-01 -3.467026e-02 -8.435268e-01 -1.797606e-01 2.026325e+00 1.806346e-01 1.063892e-01 1.118688e+00 -1.233823e+00
2.003200e+02 1.936069e-01 -6.873948e-01 -1.033749e-01 -3.187183e-01 -2.472996e-02 -8.515029e-01 -1.738619e-01 2.008868e+00 1.890259e-01 7.552830e-02 1.125019e+00 -1.236620e+00
2.004000e+02 1.863865e-01 -6.760074e-01 -1.008863e-01 -3.213896e-01 -2.114620e-02 -8.556220e-01 -1.700773e-01 1.975669e+00 2.007139e-01 4.815394e-02 1.132389e+00 -1.243549e+00
2.004800e+02 1.796777e-01 -6.612266e-01 -9.589921e-02 -3.235257e-01 -1.606057e-02 -8.584210e-01 -1.665836e-01 1.952948e+00 2.118943e-01 2.081324e-02 1.136876e+00 -1.247182e+00
2.005600e+02 1.754306e-01 -6.505532e-01 -8.966617e-02 -3.262979e-01 -1.034674e-02 -8.601325e-01 -1.618692e-01 1.931390e+00 2.238236e-01 -4.813438e-03 1.141790e+00 -1.245109e+00
2.006400e+02 1.703323e-01 -6.421826e-01 -8.317915e-02 -3.310387e-01 -3.041484e-03 -8.636572e-01 -1.578384e-01 1.919576e+00 2.329918e-01 -3.933385e-02 1.146472e+00 -1.247334e+00
2.007200e+02 1.652086e-01 -6.336981e-01 -7.724060e-02 -3.356788e-01 3.347519e-03 -8.664937e-01 -1.530341e-01 1.903917e+00 2.430382e-01 -6.919075e-02 1.151662e+00 -1.248972e+00
2.008000e+02 1.603840e-01 -6.253432e-01 -7.139466e-02 -3.410250e-01 9.388339e-03 -8.691692e-01 -1.478865e-01 1.886596e+00 2.534030e-01 -9.826542e-02 1.157149e+00 -1.250461e+00
2.008800e+02 1.558582e-01 -6.159515e-01 -6.611774e-02 -3.445743e-01 1.346094e-02 -8.686841e-01 -1.423498e-01 1.860723e+00 2.657518e-01 -1.248996e-01 1.163418e+00 -1.250288e+00
2.009600e+02 1.516776e-01 -6.076910e-01 -6.031520e-02 -3.489594e-01 1.819811e-02 -8.688413e-01 -1.360548e-01 1.842485e+00 2.773918e-01 -1.523294e-01 1.169465e+00 -1.250843e+00
2.010400e+02 1.475212e-01 -5.953079e-01 -5.244935e-02 -3.540240e-01 2.419185e-02 -8.648506e-01 -1.309285e-01 1.827247e+00 2.866224e-01 -1.797911e-01 1.173035e+00 -1.251057e+00
2.011200e+02 1.438447e-01 -5.881983e-01 -4.421468e-02 -3.613753e-01 3.224743e-02 -8.658299e-01 -1.246226e-01 1.820679e+00 2.937508e-01 -2.123570e-01 1.177023e+00 -1.254375e+00
2.012000e+02 1.368554e-01 -5.797242e-01 -3.901203e-02 -3.685510e-01 3.770720e-02 -8.673871e-01 -1.200564e-01 1.808823e+00 2.996316e-01 -2.461062e-01 1.179986e+00 -1.265090e+00
2.012800e+02 1.305327e-01 -5.715512e-01 -3.365218e-02 -3.759106e-01 4.333421e-02 -8.683943e-01 -1.154423e-01 1.794567e+00 3.063341e-01 -2.780967e-01 1.182007e+00 -1.272052e+00
2.013600e+02 1.244837e-01 -5.635265e-01 -2.835091e-02 -3.833640e-01 4.888722e-02 -8.689548e-01 -1.110230e-01 1.778615e+00 3.132787e-01 -3.094043e-01 1.183713e+00 -1.278029e+00
2.014400e+02 1.187374e-01 -5.547247e-01 -2.284424e-02 -3.905346e-01 5.443353e-02 -8.687938e-01 -1.067792e-01 1.761666e+00 3.202567e-01 -3.400093e-01 1.185006e+00 -1.283060e+00
2.015200e+02 1.133120e-01 -5.466581e-01 -1.745537e-02 -3.977559e-01 5.984490e-02 -8.681132e-01 -1.026781e-01 1.743853e+00 3.273785e-01 -3.702474e-01 1.186348e+00 -1.287571e+00
2.016000e+02 1.083006e-01 -5.386828e-01 -1.203656e-02 -4.047576e-01 6.519242e-02 -8.667148e-01 -9.868409e-02 1.725633e+00 3.345558e-01 -3.999908e-01 1.187692e+00 -1.291335e+00
2.016800e+02 1.016879e-01 -5.321681e-01 -7.031197e-03 -4.052646e-01 6.858902e-02 -8.614086e-01 -9.609242e-02 1.708488e+00 3.404135e-01 -4.288092e-01 1.187616e+00 -1.294566e+00
2.017600e+02 9.606345e-02 -5.249041e-01 -2.594298e-03 -4.091996e-01 7.334974e-02 -8.561234e-01 -9.310382e-02 1.690857e+00 3.468961e-01 -4.573494e-01 1.188167e+00 -1.296775e+00
2.018400e+02 9.134519e-02 -5.178946e-01 2.511764e-03 -4.130218e-01 7.869232e-02 -8.499094e-01 -9.005256e-02 1.673758e+00 3.531852e-01 -4.849816e-01 1.188653e+00 -1.297163e+00
2.019200e+02 8.763204e-02 -5.111360e-01 8.337950e-03 -4.164439e-01 8.452031e-02 -8.425608e-01 -8.691261e-02 1.657432e+00 3.592108e-01 -5.114513e-01 1.188936e+00 -1.295338e+00
2.020000e+02 8.380257e-02 -5.030105e-01 1.377907e-02 -4.192863e-01 9.010593e-02 -8.344945e-01 -8.388740e-02 1.641187e+00 3.655044e-01 -5.377517e-01 1.189049e+00 -1.293700e+00
2.020800e+02 8.020575e-02 -4.941080e-01 1.914217e-02 -4.221690e-01 9.568453e-02 -8.256312e-01 -8.095014e-02 1.625233e+00 3.717577e-01 -5.637836e-01 1.188906e+00 -1.292012e+00
2.021600e+02 7.632913e-02 -4.847582e-01 2.468934e-02 -4.241630e-01 1.015311e-01 -8.154799e-01 -7.802654e-02 1.610162e+00 3.775607e-01 -5.886897e-01 1.188096e+00 -1.289425e+00
2.022400e+02 7.235887e-02 -4.746374e-01 3.003696e-02 -4.257891e-01 1.072765e-01 -8.043011e-01 -7.531287e-02 1.595490e+00 3.832715e-01 -6.135174e-01 1.186756e+00 -1.287065e+00
2.023200e+02 6.819014e-02 -4.638848e-01 3.523451e-02 -4.269741e-01 1.130011e-01 -7.919350e-01 -7.282927e-02 1.581380e+00 3.886932e-01 -6.380646e-01 1.184752e+00 -1.284587e+00
2.024000e+02 6.375823e-02 -4.525097e-01 4.026070e-02 -4.276679e-01 1.187117e-01 -7.782734e-01 -7.060373e-02 1.567890e+00 3.937673e-01 -6.622595e-01 1.182012e+00 -1.281917e+00
2.024800e+02 5.901391e-02 -4.405606e-01 4.508281e-02 -4.278846e-01 1.244075e-01 -7.632695e-01 -6.866529e-02 1.555025e+00 3.984606e-01 -6.860971e-01 1.178487e+00 -1.279074e+00
2.025600e+02 5.391994e-02 -4.280060e-01 4.967250e-02 -4.275746e-01 1.300910e-01 -7.468137e-01 -6.703938e-02 1.542857e+00 4.027433e-01 -7.095051e-01 1.174129e+00 -1.276006e+00
2.026400e+02 4.830706e-02 -4.146172e-01 5.377900e-02 -4.265815e-01 1.354197e-01 -7.287800e-01 -6.645381e-02 1.531371e+00 4.065726e-01 -7.336839e-01 1.168865e+00 -1.272297e+00
2.027200e+02 4.233995e-02 -4.008034e-01 5.775730e-02 -4.251353e-01 1.409496e-01 -7.091917e-01 -6.572335e-02 1.520417e+00 4.099465e-01 -7.564123e-01 1.162740e+00 -1.268633e+00
2.028000e+02 3.593623e-02 -3.844660e-01 6.194464e-02 -4.225843e-01 1.467093e-01 -6.875836e-01 -6.529481e-02 1.510676e+00 4.126386e-01 -7.781323e-01 1.155164e+00 -1.264266e+00
2.028800e+02 3.196952e-02 -3.675638e-01 6.605664e-02 -4.275756e-01 1.535015e-01 -6.673109e-01 -6.411415e-02 1.500207e+00 4.163169e-01 -8.001111e-01 1.148572e+00 -1.260064e+00
2.029600e+02 2.615041e-02 -3.475750e-01 7.048402e-02 -4.272405e-01 1.596616e-01 -6.436721e-01 -6.384311e-02 1.492020e+00 4.183675e-01 -8.204406e-01 1.139333e+00 -1.254990e+00
2.030400e+02 1.952229e-02 -3.281664e-01 7.418321e-02 -4.260850e-01 1.656207e-01 -6.182905e-01 -6.406641e-02 1.484615e+00 4.199327e-01 -8.401822e-01 1.129191e+00 -1.249908e+00
2.031200e+02 1.219639e-02 -3.087934e-01 7.774095e-02 -4.246838e-01 1.723329e-01 -5.921683e-01 -6.488348e-02 1.480755e+00 4.200967e-01 -8.595886e-01 1.117359e+00 -1.244944e+00
2.032000e+02 4.280236e-03 -2.892288e-01 8.058713e-02 -4.221880e-01 1.788094e-01 -5.638206e-01 -6.651174e-02 1.475923e+00 4.198425e-01 -8.780526e-01 1.104688e+00 -1.239421e+00
2.032800e+02 -4.306379e-03 -2.693014e-01 8.284512e-02 -4.186076e-01 1.852210e-01 -5.333035e-01 -6.875849e-02 1.471829e+00 4.189915e-01 -8.955611e-01 1.090911e+00 -1.233394e+00
2.033600e+02 -1.180869e-02 -2.483851e-01 8.472507e-02 -4.185690e-01 1.921549e-01 -5.021380e-01 -7.085868e-02 1.467262e+00 4.185824e-01 -9.124280e-01 1.077163e+00 -1.226798e+00
2.034400e+02 -2.106026e-02 -2.274258e-01 8.565304e-02 -4.150792e-01 1.984455e-01 -4.675490e-01 -7.416583e-02 1.464986e+00 4.167032e-01 -9.280252e-01 1.061351e+00 -1.219799e+00
2.035200e+02 -3.127922e-02 -2.063276e-01 8.609378e-02 -4.101131e-01 2.051347e-01 -4.308516e-01 -7.819930e-02 1.464826e+00 4.137106e-01 -9.425234e-01 1.043995e+00 -1.212364e+00
2.036000e+02 -4.236096e-02 -1.846489e-01 8.578315e-02 -4.034367e-01 2.113702e-01 -3.919580e-01 -8.306712e-02 1.465417e+00 4.101636e-01 -9.559015e-01 1.025401e+00 -1.204142e+00
2.036800e+02 -5.429817e-02 -1.625651e-01 8.489863e-02 -3.952071e-01 2.175542e-01 -3.507744e-01 -8.870055e-02 1.467320e+00 4.058359e-01 -9.680508e-01 1.005379e+00 -1.195204e+00
2.037600e+02 -6.731090e-02 -1.403958e-01 8.330009e-02 -3.860292e-01 2.236499e-01 -3.055134e-01 -9.594399e-02 1.470711e+00 4.002462e-01 -9.789538e-01 9.835649e-01 -1.185678e+00
2.038400e+02 -8.117867e-02 -1.177118e-01 8.111201e-02 -3.751173e-01 2.294701e-01 -2.585926e-01 -1.038196e-01 1.475528e+00 3.939041e-01 -9.884255e-01 9.603265e-01 -1.175250e+00
2.039200e+02 -9.591959e-02 -9.452343e-02 7.837056e-02 -3.625022e-01 2.351946e-01 -2.094035e-01 -1.125332e-01 1.481902e+00 3.866926e-01 -9.964264e-01 9.355160e-01 -1.163888e+00
2.040000e+02 -1.073577e-01 -7.028608e-02 7.548923e-02 -3.581029e-01 2.417663e-01 -1.613244e-01 -1.208781e-01 1.488046e+00 3.803070e-01 -1.003910e+00 9.114918e-01 -1.151873e+00
2.040800e+02 -1.221706e-01 -4.553289e-02 7.227248e-02 -3.483342e-01 2.473396e-01 -1.104565e-01 -1.305931e-01 1.496144e+00 3.723373e-01 -1.010091e+00 8.851097e-01 -1.140982e+00
2.041600e+02 -1.330289e-01 -1.975935e-02 6.922168e-02 -3.460881e-01 2.539274e-01 -6.068753e-02 -1.398440e-01 1.504303e+00 3.649985e-01 -1.015289e+00 8.593498e-01 -1.128079e+00
2.042400e+02 -1.464994e-01 6.221806e-03 6.578820e-02 -3.361160e-01 2.592963e-01 -7.237971e-03 -1.509322e-01 1.515217e+00 3.557062e-01 -1.018920e+00 8.308686e-01 -1.113725e+00
2.043200e+02 -1.611787e-01 3.352759e-02 6.213691e-02 -3.226210e-01 2.644281e-01 4.942691e-02 -1.631102e-01 1.528364e+00 3.450105e-01 -1.020249e+00 8.001299e-01 -1.098492e+00
2.044000e+02 -1.768615e-01 6.041859e-02 5.768095e-02 -3.060192e-01 2.691407e-01 1.079841e-01 -1.761847e-01 1.542977e+00 3.335052e-01 -1.019764e+00 7.680161e-01 -1.082011e+00
2.044800e+02 -1.918460e-01 8.639873e-02 5.251466e-02 -2.931161e-01 2.727568e-01 1.701726e-01 -1.911326e-01 1.558719e+00 3.211375e-01 -1.017649e+00 7.343774e-01 -1.067737e+00
2.045600e+02 -2.080455e-01 1.138574e-01 4.768668e-02 -2.754789e-01 2.760076e-01 2.333638e-01 -2.068607e-01 1.576813e+00 3.074323e-01 -1.013545e+00 6.989630e-01 -1.049949e+00
2.046400e+02 -2.220970e-01 1.414646e-01 4.378750e-02 -2.615085e-01 2.805264e-01 2.958364e-01 -2.215335e-01 1.596151e+00 2.940992e-01 -1.005068e+00 6.643247e-01 -1.031921e+00
2.047200e+02 -2.389130e-01 1.689961e-01 3.909190e-02 -2.394852e-01 2.832333e-01 3.625486e-01 -2.383891e-01 1.618745e+00 2.789052e-01 -9.957688e-01 6.259277e-01 -1.011259e+00
2.048000e+02 -2.567106e-01 1.937516e-01 3.370885e-02 -2.133777e-01 2.847317e-01 4.301068e-01 -2.560858e-01 1.642972e+00 2.627696e-01 -9.846821e-01 5.866865e-01 -9.905383e-01
2.048800e+02 -2.757302e-01 2.200055e-01 2.894405e-02 -1.824301e-01 2.855574e-01 5.001358e-01 -2.751138e-01 1.669961e+00 2.451340e-01 -9.710213e-01 5.449790e-01 -9.668578e-01
2.049600e+02 -2.945247e-01 2.461418e-01 2.520065e-02 -1.487596e-01 2.862723e-01 5.717427e-01 -2.942025e-01 1.699394e+00 2.270908e-01 -9.517183e-01 5.028236e-01 -9.440771e-01
2.050400e+02 -3.126692e-01 2.729234e-01 2.214316e-02 -1.157858e-01 2.868213e-01 6.433515e-01 -3.141667e-01 1.730727e+00 2.089551e-01 -9.325859e-01 4.588526e-01 -9.174711e-01
2.051200e+02 -3.334071e-01 2.985137e-01 1.898134e-02 -8.077666e-02 2.851311e-01 7.223470e-01 -3.383542e-01 1.764428e+00 1.876531e-01 -9.120709e-01 4.117624e-01 -8.922038e-01
2.052000e+02 -3.513725e-01 3.234587e-01 1.804415e-02 -4.329750e-02 2.818481e-01 8.059943e-01 -3.639175e-01 1.801224e+00 1.659392e-01 -8.853366e-01 3.626340e-01 -8.545360e-01
2.052800e+02 -3.700313e-01 3.476068e-01 1.913256e-02 7.005785e-03 2.760920e-01 8.910490e-01 -3.902018e-01 1.844299e+00 1.420685e-01 -8.522670e-01 3.120183e-01 -8.094498e-01
2.053600e+02 -3.847297e-01 3.708207e-01 2.135339e-02 5.452298e-02 2.695614e-01 9.743728e-01 -4.155414e-01 1.888050e+00 1.212608e-01 -8.147149e-01 2.647067e-01 -7.580115e-01
2.054400e+02 -3.998039e-01 3.949438e-01 2.425598e-02 1.004518e-01 2.615689e-01 1.060330e+00 -4.434015e-01 1.936039e+00 9.630449e-02 -7.761553e-01 2.156455e-01 -7.113778e-01
2.055200e+02 -4.126754e-01 4.185897e-01 3.038634e-02 1.461919e-01 2.546651e-01 1.142156e+00 -4.712244e-01 1.995363e+00 6.826251e-02 -7.348281e-01 1.641816e-01 -6.602524e-01
2.056000e+02 -4.257983e-01 4.451943e-01 3.771658e-02 1.929537e-01 2.465192e-01 1.224526e+00 -5.001595e-01 2.051144e+00 3.888517e-02 -6.898443e-01 1.109657e-01 -6.098457e-01
2.056800e+02 -4.331194e-01 4.727470e-01 4.684093e-02 2.330432e-01 2.383775e-01 1.303568e+00 -5.272782e-01 2.106556e+00 1.105927e-02 -6.376048e-01 5.981062e-02 -5.605794e-01
2.057600e+02 -4.394263e-01 5.065407e-01 5.915539e-02 2.786334e-01 2.298196e-01 1.385222e+00 -5.553672e-01 2.166830e+00 -1.724789e-02 -5.822807e-01 4.318498e-03 -5.022290e-01
2.058400e+02 -4.460777e-01 5.415117e-01 7.172717e-02 3.243826e-01 2.205764e-01 1.465335e+00 -5.841811e-01 2.230094e+00 -4.694872e-02 -5.248055e-01 -5.191416e-02 -4.461869e-01
2.059200e+02 -4.516891e-01 5.792360e-01 8.459076e-02 3.708058e-01 2.096439e-01 1.544172e+00 -6.134357e-01 2.294526e+00 -7.658824e-02 -4.651485e-01 -1.097211e-01 -3.875539e-01
2.060000e+02 -4.571926e-01 6.109398e-01 9.640533e-02 4.151977e-01 1.976424e-01 1.625802e+00 -6.444162e-01 2.361772e+00 -1.076002e-01 -4.018445e-01 -1.688195e-01 -3.292319e-01
2.060800e+02 -4.600873e-01 6.485355e-01 1.097668e-01 4.611228e-01 1.853885e-01 1.705423e+00 -6.745315e-01 2.431142e+00 -1.384106e-01 -3.343746e-01 -2.287198e-01 -2.679880e-01
2.061600e+02 -4.613813e-01 6.934006e-01 1.238369e-01 5.092179e-01 1.726405e-01 1.784351e+00 -7.051200e-01 2.503955e+00 -1.694215e-01 -2.650405e-01 -2.885651e-01 -2.045818e-01
2.062400e+02 -4.622290e-01 7.342005e-01 1.369404e-01 5.549634e-01 1.599618e-01 1.860353e+00 -7.346701e-01 2.577843e+00 -2.000803e-01 -1.924666e-01 -3.472575e-01 -1.432277e-01
2.063200e+02 -4.612161e-01 7.810517e-01 1.512947e-01 5.993536e-01 1.488646e-01 1.934599e+00 -7.624559e-01 2.654877e+00 -2.304328e-01 -1.144801e-01 -4.079055e-01 -7.556647e-02
2.064000e+02 -4.563497e-01 8.282058e-01 1.659853e-01 6.419711e-01 1.392133e-01 2.006534e+00 -7.880549e-01 2.734753e+00 -2.594098e-01 -3.140505e-02 -4.677897e-01 -7.129933e-04
2.064800e+02 -4.517757e-01 8.715928e-01 1.774411e-01 6.848279e-01 1.297973e-01 2.075069e+00 -8.133132e-01 2.816084e+00 -2.879830e-01 5.530021e-02 -5.247889e-01 6.997296e-02
2.065600e+02 -4.468483e-01 9.108418e-01 1.864645e-01 7.233399e-01 1.229543e-01 2.140339e+00 -8.381042e-01 2.896298e+00 -3.170686e-01 1.397495e-01 -5.800906e-01 1.444073e-01
2.066400e+02 -4.396108e-01 9.547535e-01 1.949340e-01 7.615802e-01 1.184265e-01 2.199081e+00 -8.563640e-01 2.974697e+00 -3.431248e-01 2.328399e-01 -6.347857e-01 2.233225e-01
2.067200e+02 -4.312452e-01 9.880836e-01 2.005307e-01 8.000842e-01 1.162453e-01 2.254459e+00 -8.712986e-01 3.055335e+00 -3.682263e-01 3.302667e-01 -6.863190e-01 2.982571e-01
2.068000e+02 -4.218751e-01 1.022289e+00 2.052192e-01 8.363963e-01 1.162082e-01 2.311956e+00 -8.868968e-01 3.142405e+00 -3.940126e-01 4.288941e-01 -7.373761e-01 3.775625e-01
2.068800e+02 -4.127442e-01 1.047802e+00 2.020110e-01 8.712013e-01 1.120644e-01 2.373533e+00 -9.029794e-01 3.215210e+00 -4.154065e-01 5.349478e-01 -7.830605e-01 4.577449e-01
2.069600e+02 -4.013648e-01 1.075383e+00 1.994223e-01 9.015347e-01 1.102116e-01 2.427397e+00 -9.155755e-01 3.295120e+00 -4.367788e-01 6.423628e-01 -8.275913e-01 5.400276e-01
2.070400e+02 -3.892567e-01 1.095938e+00 1.885643e-01 9.364502e-01 1.036676e-01 2.474851e+00 -9.242870e-01 3.355360e+00 -4.495865e-01 7.617580e-01 -8.659287e-01 6.256250e-01
2.071200e+02 -3.759847e-01 1.112226e+00 1.801547e-01 9.646315e-01 1.032787e-01 2.527810e+00 -9.328207e-01 3.428209e+00 -4.690270e-01 8.774503e-01 -9.061750e-01 7.078111e-01
2.072000e+02 -3.617284e-01 1.132288e+00 1.720580e-01 9.969908e-01 1.033338e-01 2.577857e+00 -9.380117e-01 3.508673e+00 -4.891481e-01 9.958046e-01 -9.457784e-01 7.895980e-01
2.072800e+02 -3.430626e-01 1.132327e+00 1.567783e-01 1.019747e+00 1.001647e-01 2.620393e+00 -9.386202e-01 3.582546e+00 -5.032654e-01 1.118559e+00 -9.743257e-01 8.659643e-01
2.073600e+02 -3.259846e-01 1.136306e+00 1.431533e-01 1.042210e+00 1.019010e-01 2.668270e+00 -9.388080e-01 3.667989e+00 -5.229606e-01 1.239340e+00 -1.005208e+00 9.422274e-01
2.074400e+02 -3.087778e-01 1.145357e+00 1.250285e-01 1.069488e+00 9.452216e-02 2.717516e+00 -9.358783e-01 3.727527e+00 -5.340951e-01 1.375157e+00 -1.031418e+00 1.027257e+00
2.075200e+02 -2.889444e-01 1.145208e+00 1.114010e-01 1.085232e+00 9.361261e-02 2.750718e+00 -9.274099e-01 3.818275e+00 -5.523893e-01 1.497316e+00 -1.055857e+00 1.104611e+00
2.076000e+02 -2.692646e-01 1.150463e+00 1.001853e-01 1.106097e+00 9.569086e-02 2.787594e+00 -9.155242e-01 3.909423e+00 -5.722659e-01 1.621115e+00 -1.080537e+00 1.182708e+00
2.076800e+02 -2.497225e-01 1.139266e+00 8.568559e-02 1.121576e+00 9.680691e-02 2.818761e+00 -9.026385e-01 4.002744e+00 -5.919806e-01 1.739696e+00 -1.097428e+00 1.252122e+00
2.077600e+02 -2.337008e-01 1.131541e+00 7.274575e-02 1.134793e+00 9.844228e-02 2.847791e+00 -8.895519e-01 4.100396e+00 -6.134889e-01 1.856484e+00 -1.113547e+00 1.319909e+00
2.078400e+02 -2.179079e-01 1.128369e+00 5.672187e-02 1.149009e+00 9.090136e-02 2.878153e+00 -8.770740e-01 4.169920e+00 -6.260583e-01 1.986775e+00 -1.123282e+00 1.396499e+00
2.079200e+02 -2.136299e-01 1.118897e+00 4.057794e-02 1.154169e+00 8.459759e-02 2.897078e+00 -8.632176e-01 4.248990e+00 -6.490574e-01 2.093253e+00 -1.132586e+00 1.440737e+00
2.080000e+02 -2.019823e-01 1.104696e+00 2.831241e-02 1.156830e+00 8.200800e-02 2.906177e+00 -8.420292e-01 4.334549e+00 -6.678768e-01 2.204237e+00 -1.133098e+00 1.492947e+00
2.080800e+02 -1.920479e-01 1.088227e+00 2.052960e-02 1.153817e+00 8.053671e-02 2.915403e+00 -8.225903e-01 4.431330e+00 -6.879894e-01 2.307343e+00 -1.130823e+00 1.540980e+00
2.081600e+02 -1.763205e-01 1.074932e+00 1.862346e-02 1.147726e+00 8.073135e-02 2.924867e+00 -8.054252e-01 4.534328e+00 -7.091465e-01 2.405397e+00 -1.124241e+00 1.601792e+00
2.082400e+02 -1.617001e-01 1.059213e+00 1.843610e-02 1.136582e+00 8.128907e-02 2.928765e+00 -7.886797e-01 4.642277e+00 -7.332371e-01 2.497721e+00 -1.112643e+00 1.655417e+00
2.083200e+02 -1.468659e-01 1.045940e+00 1.742913e-02 1.125142e+00 7.573877e-02 2.932987e+00 -7.733389e-01 4.724316e+00 -7.517393e-01 2.595405e+00 -1.096119e+00 1.716081e+00
2.084000e+02 -1.419406e-01 1.020021e+00 1.233226e-02 1.103689e+00 6.784361e-02 2.927394e+00 -7.564431e-01 4.796420e+00 -7.710230e-01 2.681167e+00 -1.072766e+00 1.753189e+00
2.084800e+02 -1.347277e-01 1.003751e+00 1.421425e-02 1.079235e+00 6.391737e-02 2.920972e+00 -7.399811e-01 4.881139e+00 -7.954707e-01 2.759947e+00 -1.050944e+00 1.787412e+00
2.085600e+02 -1.289183e-01 1.000893e+00 1.046086e-02 1.063742e+00 4.306891e-02 2.924013e+00 -7.269621e-01 4.917760e+00 -8.062592e-01 2.852818e+00 -1.023541e+00 1.832491e+00
2.086400e+02 -1.249751e-01 9.993643e-01 2.138282e-03 1.044348e+00 6.434485e-03 2.930994e+00 -7.181082e-01 4.913564e+00 -8.072044e-01 2.959120e+00 -9.904427e-01 1.875965e+00
2.087200e+02 -1.182871e-01 9.853558e-01 2.505494e-03 1.017360e+00 -1.973579e-02 2.921619e+00 -7.036248e-01 4.954513e+00 -8.226654e-01 3.033823e+00 -9.600380e-01 1.905516e+00
2.088000e+02 -1.156186e-01 9.873280e-01 -2.763589e-03 9.986681e-01 -5.860515e-02 2.911556e+00 -6.883548e-01 4.982201e+00 -8.292643e-01 3.114906e+00 -9.269262e-01 1.926570e+00
2.088800e+02 -1.136887e-01 9.792303e-01 -3.059648e-04 9.665128e-01 -8.954358e-02 2.898025e+00 -6.664493e-01 5.038876e+00 -8.484063e-01 3.172800e+00 -8.994571e-01 1.930143e+00
2.089600e+02 -1.071570e-01 9.729624e-01 3.357482e-03 9.360145e-01 -1.163682e-01 2.870442e+00 -6.419670e-01 5.107644e+00 -8.603940e-01 3.223431e+00 -8.703573e-01 1.936160e+00
2.090400e+02 -1.042742e-01 9.737300e-01 -2.484094e-03 9.107266e-01 -1.581878e-01 2.856106e+00 -6.266840e-01 5.120347e+00 -8.654288e-01 3.277204e+00 -8.371371e-01 1.932182e+00
2.091200e+02 -9.551115e-02 9.701818e-01 -2.059590e-03 8.788942e-01 -1.961691e-01 2.834000e+00 -6.139414e-01 5.140703e+00 -8.677257e-01 3.332123e+00 -8.071866e-01 1.938252e+00
2.092000e+02 -8.046646e-02 9.621989e-01 4.145678e-03 8.385959e-01 -2.268043e-01 2.795553e+00 -5.950347e-01 5.177455e+00 -8.738800e-01 3.370937e+00 -7.768303e-01 1.931498e+00
2.092800e+02 -6.563604e-02 9.558367e-01 9.126602e-03 7.987277e-01 -2.553723e-01 2.749437e+00 -5.789404e-01 5.221211e+00 -8.792202e-01 3.387119e+00 -7.493940e-01 1.921930e+00
2.093600e+02 -4.640225e-02 9.465785e-01 1.755271e-02 7.572535e-01 -2.775736e-01 2.696414e+00 -5.600600e-01 5.260359e+00 -8.809229e-01 3.399678e+00 -7.196571e-01 1.902669e+00
2.094400e+02 -2.473896e-02 9.332542e-01 2.594806e-02 7.164454e-01 -2.958762e-01 2.638324e+00 -5.423241e-01 5.289161e+00 -8.791541e-01 3.404881e+00 -6.878492e-01 1.877088e+00
2.095200e+02 3.239867e-04 9.163462e-01 3.766721e-02 6.725843e-01 -3.059027e-01 2.576375e+00 -5.264146e-01 5.310476e+00 -8.781712e-01 3.405246e+00 -6.587028e-01 1.845064e+00
2.096000e+02 3.020547e-02 9.009913e-01 5.178652e-02 6.290911e-01 -3.117079e-01 2.505904e+00 -5.107121e-01 5.321827e+00 -8.754971e-01 3.400597e+00 -6.282303e-01 1.809660e+00
2.096800e+02 6.232810e-02 8.870956e-01 5.807723e-02 5.909786e-01 -3.220301e-01 2.439647e+00 -5.013031e-01 5.300166e+00 -8.672311e-01 3.396710e+00 -5.962312e-01 1.780751e+00
2.097600e+02 1.023578e-01 8.730680e-01 7.517577e-02 5.449621e-01 -3.219249e-01 2.361803e+00 -4.854111e-01 5.281340e+00 -8.645383e-01 3.389953e+00 -5.661514e-01 1.745474e+00
2.098400e+02 1.501854e-01 8.498488e-01 9.596017e-02 4.908036e-01 -3.159252e-01 2.284336e+00 -4.651576e-01 5.265618e+00 -8.637741e-01 3.394684e+00 -5.322586e-01 1.700214e+00
2.099200e+02 1.927804e-01 8.379933e-01 1.095668e-01 4.518986e-01 -3.251566e-01 2.215364e+00 -4.590074e-01 5.221587e+00 -8.586656e-01 3.387886e+00 -4.995462e-01 1.665829e+00
2.100000e+02 2.386550e-01 8.148242e-01 1.288963e-01 4.090255e-01 -3.259087e-01 2.138027e+00 -4.429767e-01 5.186106e+00 -8.631443e-01 3.380642e+00 -4.709896e-01 1.626603e+00
2.100800e+02 2.889251e-01 7.935577e-01 1.534446e-01 3.610312e-01 -3.216495e-01 2.056123e+00 -4.267692e-01 5.173580e+00 -8.729125e-01 3.354378e+00 -4.447287e-01 1.584761e+00
2.101600e+02 3.408594e-01 7.513368e-01 1.674056e-01 3.107154e-01 -3.258789e-01 1.969574e+00 -4.143030e-01 5.146858e+00 -8.733541e-01 3.323895e+00 -4.093854e-01 1.543192e+00
2.102400e+02 3.987054e-01 7.127641e-01 1.904262e-01 2.454023e-01 -3.243522e-01 1.893404e+00 -4.009141e-01 5.117975e+00 -8.779058e-01 3.300458e+00 -3.770001e-01 1.494747e+00
2.103200e+02 4.554656e-01 6.749353e-01 2.122893e-01 1.828200e-01 -3.238701e-01 1.806166e+00 -3.888091e-01 5.093738e+00 -8.824770e-01 3.249197e+00 -3.452427e-01 1.444525e+00
2.104000e+02 5.117996e-01 6.432932e-01 2.374481e-01 1.236699e-01 -3.223382e-01 1.717781e+00 -3.791997e-01 5.071995e+00 -8.866821e-01 3.193395e+00 -3.139800e-01 1.396803e+00
2.104800e+02 5.678545e-01 6.094322e-01 2.655669e-01 6.524994e-02 -3.213417e-01 1.637978e+00 -3.731438e-01 5.043410e+00 -8.899788e-01 3.148851e+00 -2.811729e-01 1.345125e+00
2.105600e+02 6.247270e-01 5.767121e-01 2.920754e-01 7.091594e-03 -3.213492e-01 1.553459e+00 -3.670987e-01 5.002147e+00 -8.928140e-01 3.098571e+00 -2.486291e-01 1.295350e+00
2.106400e+02 6.783568e-01 5.563622e-01 3.198659e-01 -4.271953e-02 -3.206785e-01 1.473820e+00 -3.658879e-01 4.954980e+00 -8.952964e-01 3.041980e+00 -2.194992e-01 1.252225e+00
2.107200e+02 7.307091e-01 5.452124e-01 3.520088e-01 -8.991576e-02 -3.189148e-01 1.393872e+00 -3.607772e-01 4.900882e+00 -8.960448e-01 2.991627e+00 -1.929181e-01 1.211928e+00
2.108000e+02 7.823680e-01 5.314415e-01 3.966541e-01 -1.360329e-01 -2.995613e-01 1.299015e+00 -3.489628e-01 4.899907e+00 -9.096026e-01 2.918254e+00 -1.732733e-01 1.160358e+00
2.108800e+02 8.301729e-01 5.394043e-01 4.366346e-01 -1.675245e-01 -2.897214e-01 1.215109e+00 -3.406042e-01 4.867080e+00 -9.059274e-01 2.864111e+00 -1.512724e-01 1.123868e+00
2.109600e+02 8.726036e-01 5.373598e-01 4.801321e-01 -1.981088e-01 -2.774723e-01 1.137730e+00 -3.326833e-01 4.817262e+00 -9.050673e-01 2.813641e+00 -1.320881e-01 1.084225e+00
2.110400e+02 9.088439e-01 5.411258e-01 5.314850e-01 -2.227412e-01 -2.566975e-01 1.056367e+00 -3.212687e-01 4.784664e+00 -9.101369e-01 2.756473e+00 -1.183174e-01 1.042018e+00
2.111200e+02 9.401782e-01 5.482281e-01 5.825585e-01 -2.427797e-01 -2.383351e-01 9.851856e-01 -3.078169e-01 4.736973e+00 -9.065506e-01 2.719751e+00 -1.053420e-01 1.002991e+00
2.112000e+02 9.625247e-01 5.809182e-01 6.349483e-01 -2.454863e-01 -2.268321e-01 9.319930e-01 -3.011462e-01 4.666598e+00 -8.990886e-01 2.688652e+00 -9.833158e-02 9.746612e-01
2.112800e+02 9.840706e-01 6.047607e-01 6.909033e-01 -2.392745e-01 -2.141135e-01 8.830801e-01 -2.984408e-01 4.624227e+00 -8.925448e-01 2.657914e+00 -9.653146e-02 9.569016e-01
2.113600e+02 9.934279e-01 6.451669e-01 7.525296e-01 -2.088717e-01 -2.019137e-01 8.493796e-01 -2.944706e-01 4.589454e+00 -8.888401e-01 2.642487e+00 -1.054817e-01 9.460467e-01
2.114400e+02 9.968604e-01 6.794119e-01 8.102035e-01 -1.754208e-01 -1.934643e-01 8.184300e-01 -2.910196e-01 4.557499e+00 -8.849356e-01 2.624665e+00 -1.139530e-01 9.282107e-01
2.115200e+02 9.932191e-01 7.108798e-01 8.646196e-01 -1.346939e-01 -1.858159e-01 7.940533e-01 -2.894086e-01 4.528501e+00 -8.818976e-01 2.606614e+00 -1.262016e-01 9.087391e-01
2.116000e+02 9.828343e-01 7.387039e-01 9.141336e-01 -8.674233e-02 -1.792558e-01 7.758958e-01 -2.903698e-01 4.500756e+00 -8.795386e-01 2.588209e+00 -1.416648e-01 8.881048e-01
2.116800e+02 9.653712e-01 7.613638e-01 9.575701e-01 -3.114157e-02 -1.732444e-01 7.646463e-01 -2.943950e-01 4.476752e+00 -8.795653e-01 2.569745e+00 -1.607603e-01 8.659460e-01
2.117600e+02 9.452954e-01 7.759164e-01 9.958738e-01 2.869843e-02 -1.643882e-01 7.582839e-01 -3.000579e-01 4.469226e+00 -8.841383e-01 2.544138e+00 -1.830747e-01 8.436248e-01
2.118400e+02 9.155069e-01 8.078324e-01 1.026885e+00 1.056982e-01 -1.602769e-01 7.665910e-01 -3.126876e-01 4.463154e+00 -8.874719e-01 2.529114e+00 -2.129652e-01 8.294746e-01
2.119200e+02 8.856460e-01 8.229232e-01 1.049026e+00 1.840547e-01 -1.564186e-01 7.796700e-01 -3.212980e-01 4.453104e+00 -8.883776e-01 2.529836e+00 -2.390149e-01 8.068033e-01
2.120000e+02 8.486301e-01 8.341473e-01 1.057510e+00 2.630761e-01 -1.571163e-01 8.012394e-01 -3.346628e-01 4.445167e+00 -8.930843e-01 2.525031e+00 -2.705382e-01 7.871306e-01
2.120800e+02 8.101034e-01 8.504845e-01 1.058977e+00 3.443545e-01 -1.589876e-01 8.309276e-01 -3.497348e-01 4.441797e+00 -8.989841e-01 2.521471e+00 -3.074291e-01 7.787291e-01
2.121600e+02 7.647234e-01 8.580146e-01 1.049574e+00 4.210295e-01 -1.645203e-01 8.644034e-01 -3.668432e-01 4.439192e+00 -9.045287e-01 2.514935e+00 -3.443163e-01 7.636282e-01
2.122400e+02 7.174729e-01 8.571206e-01 1.028919e+00 4.951374e-01 -1.734954e-01 9.008719e-01 -3.849526e-01 4.438038e+00 -9.088699e-01 2.507611e+00 -3.801674e-01 7.519226e-01
2.123200e+02 6.641007e-01 8.533706e-01 1.000602e+00 5.660161e-01 -1.845407e-01 9.418474e-01 -4.043746e-01 4.440274e+00 -9.141109e-01 2.500442e+00 -4.184751e-01 7.389702e-01
2.124000e+02 6.098177e-01 8.418565e-01 9.628883e-01 6.280311e-01 -1.979809e-01 9.837883e-01 -4.242428e-01 4.444838e+00 -9.191096e-01 2.491974e+00 -4.550400e-01 7.263162e-01
2.124800e+02 5.533417e-01 8.253058e-01 9.169851e-01 6.852074e-01 -2.144845e-01 1.027325e+00 -4.446796e-01 4.450278e+00 -9.232716e-01 2.483264e+00 -4.908957e-01 7.156868e-01
2.125600e+02 4.988692e-01 8.023986e-01 8.667974e-01 7.299334e-01 -2.317157e-01 1.070697e+00 -4.649484e-01 4.456790e+00 -9.269612e-01 2.474197e+00 -5.248947e-01 7.044837e-01
2.126400e+02 4.460718e-01 7.970349e-01 8.157607e-01 7.679015e-01 -2.469118e-01 1.115653e+00 -4.840892e-01 4.469428e+00 -9.314434e-01 2.469201e+00 -5.609496e-01 7.035132e-01
2.127200e+02 3.970407e-01 7.790134e-01 7.581106e-01 7.896351e-01 -2.650810e-01 1.157804e+00 -5.031401e-01 4.479162e+00 -9.344309e-01 2.461232e+00 -5.918331e-01 6.990813e-01
2.128000e+02 3.486789e-01 7.565346e-01 6.963844e-01 8.044405e-01 -2.831147e-01 1.197092e+00 -5.211153e-01 4.489097e+00 -9.365045e-01 2.453811e+00 -6.208465e-01 6.950382e-01
2.128800e+02 3.005336e-01 7.305886e-01 6.312473e-01 8.115542e-01 -3.006856e-01 1.234712e+00 -5.384021e-01 4.499052e+00 -9.381696e-01 2.446137e+00 -6.479611e-01 6.905334e-01
2.129600e+02 2.589626e-01 7.014354e-01 5.654871e-01 8.107167e-01 -3.161249e-01 1.270163e+00 -5.537340e-01 4.510393e+00 -9.393604e-01 2.440765e+00 -6.723777e-01 6.935451e-01
2.130400e+02 2.170196e-01 6.700473e-01 4.974192e-01 8.065059e-01 -3.314608e-01 1.304758e+00 -5.683674e-01 4.522504e+00 -9.408884e-01 2.436466e+00 -6.957689e-01 6.958751e-01
2.131200e+02 1.751701e-01 6.427117e-01 4.276443e-01 7.966114e-01 -3.445040e-01 1.336227e+00 -5.817954e-01 4.534491e+00 -9.420208e-01 2.431040e+00 -7.180230e-01 6.991706e-01
2.132000e+02 1.351222e-01 6.137059e-01 3.534368e-01 7.835165e-01 -3.559917e-01 1.357221e+00 -5.909880e-01 4.538347e+00 -9.387010e-01 2.425529e+00 -7.346174e-01 7.027504e-01
2.132800e+02 9.919396e-02 5.794393e-01 2.813302e-01 7.573566e-01 -3.642414e-01 1.379780e+00 -6.005974e-01 4.546656e+00 -9.375553e-01 2.420750e+00 -7.496381e-01 7.036143e-01
2.133600e+02 6.385511e-02 5.450869e-01 2.103212e-01 7.322275e-01 -3.685460e-01 1.400294e+00 -6.088038e-01 4.558496e+00 -9.378637e-01 2.416536e+00 -7.637658e-01 7.038818e-01
2.134400e+02 3.120620e-02 5.302305e-01 1.445118e-01 7.090918e-01 -3.702551e-01 1.420534e+00 -6.152345e-01 4.571113e+00 -9.381168e-01 2.416088e+00 -7.793504e-01 7.103674e-01
2.135200e+02 3.535095e-03 5.038288e-01 7.900796e-02 6.800966e-01 -3.704681e-01 1.438008e+00 -6.212207e-01 4.581643e+00 -9.367717e-01 2.415502e+00 -7.905429e-01 7.162309e-01
2.136000e+02 -1.950355e-02 4.787397e-01 1.640414e-02 6.426863e-01 -3.682414e-01 1.447565e+00 -6.241635e-01 4.589222e+00 -9.338709e-01 2.414078e+00 -7.969933e-01 7.196312e-01
2.136800e+02 -4.181055e-02 4.485538e-01 -4.348015e-02 6.079659e-01 -3.665986e-01 1.453068e+00 -6.263685e-01 4.594980e+00 -9.310841e-01 2.411292e+00 -8.005912e-01 7.191510e-01
2.137600e+02 -6.134442e-02 4.216594e-01 -9.791566e-02 5.729880e-01 -3.636574e-01 1.454596e+00 -6.269572e-01 4.599315e+00 -9.280086e-01 2.408485e+00 -8.026081e-01 7.190280e-01
2.138400e+02 -7.783840e-02 3.967083e-01 -1.460513e-01 5.372864e-01 -3.598540e-01 1.451520e+00 -6.259494e-01 4.601686e+00 -9.244767e-01 2.405330e+00 -8.027581e-01 7.182982e-01
2.139200e+02 -9.098028e-02 3.736971e-01 -1.869566e-01 5.007640e-01 -3.555986e-01 1.443515e+00 -6.233406e-01 4.601535e+00 -9.202842e-01 2.401770e+00 -8.008641e-01 7.167167e-01
2.140000e+02 -9.634925e-02 3.526287e-01 -2.175359e-01 4.620437e-01 -3.490620e-01 1.430621e+00 -6.177793e-01 4.600519e+00 -9.145997e-01 2.400525e+00 -7.964009e-01 7.225887e-01
2.140800e+02 -9.909764e-02 3.339047e-01 -2.397037e-01 4.221145e-01 -3.428110e-01 1.412074e+00 -6.108138e-01 4.596908e+00 -9.089659e-01 2.398658e+00 -7.897982e-01 7.242093e-01
2.141600e+02 -9.600837e-02 3.186187e-01 -2.522663e-01 3.768047e-01 -3.359013e-01 1.385011e+00 -6.012305e-01 4.589699e+00 -9.018632e-01 2.395584e+00 -7.800975e-01 7.236139e-01
2.142400e+02 -9.155885e-02 3.056557e-01 -2.548629e-01 3.367252e-01 -3.286620e-01 1.355676e+00 -5.911206e-01 4.581723e+00 -8.960445e-01 2.392954e+00 -7.706130e-01 7.224794e-01
2.143200e+02 -8.258920e-02 2.964039e-01 -2.491155e-01 2.944518e-01 -3.214769e-01 1.321273e+00 -5.797017e-01 4.570800e+00 -8.894767e-01 2.389102e+00 -7.595458e-01 7.192865e-01
2.144000e+02 -6.975066e-02 2.883429e-01 -2.357559e-01 2.507703e-01 -3.145159e-01 1.281677e+00 -5.673172e-01 4.556969e+00 -8.822429e-01 2.383566e+00 -7.458542e-01 7.144165e-01
2.144800e+02 -5.408127e-02 2.847592e-01 -2.135956e-01 2.056111e-01 -3.070382e-01 1.240868e+00 -5.556691e-01 4.543250e+00 -8.763899e-01 2.375952e+00 -7.334295e-01 7.093813e-01
2.145600e+02 -3.700091e-02 2.814604e-01 -1.835199e-01 1.622359e-01 -3.001650e-01 1.202932e+00 -5.460898e-01 4.530837e+00 -8.734209e-01 2.367750e+00 -7.225348e-01 7.015726e-01
2.146400e+02 -1.488730e-02 2.821712e-01 -1.488229e-01 1.177867e-01 -2.917369e-01 1.159695e+00 -5.339978e-01 4.514635e+00 -8.674426e-01 2.360092e+00 -7.092008e-01 7.005679e-01
2.147200e+02 7.069338e-03 2.868616e-01 -1.110062e-01 8.462220e-02 -2.841851e-01 1.106164e+00 -5.182831e-01 4.496208e+00 -8.607656e-01 2.352555e+00 -6.940447e-01 6.951149e-01
2.148000e+02 3.151463e-02 2.863698e-01 -7.187138e-02 4.894343e-02 -2.773254e-01 1.053975e+00 -5.032302e-01 4.472929e+00 -8.535834e-01 2.343665e+00 -6.770264e-01 6.869381e-01
2.148800e+02 6.030426e-02 2.895734e-01 -2.795575e-02 1.564858e-02 -2.673233e-01 1.002495e+00 -4.867975e-01 4.450937e+00 -8.474781e-01 2.337179e+00 -6.614375e-01 6.849031e-01
2.149600e+02 8.914283e-02 2.950135e-01 1.655623e-02 -1.344839e-02 -2.570190e-01 9.482743e-01 -4.678443e-01 4.427878e+00 -8.413401e-01 2.331024e+00 -6.466495e-01 6.815058e-01
2.150400e+02 1.180952e-01 3.006057e-01 5.972170e-02 -3.934539e-02 -2.479749e-01 8.967277e-01 -4.499090e-01 4.401518e+00 -8.350524e-01 2.324474e+00 -6.322506e-01 6.773940e-01
2.151200e+02 1.465008e-01 3.069726e-01 1.022101e-01 -6.234050e-02 -2.377952e-01 8.470936e-01 -4.340370e-01 4.376947e+00 -8.311039e-01 2.315724e+00 -6.204932e-01 6.728067e-01
2.152000e+02 1.752323e-01 3.129861e-01 1.426345e-01 -8.397451e-02 -2.268986e-01 7.981365e-01 -4.159330e-01 4.349784e+00 -8.272551e-01 2.309238e+00 -6.094723e-01 6.675241e-01
2.152800e+02 2.026259e-01 3.177353e-01 1.804195e-01 -1.020556e-01 -2.162342e-01 7.537683e-01 -3.994072e-01 4.323413e+00 -8.249575e-01 2.302452e+00 -6.004398e-01 6.614565e-01
2.153600e+02 2.276635e-01 3.218798e-01 2.138648e-01 -1.164390e-01 -2.061421e-01 7.117783e-01 -3.840245e-01 4.296414e+00 -8.233066e-01 2.294746e+00 -5.927639e-01 6.537916e-01
2.154400e+02 2.515069e-01 3.255819e-01 2.432693e-01 -1.271033e-01 -1.980521e-01 6.738592e-01 -3.701113e-01 4.267618e+00 -8.216910e-01 2.286905e+00 -5.861905e-01 6.469427e-01
2.155200e+02 2.741359e-01 3.228725e-01 2.724713e-01 -1.388817e-01 -1.829363e-01 6.361746e-01 -3.567389e-01 4.261696e+00 -8.277381e-01 2.268198e+00 -5.833722e-01 6.343156e-01
2.156000e+02 2.949854e-01 3.242310e-01 2.954130e-01 -1.440619e-01 -1.724789e-01 6.010961e-01 -3.472192e-01 4.247757e+00 -8.283938e-01 2.257650e+00 -5.800987e-01 6.274861e-01
2.156800e+02 3.133798e-01 3.242265e-01 3.147352e-01 -1.472498e-01 -1.623803e-01 5.734590e-01 -3.392618e-01 4.226718e+00 -8.311279e-01 2.248958e+00 -5.790025e-01 6.210937e-01
2.157600e+02 3.293647e-01 3.229391e-01 3.308142e-01 -1.488627e-01 -1.530666e-01 5.494963e-01 -3.332546e-01 4.204990e+00 -8.351475e-01 2.240359e+00 -5.796992e-01 6.149493e-01
2.158400e+02 3.445996e-01 3.177106e-01 3.463660e-01 -1.502139e-01 -1.407694e-01 5.271517e-01 -3.268069e-01 4.193861e+00 -8.424936e-01 2.232438e+00 -5.808160e-01 6.039040e-01
2.159200e+02 3.563424e-01 3.143384e-01 3.574959e-01 -1.478325e-01 -1.322998e-01 5.098770e-01 -3.250649e-01 4.182720e+00 -8.492322e-01 2.226365e+00 -5.841902e-01 5.970638e-01
2.160000e+02 3.654236e-01 3.102213e-01 3.659560e-01 -1.435286e-01 -1.260627e-01 4.957146e-01 -3.247594e-01 4.168559e+00 -8.562242e-01 2.220696e+00 -5.892516e-01 5.916718e-01
2.160800e+02 3.727925e-01 3.067916e-01 3.729245e-01 -1.348113e-01 -1.215820e-01 4.790948e-01 -3.235628e-01 4.153697e+00 -8.624304e-01 2.214838e+00 -5.947065e-01 5.875750e-01
2.161600e+02 3.779517e-01 3.022557e-01 3.780795e-01 -1.249159e-01 -1.173761e-01 4.673630e-01 -3.234445e-01 4.141508e+00 -8.697976e-01 2.209475e+00 -6.018842e-01 5.843058e-01
2.162400e+02 3.811932e-01 2.973646e-01 3.814049e-01 -1.137407e-01 -1.153638e-01 4.589624e-01 -3.252537e-01 4.129864e+00 -8.772017e-01 2.204104e+00 -6.099250e-01 5.819386e-01
2.163200e+02 3.776733e-01 2.922338e-01 3.807774e-01 -1.012380e-01 -1.167697e-01 4.508250e-01 -3.294342e-01 4.117405e+00 -8.859070e-01 2.195373e+00 -6.194531e-01 5.676558e-01
2.164000e+02 3.756290e-01 2.867956e-01 3.800967e-01 -8.727083e-02 -1.186600e-01 4.455608e-01 -3.341711e-01 4.106705e+00 -8.939637e-01 2.187360e+00 -6.296364e-01 5.609313e-01
2.164800e+02 3.725481e-01 2.809980e-01 3.784483e-01 -7.192487e-02 -1.218726e-01 4.421272e-01 -3.396982e-01 4.097390e+00 -9.023514e-01 2.179931e+00 -6.404709e-01 5.560627e-01
2.165600e+02 3.688636e-01 2.774425e-01 3.767523e-01 -5.538918e-02 -1.258453e-01 4.405734e-01 -3.456568e-01 4.089869e+00 -9.112383e-01 2.174132e+00 -6.527306e-01 5.536090e-01
2.166400e+02 3.640273e-01 2.574706e-01 3.701510e-01 -4.183527e-02 -1.324513e-01 4.369070e-01 -3.517023e-01 4.079993e+00 -9.193029e-01 2.166068e+00 -6.614970e-01 5.460752e-01
2.167200e+02 3.580230e-01 2.428046e-01 3.634003e-01 -2.686313e-02 -1.394082e-01 4.347094e-01 -3.585858e-01 4.071836e+00 -9.278424e-01 2.157828e+00 -6.707543e-01 5.411981e-01
2.168000e+02 3.492875e-01 2.286416e-01 3.545162e-01 -1.196556e-02 -1.478181e-01 4.323301e-01 -3.663787e-01 4.062875e+00 -9.368865e-01 2.147971e+00 -6.801238e-01 5.320797e-01
2.168800e+02 3.423490e-01 2.129181e-01 3.449334e-01 2.161190e-03 -1.562273e-01 4.300899e-01 -3.740989e-01 4.053876e+00 -9.457399e-01 2.138372e+00 -6.886976e-01 5.263839e-01
2.169600e+02 3.361811e-01 1.991381e-01 3.353426e-01 1.673662e-02 -1.646294e-01 4.282641e-01 -3.818727e-01 4.045056e+00 -9.550095e-01 2.129324e+00 -6.974692e-01 5.221456e-01
2.170400e+02 3.309953e-01 1.862868e-01 3.254318e-01 3.045294e-02 -1.730370e-01 4.262841e-01 -3.895041e-01 4.035843e+00 -9.644314e-01 2.120624e+00 -7.059446e-01 5.189326e-01
2.171200e+02 3.256124e-01 1.744463e-01 3.152704e-01 4.469544e-02 -1.811584e-01 4.245807e-01 -3.970185e-01 4.026499e+00 -9.743041e-01 2.112591e+00 -7.145199e-01 5.167059e-01
2.172000e+02 3.202901e-01 1.636701e-01 3.049589e-01 5.892311e-02 -1.889192e-01 4.230543e-01 -4.043474e-01 4.016825e+00 -9.845733e-01 2.105254e+00 -7.230115e-01 5.154349e-01
2.172800e+02 3.149433e-01 1.538907e-01 2.945129e-01 7.301910e-02 -1.962223e-01 4.217051e-01 -4.114752e-01 4.006761e+00 -9.952759e-01 2.098691e+00 -7.313160e-01 5.150983e-01
2.173600e+02 3.095009e-01 1.449718e-01 2.839418e-01 8.686501e-02 -2.029963e-01 4.205290e-01 -4.183959e-01 3.996264e+00 -1.006453e+00 2.092980e+00 -7.393022e-01 5.156884e-01
2.174400e+02 3.039278e-01 1.367390e-01 2.732507e-01 1.003344e-01 -2.091985e-01 4.195108e-01 -4.251193e-01 3.985291e+00 -1.018158e+00 2.088177e+00 -7.468263e-01 5.171930e-01
2.175200e+02 2.982310e-01 1.290337e-01 2.624526e-01 1.133178e-01 -2.148058e-01 4.186405e-01 -4.316619e-01 3.973842e+00 -1.030451e+00 2.084345e+00 -7.537305e-01 5.196143e-01
2.176000e+02 2.923331e-01 1.216107e-01 2.514345e-01 1.254436e-01 -2.198109e-01 4.183469e-01 -4.381623e-01 3.962019e+00 -1.043519e+00 2.081591e+00 -7.599609e-01 5.229275e-01
2.176800e+02 2.872624e-01 1.141706e-01 2.411503e-01 1.370351e-01 -2.236515e-01 4.181934e-01 -4.439325e-01 3.950280e+00 -1.056538e+00 2.081340e+00 -7.651483e-01 5.298550e-01
2.177600e+02 2.835434e-01 1.070132e-01 2.312652e-01 1.483169e-01 -2.268036e-01 4.183516e-01 -4.495567e-01 3.938700e+00 -1.071037e+00 2.083007e+00 -7.687596e-01 5.382564e-01
2.178400e+02 2.797507e-01 9.385067e-02 2.247834e-01 1.534740e-01 -2.214805e-01 4.131085e-01 -4.539576e-01 3.953312e+00 -1.094695e+00 2.072091e+00 -7.733576e-01 5.383311e-01
2.179200e+02 2.745526e-01 8.730847e-02 2.138840e-01 1.631313e-01 -2.232391e-01 4.135994e-01 -4.631273e-01 3.949961e+00 -1.111499e+00 2.073070e+00 -7.743183e-01 5.459273e-01
2.180000e+02 2.671609e-01 8.243576e-02 2.009662e-01 1.728342e-01 -2.273417e-01 4.140837e-01 -4.731826e-01 3.942098e+00 -1.130544e+00 2.068711e+00 -7.768201e-01 5.593061e-01
2.180800e+02 2.607408e-01 7.596857e-02 1.894483e-01 1.811221e-01 -2.299822e-01 4.147265e-01 -4.812784e-01 3.930606e+00 -1.149815e+00 2.070682e+00 -7.760136e-01 5.710520e-01
2.181600e+02 2.544335e-01 6.903511e-02 1.781460e-01 1.884449e-01 -2.322693e-01 4.152095e-01 -4.890749e-01 3.916950e+00 -1.170595e+00 2.076024e+00 -7.732837e-01 5.830157e-01
2.182400e+02 2.495360e-01 6.195666e-02 1.675405e-01 1.951808e-01 -2.339752e-01 4.156520e-01 -4.966314e-01 3.902034e+00 -1.192818e+00 2.084958e+00 -7.687251e-01 5.983956e-01
2.183200e+02 2.433207e-01 4.683800e-02 1.600888e-01 1.878982e-01 -2.248214e-01 4.045667e-01 -5.043490e-01 3.923937e+00 -1.229622e+00 2.071423e+00 -7.660370e-01 5.930005e-01
2.184000e+02 2.362426e-01 3.803777e-02 1.493899e-01 1.869243e-01 -2.225413e-01 3.993912e-01 -5.169456e-01 3.928336e+00 -1.258242e+00 2.073284e+00 -7.609771e-01 6.014845e-01
2.184800e+02 2.296005e-01 2.303113e-02 1.416376e-01 1.801700e-01 -2.135865e-01 3.893697e-01 -5.278315e-01 3.942401e+00 -1.295277e+00 2.069538e+00 -7.554216e-01 6.049609e-01
2.185600e+02 2.215434e-01 1.180495e-02 1.305891e-01 1.756351e-01 -2.099241e-01 3.825424e-01 -5.424123e-01 3.939643e+00 -1.328567e+00 2.076754e+00 -7.464238e-01 6.140605e-01
2.186400e+02 2.128579e-01 6.999275e-04 1.188392e-01 1.709928e-01 -2.081224e-01 3.768541e-01 -5.568577e-01 3.921537e+00 -1.362313e+00 2.089872e+00 -7.354167e-01 6.252216e-01
2.187200e+02 2.002778e-01 -7.226693e-03 1.030189e-01 1.674475e-01 -2.120298e-01 3.715197e-01 -5.777887e-01 3.894635e+00 -1.397538e+00 2.089178e+00 -7.271949e-01 6.459197e-01
2.188000e+02 1.889393e-01 -1.874268e-02 8.980091e-02 1.613520e-01 -2.126847e-01 3.667214e-01 -5.952901e-01 3.866526e+00 -1.431026e+00 2.099193e+00 -7.156597e-01 6.637345e-01
2.188800e+02 1.782502e-01 -3.003190e-02 7.596228e-02 1.557295e-01 -2.162532e-01 3.621569e-01 -6.122327e-01 3.835964e+00 -1.461618e+00 2.114004e+00 -6.998843e-01 6.810567e-01
2.189600e+02 1.659686e-01 -4.598691e-02 5.904047e-02 1.487050e-01 -2.232672e-01 3.561675e-01 -6.296037e-01 3.803614e+00 -1.491982e+00 2.128789e+00 -6.808724e-01 6.910233e-01
2.190400e+02 1.569254e-01 -6.038409e-02 4.443646e-02 1.419633e-01 -2.298299e-01 3.509833e-01 -6.446381e-01 3.773572e+00 -1.518387e+00 2.148900e+00 -6.612621e-01 7.115249e-01
2.191200e+02 1.464565e-01 -6.592917e-02 3.023082e-02 1.379436e-01 -2.385270e-01 3.466691e-01 -6.604221e-01 3.745624e+00 -1.543857e+00 2.166429e+00 -6.440902e-01 7.350829e-01
2.192000e+02 1.367951e-01 -7.668674e-02 1.666833e-02 1.321432e-01 -2.471302e-01 3.411631e-01 -6.735955e-01 3.719791e+00 -1.564682e+00 2.187025e+00 -6.236550e-01 7.542288e-01
2.192800e+02 1.276989e-01 -8.902926e-02 3.008909e-03 1.255182e-01 -2.564687e-01 3.345741e-01 -6.852748e-01 3.695990e+00 -1.581756e+00 2.208531e+00 -6.015462e-01 7.707235e-01
2.193600e+02 1.194574e-01 -1.024369e-01 -1.108877e-02 1.184309e-01 -2.667253e-01 3.266649e-01 -6.953829e-01 3.672851e+00 -1.594028e+00 2.230150e+00 -5.774584e-01 7.847105e-01
2.194400e+02 1.119650e-01 -1.176249e-01 -2.517523e-02 1.098838e-01 -2.771002e-01 3.185051e-01 -7.047041e-01 3.652681e+00 -1.602295e+00 2.248211e+00 -5.527905e-01 7.956275e-01
2.195200e+02 1.070973e-01 -1.361902e-01 -4.018831e-02 9.723150e-02 -2.877054e-01 3.073204e-01 -7.119265e-01 3.634611e+00 -1.604510e+00 2.261349e+00 -5.256681e-01 8.028384e-01
2.196000e+02 9.998410e-02 -1.529259e-01 -5.668740e-02 8.586615e-02 -2.993886e-01 2.946925e-01 -7.189187e-01 3.619167e+00 -1.603477e+00 2.266553e+00 -4.988741e-01 7.995891e-01
2.196800e+02 9.515064e-02 -1.709572e-01 -7.219028e-02 7.369670e-02 -3.095553e-01 2.810825e-01 -7.231789e-01 3.607632e+00 -1.594568e+00 2.267335e+00 -4.717437e-01 7.978457e-01
2.197600e+02 9.330065e-02 -1.951291e-01 -8.898210e-02 5.723885e-02 -3.194026e-01 2.642832e-01 -7.249748e-01 3.598658e+00 -1.578854e+00 2.261931e+00 -4.409344e-01 7.901940e-01
2.198400e+02 9.207928e-02 -2.159863e-01 -1.044259e-01 4.243451e-02 -3.273596e-01 2.470208e-01 -7.241517e-01 3.595057e+00 -1.557910e+00 2.252797e+00 -4.098361e-01 7.809190e-01
2.199200e+02 9.220000e-02 -2.369216e-01 -1.197150e-01 2.714436e-02 -3.341070e-01 2.281923e-01 -7.207647e-01 3.595301e+00 -1.531626e+00 2.238497e+00 -3.772135e-01 7.694144e-01
2.200000e+02 9.393765e-02 -2.590429e-01 -1.343205e-01 1.091743e-02 -3.389694e-01 2.080798e-01 -7.145650e-01 3.599786e+00 -1.500659e+00 2.220716e+00 -3.436589e-01 7.542173e-01
2.200800e+02 9.738878e-02 -2.812283e-01 -1.482111e-01 -5.982217e-03 -3.418121e-01 1.862752e-01 -7.054822e-01 3.607819e+00 -1.465405e+00 2.199717e+00 -3.090579e-01 7.360744e-01
2.201600e+02 1.023370e-01 -3.104627e-01 -1.631074e-01 -2.507240e-02 -3.432925e-01 1.614672e-01 -6.938794e-01 3.617312e+00 -1.426046e+00 2.174235e+00 -2.716344e-01 7.122171e-01
2.202400e+02 1.092905e-01 -3.372230e-01 -1.764737e-01 -4.450918e-02 -3.420088e-01 1.339688e-01 -6.787677e-01 3.629101e+00 -1.383338e+00 2.146753e+00 -2.330926e-01 6.871389e-01
2.203200e+02 1.180339e-01 -3.692761e-01 -1.899056e-01 -6.621245e-02 -3.387303e-01 1.044964e-01 -6.621426e-01 3.640931e+00 -1.338139e+00 2.116106e+00 -1.921746e-01 6.574693e-01
2.204000e+02 1.281815e-01 -3.980299e-01 -2.016973e-01 -8.876480e-02 -3.330267e-01 7.340804e-02 -6.444745e-01 3.652478e+00 -1.291332e+00 2.081414e+00 -1.515249e-01 6.287559e-01
2.204800e+02 1.405597e-01 -4.246888e-01 -2.125179e-01 -1.111122e-01 -3.270240e-01 4.099632e-02 -6.274443e-01 3.660911e+00 -1.242263e+00 2.043072e+00 -1.090387e-01 6.003777e-01
2.205600e+02 1.582152e-01 -4.540938e-01 -2.175252e-01 -1.359385e-01 -3.142907e-01 7.107478e-03 -6.029905e-01 3.668540e+00 -1.191397e+00 2.023755e+00 -6.171942e-02 5.629003e-01
2.206400e+02 1.761892e-01 -4.898122e-01 -2.240948e-01 -1.631482e-01 -3.012756e-01 -3.062105e-02 -5.798958e-01 3.674023e+00 -1.141825e+00 1.995981e+00 -1.466447e-02 5.242528e-01
2.207200e+02 1.956822e-01 -5.213034e-01 -2.281441e-01 -1.914789e-01 -2.860147e-01 -6.875131e-02 -5.568875e-01 3.677012e+00 -1.092359e+00 1.966437e+00 3.180174e-02 4.849613e-01
2.208000e+02 2.179848e-01 -5.517194e-01 -2.273471e-01 -2.184447e-01 -2.670211e-01 -1.081767e-01 -5.312788e-01 3.678807e+00 -1.043258e+00 1.943216e+00 8.029414e-02 4.452623e-01
2.208800e+02 2.408281e-01 -5.786600e-01 -2.247697e-01 -2.442610e-01 -2.479043e-01 -1.490506e-01 -5.066799e-01 3.677458e+00 -9.956924e-01 1.916737e+00 1.273464e-01 4.066807e-01
2.209600e+02 2.667740e-01 -6.030096e-01 -2.191853e-01 -2.712065e-01 -2.282257e-01 -1.914667e-01 -4.822996e-01 3.672339e+00 -9.486769e-01 1.889159e+00 1.742758e-01 3.693939e-01
2.210400e+02 2.950048e-01 -6.242399e-01 -2.104682e-01 -2.982189e-01 -2.084971e-01 -2.351940e-01 -4.582559e-01 3.663519e+00 -9.021890e-01 1.861242e+00 2.210921e-01 3.323966e-01
2.211200e+02 3.251762e-01 -6.424120e-01 -1.988408e-01 -3.251122e-01 -1.889640e-01 -2.811503e-01 -4.346913e-01 3.652218e+00 -8.562202e-01 1.832704e+00 2.678632e-01 2.942317e-01
2.212000e+02 3.593424e-01 -6.587601e-01 -1.810999e-01 -3.518936e-01 -1.676180e-01 -3.268416e-01 -4.081799e-01 3.638607e+00 -8.108408e-01 1.816030e+00 3.170321e-01 2.516657e-01
2.212800e+02 3.938438e-01 -6.694877e-01 -1.613313e-01 -3.767262e-01 -1.487479e-01 -3.733996e-01 -3.831514e-01 3.622514e+00 -7.670173e-01 1.796107e+00 3.635034e-01 2.101999e-01
2.213600e+02 4.267662e-01 -6.734581e-01 -1.406650e-01 -3.985080e-01 -1.343238e-01 -4.198510e-01 -3.633142e-01 3.603030e+00 -7.261154e-01 1.765667e+00 4.063385e-01 1.739698e-01
2.214400e+02 4.612850e-01 -6.737885e-01 -1.156330e-01 -4.185247e-01 -1.204235e-01 -4.661179e-01 -3.421622e-01 3.578797e+00 -6.866977e-01 1.740336e+00 4.487715e-01 1.368406e-01
2.215200e+02 4.941030e-01 -6.659119e-01 -8.971126e-02 -4.348741e-01 -1.104605e-01 -5.113344e-01 -3.222266e-01 3.547129e+00 -6.454754e-01 1.713199e+00 4.905709e-01 9.592587e-02
2.216000e+02 5.294518e-01 -6.577634e-01 -5.752818e-02 -4.497279e-01 -9.863726e-02 -5.556984e-01 -2.987769e-01 3.519089e+00 -6.052236e-01 1.695345e+00 5.326112e-01 5.234828e-02
2.216800e+02 5.638581e-01 -6.440949e-01 -2.372246e-02 -4.600969e-01 -9.005152e-02 -5.976467e-01 -2.763706e-01 3.485452e+00 -5.646086e-01 1.675778e+00 5.719636e-01 1.084184e-02
2.217600e+02 5.971631e-01 -6.270453e-01 1.250858e-02 -4.669629e-01 -8.242722e-02 -6.390102e-01 -2.537693e-01 3.455239e+00 -5.252619e-01 1.654847e+00 6.089447e-01 -3.143623e-02
2.218400e+02 6.283339e-01 -6.029321e-01 4.825265e-02 -4.671185e-01 -8.084027e-02 -6.762071e-01 -2.322927e-01 3.406584e+00 -4.814848e-01 1.641717e+00 6.452936e-01 -6.993961e-02
2.219200e+02 6.581136e-01 -5.760151e-01 8.794608e-02 -4.634951e-01 -7.758817e-02 -7.118798e-01 -2.081538e-01 3.357481e+00 -4.409961e-01 1.624973e+00 6.787240e-01 -1.116876e-01
2.220000e+02 6.858147e-01 -5.471248e-01 1.297367e-01 -4.563415e-01 -7.355168e-02 -7.460828e-01 -1.849657e-01 3.315140e+00 -4.024955e-01 1.604162e+00 7.099733e-01 -1.559364e-01
2.220800e+02 7.108528e-01 -5.183630e-01 1.718222e-01 -4.461630e-01 -6.941659e-02 -7.785215e-01 -1.631312e-01 3.275531e+00 -3.648145e-01 1.581422e+00 7.398398e-01 -2.019711e-01
2.221600e+02 7.328061e-01 -4.897470e-01 2.131625e-01 -4.331753e-01 -6.575402e-02 -8.069353e-01 -1.439161e-01 3.235781e+00 -3.282307e-01 1.557121e+00 7.682322e-01 -2.495651e-01
2.222400e+02 7.511228e-01 -4.612306e-01 2.542187e-01 -4.146301e-01 -6.285257e-02 -8.319253e-01 -1.268672e-01 3.195809e+00 -2.931673e-01 1.531664e+00 7.948141e-01 -2.983522e-01
2.223200e+02 7.651114e-01 -4.337572e-01 2.933844e-01 -3.916401e-01 -6.053180e-02 -8.552944e-01 -1.100325e-01 3.155843e+00 -2.588503e-01 1.505471e+00 8.201325e-01 -3.475690e-01
2.224000e+02 7.742511e-01 -4.090272e-01 3.301823e-01 -3.608341e-01 -5.987815e-02 -8.730231e-01 -9.531907e-02 3.116620e+00 -2.264212e-01 1.478661e+00 8.433834e-01 -3.972771e-01
2.224800e+02 7.796474e-01 -3.841702e-01 3.625818e-01 -3.295205e-01 -6.073406e-02 -8.880454e-01 -8.608192e-02 3.076124e+00 -1.944025e-01 1.440844e+00 8.660585e-01 -4.431670e-01
2.225600e+02 7.801324e-01 -3.652830e-01 3.944562e-01 -2.979697e-01 -5.650459e-02 -9.043406e-01 -7.628367e-02 3.049514e+00 -1.696006e-01 1.402611e+00 8.866937e-01 -4.958593e-01
2.226400e+02 7.777257e-01 -3.501601e-01 4.221704e-01 -2.660840e-01 -5.288441e-02 -9.150968e-01 -6.697540e-02 3.006718e+00 -1.440036e-01 1.367071e+00 9.064566e-01 -5.457518e-01
2.227200e+02 7.708738e-01 -3.390354e-01 4.461041e-01 -2.302845e-01 -4.973890e-02 -9.223998e-01 -5.997408e-02 2.961436e+00 -1.192803e-01 1.331750e+00 9.256308e-01 -5.947831e-01
2.228000e+02 7.602100e-01 -3.363521e-01 4.669196e-01 -2.001123e-01 -4.204095e-02 -9.325940e-01 -5.461300e-02 2.933572e+00 -1.002317e-01 1.286989e+00 9.434914e-01 -6.522119e-01
2.228800e+02 7.459507e-01 -3.410163e-01 4.854029e-01 -1.698143e-01 -2.974536e-02 -9.430043e-01 -4.965617e-02 2.916490e+00 -8.664624e-02 1.235691e+00 9.584004e-01 -7.094785e-01
2.229600e+02 7.305303e-01 -3.489693e-01 4.969319e-01 -1.422983e-01 -2.063415e-02 -9.503722e-01 -4.623343e-02 2.882945e+00 -7.048060e-02 1.188292e+00 9.750019e-01 -7.608062e-01
2.230400e+02 7.115030e-01 -3.573911e-01 5.039181e-01 -1.119747e-01 -1.321536e-02 -9.546952e-01 -4.536159e-02 2.842864e+00 -5.448111e-02 1.142717e+00 9.910774e-01 -8.097886e-01
2.231200e+02 6.913637e-01 -3.733880e-01 5.095148e-01 -8.472858e-02 -2.203709e-03 -9.567633e-01 -4.609937e-02 2.814566e+00 -4.387584e-02 1.093235e+00 1.005577e+00 -8.570447e-01
2.232000e+02 6.690758e-01 -3.897339e-01 5.094031e-01 -5.616119e-02 4.612937e-03 -9.538422e-01 -5.109860e-02 2.781349e+00 -3.083079e-02 1.050596e+00 1.020255e+00 -8.968493e-01
2.232800e+02 6.444792e-01 -4.063782e-01 5.038023e-01 -2.666888e-02 6.994467e-03 -9.459256e-01 -6.155171e-02 2.744825e+00 -1.772471e-02 1.003488e+00 1.034428e+00 -9.288274e-01
2.233600e+02 6.195963e-01 -4.267444e-01 4.960592e-01 9.429829e-04 9.429505e-03 -9.343996e-01 -6.861182e-02 2.706611e+00 -5.361987e-03 9.682526e-01 1.048814e+00 -9.592584e-01
2.234400e+02 5.941689e-01 -4.488206e-01 4.852060e-01 2.719962e-02 1.038342e-02 -9.196441e-01 -7.650077e-02 2.671090e+00 7.184954e-03 9.334589e-01 1.063010e+00 -9.861442e-01
2.235200e+02 5.684969e-01 -4.723400e-01 4.716621e-01 5.162901e-02 1.015063e-02 -9.022416e-01 -8.441667e-02 2.638052e+00 1.981685e-02 9.000815e-01 1.076928e+00 -1.010103e+00
2.236000e+02 5.428637e-01 -4.990877e-01 4.546132e-01 7.236069e-02 8.328038e-03 -8.840453e-01 -9.239381e-02 2.605900e+00 3.292427e-02 8.657605e-01 1.091830e+00 -1.031345e+00
2.236800e+02 5.175545e-01 -5.251888e-01 4.365571e-01 9.146440e-02 6.311657e-03 -8.637777e-01 -9.997723e-02 2.576947e+00 4.540468e-02 8.337261e-01 1.105328e+00 -1.050824e+00
2.237600e+02 4.922527e-01 -5.488725e-01 4.173146e-01 1.088271e-01 3.696510e-03 -8.421532e-01 -1.075167e-01 2.550151e+00 5.744711e-02 8.021759e-01 1.117717e+00 -1.068790e+00
2.238400e+02 4.672758e-01 -5.737447e-01 3.968208e-01 1.230065e-01 7.349504e-04 -8.201123e-01 -1.148161e-01 2.525035e+00 6.902776e-02 7.713759e-01 1.129752e+00 -1.084976e+00
2.239200e+02 4.427871e-01 -5.980791e-01 3.754832e-01 1.343985e-01 -2.506044e-03 -7.978828e-01 -1.219942e-01 2.501460e+00 8.017392e-02 7.410283e-01 1.141211e+00 -1.099858e+00
2.240000e+02 4.197126e-01 -6.241925e-01 3.534624e-01 1.399190e-01 -4.869252e-03 -7.774052e-01 -1.291897e-01 2.483019e+00 8.948966e-02 7.061332e-01 1.152108e+00 -1.114609e+00
2.240800e+02 3.966348e-01 -6.467989e-01 3.312676e-01 1.449616e-01 -7.835099e-03 -7.565076e-01 -1.370058e-01 2.464797e+00 9.875633e-02 6.736688e-01 1.162235e+00 -1.127475e+00
2.241600e+02 3.717535e-01 -6.664327e-01 3.070716e-01 1.472767e-01 -1.293566e-02 -7.367137e-01 -1.457872e-01 2.443801e+00 1.074982e-01 6.394682e-01 1.171879e+00 -1.146598e+00
2.242400e+02 3.478100e-01 -6.843959e-01 2.839270e-01 1.478494e-01 -1.694154e-02 -7.166718e-01 -1.540839e-01 2.423734e+00 1.159656e-01 6.064832e-01 1.179179e+00 -1.161791e+00
2.243200e+02 3.247768e-01 -7.002103e-01 2.615188e-01 1.466745e-01 -2.037418e-02 -6.969097e-01 -1.620527e-01 2.404139e+00 1.242349e-01 5.741799e-01 1.185663e+00 -1.175187e+00
2.244000e+02 3.027317e-01 -7.138369e-01 2.400060e-01 1.440388e-01 -2.317577e-02 -6.775344e-01 -1.696837e-01 2.385146e+00 1.322736e-01 5.425794e-01 1.191642e+00 -1.187045e+00
2.244800e+02 2.837129e-01 -7.229219e-01 2.185888e-01 1.314772e-01 -2.589341e-02 -6.611156e-01 -1.793613e-01 2.364890e+00 1.409062e-01 5.024564e-01 1.197980e+00 -1.194277e+00
2.245600e+02 2.649694e-01 -7.306808e-01 1.994901e-01 1.224385e-01 -2.825559e-02 -6.448090e-01 -1.874298e-01 2.344347e+00 1.485089e-01 4.676562e-01 1.204446e+00 -1.201780e+00
2.246400e+02 2.475646e-01 -7.371901e-01 1.820397e-01 1.131323e-01 -2.956890e-02 -6.288653e-01 -1.945224e-01 2.324671e+00 1.558566e-01 4.348125e-01 1.210786e+00 -1.207545e+00
2.247200e+02 2.310488e-01 -7.422099e-01 1.651983e-01 1.038415e-01 -3.047994e-02 -6.138522e-01 -2.009798e-01 2.305207e+00 1.636023e-01 4.026701e-01 1.217383e+00 -1.212620e+00
2.248000e+02 2.162315e-01 -7.455830e-01 1.501168e-01 9.362811e-02 -3.030115e-02 -5.996051e-01 -2.064480e-01 2.286550e+00 1.712180e-01 3.722601e-01 1.223768e+00 -1.216437e+00
2.248800e+02 2.029961e-01 -7.528007e-01 1.398207e-01 7.798140e-02 -2.161344e-02 -5.916603e-01 -2.100525e-01 2.293027e+00 1.719432e-01 3.310074e-01 1.228020e+00 -1.226572e+00
2.249600e+02 1.893408e-01 -7.559303e-01 1.289401e-01 6.521383e-02 -1.490919e-02 -5.825890e-01 -2.144589e-01 2.291769e+00 1.745233e-01 2.970229e-01 1.231570e+00 -1.232196e+00
2.250400e+02 1.759349e-01 -7.567610e-01 1.188163e-01 5.341369e-02 -8.910620e-03 -5.734344e-01 -2.188668e-01 2.285682e+00 1.775965e-01 2.658735e-01 1.234793e+00 -1.236127e+00
2.251200e+02 1.589824e-01 -7.545551e-01 1.070883e-01 4.248412e-02 -5.317427e-03 -5.652332e-01 -2.250747e-01 2.274391e+00 1.794356e-01 2.307240e-01 1.237720e+00 -1.246337e+00
2.252000e+02 1.429635e-01 -7.466517e-01 9.902534e-02 3.345972e-02 -1.351049e-04 -5.550994e-01 -2.306484e-01 2.263116e+00 1.811352e-01 2.003418e-01 1.236369e+00 -1.251936e+00
2.252800e+02 1.271527e-01 -7.346495e-01 9.343657e-02 2.600546e-02 5.725440e-03 -5.437565e-01 -2.354537e-01 2.251635e+00 1.828253e-01 1.733023e-01 1.233017e+00 -1.255403e+00
2.253600e+02 1.114695e-01 -7.261400e-01 8.799218e-02 1.842215e-02 1.092278e-02 -5.325336e-01 -2.406767e-01 2.239143e+00 1.851958e-01 1.463253e-01 1.230301e+00 -1.258677e+00
2.254400e+02 9.680425e-02 -7.174524e-01 8.319704e-02 1.189602e-02 1.515275e-02 -5.204149e-01 -2.475640e-01 2.226704e+00 1.877478e-01 1.172259e-01 1.227314e+00 -1.257312e+00
2.255200e+02 8.427615e-02 -7.096779e-01 8.044826e-02 5.766077e-03 2.011209e-02 -5.074556e-01 -2.530094e-01 2.214430e+00 1.905672e-01 9.291066e-02 1.225124e+00 -1.253151e+00
2.256000e+02 7.246516e-02 -7.036362e-01 7.922010e-02 1.328829e-05 2.520993e-02 -4.936654e-01 -2.581449e-01 2.203312e+00 1.929005e-01 7.053135e-02 1.223296e+00 -1.248417e+00
2.256800e+02 6.040953e-02 -6.946402e-01 7.847841e-02 -4.453045e-03 2.967834e-02 -4.792197e-01 -2.631770e-01 2.192813e+00 1.955781e-01 4.919220e-02 1.220913e+00 -1.244033e+00
2.257600e+02 4.825660e-02 -6.815741e-01 7.907568e-02 -7.483932e-03 3.407605e-02 -4.634359e-01 -2.681196e-01 2.183822e+00 1.979274e-01 2.949269e-02 1.217253e+00 -1.238896e+00
2.258400e+02 3.576095e-02 -6.683752e-01 7.792400e-02 -8.045672e-03 3.416329e-02 -4.439738e-01 -2.732764e-01 2.162412e+00 2.038896e-01 1.463229e-02 1.214963e+00 -1.231753e+00
2.259200e+02 2.390164e-02 -6.578166e-01 7.830168e-02 -9.858016e-03 3.569886e-02 -4.251370e-01 -2.783064e-01 2.152997e+00 2.086637e-01 -3.070112e-04 1.211512e+00 -1.227723e+00
2.260000e+02 1.211276e-02 -6.471740e-01 7.847877e-02 -1.154783e-02 3.655760e-02 -4.063196e-01 -2.828752e-01 2.144965e+00 2.133950e-01 -1.615657e-02 1.208189e+00 -1.223267e+00
2.260800e+02 7.250734e-04 -6.381801e-01 7.964895e-02 -1.457679e-02 3.911361e-02 -3.884763e-01 -2.867044e-01 2.144322e+00 2.158041e-01 -3.545298e-02 1.204043e+00 -1.220718e+00
2.261600e+02 -1.113002e-02 -6.286404e-01 8.034215e-02 -1.686737e-02 4.086780e-02 -3.701358e-01 -2.908526e-01 2.143436e+00 2.182115e-01 -5.284809e-02 1.199234e+00 -1.217327e+00
2.262400e+02 -2.280583e-02 -6.189462e-01 8.085302e-02 -1.948561e-02 4.223776e-02 -3.516004e-01 -2.950421e-01 2.142254e+00 2.203015e-01 -6.948845e-02 1.193928e+00 -1.213822e+00
2.263200e+02 -3.445692e-02 -6.091595e-01 8.122498e-02 -2.225753e-02 4.338271e-02 -3.327942e-01 -2.992661e-01 2.140906e+00 2.218884e-01 -8.565027e-02 1.188015e+00 -1.210322e+00
2.264000e+02 -4.577624e-02 -6.015491e-01 8.284308e-02 -2.716036e-02 4.742215e-02 -3.156750e-01 -3.031693e-01 2.149531e+00 2.200095e-01 -1.062793e-01 1.180685e+00 -1.209639e+00
2.264800e+02 -5.749613e-02 -5.924256e-01 8.338613e-02 -3.121228e-02 5.007436e-02 -2.973560e-01 -3.078025e-01 2.154782e+00 2.184336e-01 -1.235066e-01 1.172680e+00 -1.207262e+00
2.265600e+02 -6.738399e-02 -5.827422e-01 8.461139e-02 -3.462073e-02 5.296053e-02 -2.775187e-01 -3.125067e-01 2.159428e+00 2.168080e-01 -1.376934e-01 1.164042e+00 -1.199716e+00
2.266400e+02 -7.829317e-02 -5.720116e-01 8.500276e-02 -3.697780e-02 5.506420e-02 -2.586182e-01 -3.167110e-01 2.163050e+00 2.151185e-01 -1.512608e-01 1.155517e+00 -1.194290e+00
2.267200e+02 -8.970782e-02 -5.628374e-01 8.439935e-02 -4.011541e-02 5.671218e-02 -2.382038e-01 -3.219977e-01 2.165888e+00 2.130037e-01 -1.644896e-01 1.146418e+00 -1.189514e+00
2.268000e+02 -1.016911e-01 -5.522606e-01 8.360498e-02 -4.229494e-02 5.809269e-02 -2.163024e-01 -3.281270e-01 2.168737e+00 2.101429e-01 -1.768614e-01 1.135965e+00 -1.184705e+00
2.268800e+02 -1.142996e-01 -5.407375e-01 8.245446e-02 -4.377460e-02 5.916883e-02 -1.930452e-01 -3.349894e-01 2.171739e+00 2.066908e-01 -1.884065e-01 1.124327e+00 -1.179752e+00
2.269600e+02 -1.274915e-01 -5.283086e-01 8.092895e-02 -4.457919e-02 5.994719e-02 -1.684266e-01 -3.425199e-01 2.175088e+00 2.027090e-01 -1.990709e-01 1.111557e+00 -1.174525e+00
2.270400e+02 -1.412371e-01 -5.149635e-01 7.902996e-02 -4.469109e-02 6.044660e-02 -1.424386e-01 -3.506683e-01 2.178955e+00 1.982309e-01 -2.087942e-01 1.097682e+00 -1.168922e+00
2.271200e+02 -1.551574e-01 -5.031490e-01 7.822518e-02 -4.632685e-02 6.393926e-02 -1.173979e-01 -3.589497e-01 2.194231e+00 1.902327e-01 -2.225334e-01 1.081892e+00 -1.165816e+00
2.272000e+02 -1.698625e-01 -4.893454e-01 7.634853e-02 -4.664523e-02 6.638723e-02 -9.037958e-02 -3.679329e-01 2.207474e+00 1.822094e-01 -2.327527e-01 1.064945e+00 -1.160844e+00
2.272800e+02 -1.852423e-01 -4.741345e-01 7.385789e-02 -4.595718e-02 6.826346e-02 -6.162094e-02 -3.776957e-01 2.219779e+00 1.738925e-01 -2.408163e-01 1.046852e+00 -1.154793e+00
2.273600e+02 -2.012595e-01 -4.576971e-01 7.089926e-02 -4.435496e-02 6.967407e-02 -3.117021e-02 -3.881761e-01 2.231680e+00 1.652240e-01 -2.471321e-01 1.027593e+00 -1.147798e+00
2.274400e+02 -2.180903e-01 -4.408877e-01 6.706011e-02 -4.235902e-02 7.035244e-02 1.927985e-03 -3.998923e-01 2.243460e+00 1.559879e-01 -2.520774e-01 1.007290e+00 -1.140033e+00
2.275200e+02 -2.352431e-01 -4.226725e-01 6.349086e-02 -3.916273e-02 7.092185e-02 3.542896e-02 -4.110774e-01 2.255502e+00 1.464585e-01 -2.542673e-01 9.857514e-01 -1.131686e+00
2.276000e+02 -2.530593e-01 -4.031654e-01 5.934049e-02 -3.531292e-02 7.096669e-02 7.095954e-02 -4.232861e-01 2.268575e+00 1.363954e-01 -2.555241e-01 9.628309e-01 -1.122211e+00
2.276800e+02 -2.714628e-01 -3.824027e-01 5.473864e-02 -3.062619e-02 7.047672e-02 1.081439e-01 -4.362069e-01 2.282497e+00 1.259030e-01 -2.553062e-01 9.386292e-01 -1.111650e+00
2.277600e+02 -2.870765e-01 -3.600229e-01 5.001036e-02 -3.329908e-02 7.021957e-02 1.440166e-01 -4.487248e-01 2.295816e+00 1.163772e-01 -2.544378e-01 9.150895e-01 -1.100328e+00
2.278400e+02 -3.042545e-01 -3.364655e-01 4.577717e-02 -3.154795e-02 6.899061e-02 1.820999e-01 -4.620787e-01 2.310866e+00 1.057680e-01 -2.516176e-01 8.895911e-01 -1.087963e+00
2.279200e+02 -3.235976e-01 -3.117381e-01 4.028980e-02 -2.845615e-02 6.672523e-02 2.210733e-01 -4.759972e-01 2.326585e+00 9.472840e-02 -2.478924e-01 8.628150e-01 -1.076822e+00
2.280000e+02 -3.426942e-01 -2.820505e-01 3.532258e-02 -2.292086e-02 6.434024e-02 2.624394e-01 -4.904425e-01 2.344480e+00 8.281846e-02 -2.415658e-01 8.337363e-01 -1.062382e+00
2.280800e+02 -3.594887e-01 -2.549154e-01 2.914581e-02 -2.404233e-02 6.162610e-02 3.020779e-01 -5.045860e-01 2.361790e+00 7.183203e-02 -2.350543e-01 8.058547e-01 -1.048203e+00
2.281600e+02 -3.776765e-01 -2.266168e-01 2.322139e-02 -2.071340e-02 5.813141e-02 3.436491e-01 -5.193597e-01 2.381214e+00 5.972476e-02 -2.263939e-01 7.759772e-01 -1.032436e+00
2.282400e+02 -3.958547e-01 -1.980735e-01 1.682453e-02 -1.608078e-02 5.455090e-02 3.862030e-01 -5.336757e-01 2.402340e+00 4.749771e-02 -2.132948e-01 7.459058e-01 -1.017990e+00
2.283200e+02 -4.146175e-01 -1.709087e-01 9.572245e-03 -1.105198e-02 5.093226e-02 4.292846e-01 -5.475248e-01 2.425328e+00 3.525713e-02 -1.968541e-01 7.152141e-01 -1.004375e+00
2.284000e+02 -4.333295e-01 -1.424402e-01 1.308314e-03 -4.328439e-03 4.650378e-02 4.733176e-01 -5.623193e-01 2.450172e+00 2.266579e-02 -1.813411e-01 6.820910e-01 -9.870069e-01
2.284800e+02 -4.521790e-01 -1.132028e-01 -7.799221e-03 3.707117e-03 4.150966e-02 5.181209e-01 -5.776078e-01 2.476455e+00 9.282949e-03 -1.645443e-01 6.476358e-01 -9.679184e-01
2.285600e+02 -4.713093e-01 -8.380132e-02 -1.773397e-02 1.214984e-02 3.598410e-02 5.656658e-01 -5.945268e-01 2.504144e+00 -5.373333e-03 -1.464323e-01 6.116695e-01 -9.475731e-01
2.286400e+02 -4.908579e-01 -5.372808e-02 -2.958666e-02 2.118865e-02 2.890270e-02 6.164233e-01 -6.131258e-01 2.531485e+00 -2.036009e-02 -1.269925e-01 5.746094e-01 -9.255216e-01
2.287200e+02 -5.060567e-01 -2.365488e-02 -4.019114e-02 2.173474e-02 2.325103e-02 6.626257e-01 -6.287480e-01 2.560471e+00 -3.431742e-02 -1.026116e-01 5.394804e-01 -9.056303e-01
2.288000e+02 -5.227733e-01 7.319799e-03 -5.126936e-02 2.891225e-02 1.603509e-02 7.094253e-01 -6.453615e-01 2.592264e+00 -4.941603e-02 -7.858002e-02 5.015363e-01 -8.821934e-01
2.288800e+02 -5.400704e-01 3.741451e-02 -6.345834e-02 3.580225e-02 8.301466e-03 7.614364e-01 -6.639682e-01 2.626204e+00 -6.669476e-02 -5.210900e-02 4.615330e-01 -8.579321e-01
2.289600e+02 -5.507275e-01 6.688091e-02 -7.240745e-02 4.509740e-02 2.373483e-03 8.128129e-01 -6.798873e-01 2.664907e+00 -8.206356e-02 -1.793602e-02 4.216069e-01 -8.146976e-01
2.290400e+02 -5.653086e-01 9.771643e-02 -8.497626e-02 5.632463e-02 -6.555882e-03 8.624721e-01 -6.976717e-01 2.703819e+00 -1.001504e-01 1.362840e-02 3.833499e-01 -7.853755e-01
2.291200e+02 -5.767113e-01 1.286146e-01 -9.642223e-02 6.948714e-02 -1.416783e-02 9.126457e-01 -7.144423e-01 2.744932e+00 -1.168258e-01 4.994322e-02 3.432980e-01 -7.451094e-01
2.292000e+02 -5.891190e-01 1.558100e-01 -1.108042e-01 8.338121e-02 -2.382340e-02 9.642173e-01 -7.328098e-01 2.785854e+00 -1.349572e-01 8.575148e-02 3.043131e-01 -7.107592e-01
2.292800e+02 -6.019902e-01 1.888401e-01 -1.269429e-01 1.017880e-01 -3.775834e-02 1.017592e+00 -7.514313e-01 2.814806e+00 -1.499812e-01 1.303173e-01 2.645507e-01 -6.701493e-01
2.293600e+02 -6.136314e-01 2.145765e-01 -1.435576e-01 1.190552e-01 -5.056819e-02 1.066204e+00 -7.693520e-01 2.849007e+00 -1.660049e-01 1.717308e-01 2.249343e-01 -6.320174e-01
2.294400e+02 -6.253516e-01 2.437680e-01 -1.607321e-01 1.392931e-01 -6.324563e-02 1.112095e+00 -7.864380e-01 2.886030e+00 -1.823296e-01 2.133184e-01 1.844469e-01 -5.952018e-01
2.295200e+02 -6.352513e-01 2.726085e-01 -1.766298e-01 1.600218e-01 -7.485609e-02 1.158612e+00 -8.029119e-01 2.927312e+00 -1.996679e-01 2.569244e-01 1.425964e-01 -5.559079e-01
2.296000e+02 -6.427694e-01 3.127437e-01 -1.924552e-01 1.871655e-01 -9.058292e-02 1.209064e+00 -8.190877e-01 2.953600e+00 -2.113360e-01 3.163740e-01 1.001844e-01 -5.021991e-01
2.296800e+02 -6.489493e-01 3.486865e-01 -2.070305e-01 2.115029e-01 -1.038984e-01 1.254776e+00 -8.337490e-01 2.986501e+00 -2.256893e-01 3.677173e-01 5.888310e-02 -4.563641e-01
2.297600e+02 -6.536945e-01 3.820636e-01 -2.210943e-01 2.366358e-01 -1.156963e-01 1.299053e+00 -8.471588e-01 3.024650e+00 -2.408951e-01 4.192168e-01 1.726079e-02 -4.108115e-01
2.298400e+02 -6.537475e-01 4.214545e-01 -2.307951e-01 2.633538e-01 -1.241611e-01 1.343827e+00 -8.567419e-01 3.069449e+00 -2.564266e-01 4.783647e-01 -2.589436e-02 -3.586571e-01
2.299200e+02 -6.509583e-01 4.575742e-01 -2.407131e-01 2.826843e-01 -1.320860e-01 1.385791e+00 -8.663380e-01 3.117118e+00 -2.715203e-01 5.349780e-01 -6.692933e-02 -3.106856e-01
2.300000e+02 -6.481652e-01 4.914298e-01 -2.508045e-01 3.058138e-01 -1.404591e-01 1.426481e+00 -8.755179e-01 3.167377e+00 -2.871931e-01 5.911975e-01 -1.077144e-01 -2.622034e-01
2.300800e+02 -6.433366e-01 5.226395e-01 -2.597277e-01 3.279786e-01 -1.463489e-01 1.465298e+00 -8.837102e-01 3.222375e+00 -3.040947e-01 6.483478e-01 -1.484778e-01 -2.119859e-01
2.301600e+02 -6.373561e-01 5.503099e-01 -2.691954e-01 3.483378e-01 -1.526266e-01 1.499638e+00 -8.914955e-01 3.280516e+00 -3.214846e-01 7.042497e-01 -1.874085e-01 -1.647990e-01
2.302400e+02 -6.295930e-01 5.778425e-01 -2.782843e-01 3.705906e-01 -1.573060e-01 1.528541e+00 -8.957649e-01 3.332640e+00 -3.375714e-01 7.641854e-01 -2.247901e-01 -1.177938e-01
2.303200e+02 -6.189064e-01 6.118585e-01 -2.873613e-01 3.987219e-01 -1.672546e-01 1.562832e+00 -9.001841e-01 3.363809e+00 -3.476040e-01 8.387621e-01 -2.612765e-01 -5.910861e-02
2.304000e+02 -6.080202e-01 6.367872e-01 -2.948680e-01 4.229437e-01 -1.758662e-01 1.593463e+00 -9.048980e-01 3.404352e+00 -3.603911e-01 9.088944e-01 -2.963997e-01 -8.628267e-03
2.304800e+02 -5.949942e-01 6.537409e-01 -3.034621e-01 4.429330e-01 -1.839895e-01 1.616239e+00 -9.060340e-01 3.441042e+00 -3.726158e-01 9.712371e-01 -3.256375e-01 3.535748e-02
2.305600e+02 -5.824105e-01 6.750281e-01 -3.074265e-01 4.623704e-01 -1.891236e-01 1.642938e+00 -9.078042e-01 3.486365e+00 -3.879847e-01 1.034926e+00 -3.589559e-01 8.314544e-02
2.306400e+02 -5.670425e-01 6.954010e-01 -3.099285e-01 4.792081e-01 -1.926888e-01 1.666468e+00 -9.064255e-01 3.534232e+00 -4.026696e-01 1.102213e+00 -3.902012e-01 1.302824e-01
2.307200e+02 -5.499363e-01 7.151171e-01 -3.109906e-01 4.940619e-01 -1.957911e-01 1.688466e+00 -9.056238e-01 3.586640e+00 -4.171347e-01 1.166690e+00 -4.204668e-01 1.778329e-01
2.308000e+02 -5.299747e-01 7.383250e-01 -3.085192e-01 5.082289e-01 -1.974788e-01 1.709925e+00 -9.039184e-01 3.643203e+00 -4.316732e-01 1.233082e+00 -4.503948e-01 2.304890e-01
2.308800e+02 -5.093819e-01 7.654078e-01 -3.053004e-01 5.236767e-01 -1.993558e-01 1.724252e+00 -8.993474e-01 3.698338e+00 -4.446039e-01 1.299449e+00 -4.778995e-01 2.826636e-01
2.309600e+02 -4.875523e-01 7.906037e-01 -2.979012e-01 5.323232e-01 -2.005519e-01 1.739699e+00 -8.946819e-01 3.758176e+00 -4.594411e-01 1.367544e+00 -5.056321e-01 3.334298e-01
2.310400e+02 -4.656471e-01 8.112380e-01 -2.900578e-01 5.402576e-01 -2.018593e-01 1.753236e+00 -8.909541e-01 3.819411e+00 -4.752065e-01 1.431686e+00 -5.320121e-01 3.842122e-01
2.311200e+02 -4.432734e-01 8.314923e-01 -2.840755e-01 5.461252e-01 -2.087884e-01 1.767465e+00 -8.879903e-01 3.860964e+00 -4.851411e-01 1.503639e+00 -5.535604e-01 4.387379e-01
2.312000e+02 -4.203947e-01 8.457380e-01 -2.772746e-01 5.473888e-01 -2.171849e-01 1.777134e+00 -8.826268e-01 3.894238e+00 -4.941850e-01 1.573612e+00 -5.702599e-01 4.870695e-01
2.312800e+02 -3.968852e-01 8.602759e-01 -2.632472e-01 5.437936e-01 -2.194174e-01 1.782240e+00 -8.706243e-01 3.939174e+00 -5.070560e-01 1.645526e+00 -5.885020e-01 5.327592e-01
2.313600e+02 -3.734135e-01 8.720412e-01 -2.484605e-01 5.383048e-01 -2.220254e-01 1.784104e+00 -8.599981e-01 3.991210e+00 -5.192460e-01 1.708392e+00 -6.055033e-01 5.781864e-01
2.314400e+02 -3.498825e-01 8.809385e-01 -2.321487e-01 5.310638e-01 -2.243788e-01 1.783221e+00 -8.494222e-01 4.045910e+00 -5.318316e-01 1.769195e+00 -6.205668e-01 6.216513e-01
2.315200e+02 -3.266292e-01 8.884054e-01 -2.153238e-01 5.222067e-01 -2.281020e-01 1.780202e+00 -8.418962e-01 4.100858e+00 -5.447360e-01 1.823527e+00 -6.332595e-01 6.650446e-01
2.316000e+02 -3.031667e-01 8.922030e-01 -1.971984e-01 5.110694e-01 -2.313952e-01 1.774273e+00 -8.338723e-01 4.154419e+00 -5.582645e-01 1.877384e+00 -6.442531e-01 7.067629e-01
2.316800e+02 -2.810053e-01 8.930740e-01 -1.784272e-01 4.995737e-01 -2.346840e-01 1.765986e+00 -8.256426e-01 4.207192e+00 -5.725759e-01 1.928697e+00 -6.542257e-01 7.476473e-01
2.317600e+02 -2.625506e-01 8.896292e-01 -1.595744e-01 4.860260e-01 -2.369340e-01 1.753047e+00 -8.176577e-01 4.263771e+00 -5.884827e-01 1.975826e+00 -6.625479e-01 7.813430e-01
2.318400e+02 -2.433068e-01 8.822559e-01 -1.403975e-01 4.722807e-01 -2.387322e-01 1.738687e+00 -8.103773e-01 4.313793e+00 -6.046572e-01 2.021085e+00 -6.682034e-01 8.158025e-01
2.319200e+02 -2.248682e-01 8.659260e-01 -1.233338e-01 4.565848e-01 -2.424511e-01 1.721798e+00 -8.069601e-01 4.359681e+00 -6.203833e-01 2.058414e+00 -6.701580e-01 8.486751e-01
2.320000e+02 -2.076207e-01 8.447809e-01 -1.073185e-01 4.405197e-01 -2.463108e-01 1.701877e+00 -8.015991e-01 4.401339e+00 -6.357294e-01 2.097434e+00 -6.694361e-01 8.777914e-01
2.320800e+02 -1.911533e-01 8.228548e-01 -9.132003e-02 4.267367e-01 -2.504047e-01 1.681289e+00 -7.961373e-01 4.442832e+00 -6.512701e-01 2.134669e+00 -6.666451e-01 9.061594e-01
2.321600e+02 -1.744670e-01 8.042759e-01 -7.630050e-02 4.180568e-01 -2.591238e-01 1.663565e+00 -7.906063e-01 4.467267e+00 -6.610103e-01 2.181672e+00 -6.619405e-01 9.441319e-01
2.322400e+02 -1.601263e-01 7.848310e-01 -5.730702e-02 4.072644e-01 -2.640239e-01 1.646794e+00 -7.838344e-01 4.501582e+00 -6.792254e-01 2.218585e+00 -6.602036e-01 9.729856e-01
2.323200e+02 -1.474782e-01 7.659712e-01 -4.428696e-02 4.040871e-01 -2.773513e-01 1.630421e+00 -7.782854e-01 4.513325e+00 -6.871601e-01 2.263942e+00 -6.529581e-01 1.007395e+00
2.324000e+02 -1.355282e-01 7.404240e-01 -2.945052e-02 3.996655e-01 -2.866455e-01 1.608041e+00 -7.698166e-01 4.533033e+00 -6.991968e-01 2.300372e+00 -6.451981e-01 1.034497e+00
2.324800e+02 -1.265030e-01 7.142392e-01 -1.893955e-02 3.963664e-01 -3.026026e-01 1.604391e+00 -7.697879e-01 4.534839e+00 -7.076904e-01 2.346477e+00 -6.356760e-01 1.061375e+00
2.325600e+02 -1.154014e-01 6.910622e-01 -1.040444e-02 3.939515e-01 -3.234147e-01 1.582360e+00 -7.613062e-01 4.522430e+00 -7.091689e-01 2.392672e+00 -6.211244e-01 1.090799e+00
2.326400e+02 -1.057055e-01 6.595231e-01 5.525980e-04 3.895626e-01 -3.377733e-01 1.563382e+00 -7.528800e-01 4.531693e+00 -7.181901e-01 2.426062e+00 -6.084487e-01 1.111208e+00
2.327200e+02 -9.209186e-02 6.247764e-01 8.336461e-03 3.733285e-01 -3.523020e-01 1.532844e+00 -7.418205e-01 4.547338e+00 -7.225584e-01 2.450840e+00 -5.885101e-01 1.124042e+00
2.328000e+02 -8.083077e-02 5.974274e-01 1.382568e-02 3.672239e-01 -3.718926e-01 1.510720e+00 -7.324490e-01 4.541786e+00 -7.218521e-01 2.483562e+00 -5.678120e-01 1.142624e+00
2.328800e+02 -6.912482e-02 5.569320e-01 1.858364e-02 3.604185e-01 -3.881070e-01 1.478033e+00 -7.211009e-01 4.548782e+00 -7.224031e-01 2.507599e+00 -5.437442e-01 1.153331e+00
2.329600e+02 -5.686938e-02 5.183691e-01 2.370223e-02 3.575110e-01 -4.007077e-01 1.444863e+00 -7.078646e-01 4.563732e+00 -7.226121e-01 2.528404e+00 -5.187810e-01 1.164060e+00
2.330400e+02 -4.484162e-02 4.785597e-01 2.782210e-02 3.566260e-01 -4.103037e-01 1.409451e+00 -6.932874e-01 4.581172e+00 -7.234343e-01 2.544362e+00 -4.922697e-01 1.169625e+00
2.331200e+02 -3.382577e-02 4.385204e-01 2.953647e-02 3.573406e-01 -4.178434e-01 1.372160e+00 -6.799066e-01 4.596214e+00 -7.250755e-01 2.550141e+00 -4.664313e-01 1.173469e+00
2.332000e+02 -2.194271e-02 3.966504e-01 3.042030e-02 3.582298e-01 -4.212594e-01 1.333700e+00 -6.662330e-01 4.606920e+00 -7.267408e-01 2.554132e+00 -4.387791e-01 1.171684e+00
2.332800e+02 -8.926745e-03 3.531995e-01 3.010772e-02 3.588734e-01 -4.208939e-01 1.294769e+00 -6.534298e-01 4.613018e+00 -7.285446e-01 2.556552e+00 -4.103559e-01 1.167705e+00
2.333600e+02 3.665563e-03 3.165000e-01 2.351730e-02 3.652787e-01 -4.267752e-01 1.262318e+00 -6.436556e-01 4.584711e+00 -7.229695e-01 2.567421e+00 -3.789538e-01 1.165888e+00
2.334400e+02 1.801447e-02 2.756304e-01 1.768329e-02 3.675864e-01 -4.262205e-01 1.225520e+00 -6.344402e-01 4.566887e+00 -7.223129e-01 2.569096e+00 -3.487676e-01 1.156454e+00
2.335200e+02 2.751668e-02 2.357437e-01 9.445339e-03 3.812332e-01 -4.244582e-01 1.193499e+00 -6.267431e-01 4.555024e+00 -7.224549e-01 2.569466e+00 -3.209826e-01 1.144696e+00
2.336000e+02 4.108091e-02 1.952180e-01 -1.989438e-03 3.882470e-01 -4.215744e-01 1.160431e+00 -6.186076e-01 4.543853e+00 -7.209380e-01 2.565053e+00 -2.910010e-01 1.130057e+00
2.336800e+02 5.691731e-02 1.577472e-01 -1.424975e-02 3.930631e-01 -4.168025e-01 1.124459e+00 -6.085902e-01 4.535019e+00 -7.189844e-01 2.558151e+00 -2.613965e-01 1.112898e+00
2.337600e+02 7.421837e-02 1.220146e-01 -2.836069e-02 3.929047e-01 -4.101889e-01 1.092774e+00 -6.001120e-01 4.524811e+00 -7.176717e-01 2.548148e+00 -2.326241e-01 1.092805e+00
2.338400e+02 8.875756e-02 9.363904e-02 -4.238494e-02 3.928638e-01 -4.024731e-01 1.066033e+00 -5.942432e-01 4.515142e+00 -7.187683e-01 2.536402e+00 -2.076245e-01 1.070003e+00
2.339200e+02 1.073637e-01 6.858764e-02 -5.842543e-02 3.859202e-01 -3.970140e-01 1.035300e+00 -5.882030e-01 4.496965e+00 -7.169284e-01 2.521143e+00 -1.808402e-01 1.046229e+00
2.340000e+02 1.290153e-01 4.666049e-02 -7.319350e-02 3.726504e-01 -3.901455e-01 1.003172e+00 -5.820015e-01 4.477412e+00 -7.145885e-01 2.505317e+00 -1.545632e-01 1.023772e+00
2.340800e+02 1.506823e-01 3.036780e-02 -8.783476e-02 3.540625e-01 -3.846436e-01 9.695483e-01 -5.772991e-01 4.454666e+00 -7.123743e-01 2.484176e+00 -1.298887e-01 1.000922e+00
2.341600e+02 1.714539e-01 1.651886e-02 -9.848238e-02 3.412537e-01 -3.765876e-01 9.365496e-01 -5.685362e-01 4.432494e+00 -7.097241e-01 2.476413e+00 -1.054332e-01 9.713531e-01
2.342400e+02 1.936373e-01 8.787635e-03 -1.075777e-01 3.200315e-01 -3.695089e-01 8.980788e-01 -5.586685e-01 4.410583e+00 -7.045264e-01 2.463668e+00 -8.143733e-02 9.421334e-01
2.343200e+02 2.157176e-01 7.896648e-03 -1.131906e-01 2.938904e-01 -3.622184e-01 8.595477e-01 -5.486808e-01 4.387735e+00 -6.986292e-01 2.449197e+00 -5.880847e-02 9.131029e-01
2.344000e+02 2.380257e-01 1.138771e-02 -1.136548e-01 2.613898e-01 -3.544850e-01 8.226930e-01 -5.387735e-01 4.362692e+00 -6.916518e-01 2.437771e+00 -3.596299e-02 8.810410e-01
2.344800e+02 2.596160e-01 2.365378e-02 -1.082159e-01 2.246905e-01 -3.479137e-01 7.854377e-01 -5.296514e-01 4.335457e+00 -6.844365e-01 2.423802e+00 -1.559493e-02 8.506443e-01
2.345600e+02 2.745016e-01 3.948449e-02 -9.786641e-02 1.969822e-01 -3.438218e-01 7.476492e-01 -5.245153e-01 4.310025e+00 -6.783087e-01 2.402247e+00 1.296105e-03 8.241101e-01
2.346400e+02 2.901058e-01 5.682567e-02 -8.285458e-02 1.593874e-01 -3.386872e-01 7.100510e-01 -5.176483e-01 4.280302e+00 -6.722677e-01 2.384739e+00 1.791137e-02 7.946622e-01
2.347200e+02 3.049536e-01 7.173201e-02 -6.291238e-02 1.170160e-01 -3.335172e-01 6.695182e-01 -5.101565e-01 4.250318e+00 -6.648385e-01 2.365441e+00 3.491376e-02 7.648402e-01
2.348000e+02 3.217299e-01 8.916009e-02 -3.690914e-02 6.981679e-02 -3.287116e-01 6.266444e-01 -5.016739e-01 4.217938e+00 -6.554715e-01 2.344675e+00 5.258524e-02 7.354411e-01
2.348800e+02 3.361440e-01 1.078383e-01 -5.531054e-03 2.730611e-02 -3.239606e-01 5.793021e-01 -4.898830e-01 4.185219e+00 -6.443383e-01 2.323810e+00 7.002906e-02 7.069293e-01
2.349600e+02 3.494409e-01 1.245118e-01 3.081440e-02 -1.207169e-02 -3.187461e-01 5.339445e-01 -4.791933e-01 4.152538e+00 -6.332167e-01 2.302451e+00 8.656877e-02 6.779489e-01
2.350400e+02 3.621923e-01 1.377732e-01 7.021000e-02 -4.924134e-02 -3.140733e-01 4.877408e-01 -4.684726e-01 4.118205e+00 -6.211418e-01 2.279853e+00 1.035700e-01 6.480344e-01
2.351200e+02 3.748925e-01 1.514086e-01 1.109882e-01 -7.963767e-02 -3.113723e-01 4.377072e-01 -4.564780e-01 4.079810e+00 -6.063215e-01 2.255616e+00 1.220351e-01 6.195425e-01
2.352000e+02 3.874938e-01 1.608176e-01 1.532481e-01 -1.059349e-01 -3.062552e-01 3.898062e-01 -4.444327e-01 4.042567e+00 -5.918681e-01 2.232717e+00 1.397439e-01 5.892749e-01
2.352800e+02 3.998252e-01 1.666933e-01 1.945580e-01 -1.268176e-01 -3.007971e-01 3.416302e-01 -4.321979e-01 4.004260e+00 -5.768769e-01 2.208574e+00 1.576971e-01 5.581898e-01
2.353600e+02 4.128167e-01 1.700748e-01 2.340133e-01 -1.444651e-01 -2.952222e-01 2.931614e-01 -4.201182e-01 3.964497e+00 -5.612067e-01 2.181519e+00 1.754146e-01 5.271617e-01
2.354400e+02 4.285488e-01 1.639967e-01 2.751346e-01 -1.674904e-01 -2.804580e-01 2.373753e-01 -4.062686e-01 3.950861e+00 -5.518457e-01 2.141411e+00 1.924890e-01 4.869653e-01
2.355200e+02 4.421961e-01 1.602980e-01 3.110799e-01 -1.823342e-01 -2.690658e-01 1.855553e-01 -3.933318e-01 3.920927e+00 -5.369818e-01 2.107317e+00 2.111668e-01 4.506205e-01
2.356000e+02 4.538556e-01 1.533691e-01 3.445707e-01 -1.900916e-01 -2.575011e-01 1.352544e-01 -3.812484e-01 3.884576e+00 -5.230744e-01 2.073027e+00 2.289327e-01 4.134685e-01
2.356800e+02 4.639323e-01 1.435504e-01 3.754744e-01 -1.929136e-01 -2.457270e-01 8.719407e-02 -3.701419e-01 3.843379e+00 -5.090646e-01 2.039278e+00 2.463824e-01 3.755663e-01
2.357600e+02 4.702313e-01 1.310287e-01 4.034972e-01 -1.847232e-01 -2.346649e-01 4.194388e-02 -3.596847e-01 3.799714e+00 -4.951933e-01 2.006456e+00 2.626022e-01 3.374562e-01
2.358400e+02 4.771805e-01 1.144194e-01 4.290236e-01 -1.769200e-01 -2.223199e-01 6.759171e-05 -3.488379e-01 3.754794e+00 -4.800194e-01 1.978817e+00 2.806300e-01 2.961028e-01
2.359200e+02 4.828196e-01 8.679070e-02 4.562083e-01 -1.709851e-01 -2.004224e-01 -4.531322e-02 -3.384703e-01 3.746592e+00 -4.765596e-01 1.927615e+00 2.938576e-01 2.456442e-01
2.360000e+02 4.836424e-01 6.516243e-02 4.742609e-01 -1.513215e-01 -1.896626e-01 -8.000237e-02 -3.358396e-01 3.715848e+00 -4.622984e-01 1.891507e+00 3.090231e-01 2.048290e-01
2.360800e+02 4.852455e-01 3.980085e-02 4.893738e-01 -1.318196e-01 -1.795847e-01 -1.120218e-01 -3.302724e-01 3.678945e+00 -4.479719e-01 1.858342e+00 3.246295e-01 1.652257e-01
2.361600e+02 4.848663e-01 7.170334e-03 5.000134e-01 -1.107138e-01 -1.714037e-01 -1.421590e-01 -3.243768e-01 3.638034e+00 -4.328681e-01 1.824104e+00 3.410102e-01 1.212166e-01
2.362400e+02 4.829539e-01 -2.844889e-02 5.073357e-01 -8.695455e-02 -1.641968e-01 -1.695938e-01 -3.187907e-01 3.595931e+00 -4.182953e-01 1.789515e+00 3.573088e-01 7.733943e-02
2.363200e+02 4.808042e-01 -6.672532e-02 5.101172e-01 -6.343370e-02 -1.583631e-01 -1.952934e-01 -3.135566e-01 3.552268e+00 -4.030158e-01 1.753967e+00 3.742318e-01 3.173686e-02
2.364000e+02 4.786833e-01 -1.082471e-01 5.089078e-01 -3.986483e-02 -1.537776e-01 -2.189355e-01 -3.088701e-01 3.508020e+00 -3.877267e-01 1.717766e+00 3.916822e-01 -1.404232e-02
2.364800e+02 4.767265e-01 -1.521704e-01 5.033327e-01 -1.671629e-02 -1.507322e-01 -2.405895e-01 -3.047966e-01 3.463347e+00 -3.721796e-01 1.680872e+00 4.097050e-01 -6.048648e-02
2.365600e+02 4.735969e-01 -1.970114e-01 4.920743e-01 5.631466e-03 -1.508528e-01 -2.605122e-01 -3.041336e-01 3.417614e+00 -3.564548e-01 1.638664e+00 4.283175e-01 -1.096138e-01
2.366400e+02 4.714804e-01 -2.441669e-01 4.776462e-01 2.523913e-02 -1.510136e-01 -2.795262e-01 -3.020674e-01 3.372372e+00 -3.409934e-01 1.599428e+00 4.469417e-01 -1.592042e-01
2.367200e+02 4.685378e-01 -3.019760e-01 4.647808e-01 3.583508e-02 -1.394307e-01 -3.059283e-01 -2.988995e-01 3.371194e+00 -3.384023e-01 1.536653e+00 4.622451e-01 -2.246677e-01
2.368000e+02 4.663468e-01 -3.504249e-01 4.435866e-01 4.894035e-02 -1.385343e-01 -3.238712e-01 -2.983945e-01 3.342765e+00 -3.249400e-01 1.489080e+00 4.809345e-01 -2.799933e-01
2.368800e+02 4.641193e-01 -3.984912e-01 4.199137e-01 6.166813e-02 -1.395759e-01 -3.392500e-01 -2.982752e-01 3.312199e+00 -3.128493e-01 1.442913e+00 4.989638e-01 -3.336692e-01
2.369600e+02 4.630358e-01 -4.470672e-01 3.956048e-01 6.755538e-02 -1.380279e-01 -3.557524e-01 -2.980753e-01 3.285737e+00 -3.040778e-01 1.391859e+00 5.166309e-01 -3.890882e-01
2.370400e+02 4.621954e-01 -4.911016e-01 3.691330e-01 7.113370e-02 -1.393035e-01 -3.707125e-01 -3.006306e-01 3.252107e+00 -2.928398e-01 1.345169e+00 5.349657e-01 -4.407852e-01
2.371200e+02 4.599194e-01 -5.254186e-01 3.419424e-01 7.390160e-02 -1.423236e-01 -3.842220e-01 -3.038021e-01 3.211993e+00 -2.809284e-01 1.300461e+00 5.525223e-01 -4.928826e-01
2.372000e+02 4.590143e-01 -5.648693e-01 3.184403e-01 6.830292e-02 -1.388763e-01 -4.024935e-01 -3.063892e-01 3.192704e+00 -2.755251e-01 1.246878e+00 5.688443e-01 -5.464640e-01
2.372800e+02 4.576985e-01 -5.984318e-01 2.943054e-01 6.252071e-02 -1.379821e-01 -4.184584e-01 -3.084458e-01 3.160163e+00 -2.673322e-01 1.199273e+00 5.854490e-01 -5.948212e-01
2.373600e+02 4.559151e-01 -6.261900e-01 2.714601e-01 5.642745e-02 -1.374884e-01 -4.329346e-01 -3.111115e-01 3.122398e+00 -2.590508e-01 1.154896e+00 6.014765e-01 -6.397757e-01
2.374400e+02 4.534009e-01 -6.509142e-01 2.493354e-01 4.918156e-02 -1.375155e-01 -4.468596e-01 -3.141933e-01 3.081335e+00 -2.500532e-01 1.113156e+00 6.176307e-01 -6.815506e-01
2.375200e+02 4.502016e-01 -6.716388e-01 2.283700e-01 4.150659e-02 -1.379426e-01 -4.599859e-01 -3.174342e-01 3.038807e+00 -2.402867e-01 1.074244e+00 6.337993e-01 -7.200884e-01
2.376000e+02 4.455948e-01 -6.858045e-01 2.089997e-01 3.559777e-02 -1.386223e-01 -4.715520e-01 -3.207991e-01 2.996811e+00 -2.299578e-01 1.038050e+00 6.489572e-01 -7.555752e-01
2.376800e+02 4.408975e-01 -7.024781e-01 1.934867e-01 2.700811e-02 -1.348318e-01 -4.856325e-01 -3.232621e-01 2.969392e+00 -2.232044e-01 9.965228e-01 6.633711e-01 -7.919646e-01
2.377600e+02 4.342962e-01 -7.148513e-01 1.768149e-01 1.947776e-02 -1.339935e-01 -4.958680e-01 -3.282117e-01 2.939148e+00 -2.135266e-01 9.617166e-01 6.776247e-01 -8.227327e-01
2.378400e+02 4.254012e-01 -7.213034e-01 1.587208e-01 1.552884e-02 -1.372102e-01 -5.082053e-01 -3.352981e-01 2.904323e+00 -2.020768e-01 9.187967e-01 6.925378e-01 -8.461422e-01
2.379200e+02 4.165495e-01 -7.283337e-01 1.430230e-01 1.087921e-02 -1.384514e-01 -5.188832e-01 -3.386445e-01 2.867792e+00 -1.913563e-01 8.866685e-01 7.069026e-01 -8.692073e-01
2.380000e+02 4.076768e-01 -7.356236e-01 1.293300e-01 6.112027e-03 -1.377576e-01 -5.295846e-01 -3.401523e-01 2.836818e+00 -1.817890e-01 8.538117e-01 7.206350e-01 -8.923079e-01
2.380800e+02 3.988459e-01 -7.411874e-01 1.162913e-01 1.857548e-03 -1.372239e-01 -5.401575e-01 -3.410779e-01 2.805224e+00 -1.705522e-01 8.238496e-01 7.343709e-01 -9.132643e-01
2.381600e+02 3.906160e-01 -7.450952e-01 1.042811e-01 -1.414613e-03 -1.363719e-01 -5.519995e-01 -3.397914e-01 2.772804e+00 -1.580429e-01 7.960044e-01 7.481724e-01 -9.325554e-01
2.382400e+02 3.827632e-01 -7.476543e-01 9.336419e-02 -5.220370e-03 -1.349088e-01 -5.603468e-01 -3.386964e-01 2.740541e+00 -1.458790e-01 7.694430e-01 7.608905e-01 -9.510385e-01
2.383200e+02 3.759183e-01 -7.460327e-01 8.479481e-02 -7.317036e-03 -1.328614e-01 -5.693620e-01 -3.363882e-01 2.708709e+00 -1.334224e-01 7.441763e-01 7.727591e-01 -9.678583e-01
2.384000e+02 3.699677e-01 -7.460867e-01 7.662320e-02 -9.778277e-03 -1.304520e-01 -5.789455e-01 -3.333033e-01 2.676493e+00 -1.202385e-01 7.188933e-01 7.852743e-01 -9.842710e-01
2.384800e+02 3.653485e-01 -7.439367e-01 7.019241e-02 -1.130713e-02 -1.272776e-01 -5.903232e-01 -3.289342e-01 2.644720e+00 -1.064828e-01 6.935484e-01 7.975996e-01 -9.995958e-01
2.385600e+02 3.609068e-01 -7.390026e-01 6.413859e-02 -1.185010e-02 -1.249259e-01 -5.998042e-01 -3.281142e-01 2.613171e+00 -9.298530e-02 6.618413e-01 8.090433e-01 -1.011777e+00
2.386400e+02 3.576598e-01 -7.335806e-01 6.040691e-02 -1.272457e-02 -1.208643e-01 -6.089805e-01 -3.248161e-01 2.580186e+00 -7.999918e-02 6.366607e-01 8.205372e-01 -1.024683e+00
2.387200e+02 3.557431e-01 -7.289700e-01 5.957903e-02 -1.459434e-02 -1.148333e-01 -6.153291e-01 -3.217282e-01 2.548815e+00 -6.858867e-02 6.139617e-01 8.313020e-01 -1.034547e+00
2.388000e+02 3.537181e-01 -7.220039e-01 5.916493e-02 -1.581926e-02 -1.091178e-01 -6.226027e-01 -3.177176e-01 2.517117e+00 -5.578886e-02 5.899944e-01 8.421525e-01 -1.045878e+00
2.388800e+02 3.515291e-01 -7.148876e-01 6.047133e-02 -1.742443e-02 -1.027587e-01 -6.268109e-01 -3.148669e-01 2.486031e+00 -4.367430e-02 5.658209e-01 8.522167e-01 -1.057290e+00
2.389600e+02 3.490990e-01 -7.066156e-01 6.308012e-02 -1.773182e-02 -9.647741e-02 -6.329376e-01 -3.109058e-01 2.455219e+00 -3.114224e-02 5.405761e-01 8.619673e-01 -1.067330e+00
2.390400e+02 3.464978e-01 -6.981419e-01 6.718609e-02 -1.727358e-02 -8.963132e-02 -6.386342e-01 -3.064035e-01 2.424937e+00 -1.862656e-02 5.157723e-01 8.717514e-01 -1.077017e+00
2.391200e+02 3.435913e-01 -6.898327e-01 7.263921e-02 -1.610508e-02 -8.230095e-02 -6.439627e-01 -3.015447e-01 2.395050e+00 -6.088718e-03 4.910561e-01 8.814636e-01 -1.086300e+00
2.392000e+02 3.402702e-01 -6.818510e-01 7.929339e-02 -1.409969e-02 -7.458563e-02 -6.488185e-01 -2.964507e-01 2.365573e+00 6.403497e-03 4.664220e-01 8.910623e-01 -1.095075e+00
2.392800e+02 3.364698e-01 -6.743454e-01 8.701890e-02 -1.115487e-02 -6.657112e-02 -6.531004e-01 -2.912062e-01 2.336546e+00 1.879750e-02 4.418780e-01 9.005332e-01 -1.103296e+00
2.393600e+02 3.326108e-01 -6.702285e-01 9.735377e-02 -9.654667e-03 -5.473852e-02 -6.590620e-01 -2.853157e-01 2.319551e+00 2.757248e-02 4.114090e-01 9.089952e-01 -1.114371e+00
2.394400e+02 3.276034e-01 -6.671827e-01 1.061975e-01 -7.143100e-03 -4.515988e-02 -6.642751e-01 -2.809760e-01 2.298154e+00 3.797070e-02 3.826278e-01 9.178423e-01 -1.122420e+00
2.395200e+02 3.219035e-01 -6.629616e-01 1.161014e-01 -2.264193e-03 -3.584124e-02 -6.679216e-01 -2.767727e-01 2.274734e+00 4.815663e-02 3.558265e-01 9.263362e-01 -1.129547e+00
2.396000e+02 3.155326e-01 -6.593626e-01 1.267200e-01 3.931753e-03 -2.659172e-02 -6.703630e-01 -2.723137e-01 2.250245e+00 5.817825e-02 3.301055e-01 9.345637e-01 -1.136146e+00
2.396800e+02 3.084562e-01 -6.563763e-01 1.377860e-01 1.146355e-02 -1.764638e-02 -6.715481e-01 -2.682155e-01 2.225422e+00 6.794527e-02 3.044085e-01 9.424528e-01 -1.142067e+00
2.397600e+02 3.010584e-01 -6.569903e-01 1.509195e-01 1.758004e-02 -5.090482e-03 -6.743487e-01 -2.639511e-01 2.213815e+00 7.375967e-02 2.731247e-01 9.488841e-01 -1.150883e+00
2.398400e+02 2.938302e-01 -6.536695e-01 1.647425e-01 2.728387e-02 6.415046e-03 -6.740423e-01 -2.600482e-01 2.198477e+00 7.994427e-02 2.462865e-01 9.541577e-01 -1.154095e+00
2.399200e+02 2.847264e-01 -6.522430e-01 1.776986e-01 3.833248e-02 1.653945e-02 -6.719378e-01 -2.569410e-01 2.179992e+00 8.624945e-02 2.202983e-01 9.594860e-01 -1.158092e+00
2.400000e+02 2.749024e-01 -6.513738e-01 1.908363e-01 5.096213e-02 2.628822e-02 -6.683459e-01 -2.543145e-01 2.161400e+00 9.199270e-02 1.955199e-01 9.638965e-01 -1.160616e+00
2.400800e+02 2.633944e-01 -6.499964e-01 2.026863e-01 6.527465e-02 3.428396e-02 -6.630873e-01 -2.531124e-01 2.141346e+00 9.829284e-02 1.693835e-01 9.678153e-01 -1.165343e+00
