# Time C0_Drag C0_Lift C1_Drag C1_Lift C2_Drag C2_Lift C3_Drag C3_Lift C4_Drag C4_Lift C5_Drag C5_Lift
8.000000e-02 9.818871e-05 1.687581e-21 9.818871e-05 1.728741e-21 9.818871e-05 8.448955e-21 9.818871e-05 -5.144931e-21 9.818871e-05 8.607774e-21 9.818871e-05 -1.224181e-20
1.600000e-01 1.542170e-01 6.534062e-08 1.542136e-01 1.676151e-06 1.542135e-01 -2.444307e-06 1.542169e-01 1.637298e-07 1.542133e-01 2.263915e-06 1.542134e-01 -1.818869e-06
2.400000e-01 5.664301e-01 2.763619e-05 5.604200e-01 3.376411e-03 5.603700e-01 -3.336186e-03 5.663375e-01 3.230378e-05 5.603974e-01 3.334983e-03 5.604488e-01 -3.382958e-03
3.200000e-01 1.144116e+00 1.894941e-04 1.118286e+00 1.504039e-02 1.118277e+00 -1.367426e-02 1.143455e+00 3.867262e-04 1.118158e+00 1.382624e-02 1.118164e+00 -1.499003e-02
4.000000e-01 1.808515e+00 1.331802e-03 1.746901e+00 3.615310e-02 1.748109e+00 -3.189568e-02 1.805583e+00 9.821792e-04 1.747587e+00 3.142169e-02 1.746180e+00 -3.585646e-02
4.800000e-01 2.489299e+00 1.853749e-03 2.375802e+00 6.168457e-02 2.382308e+00 -5.621567e-02 2.482997e+00 7.707514e-04 2.382435e+00 5.839955e-02 2.376044e+00 -6.714583e-02
5.600000e-01 3.120905e+00 -8.607049e-04 2.943508e+00 9.818382e-02 2.961870e+00 -8.673816e-02 3.110662e+00 -2.924483e-03 2.963081e+00 8.272002e-02 2.945577e+00 -1.021185e-01
6.400000e-01 3.643537e+00 9.543277e-03 3.408692e+00 1.412919e-01 3.436671e+00 -1.153271e-01 3.633970e+00 4.868245e-03 3.432105e+00 1.086275e-01 3.398432e+00 -1.340969e-01
7.200000e-01 3.994576e+00 1.108991e-02 3.714297e+00 1.823244e-01 3.750715e+00 -1.174898e-01 4.004430e+00 1.315114e-02 3.739637e+00 1.318842e-01 3.693686e+00 -1.752079e-01
8.000000e-01 4.128821e+00 1.298025e-02 3.834102e+00 2.157366e-01 3.866304e+00 -1.078596e-01 4.189350e+00 2.317058e-02 3.845318e+00 1.464166e-01 3.803738e+00 -2.270971e-01
8.800000e-01 4.027347e+00 3.735810e-02 3.742843e+00 2.511255e-01 3.743872e+00 -9.880503e-02 4.171626e+00 -1.074275e-02 3.746451e+00 1.354719e-01 3.724290e+00 -2.525146e-01
9.600000e-01 3.675369e+00 3.824050e-02 3.470040e+00 2.770620e-01 3.410894e+00 -5.509514e-02 3.947385e+00 1.383027e-02 3.407746e+00 9.435888e-02 3.453782e+00 -2.923673e-01
1.040000e+00 3.105075e+00 6.593184e-02 3.020628e+00 2.823485e-01 2.870431e+00 -4.298295e-03 3.532883e+00 7.344478e-03 2.875137e+00 -4.076979e-03 3.020532e+00 -3.152748e-01
1.120000e+00 2.412987e+00 6.056785e-02 2.468075e+00 2.859126e-01 2.208414e+00 1.156899e-01 2.978298e+00 -6.715345e-03 2.224417e+00 -8.651760e-02 2.475637e+00 -3.219668e-01
1.200000e+00 1.861821e+00 7.026615e-02 2.072133e+00 2.873242e-01 1.710314e+00 1.851410e-01 2.558933e+00 -1.385973e-02 1.726344e+00 -1.938803e-01 2.075012e+00 -3.201376e-01
1.280000e+00 1.468728e+00 5.764142e-02 1.803539e+00 2.859893e-01 1.376990e+00 2.744148e-01 2.253135e+00 -6.417955e-03 1.383367e+00 -2.879668e-01 1.808714e+00 -3.150846e-01
1.360000e+00 1.204409e+00 4.958217e-02 1.616592e+00 2.805955e-01 1.163778e+00 3.523121e-01 2.025659e+00 7.698481e-04 1.162696e+00 -3.578827e-01 1.618989e+00 -3.162279e-01
1.440000e+00 1.026211e+00 5.397552e-02 1.465874e+00 2.884901e-01 1.020920e+00 4.263162e-01 1.847740e+00 -1.918465e-02 1.035331e+00 -4.294719e-01 1.477995e+00 -3.318154e-01
1.520000e+00 9.102289e-01 5.025500e-02 1.352739e+00 3.018058e-01 9.474453e-01 4.976345e-01 1.713747e+00 -7.047511e-03 9.613681e-01 -4.807821e-01 1.357390e+00 -3.180085e-01
1.600000e+00 8.345864e-01 4.503093e-02 1.248558e+00 3.011920e-01 9.113038e-01 5.535970e-01 1.605528e+00 -1.168821e-02 9.297803e-01 -5.439679e-01 1.256354e+00 -3.172285e-01
1.680000e+00 7.733067e-01 3.375107e-02 1.150296e+00 3.233190e-01 8.981912e-01 6.103373e-01 1.511503e+00 -1.350507e-02 9.203567e-01 -6.023143e-01 1.158510e+00 -3.208451e-01
1.760000e+00 7.304559e-01 2.817473e-02 1.061778e+00 3.251481e-01 9.056168e-01 6.637352e-01 1.433921e+00 -1.223555e-02 9.280829e-01 -6.441994e-01 1.063842e+00 -3.128382e-01
1.840000e+00 6.902971e-01 1.920069e-02 9.718692e-01 3.399642e-01 9.211417e-01 7.082773e-01 1.363253e+00 -7.670925e-03 9.389206e-01 -6.860911e-01 9.696664e-01 -3.265954e-01
1.920000e+00 6.413157e-01 2.183100e-02 8.804383e-01 3.728468e-01 9.369292e-01 7.472159e-01 1.306160e+00 -1.470173e-02 9.567256e-01 -7.202700e-01 8.712923e-01 -3.486561e-01
2.000000e+00 5.911195e-01 9.676702e-03 7.882486e-01 3.871319e-01 9.576764e-01 7.850050e-01 1.254324e+00 -1.077060e-02 9.720558e-01 -7.608841e-01 7.822143e-01 -3.772127e-01
2.080000e+00 5.346093e-01 2.044751e-03 6.945493e-01 4.192813e-01 9.761427e-01 8.216650e-01 1.208213e+00 -9.028947e-03 9.899211e-01 -7.929423e-01 6.906211e-01 -4.101958e-01
2.160000e+00 4.704888e-01 5.083759e-03 6.050674e-01 4.603741e-01 9.924062e-01 8.569085e-01 1.167656e+00 -4.111037e-03 9.999616e-01 -8.201982e-01 5.930062e-01 -4.519220e-01
2.240000e+00 3.982794e-01 1.030623e-02 5.158287e-01 5.123314e-01 1.001491e+00 8.932847e-01 1.127229e+00 6.035367e-04 1.003530e+00 -8.523053e-01 4.928726e-01 -4.997352e-01
2.320000e+00 3.220547e-01 8.203887e-04 4.224097e-01 5.777079e-01 1.006490e+00 9.163204e-01 1.094269e+00 2.763598e-03 1.005560e+00 -8.776045e-01 3.990749e-01 -5.428850e-01
2.400000e+00 2.440367e-01 1.298986e-03 3.301060e-01 6.415848e-01 1.004756e+00 9.380140e-01 1.064218e+00 3.903983e-03 1.004161e+00 -9.033675e-01 3.096779e-01 -5.906319e-01
2.480000e+00 1.717711e-01 2.827052e-03 2.421938e-01 6.761648e-01 1.004592e+00 9.485157e-01 1.040655e+00 2.832821e-03 1.002925e+00 -9.262507e-01 2.268562e-01 -6.406213e-01
2.560000e+00 1.005993e-01 5.132856e-03 1.596635e-01 7.083907e-01 1.001317e+00 9.570553e-01 1.020749e+00 2.832065e-03 9.996762e-01 -9.433479e-01 1.468646e-01 -6.985485e-01
2.640000e+00 2.742698e-02 9.976856e-04 7.867193e-02 7.509677e-01 9.936365e-01 9.675311e-01 1.001718e+00 4.443788e-03 9.912616e-01 -9.563614e-01 7.014556e-02 -7.645131e-01
2.720000e+00 -4.636247e-02 2.285185e-04 2.185177e-03 8.000535e-01 9.824696e-01 9.743769e-01 9.839027e-01 6.210629e-03 9.811684e-01 -9.692603e-01 -2.726966e-03 -8.273819e-01
2.800000e+00 -1.167752e-01 -2.140454e-03 -6.948944e-02 8.399698e-01 9.708692e-01 9.781093e-01 9.681557e-01 7.450523e-03 9.709390e-01 -9.807577e-01 -6.995695e-02 -8.868601e-01
2.880000e+00 -1.860643e-01 -1.214681e-03 -1.340806e-01 8.910942e-01 9.588705e-01 9.854925e-01 9.530490e-01 1.265624e-02 9.575322e-01 -9.870645e-01 -1.368901e-01 -9.393198e-01
2.960000e+00 -2.458191e-01 -2.518616e-03 -1.935996e-01 9.209298e-01 9.478157e-01 9.846078e-01 9.410045e-01 1.396447e-02 9.460961e-01 -9.939981e-01 -1.940594e-01 -9.922797e-01
3.040000e+00 -2.995211e-01 -6.947637e-03 -2.463667e-01 9.580900e-01 9.365308e-01 9.812722e-01 9.311357e-01 1.663465e-02 9.348384e-01 -9.972459e-01 -2.456746e-01 -1.039077e+00
3.120000e+00 -3.472896e-01 -1.193307e-02 -2.935399e-01 9.948090e-01 9.247150e-01 9.827518e-01 9.213784e-01 2.050868e-02 9.224777e-01 -9.980972e-01 -2.918036e-01 -1.085704e+00
3.200000e+00 -3.901795e-01 -1.368456e-02 -3.355096e-01 1.025335e+00 9.135200e-01 9.770706e-01 9.108496e-01 2.785476e-02 9.091089e-01 -1.007643e+00 -3.306800e-01 -1.135382e+00
3.280000e+00 -4.238313e-01 -1.762837e-02 -3.699817e-01 1.049272e+00 9.044441e-01 9.733893e-01 9.037063e-01 3.365356e-02 8.988787e-01 -1.007295e+00 -3.638460e-01 -1.179457e+00
3.360000e+00 -4.492222e-01 -2.213581e-02 -3.971181e-01 1.071983e+00 8.971971e-01 9.651566e-01 8.993719e-01 3.989744e-02 8.900132e-01 -1.001053e+00 -3.912455e-01 -1.222524e+00
3.440000e+00 -4.673818e-01 -2.173892e-02 -4.180650e-01 1.093289e+00 8.912126e-01 9.547500e-01 8.964048e-01 4.570554e-02 8.819890e-01 -9.950492e-01 -4.143389e-01 -1.261790e+00
3.520000e+00 -4.797480e-01 -2.039492e-02 -4.339509e-01 1.115116e+00 8.862921e-01 9.424987e-01 8.949121e-01 5.163313e-02 8.751530e-01 -9.864660e-01 -4.324982e-01 -1.301119e+00
3.600000e+00 -4.907651e-01 -1.845805e-02 -4.450806e-01 1.143556e+00 8.826778e-01 9.302196e-01 8.942510e-01 5.877536e-02 8.681257e-01 -9.750232e-01 -4.486974e-01 -1.341556e+00
3.680000e+00 -4.975080e-01 -1.682655e-02 -4.522763e-01 1.168179e+00 8.794385e-01 9.169080e-01 8.943333e-01 6.530697e-02 8.620726e-01 -9.622506e-01 -4.608815e-01 -1.383490e+00
3.760000e+00 -5.016004e-01 -2.637658e-02 -4.605063e-01 1.192025e+00 8.758106e-01 8.994835e-01 8.953189e-01 6.959685e-02 8.581161e-01 -9.502453e-01 -4.666816e-01 -1.425393e+00
3.840000e+00 -5.036126e-01 -3.446744e-02 -4.646952e-01 1.218870e+00 8.742493e-01 8.824725e-01 8.973936e-01 7.621983e-02 8.543571e-01 -9.337927e-01 -4.712099e-01 -1.465672e+00
3.920000e+00 -5.025825e-01 -4.231144e-02 -4.659051e-01 1.245892e+00 8.749838e-01 8.559658e-01 9.048355e-01 8.782195e-02 8.518927e-01 -9.157878e-01 -4.720634e-01 -1.502064e+00
4.000000e+00 -5.002055e-01 -5.240517e-02 -4.659669e-01 1.269838e+00 8.766572e-01 8.286267e-01 9.128574e-01 9.600714e-02 8.512194e-01 -8.943583e-01 -4.700897e-01 -1.538249e+00
4.080000e+00 -4.951327e-01 -6.330732e-02 -4.648942e-01 1.285408e+00 8.794504e-01 7.982006e-01 9.220034e-01 1.029881e-01 8.527729e-01 -8.719602e-01 -4.647585e-01 -1.575771e+00
4.160000e+00 -4.911079e-01 -7.413374e-02 -4.622067e-01 1.302963e+00 8.831374e-01 7.678078e-01 9.318814e-01 1.109656e-01 8.552917e-01 -8.474334e-01 -4.588681e-01 -1.613849e+00
4.240000e+00 -4.875513e-01 -8.865658e-02 -4.591956e-01 1.319882e+00 8.876647e-01 7.363955e-01 9.427381e-01 1.191730e-01 8.592487e-01 -8.213858e-01 -4.517552e-01 -1.651157e+00
4.320000e+00 -4.844181e-01 -1.042311e-01 -4.560949e-01 1.333477e+00 8.930827e-01 7.034643e-01 9.547245e-01 1.272543e-01 8.650202e-01 -7.943696e-01 -4.436192e-01 -1.688853e+00
4.400000e+00 -4.817345e-01 -1.176554e-01 -4.524430e-01 1.348969e+00 8.994847e-01 6.665232e-01 9.683477e-01 1.352974e-01 8.727750e-01 -7.661478e-01 -4.353080e-01 -1.726203e+00
4.480000e+00 -4.795457e-01 -1.259652e-01 -4.474273e-01 1.362344e+00 9.074011e-01 6.310029e-01 9.828759e-01 1.447933e-01 8.816278e-01 -7.364116e-01 -4.281643e-01 -1.762219e+00
4.560000e+00 -4.776711e-01 -1.377526e-01 -4.416809e-01 1.375481e+00 9.169183e-01 5.958329e-01 9.988919e-01 1.554468e-01 8.917199e-01 -7.017434e-01 -4.217332e-01 -1.800911e+00
4.640000e+00 -4.732676e-01 -1.471957e-01 -4.339491e-01 1.386397e+00 9.287714e-01 5.544795e-01 1.017257e+00 1.662587e-01 9.030490e-01 -6.703241e-01 -4.159561e-01 -1.825587e+00
4.720000e+00 -4.663469e-01 -1.593957e-01 -4.259797e-01 1.395909e+00 9.422401e-01 5.194203e-01 1.037420e+00 1.703879e-01 9.169584e-01 -6.339755e-01 -4.099007e-01 -1.844876e+00
4.800000e+00 -4.611425e-01 -1.728114e-01 -4.206282e-01 1.409312e+00 9.547450e-01 4.835998e-01 1.057354e+00 1.773146e-01 9.324646e-01 -6.022031e-01 -4.056839e-01 -1.871071e+00
4.880000e+00 -4.557487e-01 -1.866944e-01 -4.165500e-01 1.421381e+00 9.672898e-01 4.487810e-01 1.076835e+00 1.846037e-01 9.489386e-01 -5.718554e-01 -4.020818e-01 -1.895203e+00
4.960000e+00 -4.504614e-01 -2.046927e-01 -4.144460e-01 1.432328e+00 9.794195e-01 4.148790e-01 1.095600e+00 1.914822e-01 9.658291e-01 -5.438185e-01 -3.980814e-01 -1.918883e+00
5.040000e+00 -4.417626e-01 -2.219260e-01 -4.108225e-01 1.446226e+00 9.920238e-01 3.807476e-01 1.116505e+00 1.940907e-01 9.832544e-01 -5.113781e-01 -3.938370e-01 -1.928169e+00
5.120000e+00 -4.323408e-01 -2.375004e-01 -4.092267e-01 1.459955e+00 1.004656e+00 3.446790e-01 1.136855e+00 1.971693e-01 1.001758e+00 -4.850112e-01 -3.897326e-01 -1.939279e+00
5.200000e+00 -4.229482e-01 -2.540518e-01 -4.099378e-01 1.476081e+00 1.016990e+00 3.107842e-01 1.156859e+00 1.991312e-01 1.019420e+00 -4.605933e-01 -3.842669e-01 -1.949023e+00
5.280000e+00 -4.113780e-01 -2.769715e-01 -4.106144e-01 1.491688e+00 1.028715e+00 2.821286e-01 1.175598e+00 2.033660e-01 1.033277e+00 -4.357347e-01 -3.788973e-01 -1.951048e+00
5.360000e+00 -4.010001e-01 -3.010264e-01 -4.130214e-01 1.514979e+00 1.039764e+00 2.581092e-01 1.194623e+00 2.093891e-01 1.045205e+00 -4.065890e-01 -3.744364e-01 -1.950281e+00
5.440000e+00 -3.918042e-01 -3.158088e-01 -4.164353e-01 1.541659e+00 1.050081e+00 2.381821e-01 1.210936e+00 2.150898e-01 1.052479e+00 -3.807393e-01 -3.706185e-01 -1.949059e+00
5.520000e+00 -3.818944e-01 -3.347965e-01 -4.227519e-01 1.566666e+00 1.057823e+00 2.200580e-01 1.225213e+00 2.131133e-01 1.059921e+00 -3.556311e-01 -3.645416e-01 -1.944193e+00
5.600000e+00 -3.727218e-01 -3.553770e-01 -4.306676e-01 1.592004e+00 1.064237e+00 2.042428e-01 1.236866e+00 2.125134e-01 1.064234e+00 -3.330020e-01 -3.578754e-01 -1.941006e+00
5.680000e+00 -3.609692e-01 -3.744324e-01 -4.402477e-01 1.608185e+00 1.068073e+00 1.867675e-01 1.247985e+00 2.094852e-01 1.068061e+00 -3.120548e-01 -3.478197e-01 -1.936036e+00
5.760000e+00 -3.507596e-01 -3.953122e-01 -4.528175e-01 1.629332e+00 1.070511e+00 1.737887e-01 1.256187e+00 2.063733e-01 1.068861e+00 -2.960872e-01 -3.372297e-01 -1.931552e+00
5.840000e+00 -3.395460e-01 -4.187007e-01 -4.651782e-01 1.651163e+00 1.072923e+00 1.640868e-01 1.263398e+00 2.045541e-01 1.067890e+00 -2.767173e-01 -3.258051e-01 -1.923187e+00
5.920000e+00 -3.261951e-01 -4.463195e-01 -4.760600e-01 1.673914e+00 1.076257e+00 1.576836e-01 1.270283e+00 2.045301e-01 1.063497e+00 -2.531341e-01 -3.130936e-01 -1.903997e+00
6.000000e+00 -3.085305e-01 -4.746559e-01 -4.864526e-01 1.689679e+00 1.078723e+00 1.498652e-01 1.277886e+00 2.027113e-01 1.059563e+00 -2.280453e-01 -2.975110e-01 -1.873317e+00
6.080000e+00 -2.929731e-01 -5.038002e-01 -4.998720e-01 1.713793e+00 1.079912e+00 1.459321e-01 1.283662e+00 2.001179e-01 1.055486e+00 -2.047316e-01 -2.804661e-01 -1.843857e+00
6.160000e+00 -2.773809e-01 -5.411217e-01 -5.141306e-01 1.736396e+00 1.080929e+00 1.430861e-01 1.289274e+00 1.972226e-01 1.051490e+00 -1.782648e-01 -2.602563e-01 -1.814762e+00
6.240000e+00 -2.624441e-01 -5.791688e-01 -5.290759e-01 1.759267e+00 1.081093e+00 1.441901e-01 1.293567e+00 1.940603e-01 1.046989e+00 -1.518418e-01 -2.379617e-01 -1.782913e+00
6.320000e+00 -2.483940e-01 -6.183294e-01 -5.440128e-01 1.782699e+00 1.080211e+00 1.453940e-01 1.297261e+00 1.905105e-01 1.042806e+00 -1.252040e-01 -2.138300e-01 -1.748520e+00
6.400000e+00 -2.357350e-01 -6.599016e-01 -5.590256e-01 1.805060e+00 1.079175e+00 1.508690e-01 1.300247e+00 1.876783e-01 1.038361e+00 -9.602759e-02 -1.891138e-01 -1.712829e+00
6.480000e+00 -2.215058e-01 -7.025777e-01 -5.730335e-01 1.812369e+00 1.077227e+00 1.614003e-01 1.301000e+00 1.838126e-01 1.034267e+00 -6.104969e-02 -1.615094e-01 -1.678033e+00
6.560000e+00 -2.097408e-01 -7.490056e-01 -5.876046e-01 1.824661e+00 1.077465e+00 1.696757e-01 1.303492e+00 1.867745e-01 1.031222e+00 -3.067262e-02 -1.352111e-01 -1.642693e+00
6.640000e+00 -1.996631e-01 -7.965597e-01 -6.021318e-01 1.837166e+00 1.077493e+00 1.786575e-01 1.305564e+00 1.862916e-01 1.029561e+00 -5.378184e-04 -1.087352e-01 -1.605280e+00
6.720000e+00 -1.910339e-01 -8.454420e-01 -6.165265e-01 1.849425e+00 1.077578e+00 1.872531e-01 1.307772e+00 1.851047e-01 1.029027e+00 2.974091e-02 -8.257757e-02 -1.566033e+00
6.800000e+00 -1.840331e-01 -8.956112e-01 -6.310029e-01 1.861284e+00 1.077677e+00 1.951186e-01 1.310164e+00 1.835443e-01 1.029500e+00 5.972357e-02 -5.709212e-02 -1.526407e+00
6.880000e+00 -1.783608e-01 -9.469351e-01 -6.455871e-01 1.871784e+00 1.077853e+00 2.019104e-01 1.312885e+00 1.816764e-01 1.031013e+00 8.914128e-02 -3.242385e-02 -1.486845e+00
6.960000e+00 -1.726644e-01 -9.998442e-01 -6.595325e-01 1.882158e+00 1.078537e+00 2.082130e-01 1.316147e+00 1.803864e-01 1.033228e+00 1.188105e-01 -9.000435e-03 -1.444142e+00
7.040000e+00 -1.689954e-01 -1.053899e+00 -6.739929e-01 1.892336e+00 1.079159e+00 2.133209e-01 1.319729e+00 1.787862e-01 1.036180e+00 1.472485e-01 1.305569e-02 -1.403437e+00
7.120000e+00 -1.669966e-01 -1.108628e+00 -6.891114e-01 1.901476e+00 1.079595e+00 2.170933e-01 1.323358e+00 1.769132e-01 1.039691e+00 1.729440e-01 3.394687e-02 -1.363995e+00
7.200000e+00 -1.662343e-01 -1.164201e+00 -7.045528e-01 1.909438e+00 1.080203e+00 2.195438e-01 1.327484e+00 1.751878e-01 1.043456e+00 1.983254e-01 5.408558e-02 -1.326751e+00
7.280000e+00 -1.617266e-01 -1.225781e+00 -7.161818e-01 1.914735e+00 1.085393e+00 2.205331e-01 1.333440e+00 1.829849e-01 1.044166e+00 2.281302e-01 7.222069e-02 -1.276524e+00
7.360000e+00 -1.598628e-01 -1.285400e+00 -7.303748e-01 1.920893e+00 1.089141e+00 2.201629e-01 1.339346e+00 1.863730e-01 1.046813e+00 2.521933e-01 9.009764e-02 -1.233049e+00
7.440000e+00 -1.593367e-01 -1.349704e+00 -7.465522e-01 1.925660e+00 1.092189e+00 2.179227e-01 1.345383e+00 1.890088e-01 1.050218e+00 2.731497e-01 1.101821e-01 -1.194356e+00
7.520000e+00 -1.588503e-01 -1.415746e+00 -7.651220e-01 1.921134e+00 1.093754e+00 2.112260e-01 1.351889e+00 1.897245e-01 1.055330e+00 2.899523e-01 1.329180e-01 -1.162248e+00
7.600000e+00 -1.597787e-01 -1.481090e+00 -7.830073e-01 1.916947e+00 1.096558e+00 2.054797e-01 1.358390e+00 1.935012e-01 1.059166e+00 3.065242e-01 1.541452e-01 -1.133090e+00
7.680000e+00 -1.588242e-01 -1.549812e+00 -7.983431e-01 1.916359e+00 1.102170e+00 2.021593e-01 1.366579e+00 2.010935e-01 1.061999e+00 3.305447e-01 1.748929e-01 -1.100509e+00
7.760000e+00 -1.582575e-01 -1.618249e+00 -8.135512e-01 1.911597e+00 1.107696e+00 1.961798e-01 1.374752e+00 2.081813e-01 1.066403e+00 3.483103e-01 1.965070e-01 -1.069433e+00
7.840000e+00 -1.584748e-01 -1.688652e+00 -8.301631e-01 1.904988e+00 1.112337e+00 1.881121e-01 1.382494e+00 2.144685e-01 1.070250e+00 3.618660e-01 2.200839e-01 -1.045140e+00
7.920000e+00 -1.596623e-01 -1.763171e+00 -8.492428e-01 1.896734e+00 1.115605e+00 1.780830e-01 1.389763e+00 2.200516e-01 1.074232e+00 3.719427e-01 2.473033e-01 -1.023311e+00
8.000000e+00 -1.594794e-01 -1.833800e+00 -8.679643e-01 1.882304e+00 1.118714e+00 1.667211e-01 1.396876e+00 2.264154e-01 1.077700e+00 3.800796e-01 2.748270e-01 -1.004187e+00
8.080000e+00 -1.597559e-01 -1.902662e+00 -8.859781e-01 1.866684e+00 1.121677e+00 1.551721e-01 1.403545e+00 2.340281e-01 1.080302e+00 3.865563e-01 3.022419e-01 -9.867836e-01
8.160000e+00 -1.595400e-01 -1.972133e+00 -9.037244e-01 1.848571e+00 1.124204e+00 1.428357e-01 1.409741e+00 2.421039e-01 1.082459e+00 3.907784e-01 3.307034e-01 -9.710144e-01
8.240000e+00 -1.608268e-01 -2.039385e+00 -9.228215e-01 1.827841e+00 1.124676e+00 1.292037e-01 1.414280e+00 2.488541e-01 1.085059e+00 3.887155e-01 3.604987e-01 -9.652316e-01
8.320000e+00 -1.528786e-01 -2.107188e+00 -9.391491e-01 1.792400e+00 1.125216e+00 1.125378e-01 1.420175e+00 2.567547e-01 1.088265e+00 3.884348e-01 3.938972e-01 -9.474761e-01
8.400000e+00 -1.478823e-01 -2.179478e+00 -9.541595e-01 1.763083e+00 1.127015e+00 9.607096e-02 1.425836e+00 2.672261e-01 1.090080e+00 3.874840e-01 4.244690e-01 -9.344977e-01
8.480000e+00 -1.427177e-01 -2.249673e+00 -9.685727e-01 1.731696e+00 1.128420e+00 7.632463e-02 1.430854e+00 2.760930e-01 1.092400e+00 3.791371e-01 4.569868e-01 -9.208454e-01
8.560000e+00 -1.409485e-01 -2.316595e+00 -9.849011e-01 1.693818e+00 1.128688e+00 5.808797e-02 1.434399e+00 2.834752e-01 1.095274e+00 3.681145e-01 4.923406e-01 -9.222971e-01
8.640000e+00 -1.357856e-01 -2.383649e+00 -9.990679e-01 1.651359e+00 1.128104e+00 4.112522e-02 1.435990e+00 2.928266e-01 1.096812e+00 3.526274e-01 5.289091e-01 -9.191248e-01
8.720000e+00 -1.300228e-01 -2.456119e+00 -1.013663e+00 1.603444e+00 1.125883e+00 2.311278e-02 1.436745e+00 3.011954e-01 1.097310e+00 3.366083e-01 5.696205e-01 -9.214341e-01
8.800000e+00 -1.241884e-01 -2.534074e+00 -1.029474e+00 1.548463e+00 1.122021e+00 1.945600e-03 1.437355e+00 3.080260e-01 1.098665e+00 3.179019e-01 6.143096e-01 -9.288477e-01
8.880000e+00 -1.173127e-01 -2.604931e+00 -1.042549e+00 1.488887e+00 1.117420e+00 -1.701361e-02 1.437121e+00 3.167637e-01 1.099465e+00 2.986082e-01 6.596826e-01 -9.393616e-01
8.960000e+00 -1.085327e-01 -2.663614e+00 -1.050600e+00 1.424893e+00 1.114075e+00 -3.366503e-02 1.436516e+00 3.281808e-01 1.098849e+00 2.804766e-01 7.011632e-01 -9.504349e-01
9.040000e+00 -9.944437e-02 -2.730786e+00 -1.059511e+00 1.359600e+00 1.109389e+00 -5.067234e-02 1.434950e+00 3.378220e-01 1.098887e+00 2.591744e-01 7.471233e-01 -9.636216e-01
9.120000e+00 -8.898518e-02 -2.797213e+00 -1.067553e+00 1.291179e+00 1.103704e+00 -6.686232e-02 1.432516e+00 3.472357e-01 1.099024e+00 2.364750e-01 7.948070e-01 -9.792262e-01
9.200000e+00 -7.205044e-02 -2.866568e+00 -1.072200e+00 1.217505e+00 1.099313e+00 -8.140805e-02 1.430365e+00 3.584639e-01 1.098489e+00 2.160556e-01 8.438011e-01 -9.847517e-01
9.280000e+00 -5.704476e-02 -2.939693e+00 -1.076163e+00 1.139597e+00 1.095123e+00 -8.679680e-02 1.426581e+00 3.711584e-01 1.095940e+00 1.965164e-01 8.924248e-01 -9.896219e-01
9.360000e+00 -4.629116e-02 -3.011921e+00 -1.079604e+00 1.070410e+00 1.090289e+00 -9.268765e-02 1.421767e+00 3.828604e-01 1.093291e+00 1.758051e-01 9.428893e-01 -9.942308e-01
9.440000e+00 -3.742441e-02 -3.078503e+00 -1.084203e+00 1.002102e+00 1.080468e+00 -9.577461e-02 1.415988e+00 3.829564e-01 1.093926e+00 1.526273e-01 9.968540e-01 -1.002892e+00
9.520000e+00 -2.490924e-02 -3.136836e+00 -1.091995e+00 9.236239e-01 1.065898e+00 -1.121277e-01 1.415453e+00 3.737765e-01 1.100734e+00 1.257139e-01 1.056996e+00 -1.019629e+00
9.600000e+00 -1.818030e-02 -3.199775e+00 -1.099622e+00 8.506382e-01 1.051149e+00 -1.201454e-01 1.411036e+00 3.724227e-01 1.104951e+00 9.939084e-02 1.113925e+00 -1.044428e+00
9.680000e+00 -1.076827e-02 -3.261578e+00 -1.105294e+00 7.664965e-01 1.036772e+00 -1.308597e-01 1.407766e+00 3.700406e-01 1.109756e+00 7.861465e-02 1.172313e+00 -1.068495e+00
9.760000e+00 -1.306516e-02 -3.321673e+00 -1.116216e+00 6.916818e-01 1.019884e+00 -1.381421e-01 1.401830e+00 3.651906e-01 1.116382e+00 5.182617e-02 1.227117e+00 -1.119309e+00
9.840000e+00 -1.480913e-02 -3.381404e+00 -1.125971e+00 6.022228e-01 1.002958e+00 -1.467079e-01 1.396651e+00 3.598736e-01 1.122369e+00 2.703204e-02 1.278350e+00 -1.178041e+00
9.920000e+00 -2.193026e-02 -3.437616e+00 -1.139251e+00 5.133186e-01 9.836238e-01 -1.662387e-01 1.396149e+00 3.499958e-01 1.133300e+00 1.153717e-04 1.326426e+00 -1.250148e+00
1.000000e+01 -3.353948e-02 -3.497208e+00 -1.153478e+00 4.239636e-01 9.653097e-01 -1.795373e-01 1.392326e+00 3.425101e-01 1.143792e+00 -2.586826e-02 1.364234e+00 -1.342091e+00
1.008000e+01 -5.090643e-02 -3.555884e+00 -1.168424e+00 3.288727e-01 9.458109e-01 -1.922545e-01 1.387741e+00 3.334337e-01 1.155954e+00 -5.185349e-02 1.392366e+00 -1.454744e+00
1.016000e+01 -7.021824e-02 -3.614399e+00 -1.184367e+00 2.311991e-01 9.233536e-01 -2.014397e-01 1.379121e+00 3.175296e-01 1.171590e+00 -8.246729e-02 1.409313e+00 -1.564298e+00
1.024000e+01 -8.914402e-02 -3.677678e+00 -1.197842e+00 1.238765e-01 9.036778e-01 -2.075063e-01 1.372850e+00 3.072301e-01 1.188507e+00 -1.026174e-01 1.412874e+00 -1.684628e+00
1.032000e+01 -1.088524e-01 -3.743828e+00 -1.210113e+00 1.515378e-02 8.846287e-01 -2.117642e-01 1.366905e+00 2.964473e-01 1.207786e+00 -1.249498e-01 1.405343e+00 -1.809432e+00
1.040000e+01 -1.298179e-01 -3.813083e+00 -1.220826e+00 -9.235957e-02 8.665798e-01 -2.116791e-01 1.362805e+00 2.878694e-01 1.230363e+00 -1.384311e-01 1.387140e+00 -1.942069e+00
1.048000e+01 -1.471464e-01 -3.885413e+00 -1.228899e+00 -2.112308e-01 8.524833e-01 -2.110587e-01 1.361841e+00 2.803033e-01 1.256131e+00 -1.465908e-01 1.360230e+00 -2.077520e+00
1.056000e+01 -1.601531e-01 -3.957360e+00 -1.237142e+00 -3.479315e-01 8.381674e-01 -2.088386e-01 1.360880e+00 2.689280e-01 1.287241e+00 -1.601527e-01 1.329237e+00 -2.225084e+00
1.064000e+01 -1.769394e-01 -4.029596e+00 -1.243130e+00 -4.867686e-01 8.271232e-01 -2.094517e-01 1.363164e+00 2.583299e-01 1.323895e+00 -1.677431e-01 1.293962e+00 -2.375810e+00
1.072000e+01 -1.891436e-01 -4.102597e+00 -1.247457e+00 -6.303193e-01 8.190439e-01 -2.030575e-01 1.364424e+00 2.483205e-01 1.362462e+00 -1.785335e-01 1.256526e+00 -2.528730e+00
1.080000e+01 -1.954058e-01 -4.179983e+00 -1.246128e+00 -7.751885e-01 8.161910e-01 -1.913866e-01 1.368117e+00 2.435234e-01 1.403340e+00 -1.778719e-01 1.218665e+00 -2.650846e+00
1.088000e+01 -1.970851e-01 -4.259217e+00 -1.243323e+00 -9.228563e-01 8.167268e-01 -1.760341e-01 1.371937e+00 2.392705e-01 1.446179e+00 -1.760260e-01 1.182725e+00 -2.765552e+00
1.096000e+01 -1.927859e-01 -4.347778e+00 -1.245040e+00 -1.082220e+00 8.183532e-01 -1.613260e-01 1.375257e+00 2.312906e-01 1.492287e+00 -1.800338e-01 1.159431e+00 -2.861282e+00
1.104000e+01 -1.785792e-01 -4.416705e+00 -1.230143e+00 -1.246871e+00 8.343257e-01 -1.376502e-01 1.381929e+00 2.416920e-01 1.530938e+00 -1.690747e-01 1.133045e+00 -2.908898e+00
1.112000e+01 -1.628394e-01 -4.493739e+00 -1.222303e+00 -1.423231e+00 8.477250e-01 -1.174675e-01 1.385641e+00 2.378262e-01 1.573613e+00 -1.749869e-01 1.128565e+00 -2.939755e+00
1.120000e+01 -1.561753e-01 -4.531460e+00 -1.220497e+00 -1.605779e+00 8.599004e-01 -9.672837e-02 1.384595e+00 2.296822e-01 1.617507e+00 -1.930775e-01 1.132681e+00 -2.994274e+00
1.128000e+01 -1.415926e-01 -4.588279e+00 -1.220774e+00 -1.791672e+00 8.804374e-01 -7.657898e-02 1.382754e+00 2.330150e-01 1.655182e+00 -2.065112e-01 1.154490e+00 -3.027167e+00
1.136000e+01 -1.297323e-01 -4.644094e+00 -1.231837e+00 -1.983457e+00 9.021760e-01 -5.473034e-02 1.375754e+00 2.305081e-01 1.689722e+00 -2.299009e-01 1.201152e+00 -3.062154e+00
1.144000e+01 -1.318962e-01 -4.694417e+00 -1.259311e+00 -2.178740e+00 9.251800e-01 -4.091635e-02 1.367642e+00 2.275355e-01 1.722877e+00 -2.594087e-01 1.278702e+00 -3.099146e+00
1.152000e+01 -1.318008e-01 -4.739405e+00 -1.290900e+00 -2.374646e+00 9.565557e-01 -3.400474e-02 1.361507e+00 2.281072e-01 1.750399e+00 -2.869981e-01 1.378688e+00 -3.112168e+00
1.160000e+01 -1.374596e-01 -4.786256e+00 -1.332560e+00 -2.561451e+00 9.929802e-01 -2.574602e-02 1.354226e+00 2.297580e-01 1.771570e+00 -3.190504e-01 1.508261e+00 -3.106848e+00
1.168000e+01 -1.629571e-01 -4.839638e+00 -1.399517e+00 -2.739539e+00 1.023484e+00 -2.052716e-02 1.337424e+00 2.209249e-01 1.790314e+00 -3.815552e-01 1.668777e+00 -3.124054e+00
1.176000e+01 -2.020442e-01 -4.880024e+00 -1.484573e+00 -2.908248e+00 1.054152e+00 -2.254140e-02 1.316706e+00 2.127541e-01 1.805274e+00 -4.530612e-01 1.857832e+00 -3.159374e+00
1.184000e+01 -2.284625e-01 -4.945318e+00 -1.579182e+00 -3.050195e+00 1.089177e+00 -3.112838e-02 1.294720e+00 2.106506e-01 1.810493e+00 -5.386053e-01 2.070912e+00 -3.160410e+00
1.192000e+01 -2.663493e-01 -5.019432e+00 -1.682637e+00 -3.165040e+00 1.129403e+00 -3.409474e-02 1.275813e+00 2.146991e-01 1.803137e+00 -6.023722e-01 2.274229e+00 -3.184048e+00
1.200000e+01 -3.255406e-01 -5.099489e+00 -1.826177e+00 -3.281780e+00 1.147249e+00 -5.766987e-02 1.240311e+00 1.897621e-01 1.799540e+00 -7.415822e-01 2.476867e+00 -3.278067e+00
1.208000e+01 -3.708718e-01 -5.189361e+00 -1.974525e+00 -3.372150e+00 1.165312e+00 -7.853524e-02 1.207087e+00 1.691399e-01 1.792988e+00 -8.702971e-01 2.617003e+00 -3.464014e+00
1.216000e+01 -3.872422e-01 -5.301528e+00 -2.093885e+00 -3.442750e+00 1.207831e+00 -1.139001e-01 1.192728e+00 1.807528e-01 1.774113e+00 -9.450194e-01 2.669064e+00 -3.679331e+00
1.224000e+01 -4.038278e-01 -5.442289e+00 -2.188630e+00 -3.509721e+00 1.263099e+00 -1.183652e-01 1.179351e+00 2.081784e-01 1.739977e+00 -9.972186e-01 2.641971e+00 -3.912386e+00
1.232000e+01 -4.316321e-01 -5.600531e+00 -2.279519e+00 -3.603762e+00 1.322690e+00 -1.417568e-01 1.172009e+00 2.360370e-01 1.711763e+00 -1.046193e+00 2.582723e+00 -4.183447e+00
1.240000e+01 -4.564323e-01 -5.777161e+00 -2.353064e+00 -3.670762e+00 1.380908e+00 -1.490031e-01 1.167474e+00 2.647346e-01 1.688030e+00 -1.081250e+00 2.522494e+00 -4.444323e+00
1.248000e+01 -5.146935e-01 -5.931916e+00 -2.430008e+00 -3.747969e+00 1.428258e+00 -1.649859e-01 1.168180e+00 2.759666e-01 1.685063e+00 -1.116647e+00 2.487282e+00 -4.755209e+00
1.256000e+01 -5.565417e-01 -6.060101e+00 -2.482572e+00 -3.811792e+00 1.471157e+00 -1.725691e-01 1.171296e+00 2.898299e-01 1.689360e+00 -1.159608e+00 2.448889e+00 -5.013625e+00
1.264000e+01 -6.618691e-01 -6.135575e+00 -2.543150e+00 -3.817829e+00 1.486841e+00 -1.397846e-01 1.153657e+00 2.929973e-01 1.700694e+00 -1.236751e+00 2.431070e+00 -5.266901e+00
1.272000e+01 -7.783033e-01 -6.157224e+00 -2.595255e+00 -3.853713e+00 1.491702e+00 -1.212383e-01 1.126302e+00 2.809829e-01 1.722565e+00 -1.362274e+00 2.492698e+00 -5.364418e+00
1.280000e+01 -9.054773e-01 -6.119913e+00 -2.617333e+00 -3.877731e+00 1.491506e+00 -1.162883e-01 1.100544e+00 2.720553e-01 1.744983e+00 -1.498143e+00 2.610962e+00 -5.362759e+00
1.288000e+01 -1.013091e+00 -6.088347e+00 -2.580053e+00 -3.909417e+00 1.504934e+00 -9.490773e-02 1.080131e+00 2.898651e-01 1.744936e+00 -1.618584e+00 2.707387e+00 -5.251083e+00
1.296000e+01 -1.120451e+00 -6.065702e+00 -2.523349e+00 -3.976218e+00 1.517094e+00 -7.929100e-02 1.054603e+00 2.962290e-01 1.728467e+00 -1.774877e+00 2.785463e+00 -5.109952e+00
1.304000e+01 -1.116877e+00 -6.077548e+00 -2.375246e+00 -4.018609e+00 1.571925e+00 -8.008364e-03 1.042785e+00 3.666221e-01 1.656003e+00 -1.852632e+00 2.763073e+00 -4.777071e+00
1.312000e+01 -1.131003e+00 -6.072630e+00 -2.228195e+00 -4.111275e+00 1.622345e+00 6.714694e-02 1.018169e+00 4.125970e-01 1.554965e+00 -1.952232e+00 2.707038e+00 -4.512606e+00
1.320000e+01 -1.119863e+00 -6.106682e+00 -2.080504e+00 -4.185588e+00 1.678725e+00 1.409511e-01 9.941380e-01 4.673963e-01 1.422778e+00 -2.031592e+00 2.669158e+00 -4.297034e+00
1.328000e+01 -1.122722e+00 -6.131451e+00 -1.959691e+00 -4.217364e+00 1.726576e+00 2.185273e-01 9.588466e-01 5.013042e-01 1.269755e+00 -2.118747e+00 2.652314e+00 -4.193692e+00
1.336000e+01 -1.149528e+00 -6.119600e+00 -1.895297e+00 -4.240521e+00 1.748613e+00 2.628261e-01 9.098393e-01 4.907188e-01 1.120544e+00 -2.266895e+00 2.688591e+00 -4.170238e+00
1.344000e+01 -1.190780e+00 -6.082822e+00 -1.861896e+00 -4.242710e+00 1.770922e+00 2.964096e-01 8.674060e-01 4.827181e-01 9.693537e-01 -2.389651e+00 2.769821e+00 -4.227387e+00
1.352000e+01 -1.265305e+00 -6.012624e+00 -1.870610e+00 -4.225228e+00 1.784056e+00 3.116528e-01 8.277784e-01 4.647082e-01 8.267840e-01 -2.501639e+00 2.959226e+00 -4.261828e+00
1.360000e+01 -1.354504e+00 -5.941924e+00 -1.913264e+00 -4.190673e+00 1.788703e+00 3.169309e-01 7.859637e-01 4.440533e-01 6.903138e-01 -2.634231e+00 3.101047e+00 -4.389826e+00
1.368000e+01 -1.401336e+00 -5.902400e+00 -1.930042e+00 -4.152695e+00 1.815211e+00 3.322178e-01 7.616658e-01 4.578231e-01 5.542120e-01 -2.711079e+00 3.111885e+00 -4.555979e+00
1.376000e+01 -1.452163e+00 -5.841531e+00 -1.916603e+00 -4.113252e+00 1.856918e+00 3.536456e-01 7.548962e-01 4.992727e-01 4.339224e-01 -2.723067e+00 3.040345e+00 -4.730826e+00
1.384000e+01 -1.492410e+00 -5.838604e+00 -1.888049e+00 -4.099839e+00 1.905108e+00 3.730172e-01 7.659173e-01 5.510983e-01 3.441000e-01 -2.685826e+00 2.977438e+00 -4.837583e+00
1.392000e+01 -1.579883e+00 -5.808673e+00 -1.871547e+00 -4.049961e+00 1.929043e+00 3.969758e-01 7.707973e-01 5.845204e-01 2.866961e-01 -2.670420e+00 2.968250e+00 -4.983508e+00
1.400000e+01 -1.665818e+00 -5.732404e+00 -1.845253e+00 -4.018178e+00 1.947531e+00 4.105178e-01 7.876689e-01 6.147190e-01 2.526454e-01 -2.642089e+00 2.979422e+00 -5.110904e+00
1.408000e+01 -1.796658e+00 -5.607039e+00 -1.862303e+00 -3.966526e+00 1.920302e+00 4.158948e-01 7.840980e-01 5.974975e-01 2.510787e-01 -2.706929e+00 2.949340e+00 -5.376370e+00
1.416000e+01 -1.883709e+00 -5.481119e+00 -1.878744e+00 -3.945940e+00 1.893481e+00 4.042555e-01 7.929713e-01 5.797570e-01 2.555508e-01 -2.785862e+00 2.895767e+00 -5.531202e+00
1.424000e+01 -2.003528e+00 -5.294927e+00 -1.922022e+00 -3.908789e+00 1.835439e+00 3.976651e-01 7.799793e-01 5.291151e-01 2.669840e-01 -2.949830e+00 2.868511e+00 -5.659940e+00
1.432000e+01 -2.137047e+00 -5.066332e+00 -1.979006e+00 -3.871954e+00 1.770116e+00 3.942304e-01 7.584903e-01 4.768113e-01 2.595832e-01 -3.159083e+00 2.873019e+00 -5.720264e+00
1.440000e+01 -2.272151e+00 -4.828397e+00 -2.033146e+00 -3.843482e+00 1.717379e+00 3.901692e-01 7.438792e-01 4.401353e-01 2.255354e-01 -3.349556e+00 2.880889e+00 -5.707913e+00
1.448000e+01 -2.412755e+00 -4.635247e+00 -2.099984e+00 -3.837234e+00 1.673327e+00 3.844590e-01 7.233143e-01 4.092946e-01 1.643518e-01 -3.539259e+00 2.848251e+00 -5.773608e+00
1.456000e+01 -2.528408e+00 -4.452880e+00 -2.145846e+00 -3.822239e+00 1.657916e+00 3.861826e-01 7.115816e-01 4.065895e-01 7.299572e-02 -3.674530e+00 2.740762e+00 -5.911656e+00
1.464000e+01 -2.566508e+00 -4.348771e+00 -2.140841e+00 -3.840534e+00 1.692587e+00 4.015231e-01 7.160691e-01 4.578983e-01 -4.604895e-02 -3.713811e+00 2.566741e+00 -5.983776e+00
1.472000e+01 -2.560059e+00 -4.260940e+00 -2.092308e+00 -3.859318e+00 1.752516e+00 4.198031e-01 7.197273e-01 5.307793e-01 -1.682731e-01 -3.702445e+00 2.374197e+00 -5.963878e+00
1.480000e+01 -2.540644e+00 -4.186895e+00 -2.046649e+00 -3.886395e+00 1.805142e+00 4.293340e-01 7.127023e-01 5.918316e-01 -2.720578e-01 -3.698785e+00 2.224026e+00 -5.942296e+00
1.488000e+01 -2.546797e+00 -4.081245e+00 -2.021986e+00 -3.888280e+00 1.835859e+00 4.521928e-01 6.798473e-01 6.372574e-01 -3.622564e-01 -3.736543e+00 2.114112e+00 -5.963511e+00
1.496000e+01 -2.520179e+00 -3.961975e+00 -2.004822e+00 -3.888859e+00 1.862992e+00 4.412898e-01 6.646422e-01 6.777958e-01 -4.449670e-01 -3.786720e+00 2.040026e+00 -5.948556e+00
1.504000e+01 -2.463804e+00 -3.878394e+00 -1.976010e+00 -3.877705e+00 1.890488e+00 4.363265e-01 6.606199e-01 7.258425e-01 -5.401622e-01 -3.830510e+00 1.961348e+00 -5.829884e+00
1.512000e+01 -2.436815e+00 -3.777098e+00 -1.978102e+00 -3.851718e+00 1.882798e+00 4.171765e-01 6.393554e-01 7.402298e-01 -6.298249e-01 -3.952878e+00 1.885325e+00 -5.746840e+00
1.520000e+01 -2.391768e+00 -3.699771e+00 -1.960071e+00 -3.816507e+00 1.890756e+00 4.114603e-01 6.424621e-01 7.810638e-01 -7.509647e-01 -4.012642e+00 1.781298e+00 -5.604268e+00
1.528000e+01 -2.340429e+00 -3.649073e+00 -1.939506e+00 -3.779721e+00 1.889430e+00 4.066325e-01 6.364106e-01 8.161557e-01 -8.818018e-01 -4.097471e+00 1.659909e+00 -5.323737e+00
1.536000e+01 -2.320411e+00 -3.602990e+00 -1.926250e+00 -3.723697e+00 1.882314e+00 4.007440e-01 6.343545e-01 8.546706e-01 -1.023724e+00 -4.162671e+00 1.511387e+00 -5.147905e+00
1.544000e+01 -2.285820e+00 -3.550707e+00 -1.895483e+00 -3.673917e+00 1.884053e+00 4.035848e-01 6.437791e-01 9.050659e-01 -1.188820e+00 -4.200376e+00 1.352562e+00 -4.966034e+00
1.552000e+01 -2.224687e+00 -3.539308e+00 -1.842454e+00 -3.635499e+00 1.904262e+00 4.017849e-01 6.742997e-01 9.682008e-01 -1.361343e+00 -4.159243e+00 1.192363e+00 -4.771253e+00
1.560000e+01 -2.170204e+00 -3.543825e+00 -1.786171e+00 -3.604043e+00 1.922818e+00 4.035514e-01 7.011881e-01 1.025300e+00 -1.526462e+00 -4.121484e+00 1.050313e+00 -4.609899e+00
1.568000e+01 -2.110598e+00 -3.550733e+00 -1.716326e+00 -3.559956e+00 1.947128e+00 4.170417e-01 7.306494e-01 1.095308e+00 -1.680913e+00 -4.074633e+00 9.364222e-01 -4.445164e+00
1.576000e+01 -2.052566e+00 -3.578735e+00 -1.639752e+00 -3.485605e+00 1.978684e+00 4.490974e-01 7.625285e-01 1.171873e+00 -1.804693e+00 -3.972460e+00 8.507187e-01 -4.295163e+00
1.584000e+01 -2.001528e+00 -3.602349e+00 -1.589110e+00 -3.438393e+00 1.983662e+00 4.649710e-01 7.716423e-01 1.208832e+00 -1.885071e+00 -3.950772e+00 8.258001e-01 -4.133447e+00
1.592000e+01 -1.957465e+00 -3.609880e+00 -1.541771e+00 -3.383756e+00 1.977993e+00 5.188450e-01 7.587848e-01 1.240783e+00 -1.954973e+00 -3.978340e+00 8.360629e-01 -3.935374e+00
1.600000e+01 -1.915255e+00 -3.612662e+00 -1.486637e+00 -3.323721e+00 1.973179e+00 5.689217e-01 7.482863e-01 1.280943e+00 -2.013843e+00 -3.969199e+00 8.738940e-01 -3.737882e+00
1.608000e+01 -1.889096e+00 -3.626571e+00 -1.444112e+00 -3.278309e+00 1.964627e+00 6.444225e-01 7.247403e-01 1.327145e+00 -2.076127e+00 -3.962827e+00 9.353096e-01 -3.523486e+00
1.616000e+01 -1.882807e+00 -3.642626e+00 -1.403558e+00 -3.234681e+00 1.954279e+00 7.246344e-01 6.969397e-01 1.378736e+00 -2.138415e+00 -3.916392e+00 1.004703e+00 -3.350880e+00
1.624000e+01 -1.888840e+00 -3.654485e+00 -1.363056e+00 -3.177987e+00 1.942473e+00 7.978741e-01 6.580392e-01 1.431300e+00 -2.201506e+00 -3.868380e+00 1.077002e+00 -3.173804e+00
1.632000e+01 -1.905490e+00 -3.604181e+00 -1.301797e+00 -3.109954e+00 1.940705e+00 8.907124e-01 6.176829e-01 1.496397e+00 -2.272930e+00 -3.795804e+00 1.125293e+00 -3.021812e+00
1.640000e+01 -1.943501e+00 -3.507817e+00 -1.238452e+00 -3.028735e+00 1.944925e+00 1.000745e+00 5.784496e-01 1.575115e+00 -2.349740e+00 -3.724480e+00 1.150678e+00 -2.907072e+00
1.648000e+01 -1.968489e+00 -3.437561e+00 -1.176178e+00 -2.969913e+00 1.956004e+00 1.094623e+00 5.511151e-01 1.659019e+00 -2.426207e+00 -3.652401e+00 1.162684e+00 -2.813343e+00
1.656000e+01 -2.000591e+00 -3.349279e+00 -1.095478e+00 -2.907636e+00 1.981514e+00 1.188626e+00 5.345713e-01 1.760096e+00 -2.500580e+00 -3.560945e+00 1.152662e+00 -2.773017e+00
1.664000e+01 -2.034549e+00 -3.266485e+00 -1.014180e+00 -2.847014e+00 2.009519e+00 1.290573e+00 5.158996e-01 1.857430e+00 -2.564426e+00 -3.483521e+00 1.125240e+00 -2.744549e+00
1.672000e+01 -2.068728e+00 -3.178958e+00 -9.275198e-01 -2.781344e+00 2.044343e+00 1.387236e+00 5.071841e-01 1.956398e+00 -2.609694e+00 -3.384401e+00 1.077314e+00 -2.756732e+00
1.680000e+01 -2.092337e+00 -3.087832e+00 -8.335936e-01 -2.707474e+00 2.083754e+00 1.486182e+00 5.020609e-01 2.058711e+00 -2.639527e+00 -3.267651e+00 1.014733e+00 -2.766530e+00
1.688000e+01 -2.108263e+00 -2.968105e+00 -7.220503e-01 -2.629186e+00 2.132164e+00 1.621292e+00 4.907378e-01 2.181344e+00 -2.664532e+00 -3.115487e+00 9.269698e-01 -2.764103e+00
1.696000e+01 -2.117170e+00 -2.857151e+00 -6.162045e-01 -2.541351e+00 2.177780e+00 1.745784e+00 4.793319e-01 2.309629e+00 -2.665877e+00 -2.944300e+00 8.355359e-01 -2.765586e+00
1.704000e+01 -2.133029e+00 -2.744303e+00 -5.096219e-01 -2.398974e+00 2.217295e+00 1.866915e+00 4.635742e-01 2.440615e+00 -2.652405e+00 -2.781398e+00 7.363415e-01 -2.741391e+00
1.712000e+01 -2.131501e+00 -2.639268e+00 -3.976334e-01 -2.246620e+00 2.258126e+00 1.982250e+00 4.499477e-01 2.586664e+00 -2.623915e+00 -2.606596e+00 6.294853e-01 -2.716820e+00
1.720000e+01 -2.114145e+00 -2.518564e+00 -2.761884e-01 -2.100849e+00 2.301057e+00 2.093502e+00 4.396679e-01 2.736964e+00 -2.578643e+00 -2.422322e+00 5.217610e-01 -2.705428e+00
1.728000e+01 -2.077488e+00 -2.424823e+00 -1.406914e-01 -1.936467e+00 2.354907e+00 2.208039e+00 4.360603e-01 2.913913e+00 -2.531839e+00 -2.212329e+00 4.073471e-01 -2.686437e+00
1.736000e+01 -2.022037e+00 -2.335928e+00 -1.066321e-02 -1.781029e+00 2.400600e+00 2.322944e+00 4.223273e-01 3.085151e+00 -2.474000e+00 -2.042344e+00 3.031465e-01 -2.634176e+00
1.744000e+01 -1.964880e+00 -2.270354e+00 1.164598e-01 -1.579405e+00 2.436725e+00 2.469239e+00 3.937726e-01 3.265929e+00 -2.420421e+00 -1.887084e+00 1.925521e-01 -2.595990e+00
1.752000e+01 -1.898058e+00 -2.216050e+00 2.432133e-01 -1.373318e+00 2.467614e+00 2.588061e+00 3.678049e-01 3.444382e+00 -2.358628e+00 -1.745034e+00 8.994086e-02 -2.553889e+00
1.760000e+01 -1.803045e+00 -2.201753e+00 3.953544e-01 -1.170972e+00 2.522546e+00 2.681918e+00 3.672308e-01 3.646665e+00 -2.299556e+00 -1.535875e+00 -1.098479e-02 -2.458928e+00
1.768000e+01 -1.714919e+00 -2.199581e+00 5.420457e-01 -9.949611e-01 2.575912e+00 2.777609e+00 3.548115e-01 3.854202e+00 -2.239524e+00 -1.346675e+00 -9.699739e-02 -2.373118e+00
1.776000e+01 -1.648929e+00 -2.218086e+00 6.793456e-01 -7.904194e-01 2.622882e+00 2.855149e+00 3.404309e-01 4.051336e+00 -2.177977e+00 -1.174764e+00 -1.622239e-01 -2.282148e+00
1.784000e+01 -1.585242e+00 -2.239683e+00 8.069570e-01 -6.191401e-01 2.667880e+00 2.915436e+00 3.313900e-01 4.216398e+00 -2.102633e+00 -1.000704e+00 -2.001581e-01 -2.160532e+00
1.792000e+01 -1.538887e+00 -2.290348e+00 9.339427e-01 -4.167394e-01 2.722467e+00 2.959923e+00 3.283948e-01 4.397453e+00 -2.032701e+00 -8.005247e-01 -2.215493e-01 -2.005409e+00
1.800000e+01 -1.512342e+00 -2.308472e+00 1.051954e+00 -2.182771e-01 2.770589e+00 2.958508e+00 3.342803e-01 4.534521e+00 -1.934188e+00 -6.026090e-01 -2.040123e-01 -1.857817e+00
1.808000e+01 -1.499307e+00 -2.327771e+00 1.156724e+00 -7.330831e-03 2.830684e+00 2.935005e+00 3.333409e-01 4.692584e+00 -1.841113e+00 -4.257160e-01 -1.629148e-01 -1.721356e+00
1.816000e+01 -1.493262e+00 -2.313722e+00 1.266444e+00 2.034356e-01 2.912915e+00 2.888176e+00 3.454916e-01 4.839605e+00 -1.741612e+00 -2.459438e-01 -1.009599e-01 -1.568953e+00
1.824000e+01 -1.489858e+00 -2.280761e+00 1.366382e+00 4.040313e-01 2.999928e+00 2.845278e+00 3.574743e-01 4.970917e+00 -1.634601e+00 -8.509050e-02 -1.355076e-02 -1.425623e+00
1.832000e+01 -1.477191e+00 -2.208117e+00 1.467024e+00 5.930705e-01 3.098803e+00 2.757637e+00 3.872966e-01 5.100476e+00 -1.518412e+00 7.397222e-02 9.608168e-02 -1.318029e+00
1.840000e+01 -1.439432e+00 -2.094197e+00 1.580761e+00 7.649742e-01 3.221453e+00 2.689075e+00 4.112682e-01 5.240734e+00 -1.412082e+00 2.554034e-01 2.067803e-01 -1.192915e+00
1.848000e+01 -1.384097e+00 -1.942885e+00 1.672131e+00 9.532782e-01 3.347092e+00 2.526172e+00 4.627149e-01 5.366041e+00 -1.289921e+00 4.151555e-01 3.372967e-01 -1.103444e+00
1.856000e+01 -1.319243e+00 -1.795626e+00 1.740413e+00 1.142086e+00 3.475079e+00 2.383205e+00 4.810039e-01 5.503660e+00 -1.191711e+00 5.462683e-01 4.532411e-01 -1.034282e+00
1.864000e+01 -1.236655e+00 -1.652376e+00 1.792663e+00 1.331235e+00 3.614192e+00 2.250635e+00 5.058032e-01 5.637155e+00 -1.099589e+00 6.988176e-01 5.675300e-01 -9.780686e-01
1.872000e+01 -1.141680e+00 -1.496441e+00 1.824659e+00 1.519930e+00 3.749885e+00 2.145507e+00 5.155265e-01 5.743479e+00 -1.010413e+00 8.741446e-01 6.739992e-01 -9.408497e-01
1.880000e+01 -1.032761e+00 -1.336400e+00 1.832292e+00 1.694076e+00 3.895752e+00 2.027028e+00 5.198329e-01 5.867861e+00 -9.319800e-01 1.041190e+00 7.702911e-01 -9.170507e-01
1.888000e+01 -9.476018e-01 -1.166136e+00 1.809136e+00 1.933686e+00 4.030666e+00 2.000776e+00 4.834221e-01 6.025918e+00 -8.854218e-01 1.212748e+00 8.267241e-01 -9.250922e-01
1.896000e+01 -8.552031e-01 -9.927685e-01 1.778992e+00 2.138336e+00 4.184456e+00 1.973966e+00 4.622508e-01 6.199701e+00 -8.454908e-01 1.414298e+00 8.631368e-01 -9.483317e-01
1.904000e+01 -7.787827e-01 -8.228770e-01 1.712495e+00 2.381065e+00 4.325215e+00 1.964209e+00 4.266642e-01 6.368108e+00 -8.093103e-01 1.630949e+00 8.672422e-01 -9.690124e-01
1.912000e+01 -7.113542e-01 -6.614835e-01 1.635957e+00 2.627877e+00 4.472123e+00 1.936681e+00 3.735412e-01 6.560120e+00 -7.878293e-01 1.840636e+00 8.404065e-01 -9.923653e-01
1.920000e+01 -6.471382e-01 -4.953601e-01 1.558005e+00 2.861722e+00 4.617461e+00 1.937864e+00 2.971575e-01 6.742126e+00 -7.677867e-01 2.041168e+00 7.888994e-01 -1.027645e+00
1.928000e+01 -5.849382e-01 -3.033641e-01 1.488283e+00 3.110769e+00 4.754349e+00 1.999040e+00 1.958074e-01 6.863371e+00 -7.339145e-01 2.274539e+00 7.087613e-01 -1.014671e+00
1.936000e+01 -5.219291e-01 -9.815670e-02 1.417300e+00 3.393301e+00 4.853513e+00 2.078503e+00 7.567754e-02 6.844830e+00 -6.587422e-01 2.541172e+00 6.224949e-01 -9.542711e-01
1.944000e+01 -4.557091e-01 1.036384e-01 1.370962e+00 3.671056e+00 4.960681e+00 2.170104e+00 -4.905037e-02 6.877890e+00 -6.254438e-01 2.773610e+00 5.082493e-01 -9.349437e-01
1.952000e+01 -3.612887e-01 3.287041e-01 1.341054e+00 3.884174e+00 5.047867e+00 2.274421e+00 -1.447766e-01 6.809747e+00 -5.576658e-01 3.009289e+00 4.118278e-01 -8.736304e-01
1.960000e+01 -2.350030e-01 5.467964e-01 1.337631e+00 4.061862e+00 5.133326e+00 2.325731e+00 -1.748183e-01 6.712724e+00 -4.784315e-01 3.250583e+00 3.304178e-01 -7.767708e-01
1.968000e+01 -1.046395e-01 7.969355e-01 1.344604e+00 4.250794e+00 5.186448e+00 2.363696e+00 -1.601807e-01 6.553236e+00 -3.733693e-01 3.514286e+00 2.632316e-01 -6.814363e-01
1.976000e+01 4.780485e-02 1.051645e+00 1.364507e+00 4.404562e+00 5.214904e+00 2.314275e+00 -1.389037e-01 6.505824e+00 -2.555714e-01 3.755098e+00 2.210479e-01 -5.893825e-01
1.984000e+01 2.332845e-01 1.319672e+00 1.412527e+00 4.523707e+00 5.232588e+00 2.210661e+00 -1.803516e-01 6.802267e+00 -1.439071e-01 4.035670e+00 1.889904e-01 -4.553640e-01
1.992000e+01 4.286885e-01 1.647688e+00 1.434023e+00 4.671447e+00 5.141980e+00 2.101172e+00 -2.482574e-01 7.011118e+00 3.176240e-02 4.377178e+00 1.898274e-01 -2.801524e-01
2.000000e+01 6.429703e-01 1.973232e+00 1.441578e+00 4.806831e+00 4.944116e+00 1.994608e+00 -1.466543e-01 6.887112e+00 2.132217e-01 4.770281e+00 1.995140e-01 -6.368353e-02
2.008000e+01 8.864552e-01 2.265360e+00 1.476495e+00 4.911716e+00 4.717335e+00 1.875642e+00 3.097513e-01 6.571667e+00 3.044397e-01 5.191363e+00 1.901871e-01 1.290678e-01
2.016000e+01 1.137576e+00 2.490259e+00 1.523474e+00 4.949316e+00 4.501188e+00 1.805864e+00 1.075916e+00 6.203942e+00 2.670929e-01 5.516159e+00 1.564309e-01 2.619038e-01
2.024000e+01 1.402884e+00 2.648578e+00 1.593750e+00 4.953331e+00 4.347146e+00 1.756348e+00 2.106518e+00 5.933008e+00 1.407791e-01 5.867040e+00 1.171247e-01 3.449275e-01
2.032000e+01 1.664508e+00 2.769591e+00 1.664937e+00 4.966712e+00 4.255327e+00 1.669385e+00 3.209890e+00 5.733711e+00 -3.690149e-02 6.221005e+00 7.503814e-02 3.944184e-01
2.040000e+01 1.901759e+00 2.852244e+00 1.676634e+00 4.985730e+00 4.152796e+00 1.610861e+00 4.221288e+00 5.407449e+00 -1.585198e-01 6.602044e+00 5.892493e-02 4.356331e-01
2.048000e+01 2.120562e+00 2.911597e+00 1.655755e+00 5.003607e+00 3.995717e+00 1.466223e+00 4.980670e+00 5.094564e+00 -2.214319e-01 6.973229e+00 4.148255e-02 5.637931e-01
2.056000e+01 2.321782e+00 2.852319e+00 1.609621e+00 5.002258e+00 3.820600e+00 1.240543e+00 5.440203e+00 5.078269e+00 -2.614539e-01 7.300593e+00 3.901124e-02 7.366026e-01
2.064000e+01 2.502959e+00 2.702567e+00 1.561284e+00 4.945223e+00 3.685229e+00 1.165190e+00 5.660876e+00 5.266493e+00 -2.972955e-01 7.549748e+00 2.942800e-02 9.552559e-01
2.072000e+01 2.691481e+00 2.376619e+00 1.517972e+00 4.817217e+00 3.640381e+00 1.099130e+00 5.766022e+00 5.632906e+00 -3.750646e-01 7.652819e+00 5.139627e-02 1.177818e+00
2.080000e+01 2.886071e+00 1.870217e+00 1.520606e+00 4.526628e+00 3.681833e+00 1.062609e+00 5.640092e+00 6.203352e+00 -4.704543e-01 7.606874e+00 9.594538e-02 1.368626e+00
2.088000e+01 3.091861e+00 1.046222e+00 1.585342e+00 4.068274e+00 3.825584e+00 1.209765e+00 5.292333e+00 6.798053e+00 -5.636944e-01 7.529290e+00 1.682435e-01 1.551665e+00
2.096000e+01 3.268850e+00 3.654148e-01 1.815070e+00 3.371862e+00 4.112842e+00 1.535301e+00 4.934974e+00 7.243440e+00 -6.602865e-01 7.323938e+00 2.469428e-01 1.741167e+00
2.104000e+01 3.413763e+00 2.089223e-01 2.064639e+00 2.747194e+00 4.580551e+00 1.930097e+00 4.820660e+00 7.501648e+00 -7.224996e-01 7.011951e+00 4.365924e-01 1.875176e+00
2.112000e+01 3.674595e+00 3.492570e-01 2.050394e+00 2.558611e+00 5.179985e+00 2.594533e+00 4.852784e+00 7.623324e+00 -6.167700e-01 6.696444e+00 7.470642e-01 2.090921e+00
2.120000e+01 4.004101e+00 4.639585e-01 1.718515e+00 2.807805e+00 5.682766e+00 2.246614e+00 4.835935e+00 7.682428e+00 -4.478887e-01 6.547554e+00 1.021033e+00 2.342960e+00
2.128000e+01 4.202972e+00 3.784196e-01 1.302489e+00 3.139850e+00 6.130021e+00 1.779490e+00 4.638488e+00 7.825633e+00 -3.760829e-01 6.484681e+00 1.175377e+00 2.562051e+00
2.136000e+01 4.324860e+00 4.872456e-01 9.996349e-01 3.209729e+00 6.529022e+00 1.736577e+00 4.444045e+00 8.021906e+00 -3.198286e-01 6.406061e+00 1.310360e+00 2.777621e+00
2.144000e+01 4.467863e+00 9.658052e-01 8.017769e-01 3.070540e+00 6.708224e+00 1.732247e+00 4.301929e+00 8.213858e+00 -2.564311e-01 6.339887e+00 1.469178e+00 2.942593e+00
2.152000e+01 4.673218e+00 1.578849e+00 5.617582e-01 2.932057e+00 6.633247e+00 1.781999e+00 4.175093e+00 8.307994e+00 -1.371747e-01 6.267919e+00 1.684688e+00 3.071436e+00
2.160000e+01 4.894647e+00 1.647430e+00 3.370419e-01 2.630098e+00 6.384279e+00 1.797719e+00 3.997907e+00 8.300440e+00 4.417209e-02 6.172822e+00 1.955208e+00 3.148018e+00
2.168000e+01 5.072295e+00 1.111325e+00 2.784109e-01 2.334322e+00 6.100031e+00 1.872114e+00 3.791185e+00 8.347502e+00 2.045118e-01 6.137235e+00 2.130535e+00 3.265587e+00
2.176000e+01 5.252415e+00 3.257699e-01 3.997600e-01 2.049320e+00 5.832334e+00 2.084549e+00 3.634305e+00 8.465585e+00 3.130303e-01 6.165573e+00 2.207104e+00 3.362420e+00
2.184000e+01 5.409301e+00 -3.244443e-01 5.801789e-01 1.897993e+00 5.551907e+00 2.350962e+00 3.561497e+00 8.493184e+00 4.132466e-01 6.184370e+00 2.226212e+00 3.529344e+00
2.192000e+01 5.507941e+00 -7.476276e-01 8.202728e-01 1.797559e+00 5.277946e+00 2.536920e+00 3.584868e+00 8.493118e+00 4.671829e-01 6.271954e+00 2.196487e+00 3.679123e+00
2.200000e+01 5.547578e+00 -9.127336e-01 1.084670e+00 1.753686e+00 5.011649e+00 2.594726e+00 3.702450e+00 8.495881e+00 5.017848e-01 6.407989e+00 2.151755e+00 3.883366e+00
2.208000e+01 5.493798e+00 -8.843168e-01 1.338291e+00 1.729164e+00 4.764588e+00 2.602691e+00 3.839822e+00 8.478219e+00 5.098831e-01 6.517577e+00 2.100583e+00 4.075478e+00
2.216000e+01 5.366799e+00 -7.011231e-01 1.573043e+00 1.753607e+00 4.550278e+00 2.552120e+00 4.018142e+00 8.399357e+00 5.493805e-01 6.625057e+00 2.068635e+00 4.278873e+00
2.224000e+01 5.186511e+00 -4.881340e-01 1.764783e+00 1.819719e+00 4.374874e+00 2.418215e+00 4.161292e+00 8.249918e+00 6.064715e-01 6.734048e+00 2.048010e+00 4.425727e+00
2.232000e+01 4.993933e+00 -2.467610e-01 1.945966e+00 1.977977e+00 4.251003e+00 2.367900e+00 4.257813e+00 8.018249e+00 6.655575e-01 6.885920e+00 1.983262e+00 4.577105e+00
2.240000e+01 4.866118e+00 -1.545665e-01 2.009048e+00 2.096121e+00 4.130178e+00 2.355534e+00 4.298105e+00 7.844060e+00 7.115548e-01 7.000198e+00 1.971237e+00 4.693793e+00
2.248000e+01 4.834754e+00 -2.447091e-02 2.029525e+00 2.186204e+00 4.011283e+00 2.275329e+00 4.330834e+00 7.757077e+00 7.110870e-01 7.077952e+00 1.955359e+00 4.779326e+00
2.256000e+01 4.880120e+00 1.065296e-01 1.979069e+00 2.209677e+00 3.875672e+00 2.174571e+00 4.331910e+00 7.683851e+00 6.786675e-01 7.071448e+00 1.960554e+00 4.860501e+00
2.264000e+01 4.984982e+00 2.200044e-01 1.859378e+00 2.132399e+00 3.765301e+00 2.142812e+00 4.273795e+00 7.620098e+00 6.054375e-01 6.999199e+00 1.980680e+00 4.887347e+00
2.272000e+01 5.109406e+00 3.148458e-01 1.691656e+00 2.086198e+00 3.705396e+00 2.229119e+00 4.191002e+00 7.542977e+00 5.354729e-01 6.921283e+00 1.995272e+00 4.919021e+00
2.280000e+01 5.277594e+00 3.669636e-01 1.478640e+00 1.991233e+00 3.712131e+00 2.307963e+00 4.122295e+00 7.482946e+00 4.800288e-01 6.825050e+00 2.034877e+00 4.933322e+00
2.288000e+01 5.461740e+00 3.555239e-01 1.234966e+00 1.938326e+00 3.790564e+00 2.373321e+00 4.086850e+00 7.400601e+00 4.683906e-01 6.766810e+00 2.100273e+00 4.986064e+00
2.296000e+01 5.639239e+00 3.757976e-01 1.040388e+00 1.850424e+00 3.918117e+00 2.411057e+00 4.068672e+00 7.328492e+00 4.663815e-01 6.731360e+00 2.144131e+00 5.077754e+00
2.304000e+01 5.761234e+00 4.309356e-01 9.466769e-01 1.836247e+00 4.087163e+00 2.395894e+00 4.077820e+00 7.265025e+00 4.671482e-01 6.736708e+00 2.127762e+00 5.215790e+00
2.312000e+01 5.813422e+00 5.137061e-01 9.459358e-01 1.881137e+00 4.270844e+00 2.295310e+00 4.107786e+00 7.252115e+00 4.452861e-01 6.781191e+00 2.070208e+00 5.322919e+00
2.320000e+01 5.827143e+00 6.819986e-01 1.006213e+00 1.929009e+00 4.454403e+00 2.204466e+00 4.129293e+00 7.270041e+00 4.055141e-01 6.847720e+00 1.963143e+00 5.408259e+00
2.328000e+01 5.826919e+00 1.043102e+00 1.186710e+00 1.980389e+00 4.637753e+00 2.156745e+00 4.160320e+00 7.321361e+00 3.489401e-01 6.923013e+00 1.823711e+00 5.460048e+00
2.336000e+01 5.861422e+00 1.343741e+00 1.407037e+00 2.019465e+00 4.796806e+00 2.043696e+00 4.213056e+00 7.358019e+00 3.077071e-01 6.988460e+00 1.677435e+00 5.477397e+00
2.344000e+01 5.985132e+00 1.636663e+00 1.641632e+00 2.088609e+00 4.945268e+00 1.945520e+00 4.274669e+00 7.401735e+00 2.755264e-01 7.043514e+00 1.519381e+00 5.504834e+00
2.352000e+01 6.220123e+00 1.971613e+00 1.834640e+00 2.100581e+00 5.077587e+00 1.844570e+00 4.331752e+00 7.411434e+00 2.673316e-01 7.088888e+00 1.400395e+00 5.480003e+00
2.360000e+01 6.555110e+00 2.333066e+00 1.932996e+00 2.091874e+00 5.156024e+00 1.759335e+00 4.361709e+00 7.332730e+00 2.994681e-01 7.085056e+00 1.347369e+00 5.471794e+00
2.368000e+01 6.914453e+00 2.452366e+00 1.931150e+00 2.014077e+00 5.174611e+00 1.613999e+00 4.374461e+00 7.231474e+00 3.401845e-01 7.025315e+00 1.404609e+00 5.453279e+00
2.376000e+01 7.234923e+00 2.359709e+00 1.930970e+00 1.883161e+00 5.165517e+00 1.527513e+00 4.347644e+00 7.152726e+00 3.564522e-01 6.958306e+00 1.473629e+00 5.434866e+00
2.384000e+01 7.487210e+00 2.076873e+00 1.863813e+00 1.789627e+00 5.125759e+00 1.436764e+00 4.313230e+00 7.068835e+00 3.637355e-01 6.855450e+00 1.581530e+00 5.394837e+00
2.392000e+01 7.671107e+00 1.775113e+00 1.782130e+00 1.674230e+00 5.076586e+00 1.425435e+00 4.239066e+00 6.983879e+00 3.502674e-01 6.766121e+00 1.670124e+00 5.376072e+00
2.400000e+01 7.742376e+00 1.475486e+00 1.685198e+00 1.610699e+00 5.019349e+00 1.458553e+00 4.141923e+00 6.928431e+00 3.004473e-01 6.681248e+00 1.727673e+00 5.351464e+00
2.408000e+01 7.726506e+00 1.179049e+00 1.553430e+00 1.521352e+00 4.944504e+00 1.511997e+00 4.037614e+00 6.869924e+00 2.435655e-01 6.578481e+00 1.785722e+00 5.329075e+00
2.416000e+01 7.686158e+00 9.954489e-01 1.446594e+00 1.432357e+00 4.855465e+00 1.529789e+00 3.941347e+00 6.816452e+00 1.840214e-01 6.486406e+00 1.802493e+00 5.323283e+00
2.424000e+01 7.651467e+00 8.874728e-01 1.374140e+00 1.316894e+00 4.777978e+00 1.565922e+00 3.861576e+00 6.781067e+00 1.173838e-01 6.422135e+00 1.798846e+00 5.349696e+00
2.432000e+01 7.618056e+00 8.248271e-01 1.330340e+00 1.186233e+00 4.713651e+00 1.629199e+00 3.799653e+00 6.748786e+00 6.486399e-02 6.398587e+00 1.787871e+00 5.366848e+00
2.440000e+01 7.576927e+00 8.240836e-01 1.305242e+00 1.062735e+00 4.640465e+00 1.693427e+00 3.736128e+00 6.676539e+00 3.912806e-02 6.359884e+00 1.760402e+00 5.402924e+00
2.448000e+01 7.553025e+00 8.459547e-01 1.316065e+00 9.369812e-01 4.584096e+00 1.795295e+00 3.669074e+00 6.623539e+00 1.473170e-03 6.344404e+00 1.705453e+00 5.474033e+00
2.456000e+01 7.545479e+00 9.694961e-01 1.365965e+00 8.620870e-01 4.534201e+00 1.888998e+00 3.631819e+00 6.568845e+00 -2.707531e-02 6.350658e+00 1.631131e+00 5.524673e+00
2.464000e+01 7.530291e+00 1.083960e+00 1.419775e+00 8.331801e-01 4.485369e+00 1.963393e+00 3.600189e+00 6.514777e+00 -4.820618e-02 6.348476e+00 1.546697e+00 5.563917e+00
2.472000e+01 7.489444e+00 1.138164e+00 1.459452e+00 8.260628e-01 4.431052e+00 2.037054e+00 3.571012e+00 6.442315e+00 -5.791683e-02 6.348304e+00 1.456989e+00 5.593976e+00
2.480000e+01 7.441621e+00 1.065035e+00 1.451756e+00 8.398593e-01 4.367506e+00 2.077206e+00 3.556157e+00 6.373087e+00 -5.426564e-02 6.330539e+00 1.419149e+00 5.594620e+00
2.488000e+01 7.393294e+00 9.960651e-01 1.446562e+00 9.143077e-01 4.311889e+00 2.106972e+00 3.547807e+00 6.316862e+00 -4.685933e-02 6.342618e+00 1.354630e+00 5.622811e+00
2.496000e+01 7.324020e+00 9.112843e-01 1.427656e+00 1.017488e+00 4.245897e+00 2.146468e+00 3.516595e+00 6.257243e+00 -4.940271e-02 6.317924e+00 1.308343e+00 5.606730e+00
2.504000e+01 7.203083e+00 7.042716e-01 1.379855e+00 1.125976e+00 4.170966e+00 2.143206e+00 3.501829e+00 6.184032e+00 -3.831188e-02 6.287973e+00 1.309618e+00 5.553462e+00
2.512000e+01 7.032060e+00 5.186765e-01 1.347242e+00 1.245343e+00 4.101407e+00 2.151701e+00 3.472554e+00 6.133455e+00 -4.173533e-02 6.254943e+00 1.300623e+00 5.508948e+00
2.520000e+01 6.787408e+00 3.417806e-01 1.301391e+00 1.330349e+00 4.033772e+00 2.147520e+00 3.444949e+00 6.079645e+00 -4.593396e-02 6.210817e+00 1.312932e+00 5.453034e+00
2.528000e+01 6.536480e+00 1.295491e-01 1.237113e+00 1.425194e+00 3.967929e+00 2.112462e+00 3.432562e+00 6.041906e+00 -4.528909e-02 6.163766e+00 1.348949e+00 5.401651e+00
2.536000e+01 6.333255e+00 5.783798e-02 1.206843e+00 1.494601e+00 3.924720e+00 2.081950e+00 3.414274e+00 6.027412e+00 -6.250149e-02 6.130585e+00 1.332305e+00 5.386859e+00
2.544000e+01 6.189099e+00 -7.107088e-02 1.137309e+00 1.550825e+00 3.885916e+00 2.049323e+00 3.392351e+00 5.997614e+00 -7.575379e-02 6.094857e+00 1.346633e+00 5.357509e+00
2.552000e+01 6.106945e+00 -1.126697e-01 1.072954e+00 1.562382e+00 3.857011e+00 2.001708e+00 3.381645e+00 5.969099e+00 -8.242273e-02 6.082760e+00 1.358351e+00 5.329034e+00
2.560000e+01 6.047555e+00 -1.167060e-01 1.012042e+00 1.558855e+00 3.831556e+00 1.978900e+00 3.360354e+00 5.929836e+00 -8.981027e-02 6.073268e+00 1.346305e+00 5.334409e+00
2.568000e+01 6.022093e+00 -5.567908e-02 9.744218e-01 1.526514e+00 3.818912e+00 1.971523e+00 3.340111e+00 5.913937e+00 -1.043602e-01 6.083008e+00 1.312914e+00 5.331268e+00
2.576000e+01 6.018928e+00 1.359426e-01 9.910463e-01 1.490682e+00 3.822830e+00 1.961191e+00 3.333892e+00 5.921007e+00 -1.294579e-01 6.100018e+00 1.228787e+00 5.361334e+00
2.584000e+01 6.016365e+00 3.301175e-01 1.017312e+00 1.453413e+00 3.835533e+00 1.950140e+00 3.337639e+00 5.924186e+00 -1.530774e-01 6.124541e+00 1.153172e+00 5.360308e+00
2.592000e+01 6.032797e+00 5.935103e-01 1.075381e+00 1.382902e+00 3.854938e+00 1.941880e+00 3.347553e+00 5.931723e+00 -1.752336e-01 6.154456e+00 1.055824e+00 5.370462e+00
2.600000e+01 6.048636e+00 8.104019e-01 1.147510e+00 1.346121e+00 3.871821e+00 1.941604e+00 3.351580e+00 5.940184e+00 -2.006114e-01 6.171062e+00 9.591465e-01 5.365234e+00
2.608000e+01 6.066503e+00 1.104200e+00 1.262195e+00 1.321427e+00 3.891662e+00 1.950743e+00 3.355689e+00 5.955988e+00 -2.272549e-01 6.204595e+00 8.372940e-01 5.334023e+00
2.616000e+01 6.073481e+00 1.364488e+00 1.372293e+00 1.325485e+00 3.900283e+00 1.955746e+00 3.354735e+00 5.961262e+00 -2.502998e-01 6.217714e+00 7.310564e-01 5.287001e+00
2.624000e+01 6.071240e+00 1.542798e+00 1.443300e+00 1.323250e+00 3.885807e+00 1.945398e+00 3.350330e+00 5.939992e+00 -2.557497e-01 6.207514e+00 6.719846e-01 5.217938e+00
2.632000e+01 6.070037e+00 1.668466e+00 1.503520e+00 1.296095e+00 3.858506e+00 1.928573e+00 3.338746e+00 5.909123e+00 -2.558432e-01 6.182152e+00 6.261014e-01 5.158345e+00
2.640000e+01 6.060226e+00 1.720994e+00 1.544767e+00 1.280151e+00 3.828260e+00 1.906315e+00 3.328142e+00 5.875400e+00 -2.535497e-01 6.167255e+00 5.960364e-01 5.089024e+00
2.648000e+01 6.031838e+00 1.738853e+00 1.587447e+00 1.277140e+00 3.804930e+00 1.886049e+00 3.313452e+00 5.869594e+00 -2.608255e-01 6.137543e+00 5.693495e-01 5.013977e+00
2.656000e+01 5.980997e+00 1.676374e+00 1.603086e+00 1.288692e+00 3.776076e+00 1.868811e+00 3.293819e+00 5.856581e+00 -2.661595e-01 6.099184e+00 5.720522e-01 4.934724e+00
2.664000e+01 5.901777e+00 1.636674e+00 1.624523e+00 1.320734e+00 3.753205e+00 1.864488e+00 3.265834e+00 5.848812e+00 -2.943862e-01 6.061612e+00 5.429212e-01 4.858646e+00
2.672000e+01 5.788548e+00 1.555044e+00 1.621562e+00 1.369176e+00 3.728608e+00 1.855754e+00 3.239518e+00 5.832909e+00 -3.232126e-01 6.023211e+00 5.327868e-01 4.775969e+00
2.680000e+01 5.635044e+00 1.487530e+00 1.631173e+00 1.431474e+00 3.712246e+00 1.861534e+00 3.211287e+00 5.828635e+00 -3.650855e-01 5.995605e+00 5.129176e-01 4.709986e+00
2.688000e+01 5.449843e+00 1.510336e+00 1.654680e+00 1.508958e+00 3.707452e+00 1.879728e+00 3.185259e+00 5.838326e+00 -4.221851e-01 5.982902e+00 4.598399e-01 4.661930e+00
2.696000e+01 5.239299e+00 1.544881e+00 1.674740e+00 1.598962e+00 3.706734e+00 1.899004e+00 3.167052e+00 5.849218e+00 -4.792495e-01 5.980984e+00 4.028932e-01 4.634490e+00
2.704000e+01 5.009075e+00 1.561274e+00 1.696242e+00 1.689342e+00 3.711644e+00 1.920130e+00 3.157528e+00 5.862346e+00 -5.377703e-01 5.995107e+00 3.323326e-01 4.634573e+00
2.712000e+01 4.762141e+00 1.583971e+00 1.728607e+00 1.784166e+00 3.721021e+00 1.942037e+00 3.154730e+00 5.885160e+00 -6.004561e-01 6.027773e+00 2.570588e-01 4.610420e+00
2.720000e+01 4.517930e+00 1.641532e+00 1.772785e+00 1.900753e+00 3.734557e+00 1.966484e+00 3.149540e+00 5.930860e+00 -6.817934e-01 6.029674e+00 1.551117e-01 4.597937e+00
2.728000e+01 4.297446e+00 1.683776e+00 1.802826e+00 2.002880e+00 3.743711e+00 1.978029e+00 3.162870e+00 5.950577e+00 -7.422777e-01 6.043848e+00 6.207141e-02 4.597471e+00
2.736000e+01 4.088652e+00 1.786326e+00 1.871504e+00 2.103815e+00 3.753174e+00 1.997853e+00 3.165972e+00 5.976355e+00 -8.146031e-01 6.055754e+00 -5.795904e-02 4.606088e+00
2.744000e+01 3.889327e+00 1.771806e+00 1.887575e+00 2.221701e+00 3.747945e+00 2.001275e+00 3.163535e+00 5.976430e+00 -8.808197e-01 6.040848e+00 -1.682657e-01 4.612901e+00
2.752000e+01 3.728405e+00 1.752633e+00 1.885929e+00 2.325730e+00 3.732841e+00 1.999792e+00 3.156038e+00 5.965456e+00 -9.432091e-01 6.023442e+00 -2.798641e-01 4.617076e+00
2.760000e+01 3.606239e+00 1.733141e+00 1.883171e+00 2.436061e+00 3.720077e+00 1.989108e+00 3.150579e+00 5.974675e+00 -1.012192e+00 5.998370e+00 -4.059374e-01 4.623964e+00
2.768000e+01 3.545927e+00 1.709502e+00 1.864979e+00 2.525535e+00 3.699705e+00 1.962523e+00 3.142406e+00 5.967203e+00 -1.064277e+00 5.970110e+00 -5.182454e-01 4.658499e+00
2.776000e+01 3.526730e+00 1.685042e+00 1.843675e+00 2.576891e+00 3.686700e+00 1.920495e+00 3.138289e+00 5.996174e+00 -1.130243e+00 5.933131e+00 -6.307013e-01 4.691527e+00
2.784000e+01 3.518020e+00 1.639231e+00 1.812267e+00 2.607366e+00 3.672272e+00 1.898370e+00 3.126054e+00 6.005668e+00 -1.203494e+00 5.932798e+00 -7.259609e-01 4.687748e+00
2.792000e+01 3.497748e+00 1.585564e+00 1.778975e+00 2.621705e+00 3.655966e+00 1.885199e+00 3.112370e+00 6.005239e+00 -1.308465e+00 5.942311e+00 -8.082009e-01 4.664667e+00
2.800000e+01 3.463606e+00 1.550561e+00 1.747465e+00 2.624719e+00 3.638710e+00 1.848448e+00 3.105919e+00 6.003255e+00 -1.443246e+00 5.935373e+00 -8.784799e-01 4.628497e+00
2.808000e+01 3.424637e+00 1.522715e+00 1.724086e+00 2.574053e+00 3.619281e+00 1.792626e+00 3.093808e+00 6.013348e+00 -1.602555e+00 5.886842e+00 -9.251952e-01 4.563643e+00
2.816000e+01 3.380256e+00 1.491005e+00 1.710846e+00 2.533957e+00 3.594316e+00 1.762916e+00 3.070480e+00 6.033707e+00 -1.763463e+00 5.815043e+00 -9.586168e-01 4.472899e+00
2.824000e+01 3.327399e+00 1.442166e+00 1.707419e+00 2.506549e+00 3.567416e+00 1.728749e+00 3.044673e+00 6.046613e+00 -1.909474e+00 5.725773e+00 -9.761404e-01 4.383942e+00
2.832000e+01 3.305226e+00 1.409499e+00 1.707995e+00 2.429578e+00 3.527494e+00 1.684227e+00 3.020333e+00 6.022552e+00 -2.000015e+00 5.623676e+00 -9.679739e-01 4.291581e+00
2.840000e+01 3.285065e+00 1.357338e+00 1.705809e+00 2.371275e+00 3.486332e+00 1.667899e+00 2.959829e+00 6.036968e+00 -2.074731e+00 5.462751e+00 -9.660945e-01 4.215957e+00
2.848000e+01 3.271453e+00 1.339139e+00 1.714175e+00 2.312165e+00 3.439708e+00 1.665449e+00 2.895016e+00 6.016875e+00 -2.134493e+00 5.320513e+00 -9.775986e-01 4.147106e+00
2.856000e+01 3.260622e+00 1.320025e+00 1.714345e+00 2.248399e+00 3.383977e+00 1.646200e+00 2.828961e+00 5.983055e+00 -2.172524e+00 5.184579e+00 -9.934656e-01 4.083841e+00
2.864000e+01 3.260289e+00 1.318124e+00 1.716812e+00 2.152638e+00 3.321020e+00 1.630215e+00 2.757491e+00 5.941762e+00 -2.194384e+00 5.064804e+00 -1.019706e+00 4.038473e+00
2.872000e+01 3.221759e+00 1.279117e+00 1.720877e+00 2.162819e+00 3.264265e+00 1.642604e+00 2.696466e+00 5.915192e+00 -2.213827e+00 4.980752e+00 -1.078519e+00 4.007383e+00
2.880000e+01 3.196604e+00 1.257137e+00 1.727723e+00 2.129022e+00 3.196568e+00 1.639923e+00 2.644863e+00 5.878163e+00 -2.219756e+00 4.894063e+00 -1.143670e+00 3.962889e+00
2.888000e+01 3.125593e+00 1.197239e+00 1.724928e+00 2.210881e+00 3.128094e+00 1.705397e+00 2.574364e+00 5.841945e+00 -2.228421e+00 4.835969e+00 -1.252634e+00 3.912137e+00
2.896000e+01 3.059738e+00 1.134267e+00 1.683300e+00 2.288992e+00 3.035989e+00 1.741840e+00 2.507180e+00 5.780464e+00 -2.213548e+00 4.784221e+00 -1.357516e+00 3.869294e+00
2.904000e+01 2.989169e+00 1.045409e+00 1.630740e+00 2.340315e+00 2.935454e+00 1.765337e+00 2.419309e+00 5.752822e+00 -2.202174e+00 4.742150e+00 -1.474495e+00 3.830519e+00
2.912000e+01 2.911414e+00 9.420251e-01 1.574330e+00 2.368325e+00 2.829797e+00 1.785950e+00 2.312760e+00 5.753227e+00 -2.195822e+00 4.718716e+00 -1.604177e+00 3.794827e+00
2.920000e+01 2.826189e+00 8.146861e-01 1.497930e+00 2.378617e+00 2.706462e+00 1.792857e+00 2.193216e+00 5.738307e+00 -2.173795e+00 4.714569e+00 -1.729360e+00 3.771385e+00
2.928000e+01 2.733183e+00 6.952987e-01 1.454178e+00 2.358794e+00 2.588919e+00 1.866012e+00 2.037562e+00 5.752875e+00 -2.184471e+00 4.719877e+00 -1.884138e+00 3.759599e+00
2.936000e+01 2.649118e+00 6.200836e-01 1.385953e+00 2.323772e+00 2.453292e+00 1.870559e+00 1.926631e+00 5.680737e+00 -2.183048e+00 4.712721e+00 -2.010839e+00 3.715958e+00
2.944000e+01 2.563766e+00 5.860857e-01 1.329155e+00 2.246932e+00 2.308056e+00 1.884744e+00 1.811222e+00 5.599443e+00 -2.215094e+00 4.670258e+00 -2.142926e+00 3.636076e+00
2.952000e+01 2.482155e+00 5.783261e-01 1.277603e+00 2.186677e+00 2.161393e+00 1.900157e+00 1.734183e+00 5.492773e+00 -2.254418e+00 4.614178e+00 -2.254150e+00 3.556915e+00
2.960000e+01 2.421467e+00 5.975368e-01 1.227696e+00 2.134790e+00 2.009683e+00 1.864146e+00 1.692924e+00 5.392373e+00 -2.304357e+00 4.564374e+00 -2.328877e+00 3.452763e+00
2.968000e+01 2.368942e+00 6.491012e-01 1.189054e+00 2.094873e+00 1.848841e+00 1.805455e+00 1.652241e+00 5.283251e+00 -2.373461e+00 4.484104e+00 -2.380918e+00 3.329198e+00
2.976000e+01 2.325961e+00 7.073625e-01 1.162849e+00 2.059784e+00 1.701722e+00 1.829156e+00 1.601310e+00 5.197300e+00 -2.466763e+00 4.419868e+00 -2.425287e+00 3.160322e+00
2.984000e+01 2.287367e+00 7.815408e-01 1.114005e+00 2.045628e+00 1.547083e+00 1.814204e+00 1.559077e+00 5.107295e+00 -2.556343e+00 4.325645e+00 -2.448919e+00 2.983604e+00
2.992000e+01 2.256655e+00 8.538884e-01 1.045806e+00 2.004801e+00 1.380781e+00 1.819421e+00 1.489356e+00 5.018015e+00 -2.656109e+00 4.195878e+00 -2.474059e+00 2.812655e+00
3.000000e+01 2.233411e+00 9.346117e-01 9.382360e-01 1.950716e+00 1.193456e+00 1.848960e+00 1.402834e+00 4.883655e+00 -2.734652e+00 4.056225e+00 -2.492029e+00 2.654869e+00
3.008000e+01 2.197828e+00 9.888413e-01 8.108278e-01 1.927096e+00 9.973426e-01 1.845821e+00 1.332272e+00 4.731030e+00 -2.797502e+00 3.967117e+00 -2.491595e+00 2.506220e+00
3.016000e+01 2.136917e+00 1.072486e+00 6.875233e-01 1.865346e+00 7.950066e-01 1.880805e+00 1.233795e+00 4.604875e+00 -2.876146e+00 3.855923e+00 -2.520089e+00 2.397073e+00
3.024000e+01 2.046441e+00 1.162961e+00 5.662298e-01 1.803601e+00 5.813504e-01 1.888559e+00 1.140746e+00 4.447368e+00 -2.935421e+00 3.743467e+00 -2.534183e+00 2.301860e+00
3.032000e+01 1.920956e+00 1.345563e+00 4.851087e-01 1.761033e+00 3.794136e-01 1.902308e+00 1.049358e+00 4.327201e+00 -2.999533e+00 3.649383e+00 -2.574473e+00 2.244429e+00
3.040000e+01 1.766280e+00 1.492714e+00 4.003377e-01 1.710025e+00 1.739276e-01 1.898871e+00 9.648757e-01 4.190208e+00 -3.046764e+00 3.586190e+00 -2.578199e+00 2.155525e+00
3.048000e+01 1.591000e+00 1.764868e+00 3.641917e-01 1.643159e+00 -7.774221e-03 1.925009e+00 8.808524e-01 4.069748e+00 -3.103031e+00 3.557495e+00 -2.599939e+00 2.087979e+00
3.056000e+01 1.389923e+00 2.020190e+00 3.059304e-01 1.601460e+00 -1.961801e-01 1.910835e+00 8.095514e-01 3.890321e+00 -3.138596e+00 3.508555e+00 -2.581360e+00 2.039321e+00
3.064000e+01 1.180415e+00 2.237453e+00 2.611777e-01 1.550639e+00 -3.620819e-01 1.858144e+00 7.532320e-01 3.724333e+00 -3.169387e+00 3.462807e+00 -2.537083e+00 1.987687e+00
3.072000e+01 9.698157e-01 2.432689e+00 2.316969e-01 1.494333e+00 -4.981513e-01 1.815129e+00 6.988017e-01 3.549539e+00 -3.196456e+00 3.409939e+00 -2.475219e+00 1.958335e+00
3.080000e+01 7.702093e-01 2.658889e+00 2.358493e-01 1.441708e+00 -6.011825e-01 1.780541e+00 6.521392e-01 3.367898e+00 -3.220926e+00 3.368659e+00 -2.409514e+00 1.958275e+00
3.088000e+01 5.685737e-01 2.844812e+00 2.510482e-01 1.399983e+00 -6.858815e-01 1.764753e+00 5.990717e-01 3.174877e+00 -3.234317e+00 3.320504e+00 -2.324427e+00 1.981449e+00
3.096000e+01 3.766607e-01 2.989163e+00 2.898430e-01 1.361593e+00 -7.404128e-01 1.735079e+00 5.557349e-01 2.987528e+00 -3.248303e+00 3.256398e+00 -2.230217e+00 2.019721e+00
3.104000e+01 1.861273e-01 3.119872e+00 3.463835e-01 1.327215e+00 -7.765335e-01 1.709881e+00 5.093259e-01 2.788791e+00 -3.250379e+00 3.186031e+00 -2.126734e+00 2.054595e+00
3.112000e+01 1.007818e-02 3.222405e+00 4.073746e-01 1.244554e+00 -8.004782e-01 1.667588e+00 4.587494e-01 2.598082e+00 -3.241592e+00 3.085948e+00 -2.006893e+00 2.060095e+00
3.120000e+01 -1.481838e-01 3.291421e+00 4.934055e-01 1.162344e+00 -7.909841e-01 1.637784e+00 4.121098e-01 2.413872e+00 -3.215841e+00 3.037072e+00 -1.879602e+00 2.071876e+00
3.128000e+01 -2.908247e-01 3.350864e+00 5.956035e-01 1.083259e+00 -7.610441e-01 1.627850e+00 3.690810e-01 2.209825e+00 -3.164603e+00 3.020092e+00 -1.750477e+00 2.086582e+00
3.136000e+01 -4.197317e-01 3.344972e+00 7.050623e-01 9.995427e-01 -7.142147e-01 1.610793e+00 3.270288e-01 2.023958e+00 -3.092635e+00 2.968820e+00 -1.614763e+00 2.102215e+00
3.144000e+01 -5.143765e-01 3.331018e+00 8.266536e-01 8.852878e-01 -6.472788e-01 1.585451e+00 2.806052e-01 1.866857e+00 -3.018892e+00 2.877555e+00 -1.493918e+00 2.131224e+00
3.152000e+01 -5.862139e-01 3.262388e+00 9.432056e-01 7.828601e-01 -5.694777e-01 1.551203e+00 2.222234e-01 1.720773e+00 -2.949420e+00 2.763018e+00 -1.374114e+00 2.167328e+00
3.160000e+01 -6.400942e-01 3.175319e+00 1.063533e+00 7.033635e-01 -4.857345e-01 1.552671e+00 1.352103e-01 1.568833e+00 -2.892045e+00 2.662772e+00 -1.271790e+00 2.223069e+00
3.168000e+01 -6.667967e-01 3.082747e+00 1.176424e+00 6.076894e-01 -4.022753e-01 1.565755e+00 3.319425e-02 1.413240e+00 -2.851724e+00 2.574225e+00 -1.179666e+00 2.266823e+00
3.176000e+01 -6.825629e-01 2.980140e+00 1.260871e+00 5.224291e-01 -3.177486e-01 1.572470e+00 -7.579707e-02 1.279010e+00 -2.826255e+00 2.492952e+00 -1.096184e+00 2.258374e+00
3.184000e+01 -6.724499e-01 2.897533e+00 1.322990e+00 4.464416e-01 -2.357008e-01 1.603664e+00 -2.059358e-01 1.168004e+00 -2.806313e+00 2.411146e+00 -1.029547e+00 2.277520e+00
3.192000e+01 -6.624306e-01 2.809410e+00 1.339326e+00 4.290539e-01 -1.593314e-01 1.640877e+00 -3.431139e-01 1.057863e+00 -2.788169e+00 2.343638e+00 -9.804458e-01 2.280046e+00
3.200000e+01 -6.348754e-01 2.744486e+00 1.327698e+00 4.352352e-01 -8.987575e-02 1.671484e+00 -4.795738e-01 9.650185e-01 -2.770936e+00 2.271629e+00 -9.438539e-01 2.273721e+00
3.208000e+01 -6.036356e-01 2.698107e+00 1.289858e+00 4.349236e-01 -3.221406e-02 1.698812e+00 -6.170908e-01 8.793583e-01 -2.746665e+00 2.188272e+00 -9.156665e-01 2.258293e+00
3.216000e+01 -5.692157e-01 2.663004e+00 1.244928e+00 4.309948e-01 1.107714e-02 1.721183e+00 -7.574858e-01 7.961376e-01 -2.719402e+00 2.064643e+00 -8.965082e-01 2.273973e+00
3.224000e+01 -5.312864e-01 2.624963e+00 1.207035e+00 4.171608e-01 5.076533e-02 1.725880e+00 -8.855081e-01 7.441901e-01 -2.687004e+00 1.949427e+00 -8.827987e-01 2.281428e+00
3.232000e+01 -4.876425e-01 2.565158e+00 1.179905e+00 3.874994e-01 8.368827e-02 1.717009e+00 -9.912245e-01 7.083599e-01 -2.646327e+00 1.875511e+00 -8.622040e-01 2.255040e+00
3.240000e+01 -4.395996e-01 2.512416e+00 1.161953e+00 3.618742e-01 9.489553e-02 1.703988e+00 -1.081115e+00 6.795434e-01 -2.598046e+00 1.804244e+00 -8.453794e-01 2.244266e+00
3.248000e+01 -4.025650e-01 2.460972e+00 1.154086e+00 3.625656e-01 9.044308e-02 1.703728e+00 -1.160549e+00 6.766876e-01 -2.550051e+00 1.740523e+00 -8.361252e-01 2.233741e+00
3.256000e+01 -3.718141e-01 2.416254e+00 1.151984e+00 3.618257e-01 6.771853e-02 1.700764e+00 -1.224400e+00 6.964246e-01 -2.497584e+00 1.690584e+00 -8.241976e-01 2.220660e+00
3.264000e+01 -3.557599e-01 2.378044e+00 1.152590e+00 3.719064e-01 2.230741e-02 1.702349e+00 -1.275017e+00 7.243298e-01 -2.441236e+00 1.652195e+00 -8.110339e-01 2.188706e+00
3.272000e+01 -3.483676e-01 2.344744e+00 1.154565e+00 3.936749e-01 -4.196430e-02 1.690710e+00 -1.311952e+00 7.762302e-01 -2.382504e+00 1.611327e+00 -7.952385e-01 2.164963e+00
3.280000e+01 -3.576382e-01 2.309388e+00 1.153608e+00 4.495430e-01 -1.229602e-01 1.690082e+00 -1.342952e+00 8.484050e-01 -2.322084e+00 1.573914e+00 -7.816905e-01 2.145116e+00
3.288000e+01 -3.712428e-01 2.270978e+00 1.147735e+00 5.096803e-01 -2.208791e-01 1.686952e+00 -1.365682e+00 9.385507e-01 -2.261938e+00 1.548884e+00 -7.647930e-01 2.129890e+00
3.296000e+01 -3.953473e-01 2.226990e+00 1.135753e+00 5.795353e-01 -3.389254e-01 1.699006e+00 -1.385007e+00 1.036926e+00 -2.199138e+00 1.535895e+00 -7.463928e-01 2.112851e+00
3.304000e+01 -4.273141e-01 2.174970e+00 1.120885e+00 6.671786e-01 -4.722749e-01 1.719255e+00 -1.395750e+00 1.147289e+00 -2.132510e+00 1.532587e+00 -7.264363e-01 2.095986e+00
3.312000e+01 -4.647988e-01 2.111242e+00 1.100687e+00 7.630654e-01 -6.171145e-01 1.740264e+00 -1.396506e+00 1.272266e+00 -2.059207e+00 1.533035e+00 -7.022200e-01 2.078752e+00
3.320000e+01 -5.091848e-01 2.025344e+00 1.081597e+00 8.619784e-01 -7.621014e-01 1.794775e+00 -1.392623e+00 1.413536e+00 -1.988346e+00 1.558885e+00 -6.791761e-01 2.053298e+00
3.328000e+01 -5.590756e-01 1.933993e+00 1.049597e+00 9.762797e-01 -9.153932e-01 1.847246e+00 -1.387939e+00 1.554610e+00 -1.917666e+00 1.560296e+00 -6.544354e-01 2.027349e+00
3.336000e+01 -6.149924e-01 1.839949e+00 1.013656e+00 1.092079e+00 -1.058086e+00 1.906707e+00 -1.380668e+00 1.703568e+00 -1.847914e+00 1.562213e+00 -6.353396e-01 1.988117e+00
3.344000e+01 -6.651737e-01 1.742197e+00 9.741827e-01 1.209531e+00 -1.188761e+00 1.983154e+00 -1.368543e+00 1.857673e+00 -1.777581e+00 1.576498e+00 -6.171148e-01 1.948938e+00
3.352000e+01 -7.140853e-01 1.660231e+00 9.300488e-01 1.336509e+00 -1.309706e+00 2.075997e+00 -1.356772e+00 2.009968e+00 -1.713739e+00 1.603847e+00 -6.036769e-01 1.911457e+00
3.360000e+01 -7.625692e-01 1.566222e+00 8.699067e-01 1.471142e+00 -1.424430e+00 2.152617e+00 -1.338652e+00 2.147249e+00 -1.639869e+00 1.637580e+00 -5.703417e-01 1.871496e+00
3.368000e+01 -8.111091e-01 1.463717e+00 8.029231e-01 1.604151e+00 -1.525009e+00 2.243861e+00 -1.326680e+00 2.280244e+00 -1.571117e+00 1.662811e+00 -5.359507e-01 1.836409e+00
3.376000e+01 -8.643177e-01 1.350065e+00 7.216987e-01 1.755044e+00 -1.610124e+00 2.319706e+00 -1.312886e+00 2.404944e+00 -1.501413e+00 1.675583e+00 -4.931560e-01 1.792650e+00
3.384000e+01 -9.198072e-01 1.232388e+00 6.337537e-01 1.893198e+00 -1.670262e+00 2.399743e+00 -1.300872e+00 2.522857e+00 -1.435459e+00 1.692005e+00 -4.477118e-01 1.735329e+00
3.392000e+01 -9.807802e-01 1.100969e+00 5.368926e-01 2.027475e+00 -1.698206e+00 2.470023e+00 -1.288375e+00 2.654980e+00 -1.379407e+00 1.692326e+00 -3.998377e-01 1.652388e+00
3.400000e+01 -1.041275e+00 9.737610e-01 4.292477e-01 2.150695e+00 -1.704558e+00 2.524955e+00 -1.275836e+00 2.751070e+00 -1.316310e+00 1.672266e+00 -3.412069e-01 1.566616e+00
3.408000e+01 -1.102432e+00 8.443512e-01 3.157561e-01 2.295465e+00 -1.687426e+00 2.577143e+00 -1.259926e+00 2.834724e+00 -1.248735e+00 1.652987e+00 -2.757088e-01 1.483988e+00
3.416000e+01 -1.167503e+00 7.274296e-01 1.855662e-01 2.464543e+00 -1.659332e+00 2.577118e+00 -1.220542e+00 2.871297e+00 -1.162173e+00 1.643548e+00 -1.949891e-01 1.386368e+00
3.424000e+01 -1.231809e+00 6.015728e-01 5.690042e-02 2.589779e+00 -1.596034e+00 2.595062e+00 -1.207313e+00 2.942446e+00 -1.092811e+00 1.596208e+00 -1.191900e-01 1.298889e+00
3.432000e+01 -1.297026e+00 4.805954e-01 -7.434955e-02 2.719050e+00 -1.523587e+00 2.612394e+00 -1.195682e+00 2.977181e+00 -1.019206e+00 1.559306e+00 -3.408976e-02 1.213216e+00
3.440000e+01 -1.363945e+00 3.727979e-01 -1.960908e-01 2.840154e+00 -1.438195e+00 2.669887e+00 -1.200991e+00 3.017743e+00 -9.512809e-01 1.516096e+00 4.218819e-02 1.153856e+00
3.448000e+01 -1.428128e+00 2.440490e-01 -3.226278e-01 2.965728e+00 -1.346567e+00 2.723955e+00 -1.197200e+00 3.029523e+00 -8.680591e-01 1.497673e+00 1.373663e-01 1.087619e+00
3.456000e+01 -1.490968e+00 1.279121e-01 -4.438973e-01 3.069477e+00 -1.236106e+00 2.756060e+00 -1.190980e+00 3.049421e+00 -7.864361e-01 1.471743e+00 2.318124e-01 1.024318e+00
3.464000e+01 -1.555758e+00 1.220772e-02 -5.611364e-01 3.167855e+00 -1.110174e+00 2.797160e+00 -1.179887e+00 3.066517e+00 -7.060380e-01 1.454428e+00 3.219987e-01 9.641055e-01
3.472000e+01 -1.624248e+00 -1.119887e-01 -6.745470e-01 3.259503e+00 -9.807015e-01 2.862839e+00 -1.176802e+00 3.087411e+00 -6.296096e-01 1.438476e+00 4.102010e-01 8.979019e-01
3.480000e+01 -1.684066e+00 -2.183353e-01 -7.827718e-01 3.298686e+00 -8.510707e-01 2.946630e+00 -1.178138e+00 3.076904e+00 -5.488927e-01 1.416541e+00 4.986479e-01 8.281570e-01
3.488000e+01 -1.747013e+00 -3.163489e-01 -8.780832e-01 3.355572e+00 -7.208441e-01 2.995496e+00 -1.158053e+00 3.063647e+00 -4.652154e-01 1.398975e+00 5.851813e-01 7.572777e-01
3.496000e+01 -1.807856e+00 -4.015855e-01 -9.606192e-01 3.392426e+00 -6.024266e-01 3.106643e+00 -1.150004e+00 3.044085e+00 -3.875809e-01 1.387603e+00 6.555754e-01 7.036992e-01
3.504000e+01 -1.869185e+00 -4.701019e-01 -1.014691e+00 3.413107e+00 -4.870275e-01 3.283008e+00 -1.148684e+00 3.048204e+00 -3.323306e-01 1.398088e+00 7.044197e-01 6.492241e-01
3.512000e+01 -1.920235e+00 -4.926702e-01 -1.061052e+00 3.443875e+00 -4.028988e-01 3.453456e+00 -1.139228e+00 3.041565e+00 -2.733390e-01 1.413963e+00 7.459694e-01 6.085421e-01
3.520000e+01 -1.964477e+00 -5.174800e-01 -1.112443e+00 3.453094e+00 -3.449506e-01 3.635482e+00 -1.130670e+00 3.042227e+00 -2.214747e-01 1.425436e+00 7.770843e-01 5.773781e-01
3.528000e+01 -1.997817e+00 -5.599270e-01 -1.158961e+00 3.430838e+00 -3.216916e-01 3.860565e+00 -1.134742e+00 3.055718e+00 -1.815356e-01 1.441657e+00 7.967559e-01 5.432805e-01
3.536000e+01 -2.025280e+00 -6.282842e-01 -1.208194e+00 3.402828e+00 -3.429484e-01 4.092231e+00 -1.143898e+00 3.070059e+00 -1.446771e-01 1.456902e+00 8.121503e-01 5.090971e-01
3.544000e+01 -2.040145e+00 -7.086949e-01 -1.259467e+00 3.381270e+00 -4.169969e-01 4.302998e+00 -1.155800e+00 3.069947e+00 -1.028115e-01 1.475098e+00 8.260380e-01 4.822893e-01
3.552000e+01 -2.056029e+00 -7.733667e-01 -1.298005e+00 3.362693e+00 -5.463792e-01 4.559076e+00 -1.198834e+00 3.051779e+00 -7.145849e-02 1.502635e+00 8.251940e-01 4.506076e-01
3.560000e+01 -2.067872e+00 -8.598069e-01 -1.343540e+00 3.368757e+00 -7.177897e-01 4.756156e+00 -1.228696e+00 3.058799e+00 -4.316139e-02 1.514845e+00 8.252119e-01 4.103455e-01
3.568000e+01 -2.066968e+00 -9.409676e-01 -1.386112e+00 3.346954e+00 -9.340594e-01 4.889291e+00 -1.244179e+00 3.049335e+00 -6.301842e-03 1.519781e+00 8.325948e-01 3.730072e-01
3.576000e+01 -2.065455e+00 -1.029498e+00 -1.429757e+00 3.310861e+00 -1.182520e+00 5.000893e+00 -1.257438e+00 3.046183e+00 2.972532e-02 1.524999e+00 8.416149e-01 3.390126e-01
3.584000e+01 -2.082309e+00 -1.058441e+00 -1.457364e+00 3.331641e+00 -1.456630e+00 5.087498e+00 -1.261826e+00 3.043407e+00 6.313027e-02 1.531004e+00 8.377731e-01 2.927055e-01
3.592000e+01 -2.099373e+00 -1.084373e+00 -1.499178e+00 3.339868e+00 -1.744662e+00 5.175219e+00 -1.253812e+00 3.034425e+00 1.038516e-01 1.540346e+00 8.422471e-01 2.551237e-01
3.600000e+01 -2.117073e+00 -1.088617e+00 -1.542808e+00 3.308135e+00 -2.022533e+00 5.295238e+00 -1.243043e+00 3.035369e+00 1.371459e-01 1.552286e+00 8.480729e-01 2.172329e-01
3.608000e+01 -2.143541e+00 -1.077519e+00 -1.612096e+00 3.312709e+00 -2.290446e+00 5.394572e+00 -1.216686e+00 3.000932e+00 1.825627e-01 1.565157e+00 8.672204e-01 1.812605e-01
3.616000e+01 -2.173429e+00 -1.051964e+00 -1.695483e+00 3.304145e+00 -2.528189e+00 5.477718e+00 -1.178089e+00 2.938649e+00 2.290579e-01 1.584798e+00 8.921746e-01 1.515162e-01
3.624000e+01 -2.194036e+00 -1.031696e+00 -1.787324e+00 3.254649e+00 -2.756849e+00 5.570697e+00 -1.141598e+00 2.874157e+00 2.668167e-01 1.597746e+00 9.247775e-01 1.135003e-01
3.632000e+01 -2.222240e+00 -1.017247e+00 -1.867269e+00 3.226295e+00 -2.956379e+00 5.613711e+00 -1.109358e+00 2.845694e+00 2.823916e-01 1.598679e+00 9.492388e-01 7.205732e-02
3.640000e+01 -2.252216e+00 -1.013373e+00 -1.942910e+00 3.128912e+00 -3.102476e+00 5.657588e+00 -1.088545e+00 2.796478e+00 2.872094e-01 1.611075e+00 9.625610e-01 3.000869e-02
3.648000e+01 -2.270535e+00 -1.030875e+00 -2.013324e+00 3.021988e+00 -3.137885e+00 5.575533e+00 -1.064231e+00 2.755380e+00 2.802399e-01 1.591739e+00 9.829268e-01 -2.692533e-02
3.656000e+01 -2.290707e+00 -1.075194e+00 -2.073364e+00 2.882750e+00 -3.042838e+00 5.472672e+00 -1.047853e+00 2.711082e+00 2.630573e-01 1.578851e+00 9.916453e-01 -7.732360e-02
3.664000e+01 -2.314780e+00 -1.144502e+00 -2.123182e+00 2.731860e+00 -2.859764e+00 5.449518e+00 -1.038059e+00 2.708744e+00 2.207250e-01 1.548691e+00 9.867567e-01 -1.341253e-01
3.672000e+01 -2.330389e+00 -1.209396e+00 -2.187373e+00 2.572064e+00 -2.661549e+00 5.522283e+00 -1.018452e+00 2.666890e+00 1.879764e-01 1.499434e+00 9.899073e-01 -1.924672e-01
3.680000e+01 -2.331934e+00 -1.254240e+00 -2.264319e+00 2.416066e+00 -2.485635e+00 5.652823e+00 -9.768125e-01 2.580164e+00 1.792473e-01 1.460629e+00 1.006187e+00 -2.375068e-01
3.688000e+01 -2.320337e+00 -1.269053e+00 -2.359517e+00 2.318417e+00 -2.366916e+00 5.751287e+00 -9.027057e-01 2.460107e+00 1.955475e-01 1.419297e+00 1.040714e+00 -2.631782e-01
3.696000e+01 -2.289804e+00 -1.263571e+00 -2.459891e+00 2.245227e+00 -2.308072e+00 5.813261e+00 -8.136451e-01 2.322772e+00 2.263575e-01 1.394833e+00 1.085689e+00 -2.747778e-01
3.704000e+01 -2.241973e+00 -1.258330e+00 -2.546664e+00 2.172318e+00 -2.329624e+00 5.904511e+00 -7.386452e-01 2.198604e+00 2.504600e-01 1.374450e+00 1.130908e+00 -2.815519e-01
3.712000e+01 -2.173015e+00 -1.247629e+00 -2.614233e+00 2.120369e+00 -2.409996e+00 5.924551e+00 -6.535007e-01 2.072925e+00 2.854318e-01 1.360904e+00 1.186545e+00 -2.876029e-01
3.720000e+01 -2.080005e+00 -1.237162e+00 -2.659122e+00 2.072611e+00 -2.511705e+00 5.820942e+00 -5.597124e-01 1.947620e+00 3.290543e-01 1.354536e+00 1.254555e+00 -2.890062e-01
3.728000e+01 -1.984312e+00 -1.268665e+00 -2.665997e+00 1.990516e+00 -2.604614e+00 5.731422e+00 -5.104796e-01 1.872610e+00 3.413399e-01 1.352666e+00 1.305778e+00 -3.177077e-01
3.736000e+01 -1.890600e+00 -1.302812e+00 -2.642776e+00 1.916945e+00 -2.680808e+00 5.588655e+00 -4.694560e-01 1.803733e+00 3.460617e-01 1.339989e+00 1.348606e+00 -3.727852e-01
3.744000e+01 -1.783419e+00 -1.341672e+00 -2.596840e+00 1.841108e+00 -2.723282e+00 5.368764e+00 -4.262671e-01 1.736741e+00 3.563998e-01 1.329628e+00 1.393848e+00 -4.192180e-01
3.752000e+01 -1.680101e+00 -1.391318e+00 -2.526568e+00 1.735955e+00 -2.718015e+00 5.137787e+00 -4.045849e-01 1.678546e+00 3.580902e-01 1.315766e+00 1.429539e+00 -4.820943e-01
3.760000e+01 -1.582458e+00 -1.453190e+00 -2.440021e+00 1.644143e+00 -2.669308e+00 4.917678e+00 -3.884803e-01 1.630138e+00 3.548023e-01 1.299181e+00 1.458459e+00 -5.407015e-01
3.768000e+01 -1.478795e+00 -1.515924e+00 -2.347238e+00 1.526694e+00 -2.600982e+00 4.741616e+00 -3.701992e-01 1.568582e+00 3.604263e-01 1.281583e+00 1.489892e+00 -5.885549e-01
3.776000e+01 -1.386772e+00 -1.592190e+00 -2.250954e+00 1.424121e+00 -2.525590e+00 4.649780e+00 -3.571048e-01 1.521533e+00 3.587890e-01 1.262875e+00 1.513331e+00 -6.345691e-01
3.784000e+01 -1.294789e+00 -1.666636e+00 -2.163796e+00 1.309957e+00 -2.461752e+00 4.599613e+00 -3.294250e-01 1.466870e+00 3.673996e-01 1.239600e+00 1.542156e+00 -6.704245e-01
3.792000e+01 -1.196711e+00 -1.747970e+00 -2.091210e+00 1.184455e+00 -2.421386e+00 4.562537e+00 -2.954893e-01 1.394330e+00 3.902975e-01 1.210217e+00 1.583514e+00 -7.052644e-01
3.800000e+01 -1.102279e+00 -1.826041e+00 -2.021509e+00 1.060361e+00 -2.386335e+00 4.516867e+00 -2.519472e-01 1.327729e+00 4.149442e-01 1.186216e+00 1.624753e+00 -7.309525e-01
3.808000e+01 -1.005543e+00 -1.913039e+00 -1.958709e+00 9.372032e-01 -2.360709e+00 4.451190e+00 -2.019012e-01 1.265923e+00 4.453812e-01 1.165407e+00 1.672900e+00 -7.479647e-01
3.816000e+01 -9.048869e-01 -1.996028e+00 -1.897504e+00 8.063893e-01 -2.333473e+00 4.370434e+00 -1.487662e-01 1.214826e+00 4.763925e-01 1.150248e+00 1.719457e+00 -7.531928e-01
3.824000e+01 -7.928748e-01 -2.078435e+00 -1.841233e+00 6.526848e-01 -2.306381e+00 4.253722e+00 -8.778076e-02 1.163278e+00 5.153943e-01 1.133038e+00 1.775003e+00 -7.522165e-01
3.832000e+01 -6.731873e-01 -2.153165e+00 -1.779938e+00 4.780677e-01 -2.272354e+00 4.117981e+00 -2.443533e-02 1.113150e+00 5.578843e-01 1.122713e+00 1.831848e+00 -7.381485e-01
3.840000e+01 -5.499705e-01 -2.236385e+00 -1.710476e+00 2.943030e-01 -2.232155e+00 3.979795e+00 4.067372e-02 1.071916e+00 5.995776e-01 1.115786e+00 1.890293e+00 -7.144247e-01
3.848000e+01 -4.225261e-01 -2.286927e+00 -1.622778e+00 1.268520e-01 -2.184315e+00 3.817007e+00 1.109584e-01 1.033234e+00 6.451587e-01 1.111638e+00 1.946574e+00 -6.812566e-01
3.856000e+01 -2.941729e-01 -2.363352e+00 -1.546513e+00 -3.080167e-02 -2.134536e+00 3.623661e+00 1.877167e-01 9.786124e-01 7.050011e-01 1.112659e+00 2.014677e+00 -6.253840e-01
3.864000e+01 -1.477338e-01 -2.441408e+00 -1.461894e+00 -2.143492e-01 -2.071828e+00 3.440892e+00 2.614526e-01 9.186407e-01 7.671222e-01 1.123010e+00 2.085251e+00 -5.607184e-01
3.872000e+01 -1.268593e-03 -2.511949e+00 -1.369870e+00 -3.500800e-01 -2.004751e+00 3.245774e+00 3.347948e-01 8.451479e-01 8.369374e-01 1.134937e+00 2.158597e+00 -4.745314e-01
3.880000e+01 1.513012e-01 -2.580799e+00 -1.264259e+00 -4.693515e-01 -1.924703e+00 3.078301e+00 4.010506e-01 7.765194e-01 9.002159e-01 1.153853e+00 2.225016e+00 -3.780644e-01
3.888000e+01 2.986324e-01 -2.683532e+00 -1.154533e+00 -5.459748e-01 -1.838826e+00 2.923685e+00 4.649743e-01 7.055604e-01 9.609809e-01 1.176437e+00 2.292686e+00 -2.773072e-01
3.896000e+01 4.587074e-01 -2.769580e+00 -1.036934e+00 -6.106903e-01 -1.749414e+00 2.772106e+00 5.327033e-01 6.186077e-01 1.030053e+00 1.212108e+00 2.361969e+00 -1.516876e-01
3.904000e+01 6.354382e-01 -2.867863e+00 -9.106350e-01 -7.090827e-01 -1.653231e+00 2.617461e+00 6.061337e-01 5.279160e-01 1.104075e+00 1.251662e+00 2.439444e+00 -2.804831e-02
3.912000e+01 8.158273e-01 -2.935748e+00 -7.602202e-01 -7.847397e-01 -1.550538e+00 2.461158e+00 6.740228e-01 4.465064e-01 1.170242e+00 1.282656e+00 2.506969e+00 1.076717e-01
3.920000e+01 9.929241e-01 -2.992724e+00 -5.903502e-01 -8.585427e-01 -1.440209e+00 2.313129e+00 7.423582e-01 3.812061e-01 1.226789e+00 1.315780e+00 2.564378e+00 2.475267e-01
3.928000e+01 1.165724e+00 -3.068230e+00 -4.179763e-01 -8.981574e-01 -1.336580e+00 2.171521e+00 8.099433e-01 3.094289e-01 1.280765e+00 1.346089e+00 2.624013e+00 3.960125e-01
3.936000e+01 1.338154e+00 -3.121318e+00 -2.408213e-01 -9.372277e-01 -1.227175e+00 2.009816e+00 8.852889e-01 2.467187e-01 1.332664e+00 1.372673e+00 2.678945e+00 5.425187e-01
3.944000e+01 1.502391e+00 -3.153326e+00 -5.147918e-02 -9.684261e-01 -1.118201e+00 1.868742e+00 9.617829e-01 1.904531e-01 1.377851e+00 1.410036e+00 2.722745e+00 6.943089e-01
3.952000e+01 1.655955e+00 -3.162268e+00 1.444635e-01 -9.945429e-01 -1.012433e+00 1.749464e+00 1.034262e+00 1.405385e-01 1.416309e+00 1.438389e+00 2.755414e+00 8.414674e-01
3.960000e+01 1.787628e+00 -3.154433e+00 3.328787e-01 -9.826183e-01 -9.156211e-01 1.631223e+00 1.105166e+00 8.971779e-02 1.450993e+00 1.453479e+00 2.783156e+00 9.754467e-01
3.968000e+01 1.905142e+00 -3.149567e+00 5.179351e-01 -9.558306e-01 -8.214451e-01 1.511822e+00 1.178589e+00 4.738527e-02 1.482181e+00 1.470207e+00 2.805321e+00 1.098371e+00
3.976000e+01 2.015414e+00 -3.130322e+00 6.996205e-01 -9.444059e-01 -7.311969e-01 1.394027e+00 1.252096e+00 7.300970e-03 1.512876e+00 1.478629e+00 2.827145e+00 1.227044e+00
3.984000e+01 2.108431e+00 -3.109403e+00 8.788038e-01 -9.015134e-01 -6.478842e-01 1.289209e+00 1.319098e+00 -2.318367e-02 1.538516e+00 1.480192e+00 2.837261e+00 1.346941e+00
3.992000e+01 2.190055e+00 -3.100737e+00 1.050994e+00 -8.433229e-01 -5.702594e-01 1.202542e+00 1.379529e+00 -4.632971e-02 1.559598e+00 1.476610e+00 2.837323e+00 1.459311e+00
4.000000e+01 2.271856e+00 -3.107749e+00 1.217551e+00 -7.752096e-01 -5.000880e-01 1.118371e+00 1.427892e+00 -6.218306e-02 1.580327e+00 1.452424e+00 2.831249e+00 1.576075e+00
4.008000e+01 2.354313e+00 -3.117505e+00 1.386928e+00 -6.907837e-01 -4.292900e-01 1.051842e+00 1.476084e+00 -6.378389e-02 1.600901e+00 1.436642e+00 2.809550e+00 1.711312e+00
4.016000e+01 2.432945e+00 -3.100133e+00 1.548552e+00 -6.019209e-01 -3.683241e-01 9.889586e-01 1.520008e+00 -6.375316e-02 1.623350e+00 1.402187e+00 2.779060e+00 1.831051e+00
4.024000e+01 2.509538e+00 -3.087921e+00 1.700654e+00 -5.264525e-01 -3.096628e-01 9.311289e-01 1.560910e+00 -4.912825e-02 1.647247e+00 1.365484e+00 2.752299e+00 1.935066e+00
4.032000e+01 2.576326e+00 -3.025053e+00 1.846370e+00 -4.581165e-01 -2.589896e-01 8.821087e-01 1.591436e+00 -3.634077e-02 1.672996e+00 1.313047e+00 2.723666e+00 2.027955e+00
4.040000e+01 2.632273e+00 -2.873591e+00 2.000500e+00 -3.851865e-01 -2.099333e-01 8.474570e-01 1.613639e+00 -1.008782e-02 1.695106e+00 1.261761e+00 2.670656e+00 2.114383e+00
4.048000e+01 2.664724e+00 -2.678591e+00 2.147077e+00 -3.107927e-01 -1.684354e-01 8.283342e-01 1.626059e+00 2.154543e-02 1.718211e+00 1.198619e+00 2.615452e+00 2.181490e+00
4.056000e+01 2.684127e+00 -2.469865e+00 2.284059e+00 -2.504047e-01 -1.351150e-01 8.212367e-01 1.628029e+00 6.157096e-02 1.743578e+00 1.129177e+00 2.560173e+00 2.237594e+00
4.064000e+01 2.693960e+00 -2.232243e+00 2.413679e+00 -2.053394e-01 -1.069466e-01 8.174613e-01 1.623020e+00 9.942599e-02 1.772937e+00 1.055960e+00 2.492687e+00 2.279347e+00
4.072000e+01 2.695308e+00 -2.009505e+00 2.530483e+00 -1.775225e-01 -8.628203e-02 8.143173e-01 1.610695e+00 1.349813e-01 1.810161e+00 9.766356e-01 2.427743e+00 2.309055e+00
4.080000e+01 2.678569e+00 -1.770563e+00 2.638362e+00 -1.660577e-01 -7.225912e-02 8.276261e-01 1.583278e+00 1.720402e-01 1.847182e+00 8.876965e-01 2.350991e+00 2.320427e+00
4.088000e+01 2.644616e+00 -1.530352e+00 2.736413e+00 -1.598213e-01 -5.992299e-02 8.444605e-01 1.543190e+00 2.101713e-01 1.886796e+00 7.926513e-01 2.269917e+00 2.323515e+00
4.096000e+01 2.596231e+00 -1.300663e+00 2.817906e+00 -1.807461e-01 -5.313713e-02 8.581141e-01 1.496104e+00 2.368240e-01 1.930640e+00 6.952043e-01 2.192820e+00 2.307882e+00
4.104000e+01 2.529853e+00 -1.061949e+00 2.891170e+00 -1.958915e-01 -4.494225e-02 8.771327e-01 1.441288e+00 2.602750e-01 1.971905e+00 6.014283e-01 2.108797e+00 2.295845e+00
4.112000e+01 2.456411e+00 -8.316403e-01 2.956690e+00 -2.235583e-01 -3.926097e-02 9.045863e-01 1.381105e+00 2.766991e-01 2.010911e+00 5.123649e-01 2.024724e+00 2.274096e+00
4.120000e+01 2.373525e+00 -6.597172e-01 3.000772e+00 -2.324102e-01 -3.479303e-02 9.381908e-01 1.317304e+00 2.923018e-01 2.044715e+00 4.248086e-01 1.947535e+00 2.242366e+00
4.128000e+01 2.296672e+00 -4.964217e-01 3.039967e+00 -2.599542e-01 -2.635201e-02 9.730950e-01 1.253021e+00 3.087136e-01 2.071348e+00 3.365414e-01 1.872056e+00 2.215821e+00
4.136000e+01 2.209906e+00 -3.908569e-01 3.061269e+00 -2.711431e-01 -2.012151e-02 1.010063e+00 1.186841e+00 3.117045e-01 2.095118e+00 2.455986e-01 1.816165e+00 2.180548e+00
4.144000e+01 2.118384e+00 -3.219349e-01 3.068041e+00 -2.865701e-01 -1.840729e-02 1.048537e+00 1.116246e+00 3.011603e-01 2.117200e+00 1.485537e-01 1.780999e+00 2.150015e+00
4.152000e+01 2.013112e+00 -2.842366e-01 3.071958e+00 -3.069377e-01 -1.333637e-02 1.102132e+00 1.045281e+00 2.913376e-01 2.133255e+00 6.854166e-02 1.751716e+00 2.117511e+00
4.160000e+01 1.888909e+00 -3.155864e-01 3.050812e+00 -2.809319e-01 -1.115459e-02 1.173921e+00 9.712329e-01 2.795843e-01 2.139669e+00 -7.402282e-03 1.734224e+00 2.078347e+00
4.168000e+01 1.758083e+00 -3.527864e-01 3.028099e+00 -2.346537e-01 -1.204193e-02 1.260428e+00 8.962490e-01 2.670267e-01 2.134290e+00 -7.380082e-02 1.720207e+00 2.035334e+00
4.176000e+01 1.626900e+00 -4.147633e-01 2.996160e+00 -1.669607e-01 -1.623651e-02 1.352529e+00 8.241915e-01 2.600781e-01 2.117421e+00 -1.423430e-01 1.715552e+00 1.981317e+00
4.184000e+01 1.513689e+00 -4.484133e-01 2.971215e+00 -1.256553e-01 -2.982957e-02 1.447358e+00 7.537441e-01 2.517633e-01 2.094116e+00 -2.120855e-01 1.717560e+00 1.924177e+00
4.192000e+01 1.392851e+00 -4.953943e-01 2.955271e+00 -6.479521e-02 -4.332368e-02 1.558204e+00 6.807825e-01 2.548116e-01 2.056840e+00 -2.775367e-01 1.711574e+00 1.854441e+00
4.200000e+01 1.279360e+00 -5.597475e-01 2.936632e+00 -2.829285e-02 -7.066694e-02 1.670693e+00 6.085066e-01 2.546188e-01 2.014635e+00 -3.435791e-01 1.710926e+00 1.776973e+00
4.208000e+01 1.171401e+00 -6.330432e-01 2.914835e+00 2.627654e-02 -1.011421e-01 1.792871e+00 5.327707e-01 2.718027e-01 1.959109e+00 -4.088799e-01 1.697787e+00 1.703177e+00
4.216000e+01 1.064754e+00 -7.171747e-01 2.861921e+00 1.066281e-01 -1.484255e-01 1.924468e+00 4.520374e-01 2.853199e-01 1.900409e+00 -4.852098e-01 1.682665e+00 1.621868e+00
4.224000e+01 9.829054e-01 -8.006055e-01 2.773613e+00 1.714024e-01 -2.053924e-01 2.047550e+00 3.737788e-01 2.915373e-01 1.846197e+00 -5.613851e-01 1.680824e+00 1.547407e+00
4.232000e+01 9.101949e-01 -8.713181e-01 2.664208e+00 2.483014e-01 -2.642257e-01 2.176682e+00 2.938053e-01 3.038327e-01 1.788024e+00 -6.281412e-01 1.670275e+00 1.478959e+00
4.240000e+01 8.433175e-01 -9.394983e-01 2.527798e+00 3.170167e-01 -3.244406e-01 2.307702e+00 2.142349e-01 3.250376e-01 1.727203e+00 -6.926350e-01 1.657532e+00 1.414538e+00
4.248000e+01 7.790982e-01 -9.862370e-01 2.366621e+00 3.675303e-01 -3.961687e-01 2.437843e+00 1.304380e-01 3.332088e-01 1.670350e+00 -7.722292e-01 1.644859e+00 1.362715e+00
4.256000e+01 7.118872e-01 -1.044937e+00 2.182675e+00 4.006704e-01 -4.764530e-01 2.547273e+00 5.222890e-02 3.253153e-01 1.623135e+00 -8.420038e-01 1.639445e+00 1.303889e+00
4.264000e+01 6.419791e-01 -1.088923e+00 2.002271e+00 4.264175e-01 -5.471154e-01 2.673312e+00 -2.706522e-02 3.335890e-01 1.567857e+00 -8.983619e-01 1.619702e+00 1.257175e+00
4.272000e+01 5.792163e-01 -1.108163e+00 1.826242e+00 4.070258e-01 -6.204481e-01 2.778711e+00 -9.527654e-02 3.388674e-01 1.520395e+00 -9.510994e-01 1.607456e+00 1.211423e+00
4.280000e+01 5.188387e-01 -1.085353e+00 1.665562e+00 3.546479e-01 -6.945407e-01 2.895049e+00 -1.606643e-01 3.433826e-01 1.474249e+00 -9.993359e-01 1.585592e+00 1.175512e+00
4.288000e+01 4.589820e-01 -1.049967e+00 1.516051e+00 2.890983e-01 -7.705841e-01 3.013811e+00 -2.187812e-01 3.462262e-01 1.431665e+00 -1.039939e+00 1.560008e+00 1.152230e+00
4.296000e+01 4.026921e-01 -9.743107e-01 1.386293e+00 2.157561e-01 -8.499706e-01 3.125434e+00 -2.692524e-01 3.542985e-01 1.391670e+00 -1.076950e+00 1.527454e+00 1.129244e+00
4.304000e+01 3.486790e-01 -8.879172e-01 1.265124e+00 1.273121e-01 -9.329177e-01 3.240563e+00 -3.110402e-01 3.658280e-01 1.354266e+00 -1.099935e+00 1.490889e+00 1.105908e+00
4.312000e+01 2.933205e-01 -7.993369e-01 1.151826e+00 3.892170e-02 -1.021114e+00 3.347641e+00 -3.492617e-01 3.777709e-01 1.320901e+00 -1.127846e+00 1.449709e+00 1.082946e+00
4.320000e+01 2.435632e-01 -7.014741e-01 1.049481e+00 -6.294149e-02 -1.100930e+00 3.441129e+00 -3.787449e-01 4.148491e-01 1.285094e+00 -1.149858e+00 1.404629e+00 1.075635e+00
4.328000e+01 1.952224e-01 -6.073733e-01 9.493667e-01 -1.709007e-01 -1.193815e+00 3.530173e+00 -4.070721e-01 4.351045e-01 1.256059e+00 -1.181077e+00 1.360654e+00 1.059468e+00
4.336000e+01 1.438767e-01 -5.238200e-01 8.515013e-01 -2.701189e-01 -1.292082e+00 3.626310e+00 -4.381858e-01 4.587128e-01 1.224582e+00 -1.211836e+00 1.312241e+00 1.040177e+00
4.344000e+01 9.083569e-02 -4.414679e-01 7.543265e-01 -3.627563e-01 -1.394400e+00 3.722333e+00 -4.698590e-01 4.808265e-01 1.193166e+00 -1.244179e+00 1.261576e+00 1.017463e+00
4.352000e+01 2.904379e-02 -3.646271e-01 6.573446e-01 -4.324212e-01 -1.501046e+00 3.814300e+00 -4.977325e-01 5.034076e-01 1.161648e+00 -1.276214e+00 1.206655e+00 9.934471e-01
4.360000e+01 -3.591528e-02 -2.939240e-01 5.578947e-01 -4.887966e-01 -1.617362e+00 3.897532e+00 -5.202596e-01 5.234147e-01 1.133211e+00 -1.311114e+00 1.152685e+00 9.679421e-01
4.368000e+01 -1.044636e-01 -2.178752e-01 4.573531e-01 -5.326241e-01 -1.755479e+00 4.001918e+00 -5.441566e-01 5.197791e-01 1.110260e+00 -1.345133e+00 1.098173e+00 9.448298e-01
4.376000e+01 -1.784004e-01 -1.483715e-01 3.570622e-01 -5.647123e-01 -1.895565e+00 4.093142e+00 -5.617146e-01 5.323022e-01 1.086470e+00 -1.380745e+00 1.042487e+00 9.192217e-01
4.384000e+01 -2.576292e-01 -7.022311e-02 2.610544e-01 -5.827698e-01 -2.037901e+00 4.181005e+00 -5.718612e-01 5.613031e-01 1.061159e+00 -1.416914e+00 9.828806e-01 8.932454e-01
4.392000e+01 -3.358681e-01 2.044466e-02 1.569166e-01 -5.634154e-01 -2.188396e+00 4.197178e+00 -5.566183e-01 5.828627e-01 1.052933e+00 -1.460854e+00 9.361600e-01 8.748089e-01
4.400000e+01 -4.143577e-01 1.191357e-01 5.416247e-02 -5.183759e-01 -2.361919e+00 4.215534e+00 -5.373362e-01 5.769558e-01 1.058673e+00 -1.498010e+00 8.932871e-01 8.711001e-01
4.408000e+01 -4.938915e-01 2.067070e-01 -4.049713e-02 -4.807021e-01 -2.529261e+00 4.232000e+00 -5.223629e-01 6.063536e-01 1.058843e+00 -1.537901e+00 8.501792e-01 8.589547e-01
4.416000e+01 -5.758405e-01 2.987522e-01 -1.278134e-01 -4.277725e-01 -2.690567e+00 4.253991e+00 -5.140226e-01 6.511614e-01 1.054746e+00 -1.582591e+00 8.050645e-01 8.395047e-01
4.424000e+01 -6.576211e-01 3.977770e-01 -2.145927e-01 -3.526088e-01 -2.845228e+00 4.241593e+00 -5.026047e-01 6.891061e-01 1.060145e+00 -1.634354e+00 7.675153e-01 8.217532e-01
4.432000e+01 -7.404605e-01 4.990694e-01 -2.897291e-01 -2.639285e-01 -2.989381e+00 4.235990e+00 -5.037849e-01 7.313488e-01 1.063114e+00 -1.686467e+00 7.281934e-01 8.015661e-01
4.440000e+01 -8.209034e-01 6.165053e-01 -3.611552e-01 -1.488996e-01 -3.119648e+00 4.206190e+00 -5.079352e-01 7.561244e-01 1.074558e+00 -1.747326e+00 6.957365e-01 7.823714e-01
4.448000e+01 -8.964550e-01 7.468711e-01 -4.272001e-01 -3.534675e-03 -3.225864e+00 4.125313e+00 -5.040036e-01 7.569926e-01 1.099895e+00 -1.809312e+00 6.736799e-01 7.658084e-01
4.456000e+01 -9.721565e-01 8.877190e-01 -4.821466e-01 1.642581e-01 -3.302893e+00 4.026789e+00 -5.051181e-01 7.478142e-01 1.128077e+00 -1.878421e+00 6.555216e-01 7.505264e-01
4.464000e+01 -1.049129e+00 1.010359e+00 -5.200082e-01 3.217818e-01 -3.339838e+00 3.961101e+00 -5.178954e-01 7.450691e-01 1.148124e+00 -1.947981e+00 6.370032e-01 7.257534e-01
4.472000e+01 -1.122313e+00 1.143366e+00 -5.498504e-01 4.898988e-01 -3.343352e+00 3.878476e+00 -5.186178e-01 7.225770e-01 1.176830e+00 -2.017509e+00 6.261549e-01 7.027696e-01
4.480000e+01 -1.191147e+00 1.272488e+00 -5.690359e-01 6.606181e-01 -3.311198e+00 3.814478e+00 -5.203310e-01 6.956926e-01 1.206241e+00 -2.089481e+00 6.204115e-01 6.883484e-01
4.488000e+01 -1.254363e+00 1.412691e+00 -5.813607e-01 8.484298e-01 -3.237485e+00 3.723613e+00 -5.083217e-01 6.535184e-01 1.245612e+00 -2.159192e+00 6.210072e-01 6.809687e-01
4.496000e+01 -1.316015e+00 1.547324e+00 -5.892107e-01 1.044737e+00 -3.119399e+00 3.604007e+00 -4.858975e-01 6.021657e-01 1.292371e+00 -2.232577e+00 6.323553e-01 6.770480e-01
4.504000e+01 -1.380010e+00 1.662558e+00 -5.863597e-01 1.220492e+00 -2.958391e+00 3.515038e+00 -4.706826e-01 5.663658e-01 1.331397e+00 -2.305282e+00 6.446512e-01 6.776557e-01
4.512000e+01 -1.452319e+00 1.742841e+00 -5.857923e-01 1.381516e+00 -2.769169e+00 3.458447e+00 -4.636521e-01 5.258686e-01 1.366569e+00 -2.382772e+00 6.622532e-01 6.696079e-01
4.520000e+01 -1.526532e+00 1.827894e+00 -5.855691e-01 1.538059e+00 -2.561763e+00 3.388336e+00 -4.490057e-01 4.735172e-01 1.405841e+00 -2.461593e+00 6.805858e-01 6.836073e-01
4.528000e+01 -1.604402e+00 1.880272e+00 -5.916901e-01 1.682049e+00 -2.349994e+00 3.300338e+00 -4.268650e-01 4.144838e-01 1.448570e+00 -2.540779e+00 7.099131e-01 6.964765e-01
4.536000e+01 -1.691486e+00 1.912596e+00 -6.007536e-01 1.799484e+00 -2.137031e+00 3.244192e+00 -4.167666e-01 3.580862e-01 1.484295e+00 -2.619209e+00 7.380497e-01 7.104013e-01
4.544000e+01 -1.787029e+00 1.928083e+00 -6.163704e-01 1.891884e+00 -1.927986e+00 3.178599e+00 -4.028116e-01 2.999361e-01 1.519755e+00 -2.695581e+00 7.632908e-01 7.249982e-01
4.552000e+01 -1.880195e+00 1.907720e+00 -6.394079e-01 1.962985e+00 -1.730197e+00 3.118811e+00 -3.943732e-01 2.390383e-01 1.553429e+00 -2.774388e+00 7.855347e-01 7.475750e-01
4.560000e+01 -1.979089e+00 1.882385e+00 -6.688678e-01 2.023885e+00 -1.535713e+00 3.066075e+00 -3.909816e-01 1.762907e-01 1.582189e+00 -2.854147e+00 7.997484e-01 7.564611e-01
4.568000e+01 -2.075449e+00 1.840730e+00 -7.015273e-01 2.048575e+00 -1.323602e+00 3.027184e+00 -3.948076e-01 1.161021e-01 1.608719e+00 -2.931770e+00 8.066678e-01 7.713531e-01
4.576000e+01 -2.165445e+00 1.774966e+00 -7.471584e-01 2.061943e+00 -1.081486e+00 2.954946e+00 -3.861416e-01 3.659176e-02 1.649057e+00 -3.004920e+00 8.195991e-01 7.867129e-01
4.584000e+01 -2.247886e+00 1.674310e+00 -7.844321e-01 2.047280e+00 -7.982108e-01 2.894924e+00 -3.844979e-01 -2.049327e-02 1.684542e+00 -3.074905e+00 8.237335e-01 8.151945e-01
4.592000e+01 -2.318375e+00 1.554264e+00 -8.293684e-01 2.039428e+00 -5.616535e-01 2.835377e+00 -3.707951e-01 -1.031677e-01 1.738491e+00 -3.144391e+00 8.403362e-01 8.331027e-01
4.600000e+01 -2.382551e+00 1.443754e+00 -8.651758e-01 2.031319e+00 -4.144233e-01 2.828715e+00 -3.420043e-01 -1.982282e-01 1.801942e+00 -3.208517e+00 8.603777e-01 8.388515e-01
4.608000e+01 -2.442134e+00 1.341607e+00 -8.921832e-01 2.023827e+00 -3.408744e-01 2.807415e+00 -2.907263e-01 -3.092077e-01 1.884829e+00 -3.266936e+00 8.968926e-01 8.165603e-01
4.616000e+01 -2.500182e+00 1.222469e+00 -8.984648e-01 1.997507e+00 -3.111207e-01 2.825515e+00 -2.500144e-01 -4.124129e-01 1.962331e+00 -3.323384e+00 9.402184e-01 7.706756e-01
4.624000e+01 -2.537695e+00 1.078284e+00 -8.927450e-01 1.936390e+00 -3.158250e-01 2.809943e+00 -1.982059e-01 -5.343068e-01 2.048059e+00 -3.375948e+00 1.011691e+00 7.212946e-01
4.632000e+01 -2.581652e+00 8.937717e-01 -8.782267e-01 1.879517e+00 -3.389865e-01 2.834863e+00 -1.771723e-01 -6.372847e-01 2.107491e+00 -3.430496e+00 1.092139e+00 6.307078e-01
4.640000e+01 -2.618573e+00 7.282669e-01 -8.618125e-01 1.812701e+00 -3.853974e-01 2.815108e+00 -1.540341e-01 -7.479973e-01 2.157601e+00 -3.482236e+00 1.185480e+00 5.239809e-01
4.648000e+01 -2.649066e+00 5.568106e-01 -8.451119e-01 1.738433e+00 -4.513571e-01 2.763302e+00 -1.367652e-01 -8.582177e-01 2.193682e+00 -3.523240e+00 1.293676e+00 4.039541e-01
4.656000e+01 -2.662360e+00 3.615266e-01 -8.238888e-01 1.651241e+00 -5.276208e-01 2.706923e+00 -1.384874e-01 -9.545287e-01 2.203537e+00 -3.556171e+00 1.404779e+00 2.924149e-01
4.664000e+01 -2.658444e+00 1.560994e-01 -8.020232e-01 1.560900e+00 -6.204963e-01 2.630287e+00 -1.474181e-01 -1.044109e+00 2.197467e+00 -3.580365e+00 1.524979e+00 1.660240e-01
4.672000e+01 -2.633193e+00 -6.863891e-02 -7.795195e-01 1.470991e+00 -7.282706e-01 2.540962e+00 -1.666199e-01 -1.124267e+00 2.177803e+00 -3.589394e+00 1.654079e+00 4.721824e-02
4.680000e+01 -2.591128e+00 -2.987020e-01 -7.635267e-01 1.369918e+00 -8.504927e-01 2.446113e+00 -1.869819e-01 -1.198036e+00 2.146106e+00 -3.586077e+00 1.780181e+00 -9.459900e-02
4.688000e+01 -2.518559e+00 -5.279001e-01 -7.489249e-01 1.281848e+00 -9.797037e-01 2.338299e+00 -1.961464e-01 -1.263883e+00 2.108366e+00 -3.552240e+00 1.902093e+00 -2.188455e-01
4.696000e+01 -2.414057e+00 -7.700198e-01 -7.476657e-01 1.188643e+00 -1.111143e+00 2.190727e+00 -1.933952e-01 -1.338677e+00 2.075675e+00 -3.515702e+00 2.027328e+00 -3.521126e-01
4.704000e+01 -2.294892e+00 -1.034549e+00 -7.576679e-01 1.115676e+00 -1.225506e+00 2.043505e+00 -1.941590e-01 -1.395121e+00 2.037005e+00 -3.493412e+00 2.129774e+00 -4.775184e-01
4.712000e+01 -2.150535e+00 -1.303751e+00 -7.761839e-01 1.065000e+00 -1.318971e+00 1.858431e+00 -1.628856e-01 -1.445663e+00 2.005687e+00 -3.433527e+00 2.230695e+00 -6.048618e-01
4.720000e+01 -1.993167e+00 -1.563745e+00 -8.054567e-01 1.021551e+00 -1.398441e+00 1.687183e+00 -1.262814e-01 -1.502210e+00 1.977807e+00 -3.385538e+00 2.317644e+00 -7.340292e-01
4.728000e+01 -1.826164e+00 -1.835935e+00 -8.468263e-01 9.836652e-01 -1.451779e+00 1.529287e+00 -8.004026e-02 -1.570567e+00 1.959304e+00 -3.322259e+00 2.404708e+00 -8.708948e-01
4.736000e+01 -1.642691e+00 -2.115152e+00 -8.890455e-01 9.477663e-01 -1.458021e+00 1.367342e+00 -1.735748e-02 -1.626589e+00 1.948525e+00 -3.233192e+00 2.484829e+00 -9.968974e-01
4.744000e+01 -1.453698e+00 -2.406115e+00 -9.365253e-01 9.190265e-01 -1.427786e+00 1.236362e+00 4.946260e-02 -1.677595e+00 1.947781e+00 -3.132415e+00 2.551354e+00 -1.101318e+00
4.752000e+01 -1.268540e+00 -2.705948e+00 -9.885285e-01 9.381275e-01 -1.367365e+00 1.124491e+00 1.299259e-01 -1.725662e+00 1.955828e+00 -3.007797e+00 2.606920e+00 -1.179295e+00
4.760000e+01 -1.048205e+00 -3.002189e+00 -1.032400e+00 9.456478e-01 -1.288780e+00 1.015259e+00 2.307906e-01 -1.790333e+00 1.993984e+00 -2.852064e+00 2.683072e+00 -1.166389e+00
4.768000e+01 -8.294004e-01 -3.270785e+00 -1.072356e+00 9.140813e-01 -1.209565e+00 9.488248e-01 3.241389e-01 -1.860663e+00 2.024193e+00 -2.722789e+00 2.748585e+00 -1.195983e+00
4.776000e+01 -6.168615e-01 -3.544097e+00 -1.116990e+00 8.770285e-01 -1.142338e+00 8.834726e-01 4.182136e-01 -1.953155e+00 2.065220e+00 -2.597411e+00 2.821980e+00 -1.220337e+00
4.784000e+01 -3.929790e-01 -3.783861e+00 -1.147664e+00 8.291826e-01 -1.073214e+00 7.752403e-01 5.255407e-01 -2.055747e+00 2.120468e+00 -2.455367e+00 2.892466e+00 -1.200270e+00
4.792000e+01 -1.898530e-01 -4.037535e+00 -1.170464e+00 7.226822e-01 -1.008860e+00 6.815202e-01 6.222038e-01 -2.157485e+00 2.164176e+00 -2.325941e+00 2.954764e+00 -1.227143e+00
4.800000e+01 -9.671060e-03 -4.270781e+00 -1.183702e+00 5.727716e-01 -9.535963e-01 6.013929e-01 7.052345e-01 -2.270105e+00 2.209192e+00 -2.195471e+00 3.008759e+00 -1.240663e+00
4.808000e+01 1.467869e-01 -4.509574e+00 -1.191868e+00 4.024303e-01 -9.081177e-01 5.130801e-01 7.909729e-01 -2.393510e+00 2.262121e+00 -2.050467e+00 3.064717e+00 -1.236148e+00
4.816000e+01 2.623396e-01 -4.698238e+00 -1.192375e+00 2.193074e-01 -8.769214e-01 4.203677e-01 8.636574e-01 -2.527640e+00 2.307730e+00 -1.927432e+00 3.106061e+00 -1.259086e+00
4.824000e+01 3.528443e-01 -4.784830e+00 -1.169666e+00 3.027403e-02 -8.481256e-01 3.348782e-01 9.313707e-01 -2.655784e+00 2.351641e+00 -1.796924e+00 3.135978e+00 -1.271574e+00
4.832000e+01 3.981219e-01 -4.846158e+00 -1.162342e+00 -1.186469e-01 -8.333704e-01 2.478899e-01 9.931131e-01 -2.790777e+00 2.391843e+00 -1.685269e+00 3.157151e+00 -1.306829e+00
4.840000e+01 4.498459e-01 -4.909927e+00 -1.146048e+00 -3.144953e-01 -8.108633e-01 1.698037e-01 1.061760e+00 -2.919268e+00 2.446782e+00 -1.550226e+00 3.196269e+00 -1.313133e+00
4.848000e+01 4.735662e-01 -4.936965e+00 -1.137985e+00 -5.263261e-01 -8.074849e-01 8.049227e-02 1.117342e+00 -3.078610e+00 2.502924e+00 -1.456240e+00 3.229058e+00 -1.396297e+00
4.856000e+01 5.077543e-01 -4.999233e+00 -1.123885e+00 -7.616256e-01 -7.966094e-01 -1.425786e-02 1.171762e+00 -3.225112e+00 2.562698e+00 -1.350226e+00 3.268303e+00 -1.487984e+00
4.864000e+01 5.182016e-01 -5.053579e+00 -1.097496e+00 -9.438539e-01 -7.892436e-01 -1.214198e-01 1.222313e+00 -3.370938e+00 2.611423e+00 -1.254134e+00 3.288608e+00 -1.644074e+00
4.872000e+01 5.198998e-01 -5.101435e+00 -1.061844e+00 -1.104055e+00 -7.827992e-01 -2.313094e-01 1.277443e+00 -3.523415e+00 2.664963e+00 -1.146651e+00 3.308837e+00 -1.810059e+00
4.880000e+01 5.228093e-01 -5.117634e+00 -1.015995e+00 -1.263462e+00 -7.857332e-01 -3.466442e-01 1.322768e+00 -3.683033e+00 2.720583e+00 -1.062113e+00 3.333866e+00 -2.034051e+00
4.888000e+01 5.360635e-01 -5.166524e+00 -9.721273e-01 -1.439835e+00 -7.963330e-01 -4.727691e-01 1.362556e+00 -3.839137e+00 2.783346e+00 -1.003761e+00 3.383723e+00 -2.276647e+00
4.896000e+01 5.453565e-01 -5.191013e+00 -9.130507e-01 -1.584872e+00 -8.027631e-01 -6.152031e-01 1.406136e+00 -3.979262e+00 2.850292e+00 -9.447646e-01 3.428942e+00 -2.528461e+00
4.904000e+01 5.573408e-01 -5.228389e+00 -8.423386e-01 -1.722528e+00 -8.119080e-01 -7.671292e-01 1.449842e+00 -4.117516e+00 2.928616e+00 -9.020076e-01 3.500491e+00 -2.795528e+00
4.912000e+01 5.443096e-01 -5.204160e+00 -7.763398e-01 -1.849356e+00 -8.339239e-01 -9.316961e-01 1.482160e+00 -4.263631e+00 3.022103e+00 -8.955510e-01 3.561051e+00 -3.201555e+00
4.920000e+01 5.603290e-01 -5.232484e+00 -7.164934e-01 -1.970809e+00 -8.546076e-01 -1.096977e+00 1.500419e+00 -4.396044e+00 3.116243e+00 -9.095356e-01 3.572785e+00 -3.700837e+00
4.928000e+01 5.987520e-01 -5.281681e+00 -6.478640e-01 -2.081082e+00 -8.572013e-01 -1.271240e+00 1.527044e+00 -4.497035e+00 3.210805e+00 -9.057182e-01 3.494318e+00 -4.297035e+00
4.936000e+01 6.681607e-01 -5.357778e+00 -5.676080e-01 -2.176947e+00 -8.480200e-01 -1.429253e+00 1.539847e+00 -4.578824e+00 3.305374e+00 -9.003329e-01 3.317627e+00 -4.892103e+00
4.944000e+01 7.469966e-01 -5.429342e+00 -4.837137e-01 -2.261881e+00 -8.274937e-01 -1.575211e+00 1.552431e+00 -4.652553e+00 3.409385e+00 -8.849014e-01 3.047611e+00 -5.468455e+00
4.952000e+01 8.199376e-01 -5.509559e+00 -4.245562e-01 -2.329419e+00 -8.142243e-01 -1.731717e+00 1.550804e+00 -4.727697e+00 3.539741e+00 -9.154531e-01 2.719045e+00 -5.991813e+00
4.960000e+01 9.089472e-01 -5.540428e+00 -3.678097e-01 -2.399305e+00 -7.896835e-01 -1.884670e+00 1.527531e+00 -4.782331e+00 3.686171e+00 -9.509816e-01 2.406140e+00 -6.261080e+00
4.968000e+01 9.612220e-01 -5.548375e+00 -3.499957e-01 -2.438879e+00 -7.799211e-01 -2.043526e+00 1.475386e+00 -4.873361e+00 3.861014e+00 -1.043147e+00 2.257919e+00 -6.203750e+00
4.976000e+01 9.633371e-01 -5.503094e+00 -3.864762e-01 -2.514069e+00 -7.818070e-01 -2.214730e+00 1.404112e+00 -4.970344e+00 4.055726e+00 -1.175029e+00 2.313968e+00 -6.030670e+00
4.984000e+01 9.592064e-01 -5.449178e+00 -4.424668e-01 -2.596252e+00 -7.613161e-01 -2.403338e+00 1.322721e+00 -5.028056e+00 4.238959e+00 -1.292739e+00 2.460900e+00 -5.900954e+00
4.992000e+01 9.670311e-01 -5.391833e+00 -4.870904e-01 -2.708971e+00 -6.969914e-01 -2.587381e+00 1.244081e+00 -5.032024e+00 4.380916e+00 -1.376338e+00 2.585287e+00 -5.909504e+00
5.000000e+01 9.916352e-01 -5.369080e+00 -5.464370e-01 -2.840259e+00 -6.252031e-01 -2.765545e+00 1.123087e+00 -5.045368e+00 4.506887e+00 -1.520166e+00 2.676921e+00 -5.912517e+00
5.008000e+01 1.076430e+00 -5.401116e+00 -5.706385e-01 -2.977838e+00 -4.996967e-01 -2.924124e+00 1.033775e+00 -4.974656e+00 4.612377e+00 -1.593672e+00 2.707413e+00 -5.866132e+00
5.016000e+01 1.223660e+00 -5.509962e+00 -5.902059e-01 -3.132780e+00 -3.487877e-01 -3.096507e+00 9.606398e-01 -4.888000e+00 4.726115e+00 -1.663203e+00 2.695485e+00 -5.714147e+00
5.024000e+01 1.440376e+00 -5.635411e+00 -5.726590e-01 -3.257788e+00 -1.663943e-01 -3.282710e+00 9.217107e-01 -4.767833e+00 4.840969e+00 -1.682421e+00 2.613291e+00 -5.480137e+00
5.032000e+01 1.678102e+00 -5.636602e+00 -5.069264e-01 -3.401834e+00 3.551682e-02 -3.479690e+00 9.143700e-01 -4.631297e+00 4.951924e+00 -1.675982e+00 2.480817e+00 -5.271272e+00
5.040000e+01 1.970898e+00 -5.549942e+00 -4.240449e-01 -3.569014e+00 2.360748e-01 -3.707118e+00 9.398704e-01 -4.481853e+00 5.050896e+00 -1.664474e+00 2.380880e+00 -4.954729e+00
5.048000e+01 2.282130e+00 -5.279048e+00 -3.259380e-01 -3.744380e+00 4.030657e-01 -3.931686e+00 9.837462e-01 -4.333233e+00 5.128315e+00 -1.676359e+00 2.313943e+00 -4.656661e+00
5.056000e+01 2.617677e+00 -4.781757e+00 -2.115296e-01 -3.865939e+00 5.271222e-01 -4.185477e+00 1.056543e+00 -4.168707e+00 5.174350e+00 -1.708938e+00 2.282350e+00 -4.356166e+00
5.064000e+01 2.991887e+00 -4.085442e+00 -8.035422e-02 -4.018612e+00 6.101937e-01 -4.453665e+00 1.170237e+00 -3.989781e+00 5.183699e+00 -1.757994e+00 2.277904e+00 -4.090243e+00
5.072000e+01 3.385844e+00 -3.128288e+00 1.331775e-01 -4.145888e+00 6.600579e-01 -4.682979e+00 1.340101e+00 -3.789041e+00 5.139603e+00 -1.726899e+00 2.212567e+00 -3.818828e+00
5.080000e+01 3.789268e+00 -2.290134e+00 3.464094e-01 -4.292113e+00 6.445393e-01 -4.933998e+00 1.551203e+00 -3.623882e+00 5.061875e+00 -1.697327e+00 2.227094e+00 -3.456077e+00
5.088000e+01 4.158034e+00 -1.472997e+00 5.797895e-01 -4.408773e+00 5.764370e-01 -5.226465e+00 1.828948e+00 -3.496099e+00 4.980719e+00 -1.627153e+00 2.307768e+00 -3.074347e+00
5.096000e+01 4.470528e+00 -7.252670e-01 8.299392e-01 -4.500252e+00 4.562137e-01 -5.479346e+00 2.135018e+00 -3.419945e+00 4.888960e+00 -1.528139e+00 2.458486e+00 -2.661794e+00
5.104000e+01 4.720789e+00 1.865980e-02 1.068666e+00 -4.641724e+00 2.890699e-01 -5.717304e+00 2.456595e+00 -3.468155e+00 4.828375e+00 -1.440773e+00 2.722137e+00 -2.169968e+00
5.112000e+01 4.842609e+00 6.484988e-01 1.236514e+00 -4.749018e+00 2.805189e-02 -5.907162e+00 2.739528e+00 -3.746539e+00 4.838165e+00 -1.433705e+00 3.090885e+00 -1.883354e+00
5.120000e+01 4.836448e+00 1.212680e+00 1.396544e+00 -4.882169e+00 -2.309029e-01 -6.026519e+00 2.937942e+00 -4.132417e+00 4.884448e+00 -1.437230e+00 3.307568e+00 -2.006842e+00
5.128000e+01 4.748245e+00 1.520509e+00 1.537834e+00 -5.044169e+00 -4.555077e-01 -6.085991e+00 3.064560e+00 -4.574319e+00 4.955126e+00 -1.433732e+00 3.327379e+00 -2.480660e+00
5.136000e+01 4.672272e+00 1.697271e+00 1.701095e+00 -5.159888e+00 -6.309243e-01 -6.083135e+00 3.161886e+00 -5.047699e+00 5.057915e+00 -1.336016e+00 3.205322e+00 -2.947380e+00
5.144000e+01 4.671437e+00 1.672979e+00 1.815844e+00 -5.285627e+00 -7.661813e-01 -6.026842e+00 3.226008e+00 -5.544923e+00 5.218621e+00 -1.228825e+00 3.070772e+00 -3.328495e+00
5.152000e+01 4.761001e+00 1.383368e+00 1.846336e+00 -5.393959e+00 -8.741498e-01 -5.948813e+00 3.226079e+00 -6.014101e+00 5.441847e+00 -1.218074e+00 2.964729e+00 -3.607004e+00
5.160000e+01 4.962845e+00 8.379702e-01 1.864022e+00 -5.510401e+00 -9.466350e-01 -5.803222e+00 3.201007e+00 -6.387040e+00 5.685031e+00 -1.227467e+00 2.817175e+00 -3.778602e+00
5.168000e+01 5.152891e+00 -3.379047e-01 1.863895e+00 -5.651391e+00 -9.698266e-01 -5.687254e+00 3.164902e+00 -6.634496e+00 5.923120e+00 -1.267158e+00 2.682589e+00 -3.868548e+00
5.176000e+01 5.283222e+00 -1.083312e+00 1.837558e+00 -5.724231e+00 -1.006930e+00 -5.573628e+00 3.108187e+00 -6.811061e+00 6.139539e+00 -1.351081e+00 2.591216e+00 -3.902735e+00
5.184000e+01 5.605166e+00 -7.183970e-01 1.471041e+00 -5.869481e+00 -1.127332e+00 -5.672962e+00 3.063442e+00 -7.038834e+00 6.424116e+00 -1.656552e+00 2.795195e+00 -3.890601e+00
5.192000e+01 6.009846e+00 -4.217291e-01 1.099604e+00 -5.918894e+00 -1.237386e+00 -5.833226e+00 3.081917e+00 -7.184784e+00 6.673609e+00 -1.958112e+00 2.971178e+00 -4.001370e+00
5.200000e+01 6.141679e+00 -4.729021e-01 9.836468e-01 -5.853647e+00 -1.289882e+00 -5.865559e+00 3.127629e+00 -7.244268e+00 6.815007e+00 -2.181119e+00 2.970610e+00 -4.077876e+00
5.208000e+01 5.965956e+00 -9.470842e-01 1.071570e+00 -5.771617e+00 -1.228028e+00 -5.847733e+00 3.192756e+00 -7.111214e+00 6.827282e+00 -2.361484e+00 2.829642e+00 -4.077078e+00
5.216000e+01 5.827588e+00 -1.398020e+00 1.152233e+00 -5.771266e+00 -1.131844e+00 -5.846744e+00 3.272363e+00 -6.966081e+00 6.797140e+00 -2.492194e+00 2.722178e+00 -3.956980e+00
5.224000e+01 5.802746e+00 -1.645918e+00 1.134140e+00 -5.744587e+00 -1.063220e+00 -5.874326e+00 3.331952e+00 -6.926530e+00 6.780518e+00 -2.641058e+00 2.714208e+00 -3.818872e+00
5.232000e+01 5.814582e+00 -1.744915e+00 1.056956e+00 -5.725727e+00 -9.708437e-01 -5.916129e+00 3.393150e+00 -6.897880e+00 6.771959e+00 -2.784614e+00 2.769296e+00 -3.739477e+00
5.240000e+01 5.824056e+00 -1.750609e+00 9.511667e-01 -5.707071e+00 -8.798828e-01 -6.000211e+00 3.446021e+00 -6.920398e+00 6.773344e+00 -2.917083e+00 2.874487e+00 -3.712368e+00
5.248000e+01 5.812381e+00 -1.708148e+00 8.531723e-01 -5.686949e+00 -7.670509e-01 -6.123825e+00 3.511892e+00 -6.916506e+00 6.758047e+00 -3.004818e+00 3.002171e+00 -3.665286e+00
5.256000e+01 5.755327e+00 -1.657062e+00 7.777463e-01 -5.656061e+00 -6.683210e-01 -6.255268e+00 3.584624e+00 -6.919073e+00 6.730755e+00 -3.053187e+00 3.173355e+00 -3.685097e+00
5.264000e+01 5.696468e+00 -1.705480e+00 7.577127e-01 -5.667930e+00 -5.557868e-01 -6.352884e+00 3.674005e+00 -6.901947e+00 6.678355e+00 -3.008513e+00 3.305898e+00 -3.734106e+00
5.272000e+01 5.613032e+00 -1.906219e+00 7.458783e-01 -5.683084e+00 -4.720189e-01 -6.456365e+00 3.748776e+00 -6.885566e+00 6.619547e+00 -2.970126e+00 3.423666e+00 -3.815948e+00
5.280000e+01 5.514951e+00 -2.077355e+00 7.833570e-01 -5.607596e+00 -4.171689e-01 -6.523511e+00 3.836188e+00 -6.879050e+00 6.561589e+00 -2.887769e+00 3.531158e+00 -3.888135e+00
5.288000e+01 5.424823e+00 -2.232971e+00 8.472986e-01 -5.557391e+00 -3.725260e-01 -6.565390e+00 3.914090e+00 -6.912842e+00 6.513292e+00 -2.801115e+00 3.718156e+00 -3.948511e+00
5.296000e+01 5.312513e+00 -2.244965e+00 8.894201e-01 -5.477241e+00 -3.744331e-01 -6.595987e+00 3.955032e+00 -6.984514e+00 6.493653e+00 -2.799101e+00 3.847351e+00 -4.240378e+00
5.304000e+01 5.346502e+00 -2.232312e+00 9.877309e-01 -5.344041e+00 -3.675477e-01 -6.588637e+00 3.997883e+00 -7.043724e+00 6.466938e+00 -2.746948e+00 3.682268e+00 -4.697979e+00
5.312000e+01 5.545001e+00 -2.412273e+00 1.113342e+00 -5.180343e+00 -3.307289e-01 -6.562666e+00 4.052217e+00 -7.073393e+00 6.433635e+00 -2.613709e+00 3.312912e+00 -5.018219e+00
5.320000e+01 5.697466e+00 -2.626833e+00 1.288928e+00 -4.983627e+00 -2.679735e-01 -6.457646e+00 4.082857e+00 -7.056808e+00 6.373101e+00 -2.443594e+00 2.877521e+00 -5.119790e+00
5.328000e+01 5.643798e+00 -2.776661e+00 1.448352e+00 -4.774480e+00 -2.019785e-01 -6.394888e+00 4.111468e+00 -7.028735e+00 6.331110e+00 -2.283477e+00 2.599549e+00 -5.096250e+00
5.336000e+01 5.450304e+00 -2.818509e+00 1.601444e+00 -4.612101e+00 -1.336575e-01 -6.324608e+00 4.135506e+00 -7.008221e+00 6.307672e+00 -2.120435e+00 2.510559e+00 -4.906497e+00
5.344000e+01 5.257112e+00 -2.811233e+00 1.749353e+00 -4.469588e+00 -6.732652e-02 -6.258362e+00 4.148382e+00 -6.994578e+00 6.293636e+00 -1.977461e+00 2.576216e+00 -4.558558e+00
5.352000e+01 5.117359e+00 -2.649336e+00 1.896036e+00 -4.319455e+00 -1.577244e-02 -6.179354e+00 4.134681e+00 -6.984481e+00 6.276801e+00 -1.881707e+00 2.687071e+00 -4.222415e+00
5.360000e+01 5.083824e+00 -2.385297e+00 2.000234e+00 -4.193925e+00 1.006451e-02 -6.113788e+00 4.093616e+00 -6.993781e+00 6.266019e+00 -1.861736e+00 2.809011e+00 -3.928487e+00
5.368000e+01 5.123458e+00 -2.115232e+00 2.086076e+00 -4.060908e+00 2.291800e-02 -6.055935e+00 4.039990e+00 -6.990876e+00 6.239786e+00 -1.873101e+00 2.855632e+00 -3.653279e+00
5.376000e+01 5.228134e+00 -1.836907e+00 2.205911e+00 -3.981592e+00 6.692121e-02 -6.011281e+00 3.989907e+00 -6.911172e+00 6.172114e+00 -1.868828e+00 2.827643e+00 -3.264850e+00
5.384000e+01 5.325123e+00 -1.560206e+00 2.313880e+00 -3.952695e+00 8.792724e-02 -5.970199e+00 3.925477e+00 -6.837572e+00 6.086832e+00 -1.884638e+00 2.745050e+00 -2.862455e+00
5.392000e+01 5.379988e+00 -1.341987e+00 2.358676e+00 -3.975854e+00 6.932442e-02 -5.959239e+00 3.850485e+00 -6.793882e+00 6.014186e+00 -1.953440e+00 2.673633e+00 -2.589293e+00
5.400000e+01 5.502180e+00 -1.225729e+00 2.425990e+00 -4.030890e+00 5.612319e-02 -5.936565e+00 3.798718e+00 -6.731951e+00 5.932373e+00 -1.985559e+00 2.591596e+00 -2.252465e+00
5.408000e+01 5.666248e+00 -1.192247e+00 2.487746e+00 -4.130340e+00 3.418699e-02 -5.931226e+00 3.758242e+00 -6.668728e+00 5.849462e+00 -2.010295e+00 2.501391e+00 -1.924938e+00
5.416000e+01 5.794331e+00 -1.188661e+00 2.478565e+00 -4.257600e+00 -3.506303e-02 -5.963815e+00 3.709983e+00 -6.655382e+00 5.794854e+00 -2.098927e+00 2.474351e+00 -1.764698e+00
5.424000e+01 5.934916e+00 -1.235853e+00 2.466097e+00 -4.394860e+00 -1.057280e-01 -5.982856e+00 3.676643e+00 -6.631826e+00 5.743508e+00 -2.160144e+00 2.461598e+00 -1.673063e+00
5.432000e+01 6.051270e+00 -1.274599e+00 2.409763e+00 -4.567839e+00 -1.980738e-01 -6.007548e+00 3.639740e+00 -6.629529e+00 5.699530e+00 -2.238888e+00 2.479140e+00 -1.707408e+00
5.440000e+01 6.157080e+00 -1.202433e+00 2.377212e+00 -4.715763e+00 -2.794436e-01 -5.973344e+00 3.598763e+00 -6.597387e+00 5.632026e+00 -2.286924e+00 2.422664e+00 -1.837250e+00
5.448000e+01 6.249878e+00 -1.134085e+00 2.305638e+00 -4.860982e+00 -3.683644e-01 -5.918981e+00 3.549566e+00 -6.569772e+00 5.563422e+00 -2.340616e+00 2.362355e+00 -2.026630e+00
5.456000e+01 6.345541e+00 -1.132171e+00 2.198929e+00 -4.979286e+00 -4.593780e-01 -5.886255e+00 3.498830e+00 -6.548743e+00 5.507056e+00 -2.400761e+00 2.319928e+00 -2.230115e+00
5.464000e+01 6.416282e+00 -1.071205e+00 2.103478e+00 -5.073363e+00 -5.323996e-01 -5.847007e+00 3.458133e+00 -6.503737e+00 5.441425e+00 -2.424503e+00 2.214734e+00 -2.459682e+00
5.472000e+01 6.456216e+00 -1.080947e+00 1.979844e+00 -5.150966e+00 -6.066769e-01 -5.793792e+00 3.411242e+00 -6.459220e+00 5.377079e+00 -2.435700e+00 2.119942e+00 -2.673841e+00
5.480000e+01 6.475002e+00 -1.122675e+00 1.837823e+00 -5.280025e+00 -6.681902e-01 -5.746337e+00 3.367537e+00 -6.419262e+00 5.326913e+00 -2.444221e+00 2.038203e+00 -2.857061e+00
5.488000e+01 6.456279e+00 -1.175045e+00 1.693671e+00 -5.363811e+00 -7.258187e-01 -5.752672e+00 3.353415e+00 -6.418686e+00 5.299964e+00 -2.415562e+00 1.972260e+00 -3.035396e+00
5.496000e+01 6.390886e+00 -1.257380e+00 1.543531e+00 -5.419533e+00 -7.758932e-01 -5.749960e+00 3.329802e+00 -6.382314e+00 5.270997e+00 -2.390225e+00 1.908552e+00 -3.176269e+00
5.504000e+01 6.280631e+00 -1.376774e+00 1.370894e+00 -5.450096e+00 -8.359507e-01 -5.746408e+00 3.304844e+00 -6.357723e+00 5.244231e+00 -2.371529e+00 1.873837e+00 -3.284164e+00
5.512000e+01 6.140964e+00 -1.545344e+00 1.189475e+00 -5.500793e+00 -8.940430e-01 -5.750576e+00 3.298277e+00 -6.344532e+00 5.226085e+00 -2.332690e+00 1.873899e+00 -3.365184e+00
5.520000e+01 5.961777e+00 -1.760057e+00 1.011291e+00 -5.508560e+00 -9.604181e-01 -5.722896e+00 3.290772e+00 -6.346390e+00 5.209042e+00 -2.274911e+00 1.898913e+00 -3.448582e+00
5.528000e+01 5.767953e+00 -1.961976e+00 8.644305e-01 -5.537545e+00 -1.000046e+00 -5.695830e+00 3.285435e+00 -6.310166e+00 5.182933e+00 -2.201775e+00 1.930930e+00 -3.497492e+00
5.536000e+01 5.518313e+00 -2.178947e+00 7.136740e-01 -5.497427e+00 -1.057474e+00 -5.671477e+00 3.262800e+00 -6.295091e+00 5.158190e+00 -2.148083e+00 1.987886e+00 -3.558268e+00
5.544000e+01 5.238567e+00 -2.400077e+00 5.816039e-01 -5.433777e+00 -1.105815e+00 -5.615654e+00 3.233344e+00 -6.274562e+00 5.125737e+00 -2.094971e+00 2.032371e+00 -3.604378e+00
5.552000e+01 4.929501e+00 -2.582680e+00 4.754539e-01 -5.323762e+00 -1.152002e+00 -5.579391e+00 3.222141e+00 -6.275624e+00 5.100263e+00 -2.025144e+00 2.084268e+00 -3.631012e+00
5.560000e+01 4.613671e+00 -2.799604e+00 3.768206e-01 -5.219359e+00 -1.190093e+00 -5.540221e+00 3.206091e+00 -6.288332e+00 5.074963e+00 -1.955298e+00 2.161977e+00 -3.655855e+00
5.568000e+01 4.305474e+00 -2.877903e+00 3.303227e-01 -5.085512e+00 -1.210038e+00 -5.454050e+00 3.188576e+00 -6.261238e+00 5.031354e+00 -1.856197e+00 2.192664e+00 -3.635251e+00
5.576000e+01 4.062533e+00 -2.966487e+00 3.043782e-01 -4.946450e+00 -1.222859e+00 -5.336237e+00 3.161390e+00 -6.216763e+00 4.977080e+00 -1.756656e+00 2.226422e+00 -3.551991e+00
5.584000e+01 3.900870e+00 -2.972176e+00 3.121213e-01 -4.773249e+00 -1.234793e+00 -5.183659e+00 3.125694e+00 -6.177403e+00 4.915659e+00 -1.641188e+00 2.241455e+00 -3.422696e+00
5.592000e+01 3.859650e+00 -2.886043e+00 3.546447e-01 -4.570411e+00 -1.237858e+00 -5.031009e+00 3.091313e+00 -6.126470e+00 4.853344e+00 -1.522735e+00 2.223846e+00 -3.222518e+00
5.600000e+01 3.875028e+00 -2.717421e+00 4.037656e-01 -4.349601e+00 -1.238634e+00 -4.841620e+00 3.025468e+00 -6.042473e+00 4.778846e+00 -1.440965e+00 2.160602e+00 -3.032222e+00
5.608000e+01 3.899571e+00 -2.471407e+00 4.482458e-01 -4.167391e+00 -1.225036e+00 -4.664245e+00 2.950075e+00 -5.944721e+00 4.699668e+00 -1.389251e+00 2.087570e+00 -2.858378e+00
5.616000e+01 3.919822e+00 -2.174612e+00 4.930635e-01 -3.985818e+00 -1.217628e+00 -4.515664e+00 2.872828e+00 -5.858624e+00 4.622053e+00 -1.362983e+00 2.007547e+00 -2.657447e+00
5.624000e+01 3.913785e+00 -1.859899e+00 5.295834e-01 -3.842364e+00 -1.206982e+00 -4.365469e+00 2.799287e+00 -5.785183e+00 4.541877e+00 -1.339087e+00 1.911604e+00 -2.491653e+00
5.632000e+01 3.899283e+00 -1.531338e+00 5.790809e-01 -3.724745e+00 -1.185975e+00 -4.218442e+00 2.722979e+00 -5.707680e+00 4.460260e+00 -1.318422e+00 1.801351e+00 -2.302816e+00
5.640000e+01 3.863537e+00 -1.191276e+00 6.111938e-01 -3.608052e+00 -1.173541e+00 -4.074759e+00 2.643039e+00 -5.652391e+00 4.386116e+00 -1.339618e+00 1.683084e+00 -2.146596e+00
5.648000e+01 3.853156e+00 -9.066632e-01 6.509313e-01 -3.519496e+00 -1.137127e+00 -3.953945e+00 2.592436e+00 -5.596696e+00 4.312656e+00 -1.336330e+00 1.567046e+00 -1.963244e+00
5.656000e+01 3.857000e+00 -6.299509e-01 6.764191e-01 -3.438468e+00 -1.098590e+00 -3.841626e+00 2.540102e+00 -5.568193e+00 4.252564e+00 -1.329930e+00 1.452831e+00 -1.785195e+00
5.664000e+01 3.869929e+00 -3.543660e-01 7.078974e-01 -3.367849e+00 -1.034134e+00 -3.738308e+00 2.483941e+00 -5.508942e+00 4.187375e+00 -1.322820e+00 1.321611e+00 -1.613224e+00
5.672000e+01 3.923563e+00 -1.438375e-01 7.275825e-01 -3.329124e+00 -9.593800e-01 -3.675125e+00 2.448618e+00 -5.458443e+00 4.138711e+00 -1.308456e+00 1.222908e+00 -1.363601e+00
5.680000e+01 3.974451e+00 8.365679e-02 7.387873e-01 -3.292136e+00 -8.817596e-01 -3.632533e+00 2.418266e+00 -5.440942e+00 4.107658e+00 -1.309923e+00 1.131359e+00 -1.163280e+00
5.688000e+01 4.048771e+00 2.492704e-01 7.418084e-01 -3.267524e+00 -7.947581e-01 -3.644267e+00 2.395453e+00 -5.435984e+00 4.090929e+00 -1.329458e+00 1.064610e+00 -9.681380e-01
5.696000e+01 4.142383e+00 3.831045e-01 7.543658e-01 -3.240319e+00 -7.037777e-01 -3.695433e+00 2.378268e+00 -5.426730e+00 4.079227e+00 -1.357673e+00 1.010172e+00 -7.109000e-01
5.704000e+01 4.248637e+00 4.591001e-01 7.658691e-01 -3.214944e+00 -6.135667e-01 -3.779031e+00 2.372861e+00 -5.427110e+00 4.077411e+00 -1.383495e+00 9.808443e-01 -4.619044e-01
5.712000e+01 4.355129e+00 4.623381e-01 7.631312e-01 -3.212829e+00 -5.380036e-01 -3.884595e+00 2.361393e+00 -5.451806e+00 4.087049e+00 -1.435915e+00 9.788915e-01 -2.855644e-01
5.720000e+01 4.470720e+00 3.606569e-01 7.729900e-01 -3.223961e+00 -4.656911e-01 -4.016300e+00 2.356343e+00 -5.470118e+00 4.095836e+00 -1.480290e+00 9.914386e-01 -1.330593e-01
5.728000e+01 4.597587e+00 1.294366e-01 7.941047e-01 -3.232016e+00 -4.036523e-01 -4.166561e+00 2.353690e+00 -5.494793e+00 4.105565e+00 -1.528553e+00 1.028293e+00 -7.605764e-03
5.736000e+01 4.713625e+00 -1.419357e-01 8.284871e-01 -3.240043e+00 -3.503553e-01 -4.305263e+00 2.349549e+00 -5.527789e+00 4.117354e+00 -1.578330e+00 1.071914e+00 7.610216e-02
5.744000e+01 4.813912e+00 -4.684372e-01 8.681506e-01 -3.288009e+00 -2.923562e-01 -4.451183e+00 2.341007e+00 -5.554093e+00 4.129632e+00 -1.650439e+00 1.143171e+00 1.325700e-01
5.752000e+01 4.886690e+00 -7.234150e-01 9.234031e-01 -3.338385e+00 -2.429242e-01 -4.565512e+00 2.340600e+00 -5.577123e+00 4.141753e+00 -1.702897e+00 1.227610e+00 1.598762e-01
5.760000e+01 4.901334e+00 -8.248816e-01 9.906689e-01 -3.383225e+00 -2.016381e-01 -4.661758e+00 2.339556e+00 -5.596236e+00 4.157268e+00 -1.763275e+00 1.287329e+00 1.015114e-01
5.768000e+01 4.872273e+00 -8.373479e-01 1.077842e+00 -3.426105e+00 -1.509923e-01 -4.725422e+00 2.337577e+00 -5.591437e+00 4.163328e+00 -1.829720e+00 1.333801e+00 1.701856e-02
5.776000e+01 4.803571e+00 -7.539560e-01 1.165948e+00 -3.479485e+00 -1.080934e-01 -4.748849e+00 2.342374e+00 -5.601028e+00 4.177190e+00 -1.882453e+00 1.364818e+00 -9.523147e-02
5.784000e+01 4.689052e+00 -6.633208e-01 1.244262e+00 -3.534017e+00 -5.573920e-02 -4.762579e+00 2.343736e+00 -5.590278e+00 4.189326e+00 -1.945698e+00 1.383899e+00 -2.624723e-01
5.792000e+01 4.557277e+00 -6.113420e-01 1.317697e+00 -3.567539e+00 1.382617e-02 -4.732089e+00 2.344119e+00 -5.527101e+00 4.180779e+00 -1.991543e+00 1.365994e+00 -4.221376e-01
5.800000e+01 4.416860e+00 -5.498674e-01 1.380690e+00 -3.591330e+00 9.616311e-02 -4.677463e+00 2.340599e+00 -5.433003e+00 4.162855e+00 -2.031975e+00 1.323338e+00 -5.800575e-01
5.808000e+01 4.283985e+00 -5.325044e-01 1.414058e+00 -3.591874e+00 1.784665e-01 -4.631899e+00 2.349930e+00 -5.338741e+00 4.153606e+00 -2.066475e+00 1.293582e+00 -7.390820e-01
5.816000e+01 4.188435e+00 -5.378471e-01 1.413092e+00 -3.598235e+00 2.643740e-01 -4.605224e+00 2.353479e+00 -5.255745e+00 4.153168e+00 -2.125119e+00 1.263476e+00 -8.964190e-01
5.824000e+01 4.122104e+00 -5.878068e-01 1.399594e+00 -3.584258e+00 3.684745e-01 -4.540911e+00 2.355241e+00 -5.160834e+00 4.140584e+00 -2.152121e+00 1.223750e+00 -1.069086e+00
5.832000e+01 4.083200e+00 -7.153955e-01 1.346026e+00 -3.566320e+00 4.793170e-01 -4.464082e+00 2.351277e+00 -5.060957e+00 4.120098e+00 -2.180216e+00 1.209315e+00 -1.258091e+00
5.840000e+01 4.070629e+00 -8.700392e-01 1.283064e+00 -3.546591e+00 6.187057e-01 -4.398468e+00 2.353330e+00 -4.940715e+00 4.088356e+00 -2.191890e+00 1.198084e+00 -1.444537e+00
5.848000e+01 4.055364e+00 -1.044638e+00 1.208775e+00 -3.508724e+00 7.705756e-01 -4.328312e+00 2.363001e+00 -4.813979e+00 4.054160e+00 -2.194420e+00 1.196928e+00 -1.642188e+00
5.856000e+01 4.024055e+00 -1.232779e+00 1.134793e+00 -3.484197e+00 9.368296e-01 -4.240841e+00 2.366595e+00 -4.671897e+00 4.009986e+00 -2.197996e+00 1.200720e+00 -1.847395e+00
5.864000e+01 3.980488e+00 -1.402515e+00 1.071209e+00 -3.465933e+00 1.102674e+00 -4.130172e+00 2.363274e+00 -4.551655e+00 3.963674e+00 -2.191356e+00 1.209704e+00 -2.034990e+00
5.872000e+01 3.904170e+00 -1.536742e+00 1.019505e+00 -3.403946e+00 1.260855e+00 -4.012846e+00 2.356414e+00 -4.441729e+00 3.909334e+00 -2.190159e+00 1.215935e+00 -2.206924e+00
5.880000e+01 3.815564e+00 -1.600443e+00 1.007589e+00 -3.334556e+00 1.417265e+00 -3.827817e+00 2.347639e+00 -4.337031e+00 3.834806e+00 -2.131016e+00 1.194837e+00 -2.343797e+00
5.888000e+01 3.715242e+00 -1.620707e+00 9.909659e-01 -3.240183e+00 1.541095e+00 -3.657619e+00 2.321937e+00 -4.274461e+00 3.772905e+00 -2.101106e+00 1.185087e+00 -2.438467e+00
5.896000e+01 3.614714e+00 -1.608510e+00 9.972569e-01 -3.143414e+00 1.653848e+00 -3.495052e+00 2.278516e+00 -4.194486e+00 3.702382e+00 -2.086221e+00 1.167346e+00 -2.476780e+00
5.904000e+01 3.512094e+00 -1.475829e+00 1.053580e+00 -3.036229e+00 1.758950e+00 -3.335430e+00 2.256513e+00 -4.114705e+00 3.625745e+00 -2.023975e+00 1.114343e+00 -2.463052e+00
5.912000e+01 3.388423e+00 -1.323658e+00 1.108328e+00 -2.913536e+00 1.830486e+00 -3.189834e+00 2.222062e+00 -4.052985e+00 3.552700e+00 -1.967450e+00 1.070119e+00 -2.440739e+00
5.920000e+01 3.275299e+00 -1.190626e+00 1.192769e+00 -2.782303e+00 1.892973e+00 -3.033510e+00 2.198642e+00 -3.978349e+00 3.473604e+00 -1.869465e+00 9.994732e-01 -2.404603e+00
5.928000e+01 3.179236e+00 -9.899317e-01 1.318757e+00 -2.664544e+00 1.960480e+00 -2.891568e+00 2.172857e+00 -3.867261e+00 3.383019e+00 -1.763700e+00 8.606932e-01 -2.333846e+00
5.936000e+01 3.086370e+00 -8.668668e-01 1.418279e+00 -2.543320e+00 2.002836e+00 -2.783662e+00 2.146594e+00 -3.777770e+00 3.306869e+00 -1.669333e+00 7.311264e-01 -2.272680e+00
5.944000e+01 3.020875e+00 -7.905076e-01 1.541300e+00 -2.417528e+00 2.045868e+00 -2.667393e+00 2.134735e+00 -3.686451e+00 3.233740e+00 -1.534674e+00 5.728368e-01 -2.160889e+00
5.952000e+01 2.953156e+00 -7.249945e-01 1.640669e+00 -2.330491e+00 2.078192e+00 -2.575473e+00 2.132147e+00 -3.613488e+00 3.178877e+00 -1.391661e+00 4.601891e-01 -2.027747e+00
5.960000e+01 2.865972e+00 -6.178386e-01 1.729792e+00 -2.254542e+00 2.100243e+00 -2.487754e+00 2.132743e+00 -3.559076e+00 3.142947e+00 -1.255882e+00 4.055748e-01 -1.855645e+00
5.968000e+01 2.763614e+00 -5.504556e-01 1.798794e+00 -2.216705e+00 2.121740e+00 -2.411654e+00 2.127873e+00 -3.507592e+00 3.116363e+00 -1.136437e+00 4.576319e-01 -1.631108e+00
5.976000e+01 2.608633e+00 -3.876053e-01 1.836164e+00 -2.186241e+00 2.116534e+00 -2.380201e+00 2.132224e+00 -3.504559e+00 3.119472e+00 -1.057152e+00 5.991852e-01 -1.437729e+00
5.984000e+01 2.450988e+00 -3.468060e-01 1.846785e+00 -2.173977e+00 2.105446e+00 -2.353790e+00 2.138643e+00 -3.501868e+00 3.128898e+00 -9.938369e-01 8.450166e-01 -1.201498e+00
5.992000e+01 2.298637e+00 -3.225371e-01 1.864744e+00 -2.162457e+00 2.088176e+00 -2.308621e+00 2.139734e+00 -3.501913e+00 3.131639e+00 -9.557428e-01 1.124450e+00 -9.809122e-01
6.000000e+01 2.162601e+00 -3.420710e-01 1.881707e+00 -2.133944e+00 2.065898e+00 -2.250211e+00 2.134911e+00 -3.498957e+00 3.126823e+00 -9.251121e-01 1.409798e+00 -7.768991e-01
6.008000e+01 2.059026e+00 -3.723000e-01 1.892606e+00 -2.114028e+00 2.034472e+00 -2.195149e+00 2.115968e+00 -3.504071e+00 3.120521e+00 -9.320962e-01 1.667337e+00 -6.646469e-01
6.016000e+01 2.019602e+00 -4.199813e-01 1.896396e+00 -2.095721e+00 1.997961e+00 -2.113982e+00 2.081464e+00 -3.503041e+00 3.104089e+00 -9.554544e-01 1.849914e+00 -6.228475e-01
6.024000e+01 2.047831e+00 -4.064502e-01 1.913714e+00 -2.071490e+00 1.966121e+00 -2.020318e+00 2.035972e+00 -3.481772e+00 3.071515e+00 -9.879860e-01 1.920189e+00 -6.275809e-01
6.032000e+01 2.119370e+00 -3.597213e-01 1.926093e+00 -2.033373e+00 1.932938e+00 -1.925484e+00 1.981771e+00 -3.456078e+00 3.030925e+00 -1.030899e+00 1.907461e+00 -6.548744e-01
6.040000e+01 2.180258e+00 -2.695260e-01 1.903868e+00 -2.006908e+00 1.882479e+00 -1.828893e+00 1.896757e+00 -3.440937e+00 2.985695e+00 -1.143501e+00 1.833120e+00 -7.108633e-01
6.048000e+01 2.219796e+00 -1.550973e-01 1.866327e+00 -1.966448e+00 1.830263e+00 -1.725073e+00 1.815579e+00 -3.416778e+00 2.938258e+00 -1.236680e+00 1.731370e+00 -7.832564e-01
6.056000e+01 2.256189e+00 1.605327e-03 1.849794e+00 -1.941982e+00 1.801501e+00 -1.607616e+00 1.742017e+00 -3.369990e+00 2.875354e+00 -1.293407e+00 1.584397e+00 -8.101247e-01
6.064000e+01 2.282790e+00 1.710494e-01 1.825846e+00 -1.928838e+00 1.779335e+00 -1.510182e+00 1.667690e+00 -3.317684e+00 2.811706e+00 -1.355786e+00 1.431013e+00 -8.259945e-01
6.072000e+01 2.299269e+00 3.105398e-01 1.787584e+00 -1.885348e+00 1.752263e+00 -1.408411e+00 1.594967e+00 -3.268776e+00 2.747800e+00 -1.426306e+00 1.273740e+00 -8.061597e-01
6.080000e+01 2.333160e+00 4.111729e-01 1.754188e+00 -1.853455e+00 1.739669e+00 -1.312642e+00 1.539664e+00 -3.215538e+00 2.677475e+00 -1.444131e+00 1.120818e+00 -7.391522e-01
6.088000e+01 2.362089e+00 4.610530e-01 1.708932e+00 -1.836016e+00 1.736152e+00 -1.243817e+00 1.490015e+00 -3.154504e+00 2.613048e+00 -1.476980e+00 9.872846e-01 -6.837815e-01
6.096000e+01 2.404516e+00 4.594086e-01 1.672355e+00 -1.827092e+00 1.742513e+00 -1.166822e+00 1.448616e+00 -3.083814e+00 2.547220e+00 -1.485974e+00 8.670447e-01 -6.088587e-01
6.104000e+01 2.465876e+00 4.389959e-01 1.664071e+00 -1.816880e+00 1.761097e+00 -1.075742e+00 1.405586e+00 -2.994447e+00 2.474848e+00 -1.486733e+00 7.497560e-01 -4.957950e-01
6.112000e+01 2.519889e+00 3.615883e-01 1.642278e+00 -1.816959e+00 1.777108e+00 -1.001373e+00 1.367671e+00 -2.924630e+00 2.416421e+00 -1.488511e+00 6.648811e-01 -4.126273e-01
6.120000e+01 2.569159e+00 2.626683e-01 1.635590e+00 -1.809356e+00 1.800869e+00 -9.371907e-01 1.342356e+00 -2.850681e+00 2.363011e+00 -1.471743e+00 5.994041e-01 -3.428777e-01
6.128000e+01 2.610382e+00 1.587338e-01 1.634595e+00 -1.794503e+00 1.819709e+00 -8.749988e-01 1.311706e+00 -2.785180e+00 2.314381e+00 -1.471962e+00 5.559553e-01 -2.658624e-01
6.136000e+01 2.633602e+00 1.000704e-01 1.650567e+00 -1.776147e+00 1.846061e+00 -8.108188e-01 1.293458e+00 -2.707759e+00 2.262648e+00 -1.454058e+00 5.121665e-01 -1.998434e-01
6.144000e+01 2.634626e+00 6.284272e-02 1.674234e+00 -1.759441e+00 1.875335e+00 -7.436150e-01 1.276798e+00 -2.623716e+00 2.209723e+00 -1.418851e+00 4.937807e-01 -1.442852e-01
6.152000e+01 2.621545e+00 2.324955e-02 1.687832e+00 -1.745883e+00 1.901697e+00 -6.825031e-01 1.255994e+00 -2.536902e+00 2.158709e+00 -1.388701e+00 4.963727e-01 -1.001296e-01
6.160000e+01 2.596155e+00 -1.705548e-02 1.697365e+00 -1.727050e+00 1.921871e+00 -6.335307e-01 1.244208e+00 -2.464255e+00 2.114843e+00 -1.359179e+00 5.101349e-01 -6.258290e-02
6.168000e+01 2.565944e+00 -4.941406e-02 1.705096e+00 -1.702383e+00 1.935506e+00 -5.822137e-01 1.231159e+00 -2.399954e+00 2.075590e+00 -1.338607e+00 5.260089e-01 -2.635003e-02
6.176000e+01 2.534130e+00 -8.007130e-02 1.711149e+00 -1.674933e+00 1.942797e+00 -5.289748e-01 1.227023e+00 -2.352573e+00 2.046991e+00 -1.314246e+00 5.431670e-01 3.088879e-03
6.184000e+01 2.504297e+00 -1.104916e-01 1.716600e+00 -1.648062e+00 1.949839e+00 -4.771763e-01 1.227167e+00 -2.306555e+00 2.021804e+00 -1.282301e+00 5.590983e-01 3.930218e-02
6.192000e+01 2.467467e+00 -1.431648e-01 1.715753e+00 -1.627885e+00 1.954007e+00 -4.162871e-01 1.219285e+00 -2.260869e+00 1.996547e+00 -1.255329e+00 5.739542e-01 5.811421e-02
6.200000e+01 2.433024e+00 -1.978789e-01 1.705370e+00 -1.611631e+00 1.952375e+00 -3.565957e-01 1.215866e+00 -2.224354e+00 1.976690e+00 -1.225535e+00 6.013537e-01 8.043198e-02
6.208000e+01 2.394881e+00 -2.456118e-01 1.695402e+00 -1.586168e+00 1.945974e+00 -2.950850e-01 1.204797e+00 -2.190524e+00 1.957216e+00 -1.219283e+00 6.213664e-01 1.114929e-01
6.216000e+01 2.354050e+00 -3.179689e-01 1.675708e+00 -1.569013e+00 1.935512e+00 -2.420618e-01 1.200035e+00 -2.166096e+00 1.942827e+00 -1.210802e+00 6.564436e-01 1.380499e-01
6.224000e+01 2.308683e+00 -3.875839e-01 1.652452e+00 -1.550309e+00 1.920252e+00 -1.881182e-01 1.187389e+00 -2.145836e+00 1.927698e+00 -1.220683e+00 6.871924e-01 1.715732e-01
6.232000e+01 2.261038e+00 -4.653686e-01 1.628344e+00 -1.533411e+00 1.905437e+00 -1.342039e-01 1.177758e+00 -2.126251e+00 1.909245e+00 -1.218605e+00 7.165691e-01 2.019673e-01
6.240000e+01 2.207762e+00 -5.388649e-01 1.605113e+00 -1.514573e+00 1.889786e+00 -8.556352e-02 1.166173e+00 -2.110709e+00 1.888086e+00 -1.218519e+00 7.444156e-01 2.297712e-01
6.248000e+01 2.149560e+00 -6.190749e-01 1.574782e+00 -1.496926e+00 1.869864e+00 -3.718711e-02 1.148415e+00 -2.099004e+00 1.867517e+00 -1.231618e+00 7.753692e-01 2.607454e-01
6.256000e+01 2.089069e+00 -7.002109e-01 1.546427e+00 -1.479007e+00 1.852216e+00 1.091205e-02 1.135187e+00 -2.085521e+00 1.847049e+00 -1.242104e+00 8.014696e-01 2.806834e-01
6.264000e+01 2.027777e+00 -7.979636e-01 1.506357e+00 -1.464093e+00 1.828518e+00 6.454883e-02 1.119251e+00 -2.086796e+00 1.830786e+00 -1.253539e+00 8.303892e-01 2.912825e-01
6.272000e+01 1.966432e+00 -9.099028e-01 1.467757e+00 -1.445696e+00 1.807065e+00 1.146466e-01 1.102666e+00 -2.081153e+00 1.814267e+00 -1.268788e+00 8.587188e-01 2.870181e-01
6.280000e+01 1.907815e+00 -1.023321e+00 1.425758e+00 -1.422412e+00 1.780065e+00 1.671918e-01 1.086209e+00 -2.088687e+00 1.802433e+00 -1.283869e+00 8.846736e-01 2.743579e-01
6.288000e+01 1.852350e+00 -1.130207e+00 1.387659e+00 -1.396932e+00 1.758200e+00 2.194249e-01 1.070468e+00 -2.085624e+00 1.788245e+00 -1.297420e+00 8.971014e-01 2.509953e-01
6.296000e+01 1.797968e+00 -1.224939e+00 1.348791e+00 -1.367404e+00 1.736052e+00 2.702261e-01 1.048870e+00 -2.082035e+00 1.774134e+00 -1.318272e+00 9.023965e-01 2.211915e-01
6.304000e+01 1.746000e+00 -1.317762e+00 1.306704e+00 -1.338939e+00 1.713156e+00 3.158526e-01 1.026055e+00 -2.077900e+00 1.762909e+00 -1.341778e+00 9.047672e-01 1.844437e-01
6.312000e+01 1.696487e+00 -1.407729e+00 1.266275e+00 -1.304689e+00 1.692944e+00 3.619164e-01 1.004214e+00 -2.069523e+00 1.750514e+00 -1.362046e+00 8.983534e-01 1.365570e-01
6.320000e+01 1.649088e+00 -1.486425e+00 1.227072e+00 -1.266132e+00 1.674252e+00 4.079535e-01 9.818683e-01 -2.060047e+00 1.738084e+00 -1.377643e+00 8.857625e-01 8.436076e-02
6.328000e+01 1.605429e+00 -1.537774e+00 1.192821e+00 -1.239972e+00 1.656364e+00 4.469457e-01 9.554984e-01 -2.049394e+00 1.725788e+00 -1.404318e+00 8.674065e-01 2.656479e-02
6.336000e+01 1.559586e+00 -1.588204e+00 1.156742e+00 -1.197325e+00 1.640289e+00 4.990426e-01 9.295687e-01 -2.033280e+00 1.709929e+00 -1.424971e+00 8.419759e-01 -3.977934e-02
6.344000e+01 1.516193e+00 -1.631404e+00 1.122062e+00 -1.155597e+00 1.623781e+00 5.491019e-01 9.050078e-01 -2.019038e+00 1.694455e+00 -1.439932e+00 8.152869e-01 -1.109497e-01
6.352000e+01 1.476398e+00 -1.667709e+00 1.090234e+00 -1.110992e+00 1.609115e+00 5.973491e-01 8.812428e-01 -2.002371e+00 1.678406e+00 -1.449676e+00 7.856535e-01 -1.802979e-01
6.360000e+01 1.435747e+00 -1.696020e+00 1.060357e+00 -1.065894e+00 1.595767e+00 6.434381e-01 8.580244e-01 -1.982296e+00 1.660940e+00 -1.457382e+00 7.526378e-01 -2.579909e-01
6.368000e+01 1.394885e+00 -1.714302e+00 1.030795e+00 -1.024872e+00 1.582319e+00 6.858392e-01 8.363453e-01 -1.964724e+00 1.644978e+00 -1.462785e+00 7.207693e-01 -3.412465e-01
6.376000e+01 1.352491e+00 -1.727639e+00 1.004786e+00 -9.799553e-01 1.569392e+00 7.280426e-01 8.157665e-01 -1.945396e+00 1.629289e+00 -1.464434e+00 6.885315e-01 -4.240736e-01
6.384000e+01 1.310111e+00 -1.732051e+00 9.797140e-01 -9.480823e-01 1.556247e+00 7.613360e-01 7.958266e-01 -1.928436e+00 1.616926e+00 -1.470396e+00 6.589495e-01 -5.046590e-01
6.392000e+01 1.262952e+00 -1.727715e+00 9.606599e-01 -9.103077e-01 1.545083e+00 8.193142e-01 7.723299e-01 -1.905073e+00 1.599012e+00 -1.471261e+00 6.218173e-01 -5.859345e-01
6.400000e+01 1.211206e+00 -1.715993e+00 9.377011e-01 -8.668629e-01 1.528890e+00 8.732270e-01 7.480107e-01 -1.892116e+00 1.586215e+00 -1.475962e+00 5.893357e-01 -6.584467e-01
6.408000e+01 1.157246e+00 -1.712094e+00 9.150022e-01 -8.239705e-01 1.513843e+00 9.235900e-01 7.287946e-01 -1.875577e+00 1.574528e+00 -1.476126e+00 5.588325e-01 -7.288056e-01
6.416000e+01 1.099837e+00 -1.703758e+00 8.948703e-01 -7.792202e-01 1.498417e+00 9.741910e-01 7.066304e-01 -1.857770e+00 1.562567e+00 -1.478031e+00 5.272483e-01 -7.914160e-01
6.424000e+01 1.039463e+00 -1.691901e+00 8.815231e-01 -7.372513e-01 1.487468e+00 1.031330e+00 6.854233e-01 -1.828113e+00 1.546386e+00 -1.474427e+00 4.928613e-01 -8.503202e-01
6.432000e+01 9.767903e-01 -1.668428e+00 8.722974e-01 -6.928053e-01 1.479158e+00 1.083460e+00 6.681139e-01 -1.803817e+00 1.530992e+00 -1.461360e+00 4.592829e-01 -8.985826e-01
6.440000e+01 9.129484e-01 -1.653022e+00 8.626081e-01 -6.489168e-01 1.471711e+00 1.132113e+00 6.527155e-01 -1.774569e+00 1.515912e+00 -1.446845e+00 4.287648e-01 -9.403926e-01
6.448000e+01 8.496319e-01 -1.643901e+00 8.474310e-01 -6.142818e-01 1.460079e+00 1.173258e+00 6.347990e-01 -1.756628e+00 1.505384e+00 -1.447693e+00 4.050814e-01 -9.693061e-01
6.456000e+01 7.889421e-01 -1.643373e+00 8.351238e-01 -5.729395e-01 1.451215e+00 1.215959e+00 6.215953e-01 -1.731801e+00 1.494436e+00 -1.440247e+00 3.847881e-01 -9.950165e-01
6.464000e+01 7.298590e-01 -1.637119e+00 8.282411e-01 -5.260583e-01 1.444033e+00 1.263955e+00 6.091046e-01 -1.704609e+00 1.480680e+00 -1.425882e+00 3.587592e-01 -1.015462e+00
6.472000e+01 6.723754e-01 -1.639495e+00 8.219540e-01 -4.804527e-01 1.435936e+00 1.310176e+00 5.973611e-01 -1.678773e+00 1.467601e+00 -1.407965e+00 3.380312e-01 -1.027323e+00
6.480000e+01 6.221723e-01 -1.650404e+00 8.205724e-01 -4.333827e-01 1.429826e+00 1.357355e+00 5.873443e-01 -1.650463e+00 1.453699e+00 -1.382614e+00 3.201336e-01 -1.018641e+00
6.488000e+01 5.716765e-01 -1.670353e+00 8.216180e-01 -3.886459e-01 1.425992e+00 1.419724e+00 5.775591e-01 -1.617674e+00 1.436506e+00 -1.345066e+00 3.020493e-01 -1.003689e+00
6.496000e+01 5.220040e-01 -1.685430e+00 8.254037e-01 -3.415339e-01 1.419724e+00 1.471384e+00 5.686498e-01 -1.588643e+00 1.421321e+00 -1.309280e+00 2.887419e-01 -9.856353e-01
6.504000e+01 4.766378e-01 -1.701288e+00 8.301842e-01 -3.033747e-01 1.412843e+00 1.517255e+00 5.614536e-01 -1.563641e+00 1.409340e+00 -1.275727e+00 2.823692e-01 -9.644006e-01
6.512000e+01 4.333988e-01 -1.724699e+00 8.333912e-01 -2.589846e-01 1.404599e+00 1.566905e+00 5.545148e-01 -1.538586e+00 1.397793e+00 -1.239937e+00 2.789441e-01 -9.390493e-01
6.520000e+01 3.915505e-01 -1.753792e+00 8.378540e-01 -2.046781e-01 1.396082e+00 1.617317e+00 5.492875e-01 -1.514027e+00 1.386421e+00 -1.200522e+00 2.789602e-01 -9.137404e-01
6.528000e+01 3.558704e-01 -1.784166e+00 8.438581e-01 -1.599840e-01 1.388988e+00 1.661301e+00 5.471671e-01 -1.493003e+00 1.378812e+00 -1.154596e+00 2.859546e-01 -8.843643e-01
6.536000e+01 3.236011e-01 -1.805721e+00 8.543578e-01 -1.095557e-01 1.383268e+00 1.710388e+00 5.451319e-01 -1.470455e+00 1.372003e+00 -1.110165e+00 2.899060e-01 -8.511994e-01
6.544000e+01 2.944080e-01 -1.836041e+00 8.634237e-01 -5.558034e-02 1.375814e+00 1.756587e+00 5.436267e-01 -1.451986e+00 1.367563e+00 -1.066916e+00 3.023868e-01 -8.151392e-01
6.552000e+01 2.707649e-01 -1.867056e+00 8.733752e-01 -5.336664e-03 1.368137e+00 1.797296e+00 5.439517e-01 -1.437015e+00 1.365051e+00 -1.023109e+00 3.208107e-01 -7.764150e-01
6.560000e+01 2.523537e-01 -1.899988e+00 8.838933e-01 4.919466e-02 1.360383e+00 1.838067e+00 5.455258e-01 -1.423580e+00 1.363377e+00 -9.766337e-01 3.432984e-01 -7.328916e-01
6.568000e+01 2.379055e-01 -1.929419e+00 8.936015e-01 1.039779e-01 1.351617e+00 1.877439e+00 5.473717e-01 -1.412675e+00 1.361379e+00 -9.310410e-01 3.697649e-01 -6.920297e-01
6.576000e+01 2.240651e-01 -1.964041e+00 9.007203e-01 1.672365e-01 1.338893e+00 1.919404e+00 5.487594e-01 -1.410091e+00 1.360160e+00 -8.853783e-01 3.993104e-01 -6.496859e-01
6.584000e+01 2.109966e-01 -1.998991e+00 9.086226e-01 2.296030e-01 1.327468e+00 1.958407e+00 5.522923e-01 -1.404791e+00 1.357812e+00 -8.348758e-01 4.307710e-01 -6.091558e-01
6.592000e+01 1.961609e-01 -2.031263e+00 9.144587e-01 2.956753e-01 1.313069e+00 1.996272e+00 5.510685e-01 -1.402792e+00 1.356921e+00 -7.962420e-01 4.642988e-01 -5.646356e-01
6.600000e+01 1.839614e-01 -2.065412e+00 9.221191e-01 3.610595e-01 1.300594e+00 2.032464e+00 5.527458e-01 -1.398617e+00 1.355070e+00 -7.494716e-01 4.987770e-01 -5.075399e-01
6.608000e+01 1.693420e-01 -2.097331e+00 9.278325e-01 4.249841e-01 1.288785e+00 2.062555e+00 5.549334e-01 -1.391139e+00 1.352125e+00 -7.092572e-01 5.346592e-01 -4.558570e-01
6.616000e+01 1.533556e-01 -2.127098e+00 9.315235e-01 4.929086e-01 1.274819e+00 2.094294e+00 5.567903e-01 -1.389680e+00 1.348918e+00 -6.669232e-01 5.721210e-01 -4.050283e-01
6.624000e+01 1.406415e-01 -2.155150e+00 9.333392e-01 5.434664e-01 1.261954e+00 2.116544e+00 5.616828e-01 -1.392955e+00 1.347942e+00 -6.262020e-01 6.141336e-01 -3.565648e-01
6.632000e+01 1.248531e-01 -2.180822e+00 9.311312e-01 6.048541e-01 1.246220e+00 2.143912e+00 5.647886e-01 -1.396071e+00 1.344056e+00 -5.861742e-01 6.542006e-01 -3.121465e-01
6.640000e+01 1.094241e-01 -2.206099e+00 9.315529e-01 6.692556e-01 1.231793e+00 2.169143e+00 5.696410e-01 -1.398345e+00 1.338750e+00 -5.405203e-01 6.942101e-01 -2.593571e-01
6.648000e+01 9.049027e-02 -2.230547e+00 9.278587e-01 7.354976e-01 1.214696e+00 2.190645e+00 5.737864e-01 -1.405645e+00 1.335021e+00 -5.014067e-01 7.355258e-01 -2.158298e-01
6.656000e+01 7.248587e-02 -2.252895e+00 9.237112e-01 8.048974e-01 1.197622e+00 2.211210e+00 5.780997e-01 -1.413475e+00 1.330958e+00 -4.618365e-01 7.756724e-01 -1.692683e-01
6.664000e+01 5.482193e-02 -2.274281e+00 9.189317e-01 8.741142e-01 1.181639e+00 2.227467e+00 5.839966e-01 -1.422296e+00 1.326922e+00 -4.204860e-01 8.132548e-01 -1.199997e-01
6.672000e+01 3.241798e-02 -2.290762e+00 9.087545e-01 9.482339e-01 1.163368e+00 2.243620e+00 5.889981e-01 -1.434301e+00 1.323612e+00 -3.828651e-01 8.498299e-01 -7.722902e-02
6.680000e+01 7.197673e-03 -2.309365e+00 8.933755e-01 1.021892e+00 1.143936e+00 2.255524e+00 5.938894e-01 -1.449934e+00 1.321586e+00 -3.488153e-01 8.859935e-01 -4.257430e-02
6.688000e+01 -1.667000e-02 -2.331654e+00 8.750556e-01 1.095877e+00 1.124607e+00 2.265960e+00 5.988593e-01 -1.466409e+00 1.319476e+00 -3.152642e-01 9.203811e-01 -6.561548e-03
6.696000e+01 -4.684534e-02 -2.354167e+00 8.501812e-01 1.182058e+00 1.103711e+00 2.276556e+00 6.021982e-01 -1.474905e+00 1.314456e+00 -2.870286e-01 9.490634e-01 1.901409e-02
6.704000e+01 -7.888285e-02 -2.380817e+00 8.218808e-01 1.292223e+00 1.080327e+00 2.292544e+00 6.007132e-01 -1.487861e+00 1.306989e+00 -2.636572e-01 9.725180e-01 5.759650e-02
6.712000e+01 -1.123467e-01 -2.395780e+00 7.936349e-01 1.403077e+00 1.059239e+00 2.298542e+00 6.027884e-01 -1.503486e+00 1.300982e+00 -2.426035e-01 9.925955e-01 8.677787e-02
6.720000e+01 -1.469661e-01 -2.404702e+00 7.595277e-01 1.507737e+00 1.040549e+00 2.302429e+00 6.054685e-01 -1.522020e+00 1.295686e+00 -2.235188e-01 1.009926e+00 1.087229e-01
6.728000e+01 -1.776845e-01 -2.410387e+00 7.165759e-01 1.594182e+00 1.020750e+00 2.299451e+00 6.079587e-01 -1.546240e+00 1.292867e+00 -2.129474e-01 1.027423e+00 1.253043e-01
6.736000e+01 -2.124693e-01 -2.416101e+00 6.687433e-01 1.683871e+00 1.002371e+00 2.296446e+00 6.099274e-01 -1.569842e+00 1.289348e+00 -2.012333e-01 1.040201e+00 1.346333e-01
6.744000e+01 -2.475431e-01 -2.414332e+00 6.192831e-01 1.776217e+00 9.837454e-01 2.292352e+00 6.108157e-01 -1.594291e+00 1.285551e+00 -1.918205e-01 1.048963e+00 1.383436e-01
6.752000e+01 -2.857946e-01 -2.408056e+00 5.653056e-01 1.883204e+00 9.636243e-01 2.291830e+00 6.090153e-01 -1.617368e+00 1.279683e+00 -1.836382e-01 1.051191e+00 1.379040e-01
6.760000e+01 -3.303092e-01 -2.399485e+00 5.040566e-01 2.005738e+00 9.384761e-01 2.290058e+00 5.984062e-01 -1.645660e+00 1.274002e+00 -1.940967e-01 1.049836e+00 1.274247e-01
6.768000e+01 -3.750309e-01 -2.383799e+00 4.418190e-01 2.126217e+00 9.170248e-01 2.283631e+00 5.895314e-01 -1.671823e+00 1.269278e+00 -1.998911e-01 1.042990e+00 1.154004e-01
6.776000e+01 -4.199915e-01 -2.360802e+00 3.764571e-01 2.243277e+00 8.995411e-01 2.272623e+00 5.814062e-01 -1.699371e+00 1.265724e+00 -2.077744e-01 1.031889e+00 1.009619e-01
6.784000e+01 -4.647950e-01 -2.327828e+00 3.068559e-01 2.354294e+00 8.834415e-01 2.257344e+00 5.730916e-01 -1.730826e+00 1.264567e+00 -2.217006e-01 1.017765e+00 7.727011e-02
6.792000e+01 -5.077332e-01 -2.291622e+00 2.335374e-01 2.462682e+00 8.687505e-01 2.239673e+00 5.647552e-01 -1.768371e+00 1.265652e+00 -2.369334e-01 1.000915e+00 5.355097e-02
6.800000e+01 -5.518815e-01 -2.249538e+00 1.597090e-01 2.584556e+00 8.548674e-01 2.225942e+00 5.539057e-01 -1.802202e+00 1.264302e+00 -2.536152e-01 9.773293e-01 2.694188e-02
6.808000e+01 -5.936928e-01 -2.191459e+00 9.026161e-02 2.695949e+00 8.461668e-01 2.205983e+00 5.446512e-01 -1.838375e+00 1.264481e+00 -2.726313e-01 9.515095e-01 -5.001033e-04
6.816000e+01 -6.305945e-01 -2.129955e+00 2.192430e-02 2.797554e+00 8.409024e-01 2.181711e+00 5.369350e-01 -1.878265e+00 1.266982e+00 -2.942742e-01 9.250159e-01 -2.864633e-02
6.824000e+01 -6.567360e-01 -2.076575e+00 -4.667709e-02 2.876249e+00 8.367950e-01 2.150798e+00 5.307373e-01 -1.924899e+00 1.273876e+00 -3.212256e-01 9.026680e-01 -6.133986e-02
6.832000e+01 -6.879396e-01 -2.027343e+00 -1.135145e-01 2.953687e+00 8.340070e-01 2.124934e+00 5.226344e-01 -1.972892e+00 1.281169e+00 -3.510790e-01 8.779719e-01 -1.055579e-01
6.840000e+01 -7.195436e-01 -1.975867e+00 -1.743370e-01 3.027115e+00 8.312182e-01 2.102603e+00 5.125084e-01 -2.021335e+00 1.288133e+00 -3.826717e-01 8.533801e-01 -1.527422e-01
6.848000e+01 -7.493178e-01 -1.927245e+00 -2.370364e-01 3.086496e+00 8.254961e-01 2.072445e+00 5.022690e-01 -2.076050e+00 1.298968e+00 -4.197437e-01 8.335643e-01 -2.085786e-01
6.856000e+01 -7.707809e-01 -1.879354e+00 -2.964805e-01 3.138676e+00 8.198799e-01 2.046355e+00 4.900457e-01 -2.135152e+00 1.311932e+00 -4.546383e-01 8.143037e-01 -2.609982e-01
6.864000e+01 -7.875104e-01 -1.822333e+00 -3.533806e-01 3.181852e+00 8.131910e-01 2.025210e+00 4.750651e-01 -2.199184e+00 1.325547e+00 -4.885849e-01 7.904589e-01 -3.141809e-01
6.872000e+01 -7.943138e-01 -1.718365e+00 -3.970802e-01 3.226299e+00 8.108002e-01 2.016883e+00 4.574048e-01 -2.248556e+00 1.333915e+00 -5.148211e-01 7.519493e-01 -3.548900e-01
6.880000e+01 -7.886134e-01 -1.640939e+00 -4.454575e-01 3.248878e+00 8.058262e-01 2.005317e+00 4.402960e-01 -2.303608e+00 1.344960e+00 -5.462002e-01 7.151761e-01 -4.015626e-01
6.888000e+01 -7.795343e-01 -1.580203e+00 -4.989755e-01 3.260183e+00 7.971243e-01 1.995686e+00 4.210901e-01 -2.362751e+00 1.358009e+00 -5.811711e-01 6.836672e-01 -4.587791e-01
6.896000e+01 -7.671061e-01 -1.541429e+00 -5.576743e-01 3.264534e+00 7.850925e-01 1.989831e+00 3.989836e-01 -2.423741e+00 1.371674e+00 -6.174339e-01 6.570307e-01 -5.185251e-01
6.904000e+01 -7.534017e-01 -1.500766e+00 -6.192802e-01 3.259991e+00 7.724647e-01 2.000983e+00 3.709246e-01 -2.481546e+00 1.381898e+00 -6.495615e-01 6.270605e-01 -5.810794e-01
6.912000e+01 -7.245716e-01 -1.474252e+00 -6.921018e-01 3.211806e+00 7.564867e-01 2.002403e+00 3.443333e-01 -2.547447e+00 1.397500e+00 -6.877157e-01 6.081392e-01 -6.475042e-01
6.920000e+01 -6.822973e-01 -1.455473e+00 -7.700798e-01 3.137650e+00 7.374813e-01 1.999625e+00 3.164784e-01 -2.617659e+00 1.416537e+00 -7.315441e-01 5.947807e-01 -7.182526e-01
6.928000e+01 -6.301899e-01 -1.472207e+00 -8.583103e-01 3.029681e+00 7.145351e-01 1.990845e+00 2.886215e-01 -2.696189e+00 1.440309e+00 -7.765512e-01 5.930085e-01 -8.098748e-01
6.936000e+01 -5.768201e-01 -1.491322e+00 -9.508681e-01 2.944839e+00 6.911727e-01 1.968690e+00 2.622408e-01 -2.775503e+00 1.466416e+00 -8.167429e-01 5.927888e-01 -8.995256e-01
6.944000e+01 -5.126295e-01 -1.530635e+00 -1.052303e+00 2.844011e+00 6.643348e-01 1.953789e+00 2.340461e-01 -2.856605e+00 1.493911e+00 -8.589247e-01 5.976421e-01 -9.991416e-01
6.952000e+01 -4.353680e-01 -1.596235e+00 -1.161730e+00 2.713161e+00 6.328045e-01 1.923372e+00 2.084142e-01 -2.947475e+00 1.530086e+00 -9.068363e-01 6.176859e-01 -1.108508e+00
6.960000e+01 -3.553370e-01 -1.666740e+00 -1.266382e+00 2.575147e+00 6.040162e-01 1.901911e+00 1.815876e-01 -3.036029e+00 1.567515e+00 -9.470691e-01 6.399723e-01 -1.225327e+00
6.968000e+01 -2.723977e-01 -1.736565e+00 -1.363736e+00 2.437421e+00 5.740636e-01 1.887176e+00 1.520198e-01 -3.121911e+00 1.603700e+00 -9.849381e-01 6.623749e-01 -1.347354e+00
6.976000e+01 -1.870610e-01 -1.808100e+00 -1.453937e+00 2.281042e+00 5.414666e-01 1.881101e+00 1.189180e-01 -3.206157e+00 1.640738e+00 -1.022712e+00 6.872704e-01 -1.477166e+00
6.984000e+01 -9.782946e-02 -1.887117e+00 -1.538575e+00 2.107630e+00 5.020453e-01 1.870892e+00 8.470774e-02 -3.299332e+00 1.683975e+00 -1.061057e+00 7.198378e-01 -1.612802e+00
6.992000e+01 -1.540994e-02 -1.974553e+00 -1.616232e+00 1.932824e+00 4.567014e-01 1.868960e+00 4.462176e-02 -3.392469e+00 1.729428e+00 -1.097947e+00 7.533494e-01 -1.754866e+00
7.000000e+01 7.112720e-02 -2.092518e+00 -1.687950e+00 1.738009e+00 4.074539e-01 1.869690e+00 -7.248489e-04 -3.483825e+00 1.777725e+00 -1.132059e+00 7.928531e-01 -1.887185e+00
7.008000e+01 1.492212e-01 -2.228352e+00 -1.759070e+00 1.524951e+00 3.527657e-01 1.861435e+00 -4.846666e-02 -3.573634e+00 1.830974e+00 -1.177405e+00 8.423400e-01 -2.031666e+00
7.016000e+01 2.335036e-01 -2.348048e+00 -1.819475e+00 1.257216e+00 3.001433e-01 1.837741e+00 -9.393646e-02 -3.669190e+00 1.891537e+00 -1.221054e+00 9.005277e-01 -2.169371e+00
7.024000e+01 3.018691e-01 -2.482758e+00 -1.876047e+00 1.006537e+00 2.475316e-01 1.808780e+00 -1.424162e-01 -3.761664e+00 1.953107e+00 -1.269153e+00 9.580158e-01 -2.316955e+00
7.032000e+01 3.669051e-01 -2.618144e+00 -1.933047e+00 7.353748e-01 1.976150e-01 1.744567e+00 -1.884149e-01 -3.859406e+00 2.023181e+00 -1.328785e+00 1.022989e+00 -2.468660e+00
7.040000e+01 4.373256e-01 -2.763632e+00 -1.977622e+00 4.556185e-01 1.636234e-01 1.678058e+00 -2.293034e-01 -3.943934e+00 2.087918e+00 -1.361411e+00 1.083055e+00 -2.596106e+00
7.048000e+01 5.073694e-01 -2.912103e+00 -2.023009e+00 1.582812e-01 1.293826e-01 1.600254e+00 -2.740638e-01 -4.034794e+00 2.155492e+00 -1.418938e+00 1.146093e+00 -2.729137e+00
7.056000e+01 5.556647e-01 -3.068153e+00 -2.074782e+00 -1.321416e-01 9.691342e-02 1.518815e+00 -3.232268e-01 -4.124938e+00 2.222316e+00 -1.500992e+00 1.202064e+00 -2.870910e+00
7.064000e+01 6.074791e-01 -3.233387e+00 -2.108498e+00 -4.312811e-01 7.758052e-02 1.435679e+00 -3.590788e-01 -4.196406e+00 2.280123e+00 -1.559681e+00 1.246364e+00 -2.973305e+00
7.072000e+01 6.415570e-01 -3.424660e+00 -2.134904e+00 -7.547131e-01 5.395213e-02 1.346379e+00 -3.979624e-01 -4.261005e+00 2.331718e+00 -1.644366e+00 1.288185e+00 -3.110304e+00
7.080000e+01 6.476213e-01 -3.626774e+00 -2.153524e+00 -1.043434e+00 3.453488e-02 1.255911e+00 -4.236129e-01 -4.316668e+00 2.371450e+00 -1.705790e+00 1.318870e+00 -3.237948e+00
7.088000e+01 6.483906e-01 -3.838810e+00 -2.170249e+00 -1.352927e+00 2.010972e-02 1.164703e+00 -4.288286e-01 -4.370962e+00 2.406567e+00 -1.733826e+00 1.350367e+00 -3.362875e+00
7.096000e+01 6.418961e-01 -4.057370e+00 -2.185240e+00 -1.690287e+00 1.119324e-02 1.060902e+00 -4.196743e-01 -4.418227e+00 2.437469e+00 -1.740056e+00 1.390055e+00 -3.482219e+00
7.104000e+01 6.402332e-01 -4.277604e+00 -2.181386e+00 -2.039322e+00 1.398398e-02 9.680143e-01 -4.009604e-01 -4.461735e+00 2.456804e+00 -1.723814e+00 1.429240e+00 -3.557978e+00
7.112000e+01 6.092564e-01 -4.489216e+00 -2.179899e+00 -2.390093e+00 9.772194e-03 8.637309e-01 -3.764919e-01 -4.509100e+00 2.474506e+00 -1.745343e+00 1.480517e+00 -3.694215e+00
7.120000e+01 5.531658e-01 -4.638253e+00 -2.166005e+00 -2.703536e+00 1.287093e-02 7.774016e-01 -3.564842e-01 -4.548924e+00 2.475688e+00 -1.771823e+00 1.519435e+00 -3.867752e+00
7.128000e+01 5.004783e-01 -4.805370e+00 -2.166441e+00 -3.034196e+00 3.189860e-02 7.015350e-01 -3.263816e-01 -4.583950e+00 2.467467e+00 -1.780168e+00 1.554765e+00 -4.014467e+00
7.136000e+01 4.252238e-01 -4.986922e+00 -2.218010e+00 -3.365764e+00 2.709325e-02 6.130212e-01 -3.129141e-01 -4.671534e+00 2.471467e+00 -1.859537e+00 1.590597e+00 -4.187029e+00
7.144000e+01 3.828216e-01 -5.156782e+00 -2.282339e+00 -3.728671e+00 4.047738e-02 5.080363e-01 -3.091304e-01 -4.758773e+00 2.472365e+00 -1.955811e+00 1.587954e+00 -4.287044e+00
7.152000e+01 3.288360e-01 -5.338283e+00 -2.390078e+00 -4.085579e+00 5.090576e-02 3.927380e-01 -3.282837e-01 -4.890986e+00 2.475611e+00 -2.093983e+00 1.533686e+00 -4.462480e+00
7.160000e+01 2.845403e-01 -5.515245e+00 -2.517970e+00 -4.389827e+00 7.278991e-02 2.954245e-01 -3.822024e-01 -5.029895e+00 2.454358e+00 -2.232048e+00 1.386803e+00 -4.713483e+00
7.168000e+01 2.364172e-01 -5.677758e+00 -2.673034e+00 -4.612702e+00 1.073123e-01 1.928421e-01 -4.617962e-01 -5.164062e+00 2.423570e+00 -2.360638e+00 1.131221e+00 -5.171523e+00
7.176000e+01 2.675609e-01 -5.876003e+00 -2.795595e+00 -4.804695e+00 1.957280e-01 1.036106e-01 -5.379911e-01 -5.252135e+00 2.383670e+00 -2.379718e+00 7.790022e-01 -5.649949e+00
7.184000e+01 3.225743e-01 -6.092574e+00 -2.893579e+00 -4.990106e+00 3.240327e-01 2.540884e-03 -6.018096e-01 -5.319833e+00 2.381994e+00 -2.307824e+00 4.734426e-01 -6.059174e+00
7.192000e+01 3.915737e-01 -6.327532e+00 -2.972860e+00 -5.134211e+00 4.737317e-01 -8.684840e-02 -6.719810e-01 -5.399155e+00 2.441743e+00 -2.250009e+00 3.640391e-01 -5.954620e+00
7.200000e+01 4.277440e-01 -6.458879e+00 -3.023803e+00 -5.274005e+00 6.394606e-01 -1.646253e-01 -7.216647e-01 -5.499904e+00 2.595403e+00 -2.142773e+00 4.990525e-01 -5.695834e+00
7.208000e+01 4.244075e-01 -6.554506e+00 -3.063575e+00 -5.396634e+00 8.191675e-01 -2.925941e-01 -7.748233e-01 -5.562960e+00 2.803241e+00 -2.081126e+00 8.022964e-01 -5.512158e+00
7.216000e+01 3.907326e-01 -6.584030e+00 -3.101167e+00 -5.513079e+00 9.896624e-01 -4.832224e-01 -8.244568e-01 -5.614090e+00 3.039453e+00 -2.095599e+00 1.163273e+00 -5.535760e+00
7.224000e+01 3.353608e-01 -6.606202e+00 -3.135191e+00 -5.595040e+00 1.149810e+00 -7.405982e-01 -8.743079e-01 -5.633821e+00 3.256138e+00 -2.212740e+00 1.491554e+00 -5.730432e+00
7.232000e+01 3.154837e-01 -6.679577e+00 -3.124350e+00 -5.687421e+00 1.326370e+00 -1.044588e+00 -8.751036e-01 -5.556369e+00 3.408269e+00 -2.285688e+00 1.762051e+00 -5.836322e+00
7.240000e+01 2.872556e-01 -6.818823e+00 -3.147609e+00 -5.801996e+00 1.438172e+00 -1.375404e+00 -8.640120e-01 -5.516035e+00 3.540020e+00 -2.440546e+00 2.040044e+00 -5.835949e+00
7.248000e+01 3.271750e-01 -7.002574e+00 -3.143754e+00 -5.927579e+00 1.542357e+00 -1.722111e+00 -8.158294e-01 -5.406624e+00 3.620158e+00 -2.570919e+00 2.292945e+00 -5.654502e+00
7.256000e+01 4.207286e-01 -7.222880e+00 -3.082981e+00 -6.047230e+00 1.646989e+00 -2.067815e+00 -7.182123e-01 -5.206860e+00 3.639923e+00 -2.645503e+00 2.487414e+00 -5.338967e+00
7.264000e+01 5.472203e-01 -7.449904e+00 -2.996867e+00 -6.175777e+00 1.723342e+00 -2.428167e+00 -5.638563e-01 -4.963716e+00 3.622549e+00 -2.705946e+00 2.757820e+00 -4.959271e+00
7.272000e+01 6.547375e-01 -7.746291e+00 -2.915771e+00 -6.241709e+00 1.759981e+00 -2.853429e+00 -3.480448e-01 -4.712640e+00 3.585515e+00 -2.744766e+00 3.190267e+00 -4.665701e+00
7.280000e+01 7.130586e-01 -8.022398e+00 -2.846455e+00 -6.253859e+00 1.758366e+00 -3.210357e+00 -9.943594e-02 -4.416073e+00 3.501367e+00 -2.761281e+00 3.707390e+00 -4.479645e+00
7.288000e+01 7.796569e-01 -8.267041e+00 -2.785486e+00 -6.277810e+00 1.723228e+00 -3.595140e+00 2.010979e-01 -4.135085e+00 3.410826e+00 -2.722605e+00 4.223314e+00 -4.315999e+00
7.296000e+01 8.385143e-01 -8.508499e+00 -2.699941e+00 -6.260907e+00 1.659945e+00 -3.953833e+00 5.300126e-01 -3.874273e+00 3.303718e+00 -2.642521e+00 4.634690e+00 -4.292305e+00
7.304000e+01 8.312821e-01 -8.674319e+00 -2.606480e+00 -6.174404e+00 1.559142e+00 -4.287534e+00 8.741449e-01 -3.673711e+00 3.187775e+00 -2.534953e+00 4.954977e+00 -4.558157e+00
7.312000e+01 8.189832e-01 -8.752595e+00 -2.490873e+00 -6.064489e+00 1.424278e+00 -4.624415e+00 1.229055e+00 -3.565753e+00 3.100930e+00 -2.360619e+00 5.147380e+00 -4.985830e+00
7.320000e+01 8.350735e-01 -8.824837e+00 -2.338849e+00 -5.946095e+00 1.294195e+00 -4.912557e+00 1.586603e+00 -3.520070e+00 3.022071e+00 -2.118432e+00 5.000927e+00 -5.742701e+00
7.328000e+01 8.393558e-01 -8.849484e+00 -2.155092e+00 -5.764137e+00 1.162094e+00 -5.156690e+00 1.915632e+00 -3.485330e+00 2.949869e+00 -1.891908e+00 4.630481e+00 -6.474147e+00
7.336000e+01 8.568388e-01 -8.814986e+00 -2.001262e+00 -5.610223e+00 1.011193e+00 -5.389966e+00 2.214115e+00 -3.529848e+00 2.933646e+00 -1.680178e+00 4.148042e+00 -7.067891e+00
7.344000e+01 9.072627e-01 -8.718229e+00 -1.883786e+00 -5.425211e+00 8.461442e-01 -5.560610e+00 2.483189e+00 -3.647477e+00 2.990427e+00 -1.533445e+00 3.642780e+00 -7.660493e+00
7.352000e+01 1.107507e+00 -8.679976e+00 -1.723868e+00 -5.234408e+00 7.514148e-01 -5.627495e+00 2.742173e+00 -3.753997e+00 3.070993e+00 -1.291777e+00 3.185187e+00 -7.825280e+00
7.360000e+01 1.403804e+00 -8.689023e+00 -1.570325e+00 -5.051838e+00 6.863855e-01 -5.646450e+00 2.919540e+00 -3.930067e+00 3.168813e+00 -1.160486e+00 2.807871e+00 -7.564441e+00
7.368000e+01 1.725760e+00 -8.512995e+00 -1.417511e+00 -4.840349e+00 6.256877e-01 -5.608441e+00 3.001584e+00 -4.149812e+00 3.273048e+00 -1.171403e+00 2.645725e+00 -6.796313e+00
7.376000e+01 1.932743e+00 -8.071845e+00 -1.367762e+00 -4.643947e+00 5.021790e-01 -5.587193e+00 2.981405e+00 -4.477749e+00 3.404914e+00 -1.389845e+00 2.858183e+00 -6.109441e+00
7.384000e+01 1.977775e+00 -7.517313e+00 -1.431197e+00 -4.456212e+00 3.531594e-01 -5.551701e+00 2.900750e+00 -4.828619e+00 3.511795e+00 -1.670397e+00 3.326875e+00 -5.858079e+00
7.392000e+01 1.917649e+00 -6.901951e+00 -1.540916e+00 -4.291702e+00 2.099494e-01 -5.510070e+00 2.798845e+00 -5.141274e+00 3.571712e+00 -1.916339e+00 3.799602e+00 -5.940634e+00
7.400000e+01 1.811731e+00 -6.316269e+00 -1.629914e+00 -4.176836e+00 1.106189e-01 -5.458110e+00 2.693649e+00 -5.357416e+00 3.585426e+00 -2.065073e+00 4.067130e+00 -5.990962e+00
7.408000e+01 1.697802e+00 -5.873245e+00 -1.715923e+00 -4.118507e+00 2.270934e-02 -5.438549e+00 2.590175e+00 -5.535864e+00 3.588493e+00 -2.187382e+00 4.160806e+00 -6.025070e+00
7.416000e+01 1.675827e+00 -5.504259e+00 -1.702168e+00 -4.081899e+00 -6.945533e-03 -5.451129e+00 2.507205e+00 -5.600022e+00 3.559409e+00 -2.283175e+00 4.039215e+00 -5.870302e+00
7.424000e+01 1.759690e+00 -5.300553e+00 -1.590383e+00 -4.092784e+00 1.872106e-02 -5.432804e+00 2.469783e+00 -5.561532e+00 3.507773e+00 -2.223436e+00 3.662070e+00 -5.711795e+00
7.432000e+01 1.936338e+00 -5.125005e+00 -1.390982e+00 -4.128209e+00 8.840681e-02 -5.446886e+00 2.486756e+00 -5.454056e+00 3.441641e+00 -2.050158e+00 3.163054e+00 -5.557621e+00
7.440000e+01 2.091502e+00 -4.926852e+00 -1.221576e+00 -4.144677e+00 1.146391e-01 -5.482573e+00 2.494530e+00 -5.386137e+00 3.400375e+00 -1.945204e+00 2.840904e+00 -5.330967e+00
7.448000e+01 2.226535e+00 -4.707535e+00 -1.098378e+00 -4.132402e+00 1.078191e-01 -5.558857e+00 2.525674e+00 -5.362803e+00 3.403106e+00 -1.883304e+00 2.768724e+00 -5.018308e+00
7.456000e+01 2.312298e+00 -4.444889e+00 -1.021218e+00 -4.083559e+00 7.161860e-02 -5.653986e+00 2.555302e+00 -5.369133e+00 3.443998e+00 -1.839110e+00 2.801243e+00 -4.922853e+00
7.464000e+01 2.388680e+00 -4.229243e+00 -9.583227e-01 -4.013140e+00 4.200412e-02 -5.752357e+00 2.617125e+00 -5.380525e+00 3.498902e+00 -1.770744e+00 2.843720e+00 -5.013717e+00
7.472000e+01 2.460184e+00 -4.014920e+00 -8.863896e-01 -3.959485e+00 2.017372e-02 -5.847463e+00 2.674921e+00 -5.376376e+00 3.547177e+00 -1.738779e+00 2.835633e+00 -5.104477e+00
7.480000e+01 2.500066e+00 -3.876826e+00 -8.315520e-01 -3.907829e+00 -4.216003e-03 -5.932854e+00 2.751889e+00 -5.371951e+00 3.587417e+00 -1.682721e+00 2.832214e+00 -5.105701e+00
7.488000e+01 2.512325e+00 -3.759849e+00 -7.878878e-01 -3.871412e+00 -3.753776e-02 -6.007422e+00 2.818112e+00 -5.387037e+00 3.619900e+00 -1.643292e+00 2.833494e+00 -4.985998e+00
7.496000e+01 2.498153e+00 -3.655042e+00 -7.644435e-01 -3.846260e+00 -7.825321e-02 -6.084264e+00 2.878934e+00 -5.417606e+00 3.647653e+00 -1.621698e+00 2.837412e+00 -4.841167e+00
7.504000e+01 2.490803e+00 -3.569042e+00 -7.493706e-01 -3.814407e+00 -1.362249e-01 -6.140498e+00 2.937203e+00 -5.496246e+00 3.668789e+00 -1.592082e+00 2.832362e+00 -4.714727e+00
7.512000e+01 2.512376e+00 -3.513795e+00 -7.438010e-01 -3.783046e+00 -1.981243e-01 -6.187374e+00 2.983121e+00 -5.604420e+00 3.678306e+00 -1.567976e+00 2.818640e+00 -4.600386e+00
7.520000e+01 2.553376e+00 -3.456687e+00 -7.469146e-01 -3.749686e+00 -2.656979e-01 -6.215806e+00 3.025682e+00 -5.729834e+00 3.676188e+00 -1.556962e+00 2.791657e+00 -4.527472e+00
7.528000e+01 2.619749e+00 -3.388961e+00 -7.480693e-01 -3.717461e+00 -3.275501e-01 -6.232548e+00 3.056527e+00 -5.845802e+00 3.661726e+00 -1.539187e+00 2.744911e+00 -4.433647e+00
7.536000e+01 2.715740e+00 -3.315167e+00 -7.424673e-01 -3.695053e+00 -3.822963e-01 -6.253736e+00 3.073876e+00 -5.921943e+00 3.630343e+00 -1.526819e+00 2.679797e+00 -4.298551e+00
7.544000e+01 2.822742e+00 -3.192693e+00 -7.391321e-01 -3.675609e+00 -4.513547e-01 -6.277291e+00 3.076123e+00 -5.985497e+00 3.596941e+00 -1.529239e+00 2.605448e+00 -4.153294e+00
7.552000e+01 2.936769e+00 -3.042629e+00 -7.421058e-01 -3.665282e+00 -5.427603e-01 -6.290099e+00 3.064424e+00 -6.047430e+00 3.564162e+00 -1.560055e+00 2.538599e+00 -4.009299e+00
7.560000e+01 3.065893e+00 -2.885730e+00 -7.431435e-01 -3.641953e+00 -6.453593e-01 -6.319297e+00 3.057687e+00 -6.099363e+00 3.534290e+00 -1.584524e+00 2.493181e+00 -3.829178e+00
7.568000e+01 3.167194e+00 -2.702255e+00 -7.696969e-01 -3.610894e+00 -7.766362e-01 -6.350729e+00 3.046576e+00 -6.185491e+00 3.526244e+00 -1.647131e+00 2.478515e+00 -3.721633e+00
7.576000e+01 3.247906e+00 -2.566174e+00 -8.102426e-01 -3.586613e+00 -9.058336e-01 -6.376444e+00 3.035103e+00 -6.268257e+00 3.529488e+00 -1.718698e+00 2.495477e+00 -3.674187e+00
7.584000e+01 3.298374e+00 -2.422714e+00 -8.395412e-01 -3.542340e+00 -1.023358e+00 -6.423494e+00 3.032037e+00 -6.341635e+00 3.537071e+00 -1.796907e+00 2.511928e+00 -3.685712e+00
7.592000e+01 3.296468e+00 -2.263695e+00 -8.702713e-01 -3.493123e+00 -1.135782e+00 -6.483506e+00 3.027944e+00 -6.416356e+00 3.547373e+00 -1.898530e+00 2.515723e+00 -3.771614e+00
7.600000e+01 3.253767e+00 -2.098073e+00 -8.684985e-01 -3.452442e+00 -1.213290e+00 -6.485571e+00 3.025681e+00 -6.452447e+00 3.533969e+00 -1.957414e+00 2.459023e+00 -3.868389e+00
7.608000e+01 3.168153e+00 -1.925734e+00 -8.958520e-01 -3.432735e+00 -1.284153e+00 -6.501768e+00 3.023404e+00 -6.501416e+00 3.528607e+00 -2.030959e+00 2.399975e+00 -3.985231e+00
7.616000e+01 3.055417e+00 -1.752982e+00 -9.161590e-01 -3.411859e+00 -1.337294e+00 -6.488765e+00 3.028245e+00 -6.559063e+00 3.518798e+00 -2.072218e+00 2.296208e+00 -4.129981e+00
7.624000e+01 2.956575e+00 -1.591606e+00 -9.090684e-01 -3.404451e+00 -1.358587e+00 -6.456633e+00 3.040206e+00 -6.593685e+00 3.497360e+00 -2.067903e+00 2.167885e+00 -4.185316e+00
7.632000e+01 2.845901e+00 -1.471596e+00 -9.347686e-01 -3.425931e+00 -1.392090e+00 -6.424333e+00 3.037099e+00 -6.647238e+00 3.485911e+00 -2.088045e+00 2.069872e+00 -4.256117e+00
7.640000e+01 2.736033e+00 -1.416070e+00 -9.754535e-01 -3.437373e+00 -1.431448e+00 -6.402704e+00 3.017903e+00 -6.720455e+00 3.479151e+00 -2.133736e+00 2.012162e+00 -4.300377e+00
7.648000e+01 2.649525e+00 -1.326013e+00 -9.725080e-01 -3.473351e+00 -1.445507e+00 -6.361642e+00 3.011548e+00 -6.758812e+00 3.446122e+00 -2.135167e+00 1.930800e+00 -4.298712e+00
7.656000e+01 2.569643e+00 -1.228719e+00 -9.746955e-01 -3.529866e+00 -1.467334e+00 -6.347475e+00 3.004493e+00 -6.813810e+00 3.406210e+00 -2.140565e+00 1.883307e+00 -4.274766e+00
7.664000e+01 2.495108e+00 -1.144614e+00 -9.740187e-01 -3.590168e+00 -1.496564e+00 -6.356955e+00 3.003289e+00 -6.895719e+00 3.364063e+00 -2.132416e+00 1.872568e+00 -4.233687e+00
7.672000e+01 2.411295e+00 -1.041419e+00 -9.646981e-01 -3.648535e+00 -1.527935e+00 -6.382491e+00 2.989808e+00 -6.948844e+00 3.309089e+00 -2.142709e+00 1.877418e+00 -4.193404e+00
7.680000e+01 2.308379e+00 -9.739712e-01 -9.556942e-01 -3.670675e+00 -1.554797e+00 -6.424639e+00 2.985568e+00 -6.979843e+00 3.245457e+00 -2.159065e+00 1.909532e+00 -4.163580e+00
7.688000e+01 2.216735e+00 -9.324073e-01 -9.306457e-01 -3.722052e+00 -1.577901e+00 -6.451361e+00 2.979510e+00 -7.011954e+00 3.169011e+00 -2.141931e+00 1.952199e+00 -4.136802e+00
7.696000e+01 2.112369e+00 -8.937612e-01 -9.087609e-01 -3.736453e+00 -1.599989e+00 -6.507230e+00 2.972585e+00 -7.054246e+00 3.089497e+00 -2.140095e+00 2.008952e+00 -4.127314e+00
7.704000e+01 2.025925e+00 -8.715813e-01 -8.733118e-01 -3.740085e+00 -1.623051e+00 -6.539056e+00 2.941792e+00 -7.109942e+00 2.996632e+00 -2.162293e+00 2.044603e+00 -4.107727e+00
7.712000e+01 1.955690e+00 -9.387158e-01 -8.397771e-01 -3.790678e+00 -1.639240e+00 -6.489614e+00 2.886818e+00 -7.138583e+00 2.873987e+00 -2.207094e+00 2.040377e+00 -4.079817e+00
7.720000e+01 1.881156e+00 -1.003397e+00 -8.108098e-01 -3.790981e+00 -1.634854e+00 -6.440475e+00 2.837147e+00 -7.174582e+00 2.733092e+00 -2.230540e+00 1.983742e+00 -4.089750e+00
7.728000e+01 1.834381e+00 -1.112210e+00 -7.553687e-01 -3.748802e+00 -1.592854e+00 -6.408477e+00 2.798369e+00 -7.201783e+00 2.569290e+00 -2.176693e+00 1.868894e+00 -4.101322e+00
7.736000e+01 1.800670e+00 -1.231493e+00 -6.942713e-01 -3.690091e+00 -1.544839e+00 -6.373522e+00 2.726716e+00 -7.228996e+00 2.385047e+00 -2.167400e+00 1.696749e+00 -4.086042e+00
7.744000e+01 1.785927e+00 -1.407619e+00 -6.204857e-01 -3.623411e+00 -1.476733e+00 -6.332664e+00 2.664096e+00 -7.231126e+00 2.180934e+00 -2.111441e+00 1.489767e+00 -4.026063e+00
7.752000e+01 1.781269e+00 -1.566179e+00 -5.429547e-01 -3.492307e+00 -1.395504e+00 -6.294656e+00 2.598311e+00 -7.225806e+00 1.965774e+00 -2.030759e+00 1.277693e+00 -3.904755e+00
7.760000e+01 1.780871e+00 -1.695194e+00 -4.806763e-01 -3.397509e+00 -1.310786e+00 -6.284919e+00 2.534315e+00 -7.207780e+00 1.755691e+00 -1.956067e+00 1.097977e+00 -3.756740e+00
7.768000e+01 1.771368e+00 -1.830857e+00 -4.204665e-01 -3.239010e+00 -1.219425e+00 -6.274918e+00 2.490843e+00 -7.169873e+00 1.544231e+00 -1.824107e+00 9.605261e-01 -3.555092e+00
7.776000e+01 1.723386e+00 -1.922261e+00 -3.890822e-01 -3.065468e+00 -1.153336e+00 -6.226912e+00 2.407639e+00 -7.115381e+00 1.333189e+00 -1.743541e+00 8.592260e-01 -3.317917e+00
7.784000e+01 1.656726e+00 -2.035181e+00 -3.793833e-01 -2.866310e+00 -1.094165e+00 -6.170297e+00 2.343006e+00 -7.064838e+00 1.128766e+00 -1.627803e+00 8.124575e-01 -3.067749e+00
7.792000e+01 1.572957e+00 -2.088800e+00 -3.801689e-01 -2.651732e+00 -1.038070e+00 -6.153151e+00 2.283199e+00 -7.014709e+00 9.352175e-01 -1.539391e+00 7.963739e-01 -2.808906e+00
7.800000e+01 1.498502e+00 -2.130446e+00 -3.877357e-01 -2.468211e+00 -9.860361e-01 -6.158530e+00 2.243122e+00 -6.963833e+00 7.526813e-01 -1.440550e+00 8.016194e-01 -2.562277e+00
7.808000e+01 1.410135e+00 -2.169088e+00 -4.109139e-01 -2.280757e+00 -9.501937e-01 -6.151472e+00 2.194827e+00 -6.912115e+00 5.772466e-01 -1.378542e+00 8.067252e-01 -2.339675e+00
7.816000e+01 1.330884e+00 -2.200673e+00 -4.361579e-01 -2.137727e+00 -9.278830e-01 -6.095631e+00 2.156434e+00 -6.875896e+00 4.145998e-01 -1.301116e+00 8.113110e-01 -2.148348e+00
7.824000e+01 1.256450e+00 -2.229536e+00 -4.526823e-01 -2.015759e+00 -9.131640e-01 -6.050453e+00 2.134114e+00 -6.818292e+00 2.680426e-01 -1.207266e+00 8.029682e-01 -1.996804e+00
7.832000e+01 1.179102e+00 -2.275025e+00 -4.784379e-01 -1.919867e+00 -9.031532e-01 -5.975183e+00 2.102380e+00 -6.758195e+00 1.412170e-01 -1.120990e+00 7.926873e-01 -1.885818e+00
7.840000e+01 1.123975e+00 -2.320929e+00 -4.774878e-01 -1.844200e+00 -8.660110e-01 -5.911016e+00 2.078808e+00 -6.661533e+00 2.451934e-02 -1.011710e+00 7.651288e-01 -1.771267e+00
7.848000e+01 1.088638e+00 -2.382522e+00 -4.877096e-01 -1.821043e+00 -8.429654e-01 -5.874693e+00 2.052743e+00 -6.591463e+00 -5.782542e-02 -9.370144e-01 7.628191e-01 -1.668005e+00
7.856000e+01 1.055740e+00 -2.384075e+00 -4.746671e-01 -1.771402e+00 -8.139493e-01 -5.823562e+00 2.046222e+00 -6.533357e+00 -1.220860e-01 -8.392450e-01 7.392787e-01 -1.565033e+00
7.864000e+01 1.033781e+00 -2.420873e+00 -4.692896e-01 -1.723743e+00 -7.875446e-01 -5.777064e+00 2.042414e+00 -6.485863e+00 -1.635974e-01 -7.520784e-01 7.451684e-01 -1.453263e+00
7.872000e+01 1.036956e+00 -2.439352e+00 -4.650583e-01 -1.706881e+00 -7.794459e-01 -5.738620e+00 2.047333e+00 -6.455219e+00 -1.746651e-01 -6.630148e-01 7.796508e-01 -1.331406e+00
7.880000e+01 1.051215e+00 -2.457719e+00 -4.630560e-01 -1.701179e+00 -7.858444e-01 -5.676051e+00 2.047619e+00 -6.432991e+00 -1.701238e-01 -5.637625e-01 8.264229e-01 -1.202119e+00
7.888000e+01 1.075594e+00 -2.473797e+00 -4.563844e-01 -1.697067e+00 -8.038719e-01 -5.623750e+00 2.041049e+00 -6.392854e+00 -1.551056e-01 -4.795126e-01 8.848022e-01 -1.071720e+00
7.896000e+01 1.111219e+00 -2.481785e+00 -4.512969e-01 -1.694848e+00 -8.451654e-01 -5.586585e+00 2.033112e+00 -6.353309e+00 -1.269612e-01 -4.043030e-01 9.651064e-01 -9.599470e-01
7.904000e+01 1.150260e+00 -2.490315e+00 -4.582952e-01 -1.708753e+00 -9.077669e-01 -5.558473e+00 2.021202e+00 -6.317432e+00 -9.069570e-02 -3.569611e-01 1.068875e+00 -8.708000e-01
7.912000e+01 1.192728e+00 -2.440229e+00 -4.506335e-01 -1.720869e+00 -9.698477e-01 -5.520635e+00 2.009992e+00 -6.274298e+00 -6.211998e-02 -3.036956e-01 1.157906e+00 -8.007755e-01
7.920000e+01 1.240416e+00 -2.382352e+00 -4.376148e-01 -1.744823e+00 -1.032969e+00 -5.492907e+00 1.993472e+00 -6.227481e+00 -3.824068e-02 -2.615456e-01 1.250947e+00 -7.312400e-01
7.928000e+01 1.280323e+00 -2.293217e+00 -4.202281e-01 -1.783112e+00 -1.081470e+00 -5.472426e+00 1.968150e+00 -6.169228e+00 -2.329888e-02 -2.357605e-01 1.333917e+00 -6.909667e-01
7.936000e+01 1.302601e+00 -2.187000e+00 -4.132702e-01 -1.838448e+00 -1.139872e+00 -5.452256e+00 1.928330e+00 -6.129348e+00 -1.120230e-02 -2.316201e-01 1.411873e+00 -7.021561e-01
7.944000e+01 1.311769e+00 -2.057039e+00 -4.049682e-01 -1.896748e+00 -1.195009e+00 -5.422023e+00 1.881657e+00 -6.093927e+00 -8.520631e-03 -2.360104e-01 1.468438e+00 -7.354942e-01
7.952000e+01 1.312076e+00 -1.926941e+00 -4.019131e-01 -1.972663e+00 -1.247087e+00 -5.396186e+00 1.834081e+00 -6.055732e+00 -1.469387e-02 -2.496614e-01 1.513219e+00 -7.844448e-01
7.960000e+01 1.313252e+00 -1.793285e+00 -4.018500e-01 -2.075398e+00 -1.298229e+00 -5.368097e+00 1.789509e+00 -6.014504e+00 -2.828979e-02 -2.709241e-01 1.543931e+00 -8.306615e-01
7.968000e+01 1.302584e+00 -1.670945e+00 -4.155563e-01 -2.183455e+00 -1.359550e+00 -5.337858e+00 1.739711e+00 -5.990051e+00 -4.439451e-02 -3.008480e-01 1.571999e+00 -8.878295e-01
7.976000e+01 1.281483e+00 -1.574707e+00 -4.481231e-01 -2.316060e+00 -1.426661e+00 -5.316935e+00 1.684300e+00 -5.976711e+00 -6.222797e-02 -3.445544e-01 1.598415e+00 -9.743426e-01
7.984000e+01 1.268747e+00 -1.458361e+00 -4.660622e-01 -2.452089e+00 -1.487911e+00 -5.334242e+00 1.638011e+00 -5.956507e+00 -8.650267e-02 -3.860196e-01 1.605634e+00 -1.055660e+00
7.992000e+01 1.254092e+00 -1.350875e+00 -4.880521e-01 -2.590280e+00 -1.553521e+00 -5.353428e+00 1.587353e+00 -5.931603e+00 -1.187586e-01 -4.294259e-01 1.601526e+00 -1.126834e+00
8.000000e+01 1.239545e+00 -1.252712e+00 -5.202319e-01 -2.771398e+00 -1.624977e+00 -5.342180e+00 1.531715e+00 -5.897860e+00 -1.579210e-01 -4.771320e-01 1.587698e+00 -1.205108e+00
8.008000e+01 1.242740e+00 -1.153479e+00 -5.492587e-01 -2.954977e+00 -1.682616e+00 -5.400306e+00 1.495193e+00 -5.843539e+00 -1.918055e-01 -5.318094e-01 1.576876e+00 -1.276662e+00
8.016000e+01 1.254759e+00 -1.078749e+00 -5.906270e-01 -3.174139e+00 -1.740192e+00 -5.450385e+00 1.460832e+00 -5.790857e+00 -2.257454e-01 -5.958232e-01 1.567360e+00 -1.350938e+00
8.024000e+01 1.271424e+00 -1.016617e+00 -6.451954e-01 -3.407954e+00 -1.799791e+00 -5.474014e+00 1.428918e+00 -5.744439e+00 -2.602464e-01 -6.686962e-01 1.555016e+00 -1.425504e+00
8.032000e+01 1.292415e+00 -9.420256e-01 -7.060082e-01 -3.634931e+00 -1.865756e+00 -5.524472e+00 1.411089e+00 -5.722654e+00 -2.835720e-01 -7.455183e-01 1.550511e+00 -1.500645e+00
8.040000e+01 1.316978e+00 -8.890212e-01 -7.728741e-01 -3.895174e+00 -1.932743e+00 -5.526528e+00 1.389531e+00 -5.680936e+00 -3.166407e-01 -8.159938e-01 1.538642e+00 -1.556818e+00
8.048000e+01 1.329221e+00 -8.306166e-01 -8.634629e-01 -4.161278e+00 -2.003595e+00 -5.560546e+00 1.373696e+00 -5.645867e+00 -3.339370e-01 -9.064223e-01 1.548531e+00 -1.650672e+00
8.056000e+01 1.344896e+00 -7.952662e-01 -9.603676e-01 -4.393812e+00 -2.057614e+00 -5.601671e+00 1.365352e+00 -5.604126e+00 -3.516523e-01 -9.967079e-01 1.563163e+00 -1.731050e+00
8.064000e+01 1.361162e+00 -7.648073e-01 -1.065394e+00 -4.620704e+00 -2.094523e+00 -5.630601e+00 1.364721e+00 -5.565978e+00 -3.667935e-01 -1.087774e+00 1.580417e+00 -1.818789e+00
8.072000e+01 1.394984e+00 -7.512034e-01 -1.172380e+00 -4.818128e+00 -2.108340e+00 -5.705671e+00 1.391229e+00 -5.537594e+00 -3.650874e-01 -1.177732e+00 1.619661e+00 -1.891174e+00
8.080000e+01 1.438281e+00 -7.381015e-01 -1.274093e+00 -4.998583e+00 -2.091837e+00 -5.808697e+00 1.443740e+00 -5.526001e+00 -3.465619e-01 -1.271887e+00 1.668335e+00 -1.968674e+00
8.088000e+01 1.477757e+00 -7.241844e-01 -1.374738e+00 -5.175303e+00 -2.076210e+00 -5.876712e+00 1.500093e+00 -5.531588e+00 -3.216992e-01 -1.377429e+00 1.717030e+00 -2.092512e+00
8.096000e+01 1.542516e+00 -7.064984e-01 -1.473854e+00 -5.229839e+00 -2.049629e+00 -6.078379e+00 1.593472e+00 -5.574351e+00 -2.648517e-01 -1.494067e+00 1.792282e+00 -2.220280e+00
8.104000e+01 1.600129e+00 -7.095905e-01 -1.560913e+00 -5.291480e+00 -2.027836e+00 -6.223520e+00 1.681559e+00 -5.637826e+00 -2.097712e-01 -1.622934e+00 1.845943e+00 -2.397635e+00
8.112000e+01 1.693327e+00 -7.471774e-01 -1.623997e+00 -5.357291e+00 -1.996674e+00 -6.334805e+00 1.772449e+00 -5.695415e+00 -1.618738e-01 -1.725832e+00 1.871908e+00 -2.507451e+00
8.120000e+01 1.759139e+00 -8.011949e-01 -1.690138e+00 -5.383665e+00 -1.979517e+00 -6.375951e+00 1.833013e+00 -5.732368e+00 -1.260454e-01 -1.839566e+00 1.844501e+00 -2.666187e+00
8.128000e+01 1.829993e+00 -8.923508e-01 -1.752848e+00 -5.320186e+00 -1.969022e+00 -6.449291e+00 1.906341e+00 -5.806198e+00 -7.548434e-02 -1.931114e+00 1.782982e+00 -2.800717e+00
8.136000e+01 1.906045e+00 -1.012239e+00 -1.790807e+00 -5.293857e+00 -1.925482e+00 -6.493308e+00 1.964615e+00 -5.850242e+00 -4.064133e-02 -2.009274e+00 1.653154e+00 -2.938318e+00
8.144000e+01 1.979321e+00 -1.155397e+00 -1.825101e+00 -5.302321e+00 -1.886022e+00 -6.480358e+00 2.014314e+00 -5.918046e+00 -6.687828e-03 -2.060941e+00 1.484045e+00 -3.057019e+00
8.152000e+01 2.041470e+00 -1.337270e+00 -1.860074e+00 -5.335027e+00 -1.840130e+00 -6.396931e+00 2.043676e+00 -5.981786e+00 1.934199e-02 -2.093629e+00 1.293240e+00 -3.156373e+00
8.160000e+01 2.091849e+00 -1.569553e+00 -1.890381e+00 -5.423186e+00 -1.779849e+00 -6.234451e+00 2.052936e+00 -6.008230e+00 2.600945e-02 -2.099247e+00 1.108828e+00 -3.207780e+00
8.168000e+01 2.140674e+00 -1.776943e+00 -1.922522e+00 -5.505712e+00 -1.714650e+00 -6.134511e+00 2.062092e+00 -6.067862e+00 4.547773e-02 -2.084113e+00 9.729398e-01 -3.196363e+00
8.176000e+01 2.152944e+00 -2.021159e+00 -1.968998e+00 -5.587697e+00 -1.663519e+00 -5.974378e+00 2.038253e+00 -6.157634e+00 5.505458e-02 -2.078965e+00 8.862738e-01 -3.188449e+00
8.184000e+01 2.147805e+00 -2.194958e+00 -2.005758e+00 -5.670193e+00 -1.598104e+00 -5.857822e+00 2.009295e+00 -6.246329e+00 5.839371e-02 -2.080760e+00 8.476936e-01 -3.134921e+00
8.192000e+01 2.132819e+00 -2.229672e+00 -2.002131e+00 -5.737532e+00 -1.522787e+00 -5.744709e+00 1.965530e+00 -6.309399e+00 2.929175e-02 -2.062208e+00 8.078914e-01 -3.041331e+00
8.200000e+01 2.116264e+00 -2.171373e+00 -1.989246e+00 -5.766743e+00 -1.464717e+00 -5.674230e+00 1.906402e+00 -6.354692e+00 -1.599180e-02 -2.045181e+00 8.050731e-01 -2.914159e+00
8.208000e+01 2.129591e+00 -2.041810e+00 -1.948429e+00 -5.778998e+00 -1.405817e+00 -5.636375e+00 1.846941e+00 -6.373944e+00 -8.472565e-02 -2.008323e+00 8.101926e-01 -2.761063e+00
8.216000e+01 2.170946e+00 -1.869282e+00 -1.873507e+00 -5.801671e+00 -1.353733e+00 -5.582568e+00 1.783237e+00 -6.359737e+00 -1.862071e-01 -1.951473e+00 8.043307e-01 -2.570700e+00
8.224000e+01 2.202023e+00 -1.693593e+00 -1.803611e+00 -5.775556e+00 -1.328341e+00 -5.582993e+00 1.721839e+00 -6.352591e+00 -2.892144e-01 -1.918356e+00 8.201971e-01 -2.422714e+00
8.232000e+01 2.218706e+00 -1.434247e+00 -1.681629e+00 -5.713054e+00 -1.292379e+00 -5.572921e+00 1.671647e+00 -6.313501e+00 -4.220286e-01 -1.858562e+00 7.590693e-01 -2.311729e+00
8.240000e+01 2.226510e+00 -1.319389e+00 -1.588099e+00 -5.669189e+00 -1.275370e+00 -5.595941e+00 1.633240e+00 -6.294145e+00 -5.415024e-01 -1.806714e+00 7.217873e-01 -2.250208e+00
8.248000e+01 2.225661e+00 -1.280553e+00 -1.500541e+00 -5.638787e+00 -1.264822e+00 -5.597508e+00 1.606361e+00 -6.272528e+00 -6.601631e-01 -1.752490e+00 6.423453e-01 -2.246289e+00
8.256000e+01 2.200836e+00 -1.199394e+00 -1.404129e+00 -5.616801e+00 -1.249576e+00 -5.600830e+00 1.586249e+00 -6.239682e+00 -7.727174e-01 -1.704026e+00 5.010249e-01 -2.266463e+00
8.264000e+01 2.129003e+00 -1.156828e+00 -1.365479e+00 -5.594047e+00 -1.261547e+00 -5.627489e+00 1.568782e+00 -6.246538e+00 -8.436386e-01 -1.696531e+00 3.795226e-01 -2.348230e+00
8.272000e+01 2.038341e+00 -1.146085e+00 -1.321995e+00 -5.562480e+00 -1.258345e+00 -5.640153e+00 1.567732e+00 -6.239250e+00 -9.070206e-01 -1.668240e+00 2.433903e-01 -2.346278e+00
8.280000e+01 1.899772e+00 -1.208640e+00 -1.343614e+00 -5.538696e+00 -1.281405e+00 -5.680519e+00 1.560805e+00 -6.270490e+00 -9.246704e-01 -1.697109e+00 1.659591e-01 -2.364976e+00
8.288000e+01 1.737940e+00 -1.305719e+00 -1.367823e+00 -5.501232e+00 -1.300892e+00 -5.718440e+00 1.566184e+00 -6.295795e+00 -9.286117e-01 -1.738794e+00 1.124564e-01 -2.344436e+00
8.296000e+01 1.545826e+00 -1.442227e+00 -1.418468e+00 -5.461414e+00 -1.325306e+00 -5.761901e+00 1.576972e+00 -6.328798e+00 -9.132234e-01 -1.785922e+00 1.149218e-01 -2.345232e+00
8.304000e+01 1.376516e+00 -1.565422e+00 -1.447914e+00 -5.418408e+00 -1.329423e+00 -5.791957e+00 1.604572e+00 -6.334625e+00 -8.961676e-01 -1.802732e+00 1.352485e-01 -2.257063e+00
8.312000e+01 1.225528e+00 -1.746653e+00 -1.504409e+00 -5.385052e+00 -1.345363e+00 -5.812929e+00 1.620320e+00 -6.351104e+00 -8.596627e-01 -1.843812e+00 2.008160e-01 -2.193374e+00
8.320000e+01 1.123634e+00 -1.949488e+00 -1.534130e+00 -5.343315e+00 -1.342063e+00 -5.803800e+00 1.642133e+00 -6.340861e+00 -8.287630e-01 -1.859539e+00 2.419206e-01 -2.135913e+00
8.328000e+01 1.067229e+00 -2.165026e+00 -1.550850e+00 -5.282900e+00 -1.329034e+00 -5.797493e+00 1.664377e+00 -6.321198e+00 -7.917624e-01 -1.862351e+00 2.812252e-01 -2.063012e+00
8.336000e+01 1.033704e+00 -2.366019e+00 -1.558468e+00 -5.224866e+00 -1.312696e+00 -5.795074e+00 1.688375e+00 -6.293117e+00 -7.522419e-01 -1.844293e+00 3.082354e-01 -2.035222e+00
8.344000e+01 1.019315e+00 -2.545909e+00 -1.556115e+00 -5.158019e+00 -1.297658e+00 -5.788435e+00 1.711408e+00 -6.267151e+00 -7.111362e-01 -1.820477e+00 3.490870e-01 -2.014522e+00
8.352000e+01 9.997900e-01 -2.669119e+00 -1.553306e+00 -5.079442e+00 -1.292730e+00 -5.780150e+00 1.721115e+00 -6.249978e+00 -6.680659e-01 -1.824090e+00 4.064049e-01 -2.027369e+00
8.360000e+01 9.882317e-01 -2.815265e+00 -1.540224e+00 -4.969979e+00 -1.288863e+00 -5.755250e+00 1.725738e+00 -6.222342e+00 -6.415879e-01 -1.814214e+00 4.909028e-01 -2.001903e+00
8.368000e+01 9.579552e-01 -2.908861e+00 -1.531572e+00 -4.865805e+00 -1.293892e+00 -5.732363e+00 1.722604e+00 -6.208525e+00 -6.147408e-01 -1.816993e+00 5.960732e-01 -2.030762e+00
8.376000e+01 9.143018e-01 -2.990629e+00 -1.514802e+00 -4.743365e+00 -1.300089e+00 -5.693418e+00 1.717207e+00 -6.188559e+00 -6.077924e-01 -1.806442e+00 7.034470e-01 -2.048855e+00
8.384000e+01 8.590120e-01 -3.078240e+00 -1.499105e+00 -4.622768e+00 -1.304317e+00 -5.647592e+00 1.706971e+00 -6.166584e+00 -6.122339e-01 -1.784038e+00 8.182743e-01 -2.076731e+00
8.392000e+01 7.924504e-01 -3.143358e+00 -1.474297e+00 -4.505033e+00 -1.307091e+00 -5.596576e+00 1.691121e+00 -6.141519e+00 -6.274546e-01 -1.757916e+00 9.325119e-01 -2.092237e+00
8.400000e+01 6.995930e-01 -3.180447e+00 -1.455923e+00 -4.390704e+00 -1.316136e+00 -5.544134e+00 1.669312e+00 -6.126805e+00 -6.428491e-01 -1.733780e+00 1.049481e+00 -2.137657e+00
8.408000e+01 6.010481e-01 -3.216617e+00 -1.432487e+00 -4.273070e+00 -1.320290e+00 -5.484711e+00 1.643310e+00 -6.103476e+00 -6.670953e-01 -1.707609e+00 1.156204e+00 -2.184890e+00
8.416000e+01 4.938227e-01 -3.256508e+00 -1.415133e+00 -4.152960e+00 -1.327016e+00 -5.452820e+00 1.615867e+00 -6.087246e+00 -6.868669e-01 -1.697922e+00 1.274691e+00 -2.226351e+00
8.424000e+01 3.908541e-01 -3.323786e+00 -1.397115e+00 -4.041284e+00 -1.334940e+00 -5.407654e+00 1.582655e+00 -6.067051e+00 -7.150702e-01 -1.684840e+00 1.401365e+00 -2.245877e+00
8.432000e+01 2.562364e-01 -3.342116e+00 -1.397618e+00 -3.935451e+00 -1.353983e+00 -5.364565e+00 1.539970e+00 -6.059772e+00 -7.348095e-01 -1.706299e+00 1.543776e+00 -2.317120e+00
8.440000e+01 1.313126e-01 -3.387825e+00 -1.389272e+00 -3.829702e+00 -1.360651e+00 -5.284857e+00 1.497436e+00 -6.030514e+00 -7.698561e-01 -1.712280e+00 1.680628e+00 -2.330286e+00
8.448000e+01 -2.107774e-03 -3.409765e+00 -1.385385e+00 -3.722871e+00 -1.369404e+00 -5.217731e+00 1.446389e+00 -6.004108e+00 -7.994104e-01 -1.746334e+00 1.820042e+00 -2.359933e+00
8.456000e+01 -1.661387e-01 -3.402904e+00 -1.404792e+00 -3.628651e+00 -1.393903e+00 -5.129590e+00 1.386941e+00 -6.003101e+00 -8.204379e-01 -1.805834e+00 1.944210e+00 -2.461297e+00
8.464000e+01 -3.375654e-01 -3.395773e+00 -1.435931e+00 -3.533390e+00 -1.413806e+00 -5.063079e+00 1.321357e+00 -5.968120e+00 -8.468050e-01 -1.906972e+00 2.024197e+00 -2.672928e+00
8.472000e+01 -4.796613e-01 -3.394493e+00 -1.462566e+00 -3.446280e+00 -1.435043e+00 -4.996490e+00 1.255105e+00 -5.935628e+00 -8.798984e-01 -2.013520e+00 2.083474e+00 -2.872502e+00
8.480000e+01 -6.180627e-01 -3.412159e+00 -1.482146e+00 -3.369285e+00 -1.442740e+00 -4.932471e+00 1.191180e+00 -5.888136e+00 -9.267958e-01 -2.118702e+00 2.091853e+00 -3.100344e+00
8.488000e+01 -7.623809e-01 -3.436736e+00 -1.507353e+00 -3.300978e+00 -1.448981e+00 -4.875557e+00 1.127174e+00 -5.846857e+00 -9.757328e-01 -2.242727e+00 2.075800e+00 -3.300730e+00
8.496000e+01 -9.109916e-01 -3.455901e+00 -1.531143e+00 -3.246207e+00 -1.453837e+00 -4.825479e+00 1.067895e+00 -5.808923e+00 -1.026701e+00 -2.385111e+00 2.018292e+00 -3.502833e+00
8.504000e+01 -1.065488e+00 -3.446324e+00 -1.554592e+00 -3.201197e+00 -1.464847e+00 -4.781934e+00 1.005528e+00 -5.782233e+00 -1.078361e+00 -2.568262e+00 1.908977e+00 -3.733827e+00
8.512000e+01 -1.179340e+00 -3.483774e+00 -1.540067e+00 -3.142063e+00 -1.455510e+00 -4.711183e+00 9.615092e-01 -5.737152e+00 -1.150042e+00 -2.704521e+00 1.748338e+00 -3.816444e+00
8.520000e+01 -1.297429e+00 -3.525434e+00 -1.516387e+00 -3.110940e+00 -1.439853e+00 -4.644671e+00 9.084973e-01 -5.681037e+00 -1.217882e+00 -2.841223e+00 1.552230e+00 -3.876641e+00
8.528000e+01 -1.404075e+00 -3.583820e+00 -1.481176e+00 -3.098641e+00 -1.421590e+00 -4.580648e+00 8.541371e-01 -5.609157e+00 -1.286996e+00 -2.971029e+00 1.343027e+00 -3.901536e+00
8.536000e+01 -1.491799e+00 -3.655287e+00 -1.419211e+00 -3.089450e+00 -1.390340e+00 -4.504080e+00 8.129214e-01 -5.537257e+00 -1.363284e+00 -3.051631e+00 1.126699e+00 -3.860664e+00
8.544000e+01 -1.567128e+00 -3.739381e+00 -1.334263e+00 -3.106378e+00 -1.335849e+00 -4.429033e+00 7.737917e-01 -5.423679e+00 -1.453269e+00 -3.103230e+00 9.214797e-01 -3.798505e+00
8.552000e+01 -1.644930e+00 -3.739594e+00 -1.229280e+00 -3.113148e+00 -1.285734e+00 -4.351869e+00 7.277903e-01 -5.312642e+00 -1.544641e+00 -3.162453e+00 7.575378e-01 -3.713188e+00
8.560000e+01 -1.702994e+00 -3.720816e+00 -1.101393e+00 -3.086160e+00 -1.211129e+00 -4.267671e+00 7.046021e-01 -5.163587e+00 -1.641664e+00 -3.127229e+00 6.284689e-01 -3.610260e+00
8.568000e+01 -1.734609e+00 -3.709949e+00 -1.000233e+00 -3.093801e+00 -1.140727e+00 -4.191445e+00 6.866236e-01 -5.024487e+00 -1.709864e+00 -3.050482e+00 5.822316e-01 -3.531281e+00
8.576000e+01 -1.750422e+00 -3.697796e+00 -9.053624e-01 -3.065430e+00 -1.073225e+00 -4.128670e+00 6.786786e-01 -4.891481e+00 -1.765962e+00 -2.980024e+00 5.936726e-01 -3.425715e+00
8.584000e+01 -1.760259e+00 -3.668471e+00 -8.296653e-01 -3.021683e+00 -1.020697e+00 -4.068967e+00 6.848996e-01 -4.798745e+00 -1.793655e+00 -2.908831e+00 6.578419e-01 -3.320830e+00
8.592000e+01 -1.743537e+00 -3.630482e+00 -7.361114e-01 -2.954511e+00 -9.503328e-01 -4.025256e+00 7.169160e-01 -4.681046e+00 -1.829785e+00 -2.819352e+00 7.380161e-01 -3.140986e+00
8.600000e+01 -1.710140e+00 -3.604755e+00 -6.486209e-01 -2.899592e+00 -8.839632e-01 -4.000269e+00 7.656202e-01 -4.573584e+00 -1.869386e+00 -2.709536e+00 8.320140e-01 -2.997216e+00
8.608000e+01 -1.697210e+00 -3.564871e+00 -5.815024e-01 -2.792837e+00 -8.373570e-01 -3.992860e+00 8.150161e-01 -4.485335e+00 -1.919646e+00 -2.637671e+00 9.243761e-01 -2.904287e+00
8.616000e+01 -1.676292e+00 -3.527535e+00 -5.116824e-01 -2.677111e+00 -7.899806e-01 -3.983861e+00 8.846017e-01 -4.394410e+00 -1.975339e+00 -2.530319e+00 9.990641e-01 -2.794055e+00
8.624000e+01 -1.652744e+00 -3.468893e+00 -4.394911e-01 -2.568224e+00 -7.476842e-01 -3.985836e+00 9.587120e-01 -4.307365e+00 -2.019953e+00 -2.429266e+00 1.039608e+00 -2.698650e+00
8.632000e+01 -1.633336e+00 -3.404918e+00 -3.724945e-01 -2.457108e+00 -7.138525e-01 -3.995604e+00 1.034353e+00 -4.223453e+00 -2.030187e+00 -2.342920e+00 1.038509e+00 -2.625752e+00
8.640000e+01 -1.609259e+00 -3.327339e+00 -3.140697e-01 -2.366803e+00 -7.043198e-01 -3.977448e+00 1.106090e+00 -4.185545e+00 -1.985510e+00 -2.284215e+00 9.828555e-01 -2.604640e+00
8.648000e+01 -1.555009e+00 -3.248883e+00 -2.444465e-01 -2.277642e+00 -6.982390e-01 -3.967144e+00 1.161641e+00 -4.156268e+00 -1.907795e+00 -2.272849e+00 8.814012e-01 -2.570581e+00
8.656000e+01 -1.493052e+00 -3.168325e+00 -1.722481e-01 -2.176391e+00 -6.942188e-01 -3.944304e+00 1.207721e+00 -4.127018e+00 -1.816061e+00 -2.248197e+00 7.518760e-01 -2.668950e+00
8.664000e+01 -1.410140e+00 -3.096324e+00 -8.725423e-02 -2.077657e+00 -6.929304e-01 -3.878466e+00 1.236073e+00 -4.105123e+00 -1.739545e+00 -2.214832e+00 6.280555e-01 -2.768897e+00
8.672000e+01 -1.326502e+00 -2.986211e+00 -4.439229e-03 -1.964220e+00 -7.027252e-01 -3.806679e+00 1.226922e+00 -4.100186e+00 -1.660540e+00 -2.205432e+00 5.423486e-01 -2.875727e+00
8.680000e+01 -1.217615e+00 -2.886776e+00 8.983588e-02 -1.857130e+00 -7.047591e-01 -3.694876e+00 1.208391e+00 -4.085792e+00 -1.599853e+00 -2.136783e+00 4.878962e-01 -2.937737e+00
8.688000e+01 -1.124498e+00 -2.759721e+00 1.664421e-01 -1.742134e+00 -7.203831e-01 -3.589311e+00 1.157583e+00 -4.085280e+00 -1.535038e+00 -2.107596e+00 4.877746e-01 -2.936886e+00
8.696000e+01 -1.037508e+00 -2.620075e+00 2.497009e-01 -1.616506e+00 -7.201077e-01 -3.474171e+00 1.110150e+00 -4.054591e+00 -1.479210e+00 -2.014844e+00 5.136246e-01 -2.898255e+00
8.704000e+01 -9.581301e-01 -2.497241e+00 3.259043e-01 -1.485075e+00 -7.169146e-01 -3.361763e+00 1.049361e+00 -4.017955e+00 -1.428458e+00 -1.921597e+00 5.840090e-01 -2.706344e+00
8.712000e+01 -8.889276e-01 -2.384788e+00 4.038376e-01 -1.359213e+00 -6.941425e-01 -3.250223e+00 9.920838e-01 -3.945555e+00 -1.397284e+00 -1.785667e+00 6.668257e-01 -2.492651e+00
8.720000e+01 -8.338419e-01 -2.274959e+00 4.762325e-01 -1.244076e+00 -6.725153e-01 -3.145672e+00 9.335180e-01 -3.873002e+00 -1.371273e+00 -1.652411e+00 7.614755e-01 -2.280271e+00
8.728000e+01 -7.885365e-01 -2.173467e+00 5.423173e-01 -1.143576e+00 -6.470551e-01 -3.062620e+00 8.829953e-01 -3.803099e+00 -1.345648e+00 -1.536983e+00 8.502979e-01 -2.097610e+00
8.736000e+01 -7.441333e-01 -2.084010e+00 6.174266e-01 -1.071459e+00 -5.980467e-01 -2.998454e+00 8.528322e-01 -3.699930e+00 -1.328970e+00 -1.382188e+00 9.086139e-01 -2.015303e+00
8.744000e+01 -7.060148e-01 -2.003466e+00 6.889789e-01 -1.005268e+00 -5.579993e-01 -2.928626e+00 8.359016e-01 -3.634966e+00 -1.295569e+00 -1.231262e+00 9.451665e-01 -1.933233e+00
8.752000e+01 -6.711300e-01 -1.939765e+00 7.631893e-01 -9.400185e-01 -5.078816e-01 -2.862858e+00 8.257586e-01 -3.547996e+00 -1.250780e+00 -1.076857e+00 9.542733e-01 -1.908983e+00
8.760000e+01 -6.358133e-01 -1.879483e+00 8.440938e-01 -8.797603e-01 -4.468707e-01 -2.810755e+00 8.275019e-01 -3.449990e+00 -1.186439e+00 -9.189066e-01 9.447996e-01 -1.898783e+00
8.768000e+01 -5.996838e-01 -1.823527e+00 9.190959e-01 -8.278228e-01 -3.926130e-01 -2.776771e+00 8.390321e-01 -3.373956e+00 -1.092038e+00 -7.907350e-01 9.313851e-01 -1.904568e+00
8.776000e+01 -5.601093e-01 -1.743060e+00 9.982964e-01 -7.719684e-01 -3.387505e-01 -2.747341e+00 8.570071e-01 -3.304147e+00 -9.803658e-01 -6.715812e-01 9.102144e-01 -1.922194e+00
8.784000e+01 -5.133300e-01 -1.668292e+00 1.072616e+00 -7.220304e-01 -2.871771e-01 -2.726141e+00 8.783617e-01 -3.243900e+00 -8.627781e-01 -5.826172e-01 8.904509e-01 -1.931183e+00
8.792000e+01 -4.655900e-01 -1.587327e+00 1.133341e+00 -6.840846e-01 -2.495217e-01 -2.694408e+00 8.905993e-01 -3.207222e+00 -7.475808e-01 -5.442292e-01 8.757735e-01 -1.929719e+00
8.800000e+01 -4.199358e-01 -1.509111e+00 1.187880e+00 -6.308689e-01 -2.163768e-01 -2.663519e+00 8.903005e-01 -3.168385e+00 -6.529826e-01 -5.459046e-01 8.605339e-01 -1.914696e+00
8.808000e+01 -3.600765e-01 -1.439040e+00 1.246524e+00 -5.750434e-01 -1.822515e-01 -2.639414e+00 8.957028e-01 -3.135299e+00 -5.764383e-01 -5.426042e-01 8.452464e-01 -1.865372e+00
8.816000e+01 -3.107250e-01 -1.361830e+00 1.290035e+00 -5.077469e-01 -1.609719e-01 -2.613498e+00 8.881128e-01 -3.119347e+00 -5.137595e-01 -5.609524e-01 8.331312e-01 -1.814444e+00
8.824000e+01 -2.495765e-01 -1.295182e+00 1.336559e+00 -4.509916e-01 -1.307750e-01 -2.606003e+00 8.826381e-01 -3.080627e+00 -4.693503e-01 -5.648364e-01 8.174842e-01 -1.749183e+00
8.832000e+01 -1.924648e-01 -1.223064e+00 1.374410e+00 -4.004925e-01 -1.093209e-01 -2.599963e+00 8.730818e-01 -3.051851e+00 -4.305545e-01 -5.750643e-01 8.059472e-01 -1.690625e+00
8.840000e+01 -1.284503e-01 -1.162119e+00 1.415759e+00 -3.574489e-01 -8.304934e-02 -2.591534e+00 8.735730e-01 -3.016260e+00 -4.012465e-01 -5.515890e-01 7.890045e-01 -1.635490e+00
8.848000e+01 -7.043927e-02 -1.103225e+00 1.450566e+00 -3.293073e-01 -5.323588e-02 -2.584896e+00 8.652557e-01 -2.963814e+00 -3.796379e-01 -5.346200e-01 7.728937e-01 -1.584572e+00
8.856000e+01 -1.368822e-02 -1.052132e+00 1.475106e+00 -3.107438e-01 -3.519434e-02 -2.578076e+00 8.603385e-01 -2.922274e+00 -3.565716e-01 -5.193923e-01 7.627170e-01 -1.534273e+00
8.864000e+01 4.478379e-02 -1.023323e+00 1.489629e+00 -3.038018e-01 -2.025252e-02 -2.586212e+00 8.619491e-01 -2.890332e+00 -3.303995e-01 -5.023796e-01 7.595257e-01 -1.491962e+00
8.872000e+01 9.843594e-02 -9.977833e-01 1.506527e+00 -2.888458e-01 -2.147653e-03 -2.589085e+00 8.615908e-01 -2.852116e+00 -3.128095e-01 -4.831981e-01 7.537957e-01 -1.449423e+00
8.880000e+01 1.449634e-01 -9.629821e-01 1.517724e+00 -2.814824e-01 1.406693e-02 -2.589287e+00 8.600745e-01 -2.820997e+00 -2.963983e-01 -4.729535e-01 7.509373e-01 -1.407081e+00
8.888000e+01 1.908346e-01 -9.437498e-01 1.522957e+00 -2.853772e-01 3.198088e-02 -2.596239e+00 8.613110e-01 -2.791928e+00 -2.830258e-01 -4.595891e-01 7.535111e-01 -1.376780e+00
8.896000e+01 2.263019e-01 -9.165018e-01 1.524922e+00 -2.767367e-01 4.694123e-02 -2.596323e+00 8.591323e-01 -2.771053e+00 -2.750378e-01 -4.525100e-01 7.556695e-01 -1.349285e+00
8.904000e+01 2.598932e-01 -8.904621e-01 1.524484e+00 -2.810223e-01 6.982150e-02 -2.604193e+00 8.592023e-01 -2.737383e+00 -2.719114e-01 -4.418198e-01 7.587428e-01 -1.326620e+00
8.912000e+01 2.924757e-01 -8.630308e-01 1.518951e+00 -2.914692e-01 8.923891e-02 -2.618866e+00 8.652891e-01 -2.710767e+00 -2.697612e-01 -4.333183e-01 7.666388e-01 -1.312648e+00
8.920000e+01 3.178106e-01 -8.463266e-01 1.501832e+00 -3.078448e-01 1.017497e-01 -2.631681e+00 8.698314e-01 -2.698928e+00 -2.683084e-01 -4.334061e-01 7.811995e-01 -1.318581e+00
8.928000e+01 3.375749e-01 -8.200798e-01 1.482131e+00 -3.207350e-01 1.117075e-01 -2.639327e+00 8.682915e-01 -2.693018e+00 -2.726214e-01 -4.520448e-01 7.964294e-01 -1.317188e+00
8.936000e+01 3.563440e-01 -7.944972e-01 1.461839e+00 -3.429746e-01 1.245559e-01 -2.632007e+00 8.629628e-01 -2.684746e+00 -2.830798e-01 -4.583987e-01 8.063711e-01 -1.327878e+00
8.944000e+01 3.735816e-01 -7.636336e-01 1.446091e+00 -3.679847e-01 1.471899e-01 -2.636713e+00 8.574682e-01 -2.650006e+00 -3.030897e-01 -4.602000e-01 8.091955e-01 -1.338719e+00
8.952000e+01 3.780823e-01 -7.138960e-01 1.424509e+00 -3.917352e-01 1.613246e-01 -2.637927e+00 8.553845e-01 -2.629134e+00 -3.194101e-01 -4.626392e-01 8.112155e-01 -1.372554e+00
8.960000e+01 3.895251e-01 -6.641200e-01 1.402176e+00 -4.218303e-01 1.782592e-01 -2.635739e+00 8.534641e-01 -2.612855e+00 -3.366209e-01 -4.606053e-01 8.132152e-01 -1.402892e+00
8.968000e+01 3.990631e-01 -6.229791e-01 1.376192e+00 -4.505675e-01 1.931147e-01 -2.631593e+00 8.503265e-01 -2.609999e+00 -3.515802e-01 -4.608422e-01 8.132169e-01 -1.436255e+00
8.976000e+01 4.086928e-01 -5.741099e-01 1.355092e+00 -4.788879e-01 2.143563e-01 -2.622713e+00 8.484326e-01 -2.601943e+00 -3.680935e-01 -4.421782e-01 8.039395e-01 -1.478565e+00
8.984000e+01 4.132670e-01 -5.332752e-01 1.328636e+00 -5.086597e-01 2.347451e-01 -2.616606e+00 8.455606e-01 -2.595867e+00 -3.800496e-01 -4.257574e-01 7.959713e-01 -1.530164e+00
8.992000e+01 4.159616e-01 -4.632464e-01 1.310106e+00 -5.329219e-01 2.599607e-01 -2.603962e+00 8.444373e-01 -2.581556e+00 -3.930077e-01 -4.020525e-01 7.742636e-01 -1.573706e+00
9.000000e+01 4.188831e-01 -3.884135e-01 1.291119e+00 -5.573140e-01 2.841526e-01 -2.591384e+00 8.420671e-01 -2.569573e+00 -4.020066e-01 -3.813105e-01 7.482260e-01 -1.615506e+00
9.008000e+01 4.187043e-01 -3.244695e-01 1.269352e+00 -5.800249e-01 3.069273e-01 -2.578912e+00 8.385619e-01 -2.559723e+00 -4.069942e-01 -3.694567e-01 7.183069e-01 -1.649566e+00
9.016000e+01 4.216943e-01 -2.430938e-01 1.253251e+00 -6.063840e-01 3.321104e-01 -2.567571e+00 8.389232e-01 -2.547440e+00 -4.088418e-01 -3.485948e-01 6.840712e-01 -1.680038e+00
9.024000e+01 4.259396e-01 -1.567038e-01 1.240121e+00 -6.296927e-01 3.591885e-01 -2.553822e+00 8.407007e-01 -2.533047e+00 -4.080994e-01 -3.220677e-01 6.453692e-01 -1.712164e+00
9.032000e+01 4.261279e-01 -7.691861e-02 1.224552e+00 -6.472252e-01 3.832629e-01 -2.524698e+00 8.361067e-01 -2.518725e+00 -4.068709e-01 -2.995447e-01 6.024084e-01 -1.751054e+00
9.040000e+01 4.245297e-01 -4.961930e-03 1.211910e+00 -6.660801e-01 4.086178e-01 -2.475126e+00 8.304446e-01 -2.496409e+00 -4.044002e-01 -2.655587e-01 5.537052e-01 -1.794549e+00
9.048000e+01 4.236787e-01 6.763325e-02 1.201069e+00 -6.852461e-01 4.345969e-01 -2.438232e+00 8.281209e-01 -2.476328e+00 -3.923106e-01 -2.372719e-01 5.080610e-01 -1.836006e+00
9.056000e+01 4.249084e-01 1.415954e-01 1.193649e+00 -7.043078e-01 4.624927e-01 -2.405296e+00 8.278121e-01 -2.456536e+00 -3.743286e-01 -2.106199e-01 4.605388e-01 -1.877237e+00
9.064000e+01 4.260254e-01 2.112129e-01 1.187536e+00 -7.248797e-01 4.906515e-01 -2.375200e+00 8.284945e-01 -2.437812e+00 -3.512859e-01 -1.873112e-01 4.116604e-01 -1.927329e+00
9.072000e+01 4.267809e-01 2.742067e-01 1.185001e+00 -7.501945e-01 5.277388e-01 -2.354248e+00 8.290731e-01 -2.398279e+00 -3.293949e-01 -1.693470e-01 3.586284e-01 -1.986074e+00
9.080000e+01 4.327030e-01 3.342575e-01 1.186435e+00 -7.789948e-01 5.619636e-01 -2.334934e+00 8.347502e-01 -2.366207e+00 -3.014339e-01 -1.472967e-01 3.077297e-01 -2.032414e+00
9.088000e+01 4.395107e-01 4.046571e-01 1.192944e+00 -8.032604e-01 5.966802e-01 -2.316216e+00 8.402385e-01 -2.332701e+00 -2.717299e-01 -1.311545e-01 2.515783e-01 -2.087887e+00
9.096000e+01 4.488753e-01 4.702124e-01 1.200106e+00 -8.248187e-01 6.302341e-01 -2.299086e+00 8.466232e-01 -2.303743e+00 -2.393060e-01 -1.182658e-01 1.985634e-01 -2.141470e+00
9.104000e+01 4.622526e-01 5.268396e-01 1.208889e+00 -8.480073e-01 6.641567e-01 -2.283852e+00 8.561781e-01 -2.276183e+00 -2.043806e-01 -9.960582e-02 1.500569e-01 -2.194091e+00
9.112000e+01 4.744006e-01 5.798392e-01 1.216787e+00 -8.685378e-01 6.961880e-01 -2.270462e+00 8.665702e-01 -2.252521e+00 -1.670866e-01 -8.674007e-02 1.044686e-01 -2.240528e+00
9.120000e+01 4.878789e-01 6.290422e-01 1.224098e+00 -8.860506e-01 7.257941e-01 -2.257544e+00 8.768247e-01 -2.232482e+00 -1.286946e-01 -8.159190e-02 6.247824e-02 -2.271902e+00
9.128000e+01 5.030058e-01 6.726027e-01 1.231552e+00 -9.038759e-01 7.543070e-01 -2.245221e+00 8.889279e-01 -2.215085e+00 -9.019443e-02 -7.501725e-02 2.375875e-02 -2.291916e+00
9.136000e+01 5.176304e-01 7.112615e-01 1.237832e+00 -9.180244e-01 7.799641e-01 -2.232879e+00 8.994596e-01 -2.201815e+00 -5.246780e-02 -7.525882e-02 -1.259580e-02 -2.298210e+00
9.144000e+01 5.326142e-01 7.414317e-01 1.243416e+00 -9.305304e-01 8.040661e-01 -2.220176e+00 9.100245e-01 -2.191199e+00 -1.565272e-02 -7.401628e-02 -4.570742e-02 -2.291850e+00
9.152000e+01 5.472333e-01 7.655991e-01 1.248129e+00 -9.413689e-01 8.263801e-01 -2.207180e+00 9.197258e-01 -2.183331e+00 1.969308e-02 -7.311235e-02 -7.617236e-02 -2.275514e+00
9.160000e+01 5.612161e-01 7.800516e-01 1.252814e+00 -9.537215e-01 8.504070e-01 -2.197813e+00 9.271601e-01 -2.168310e+00 4.958506e-02 -7.531256e-02 -1.055629e-01 -2.252189e+00
9.168000e+01 5.748376e-01 7.837131e-01 1.255124e+00 -9.649299e-01 8.712191e-01 -2.187799e+00 9.351009e-01 -2.159421e+00 7.797368e-02 -7.697376e-02 -1.301693e-01 -2.220874e+00
9.176000e+01 5.877153e-01 7.797489e-01 1.255993e+00 -9.753673e-01 8.903979e-01 -2.177491e+00 9.428127e-01 -2.156114e+00 1.037853e-01 -7.739877e-02 -1.513008e-01 -2.183784e+00
9.184000e+01 5.992641e-01 7.665941e-01 1.254586e+00 -9.859439e-01 9.085638e-01 -2.168138e+00 9.499475e-01 -2.154275e+00 1.263316e-01 -7.748750e-02 -1.684340e-01 -2.146756e+00
9.192000e+01 6.116661e-01 7.473032e-01 1.252666e+00 -9.931579e-01 9.255839e-01 -2.161651e+00 9.586079e-01 -2.155924e+00 1.462275e-01 -7.389717e-02 -1.813558e-01 -2.105282e+00
9.200000e+01 6.238234e-01 7.199631e-01 1.250052e+00 -1.001281e+00 9.411562e-01 -2.151255e+00 9.659731e-01 -2.159602e+00 1.618859e-01 -6.718256e-02 -1.908156e-01 -2.063440e+00
9.208000e+01 6.368203e-01 6.918918e-01 1.249095e+00 -1.013114e+00 9.564054e-01 -2.140693e+00 9.729434e-01 -2.164330e+00 1.744286e-01 -5.547214e-02 -1.970537e-01 -2.017719e+00
9.216000e+01 6.501217e-01 6.549704e-01 1.246135e+00 -1.022661e+00 9.709872e-01 -2.129174e+00 9.788541e-01 -2.170512e+00 1.840726e-01 -3.937719e-02 -1.972462e-01 -1.970631e+00
9.224000e+01 6.639923e-01 6.111470e-01 1.242205e+00 -1.032434e+00 9.851448e-01 -2.116862e+00 9.838556e-01 -2.177890e+00 1.908520e-01 -1.846543e-02 -1.911065e-01 -1.922275e+00
9.232000e+01 6.782459e-01 5.610741e-01 1.237587e+00 -1.043170e+00 9.989624e-01 -2.104006e+00 9.879905e-01 -2.186575e+00 1.950312e-01 7.305585e-03 -1.784631e-01 -1.872789e+00
9.240000e+01 6.932336e-01 4.987576e-01 1.235846e+00 -1.061189e+00 1.023587e+00 -2.098214e+00 9.904327e-01 -2.166804e+00 1.888186e-01 3.453799e-02 -1.628985e-01 -1.821595e+00
9.248000e+01 7.075533e-01 4.329185e-01 1.231658e+00 -1.081854e+00 1.043986e+00 -2.085424e+00 9.902346e-01 -2.161922e+00 1.814669e-01 6.791083e-02 -1.391202e-01 -1.768781e+00
9.256000e+01 7.248223e-01 3.539144e-01 1.227232e+00 -1.102699e+00 1.063796e+00 -2.073511e+00 9.918295e-01 -2.161824e+00 1.745744e-01 1.092168e-01 -1.050445e-01 -1.710855e+00
9.264000e+01 7.395443e-01 2.716039e-01 1.222731e+00 -1.126064e+00 1.083964e+00 -2.052806e+00 9.923987e-01 -2.160273e+00 1.661946e-01 1.569025e-01 -6.865081e-02 -1.654704e+00
9.272000e+01 7.548410e-01 1.814624e-01 1.216515e+00 -1.156523e+00 1.103799e+00 -2.038218e+00 9.963026e-01 -2.162652e+00 1.613728e-01 2.039262e-01 -2.354517e-02 -1.597418e+00
9.280000e+01 7.656456e-01 9.138271e-02 1.207381e+00 -1.183567e+00 1.121393e+00 -2.022154e+00 9.997469e-01 -2.168095e+00 1.570975e-01 2.463177e-01 2.295236e-02 -1.534521e+00
9.288000e+01 7.760367e-01 -3.100420e-03 1.198218e+00 -1.209562e+00 1.139318e+00 -2.005525e+00 1.004873e+00 -2.174701e+00 1.539881e-01 2.957664e-01 7.205550e-02 -1.472499e+00
9.296000e+01 7.869169e-01 -1.075138e-01 1.190031e+00 -1.238939e+00 1.164316e+00 -1.994615e+00 1.010326e+00 -2.165837e+00 1.490407e-01 3.482014e-01 1.213129e-01 -1.411588e+00
9.304000e+01 7.974947e-01 -2.097719e-01 1.181135e+00 -1.264626e+00 1.184589e+00 -1.978495e+00 1.017659e+00 -2.169124e+00 1.493229e-01 4.052526e-01 1.724484e-01 -1.351532e+00
9.312000e+01 8.092375e-01 -3.230598e-01 1.170324e+00 -1.289597e+00 1.205478e+00 -1.965152e+00 1.024786e+00 -2.173525e+00 1.532237e-01 4.640761e-01 2.252411e-01 -1.294004e+00
9.320000e+01 8.213642e-01 -4.377966e-01 1.161146e+00 -1.313858e+00 1.227169e+00 -1.952296e+00 1.032550e+00 -2.177499e+00 1.599692e-01 5.257374e-01 2.757519e-01 -1.244804e+00
9.328000e+01 8.320753e-01 -5.483262e-01 1.153377e+00 -1.338623e+00 1.249588e+00 -1.940924e+00 1.042314e+00 -2.181466e+00 1.704234e-01 5.947762e-01 3.232287e-01 -1.212361e+00
9.336000e+01 8.431874e-01 -6.639480e-01 1.146015e+00 -1.360284e+00 1.272996e+00 -1.930087e+00 1.054315e+00 -2.185706e+00 1.850652e-01 6.719611e-01 3.683308e-01 -1.198509e+00
9.344000e+01 8.590740e-01 -7.793226e-01 1.142652e+00 -1.377080e+00 1.298425e+00 -1.925268e+00 1.071787e+00 -2.190608e+00 2.025668e-01 7.535325e-01 4.117512e-01 -1.173530e+00
9.352000e+01 8.745231e-01 -8.862419e-01 1.137484e+00 -1.390599e+00 1.318604e+00 -1.916898e+00 1.086869e+00 -2.200672e+00 2.257563e-01 8.273149e-01 4.543883e-01 -1.162079e+00
9.360000e+01 8.863871e-01 -9.814679e-01 1.131412e+00 -1.403138e+00 1.334241e+00 -1.894490e+00 1.094948e+00 -2.213996e+00 2.494345e-01 8.909055e-01 4.877873e-01 -1.189662e+00
9.368000e+01 8.989923e-01 -1.070873e+00 1.127385e+00 -1.410551e+00 1.348360e+00 -1.874433e+00 1.105229e+00 -2.225574e+00 2.754457e-01 9.535540e-01 5.185380e-01 -1.215714e+00
9.376000e+01 9.123165e-01 -1.154514e+00 1.125614e+00 -1.404309e+00 1.361419e+00 -1.849738e+00 1.113091e+00 -2.236157e+00 3.007134e-01 1.015285e+00 5.411851e-01 -1.247393e+00
9.384000e+01 9.359924e-01 -1.226345e+00 1.134210e+00 -1.398368e+00 1.381292e+00 -1.820563e+00 1.123920e+00 -2.239110e+00 3.221117e-01 1.090515e+00 5.541742e-01 -1.253442e+00
9.392000e+01 9.620376e-01 -1.282163e+00 1.139981e+00 -1.389869e+00 1.396540e+00 -1.795860e+00 1.130433e+00 -2.249133e+00 3.478908e-01 1.151798e+00 5.708808e-01 -1.258440e+00
9.400000e+01 9.984204e-01 -1.331324e+00 1.151976e+00 -1.377138e+00 1.412206e+00 -1.768343e+00 1.135548e+00 -2.257580e+00 3.715137e-01 1.208970e+00 5.862604e-01 -1.249755e+00
9.408000e+01 1.042353e+00 -1.371576e+00 1.170788e+00 -1.363870e+00 1.431377e+00 -1.741932e+00 1.140548e+00 -2.257253e+00 3.921047e-01 1.266730e+00 6.015700e-01 -1.206375e+00
9.416000e+01 1.092153e+00 -1.393291e+00 1.193145e+00 -1.336024e+00 1.445772e+00 -1.700566e+00 1.141229e+00 -2.258101e+00 4.105084e-01 1.317735e+00 6.152809e-01 -1.146227e+00
9.424000e+01 1.136782e+00 -1.400436e+00 1.212607e+00 -1.305003e+00 1.454231e+00 -1.651246e+00 1.135150e+00 -2.263388e+00 4.277263e-01 1.351988e+00 6.238860e-01 -1.103567e+00
9.432000e+01 1.175864e+00 -1.392003e+00 1.230895e+00 -1.256259e+00 1.453762e+00 -1.597781e+00 1.125293e+00 -2.276166e+00 4.452683e-01 1.373974e+00 6.315816e-01 -1.067734e+00
9.440000e+01 1.212986e+00 -1.371468e+00 1.250519e+00 -1.212174e+00 1.453710e+00 -1.546481e+00 1.116051e+00 -2.287697e+00 4.609182e-01 1.386421e+00 6.414019e-01 -1.029210e+00
9.448000e+01 1.245307e+00 -1.336443e+00 1.273837e+00 -1.151069e+00 1.449807e+00 -1.486389e+00 1.102305e+00 -2.301564e+00 4.717180e-01 1.391877e+00 6.455962e-01 -9.772324e-01
9.456000e+01 1.273461e+00 -1.288864e+00 1.293651e+00 -1.099326e+00 1.443798e+00 -1.418688e+00 1.084106e+00 -2.315557e+00 4.817326e-01 1.383722e+00 6.506626e-01 -9.126505e-01
9.464000e+01 1.300197e+00 -1.234408e+00 1.315108e+00 -1.050399e+00 1.438197e+00 -1.353552e+00 1.064499e+00 -2.326251e+00 4.909916e-01 1.364846e+00 6.549962e-01 -8.452872e-01
9.472000e+01 1.321693e+00 -1.174228e+00 1.333843e+00 -1.008246e+00 1.428736e+00 -1.286369e+00 1.038085e+00 -2.339687e+00 5.005163e-01 1.322704e+00 6.581419e-01 -7.811915e-01
9.480000e+01 1.338817e+00 -1.097214e+00 1.357185e+00 -9.645333e-01 1.419753e+00 -1.218619e+00 1.007981e+00 -2.349452e+00 5.085941e-01 1.263024e+00 6.533802e-01 -7.151219e-01
9.488000e+01 1.348333e+00 -1.014265e+00 1.376544e+00 -9.240486e-01 1.408723e+00 -1.159335e+00 9.733536e-01 -2.353991e+00 5.164578e-01 1.182291e+00 6.486354e-01 -6.562850e-01
9.496000e+01 1.359870e+00 -9.353809e-01 1.398900e+00 -8.909800e-01 1.399915e+00 -1.099412e+00 9.425452e-01 -2.354110e+00 5.226590e-01 1.098639e+00 6.401374e-01 -5.799133e-01
9.504000e+01 1.369782e+00 -8.514137e-01 1.424457e+00 -8.664404e-01 1.392081e+00 -1.033146e+00 9.071561e-01 -2.350871e+00 5.262056e-01 1.003988e+00 6.268402e-01 -5.010923e-01
9.512000e+01 1.378456e+00 -7.733432e-01 1.450367e+00 -8.507957e-01 1.390829e+00 -9.834679e-01 8.735486e-01 -2.333203e+00 5.242455e-01 8.943304e-01 6.127733e-01 -4.179845e-01
9.520000e+01 1.383457e+00 -6.858794e-01 1.471276e+00 -8.344266e-01 1.381896e+00 -9.326379e-01 8.399550e-01 -2.337312e+00 5.284617e-01 7.714493e-01 6.009241e-01 -3.322049e-01
9.528000e+01 1.376693e+00 -5.883476e-01 1.479613e+00 -8.277729e-01 1.361715e+00 -8.897588e-01 8.037914e-01 -2.357838e+00 5.395451e-01 6.322479e-01 5.923855e-01 -2.749906e-01
9.536000e+01 1.369158e+00 -4.959457e-01 1.489734e+00 -8.236256e-01 1.343603e+00 -8.424764e-01 7.708159e-01 -2.375320e+00 5.461668e-01 4.978896e-01 5.766488e-01 -2.300386e-01
9.544000e+01 1.364842e+00 -4.053391e-01 1.499833e+00 -8.345266e-01 1.328071e+00 -7.918926e-01 7.304237e-01 -2.379615e+00 5.441247e-01 3.520581e-01 5.547659e-01 -1.649886e-01
9.552000e+01 1.361499e+00 -3.253285e-01 1.507367e+00 -8.476901e-01 1.311504e+00 -7.463495e-01 6.912798e-01 -2.386829e+00 5.357162e-01 2.069123e-01 5.333486e-01 -9.021808e-02
9.560000e+01 1.360973e+00 -2.516535e-01 1.514996e+00 -8.626034e-01 1.297559e+00 -7.095296e-01 6.546493e-01 -2.388085e+00 5.236743e-01 7.065342e-02 5.128281e-01 -4.127426e-03
9.568000e+01 1.357489e+00 -1.829395e-01 1.516032e+00 -8.833816e-01 1.282446e+00 -6.735952e-01 6.150226e-01 -2.387735e+00 5.088611e-01 -6.955195e-02 4.953331e-01 8.265244e-02
9.576000e+01 1.350124e+00 -1.207957e-01 1.517563e+00 -9.104632e-01 1.274172e+00 -6.429609e-01 5.809893e-01 -2.372062e+00 4.869537e-01 -1.951673e-01 4.765044e-01 1.606277e-01
9.584000e+01 1.341931e+00 -7.762579e-02 1.507685e+00 -9.360701e-01 1.254905e+00 -6.125001e-01 5.459233e-01 -2.375831e+00 4.686922e-01 -3.228765e-01 4.720471e-01 2.379210e-01
9.592000e+01 1.338355e+00 -4.383384e-02 1.502909e+00 -9.630714e-01 1.242675e+00 -5.796385e-01 5.095551e-01 -2.361445e+00 4.395194e-01 -4.532106e-01 4.606324e-01 3.370004e-01
9.600000e+01 1.325972e+00 -5.199749e-03 1.489982e+00 -1.003218e+00 1.228482e+00 -5.570717e-01 4.756961e-01 -2.354429e+00 4.129688e-01 -5.840693e-01 4.549359e-01 4.129950e-01
9.608000e+01 1.317792e+00 4.076399e-03 1.473640e+00 -1.040914e+00 1.217023e+00 -5.342011e-01 4.434172e-01 -2.342586e+00 3.806125e-01 -7.053350e-01 4.530853e-01 5.069447e-01
9.616000e+01 1.303428e+00 3.007667e-03 1.450221e+00 -1.077246e+00 1.203300e+00 -5.147461e-01 4.076138e-01 -2.331781e+00 3.456930e-01 -8.313954e-01 4.564983e-01 5.921736e-01
9.624000e+01 1.290024e+00 -4.592383e-03 1.428376e+00 -1.113620e+00 1.195881e+00 -4.956763e-01 3.719101e-01 -2.305584e+00 3.020839e-01 -9.566336e-01 4.560259e-01 6.828770e-01
9.632000e+01 1.274902e+00 -1.298764e-02 1.401778e+00 -1.147478e+00 1.186005e+00 -4.772590e-01 3.345307e-01 -2.280313e+00 2.543875e-01 -1.080482e+00 4.562202e-01 7.708990e-01
9.640000e+01 1.259258e+00 -2.855967e-02 1.372655e+00 -1.177298e+00 1.177197e+00 -4.594744e-01 2.994435e-01 -2.253256e+00 2.038914e-01 -1.195780e+00 4.545007e-01 8.578126e-01
9.648000e+01 1.244701e+00 -6.381794e-02 1.336209e+00 -1.201824e+00 1.167286e+00 -4.519202e-01 2.669627e-01 -2.222151e+00 1.535943e-01 -1.312457e+00 4.579539e-01 9.450185e-01
9.656000e+01 1.232004e+00 -1.028180e-01 1.300490e+00 -1.225745e+00 1.161097e+00 -4.390616e-01 2.356542e-01 -2.187721e+00 9.934164e-02 -1.426598e+00 4.568347e-01 1.031927e+00
9.664000e+01 1.219410e+00 -1.782892e-01 1.251295e+00 -1.248035e+00 1.152837e+00 -4.314224e-01 2.057168e-01 -2.157365e+00 4.480223e-02 -1.537952e+00 4.649027e-01 1.112738e+00
9.672000e+01 1.206553e+00 -2.607503e-01 1.204841e+00 -1.270578e+00 1.147034e+00 -4.243288e-01 1.775377e-01 -2.123344e+00 -1.382387e-02 -1.645491e+00 4.723948e-01 1.190022e+00
9.680000e+01 1.190989e+00 -3.446728e-01 1.159082e+00 -1.283853e+00 1.143583e+00 -4.137525e-01 1.503327e-01 -2.087335e+00 -7.718533e-02 -1.747880e+00 4.738425e-01 1.264233e+00
9.688000e+01 1.175771e+00 -4.407625e-01 1.111675e+00 -1.297885e+00 1.142663e+00 -4.028464e-01 1.247190e-01 -2.048558e+00 -1.428018e-01 -1.844772e+00 4.748167e-01 1.341837e+00
9.696000e+01 1.161117e+00 -5.499898e-01 1.059323e+00 -1.309708e+00 1.142390e+00 -3.935120e-01 1.004411e-01 -2.009043e+00 -2.092260e-01 -1.940472e+00 4.774207e-01 1.417089e+00
9.704000e+01 1.143899e+00 -6.609656e-01 1.008888e+00 -1.311097e+00 1.142366e+00 -3.789865e-01 7.883427e-02 -1.974430e+00 -2.772723e-01 -2.030178e+00 4.781488e-01 1.487812e+00
9.712000e+01 1.122201e+00 -7.754963e-01 9.607825e-01 -1.305010e+00 1.144999e+00 -3.636334e-01 5.666734e-02 -1.934204e+00 -3.506121e-01 -2.119762e+00 4.738920e-01 1.553641e+00
9.720000e+01 1.099801e+00 -8.902727e-01 9.152693e-01 -1.299992e+00 1.151434e+00 -3.490807e-01 3.657738e-02 -1.887235e+00 -4.273883e-01 -2.204668e+00 4.677975e-01 1.613547e+00
9.728000e+01 1.075355e+00 -1.001555e+00 8.675668e-01 -1.289598e+00 1.154066e+00 -3.338484e-01 1.504828e-02 -1.851105e+00 -5.018578e-01 -2.300971e+00 4.621079e-01 1.673218e+00
9.736000e+01 1.049696e+00 -1.109520e+00 8.247302e-01 -1.266234e+00 1.159206e+00 -3.146664e-01 -7.570970e-03 -1.808010e+00 -5.818318e-01 -2.400830e+00 4.497260e-01 1.742579e+00
9.744000e+01 1.021874e+00 -1.213457e+00 7.834553e-01 -1.245774e+00 1.164900e+00 -2.960337e-01 -2.702316e-02 -1.763474e+00 -6.634235e-01 -2.493485e+00 4.360207e-01 1.802321e+00
9.752000e+01 9.916634e-01 -1.318962e+00 7.447790e-01 -1.226866e+00 1.174298e+00 -2.737556e-01 -4.602351e-02 -1.708252e+00 -7.503723e-01 -2.588662e+00 4.202586e-01 1.851858e+00
9.760000e+01 9.587917e-01 -1.413493e+00 7.087665e-01 -1.204219e+00 1.186341e+00 -2.573008e-01 -5.985737e-02 -1.660030e+00 -8.364037e-01 -2.682871e+00 4.036528e-01 1.898349e+00
9.768000e+01 9.235105e-01 -1.503408e+00 6.764844e-01 -1.181347e+00 1.202229e+00 -2.409554e-01 -6.942149e-02 -1.602376e+00 -9.253682e-01 -2.777937e+00 3.828331e-01 1.933310e+00
9.776000e+01 8.887964e-01 -1.579871e+00 6.518193e-01 -1.155022e+00 1.220349e+00 -2.229057e-01 -7.705350e-02 -1.543052e+00 -1.015600e+00 -2.871034e+00 3.593463e-01 1.977293e+00
9.784000e+01 8.532846e-01 -1.641073e+00 6.334509e-01 -1.125301e+00 1.239723e+00 -2.034931e-01 -8.087223e-02 -1.486732e+00 -1.103185e+00 -2.955185e+00 3.330300e-01 2.015383e+00
9.792000e+01 8.145014e-01 -1.695893e+00 6.124181e-01 -1.090653e+00 1.253375e+00 -1.848238e-01 -9.076806e-02 -1.437161e+00 -1.184461e+00 -3.051355e+00 3.084400e-01 2.052042e+00
9.800000e+01 7.777313e-01 -1.761453e+00 5.941837e-01 -1.057354e+00 1.270393e+00 -1.662240e-01 -9.052649e-02 -1.383810e+00 -1.259463e+00 -3.119190e+00 2.817481e-01 2.082720e+00
9.808000e+01 7.431436e-01 -1.815131e+00 5.830145e-01 -1.020723e+00 1.288153e+00 -1.468608e-01 -8.550301e-02 -1.333425e+00 -1.331565e+00 -3.170610e+00 2.546343e-01 2.111167e+00
9.816000e+01 7.095097e-01 -1.867810e+00 5.798998e-01 -9.816638e-01 1.309495e+00 -1.257140e-01 -7.425656e-02 -1.280547e+00 -1.401365e+00 -3.194940e+00 2.252915e-01 2.132201e+00
9.824000e+01 6.750566e-01 -1.913836e+00 5.800759e-01 -9.423441e-01 1.326851e+00 -9.636159e-02 -7.138328e-02 -1.233587e+00 -1.466457e+00 -3.214806e+00 1.998388e-01 2.153375e+00
9.832000e+01 6.392774e-01 -1.951230e+00 5.843841e-01 -8.986260e-01 1.341602e+00 -6.944208e-02 -6.433872e-02 -1.189330e+00 -1.523220e+00 -3.221989e+00 1.750555e-01 2.173752e+00
9.840000e+01 6.037567e-01 -1.985117e+00 5.932099e-01 -8.513562e-01 1.354603e+00 -4.099124e-02 -5.887900e-02 -1.144816e+00 -1.578997e+00 -3.218796e+00 1.506943e-01 2.199629e+00
9.848000e+01 5.666161e-01 -2.009180e+00 6.082240e-01 -8.004317e-01 1.366646e+00 -8.362393e-04 -5.365595e-02 -1.096687e+00 -1.636897e+00 -3.196513e+00 1.232805e-01 2.228841e+00
9.856000e+01 5.280789e-01 -2.019444e+00 6.314427e-01 -7.468216e-01 1.377297e+00 4.604097e-02 -4.899690e-02 -1.044472e+00 -1.697409e+00 -3.155913e+00 9.610729e-02 2.252934e+00
9.864000e+01 4.911998e-01 -2.030995e+00 6.563023e-01 -6.949308e-01 1.383429e+00 8.910319e-02 -4.226566e-02 -1.001275e+00 -1.752539e+00 -3.102722e+00 7.660892e-02 2.283332e+00
9.872000e+01 4.573515e-01 -2.026771e+00 6.907380e-01 -6.426420e-01 1.392940e+00 1.417645e-01 -3.603392e-02 -9.451577e-01 -1.813903e+00 -3.042575e+00 5.345218e-02 2.317195e+00
9.880000e+01 4.263100e-01 -2.029602e+00 7.266415e-01 -5.920255e-01 1.402343e+00 1.942263e-01 -2.743921e-02 -8.864789e-01 -1.871294e+00 -2.968483e+00 4.030072e-02 2.344089e+00
9.888000e+01 3.963185e-01 -2.033020e+00 7.670482e-01 -5.287233e-01 1.412546e+00 2.525821e-01 -1.690515e-02 -8.201422e-01 -1.927749e+00 -2.891356e+00 3.028369e-02 2.373604e+00
9.896000e+01 3.746381e-01 -2.038898e+00 8.184087e-01 -4.731974e-01 1.433697e+00 3.042082e-01 5.985426e-03 -7.351407e-01 -1.983184e+00 -2.786813e+00 2.737184e-02 2.392314e+00
9.904000e+01 3.591182e-01 -2.024672e+00 8.721759e-01 -4.319815e-01 1.451291e+00 3.611010e-01 2.203138e-02 -6.602105e-01 -2.029682e+00 -2.693451e+00 3.320465e-02 2.417054e+00
9.912000e+01 3.448650e-01 -2.019219e+00 9.200702e-01 -3.874293e-01 1.466014e+00 4.152712e-01 4.101657e-02 -5.934593e-01 -2.062650e+00 -2.613006e+00 5.301877e-02 2.443764e+00
9.920000e+01 3.384112e-01 -2.000580e+00 9.824301e-01 -3.384222e-01 1.490201e+00 4.736370e-01 7.620441e-02 -5.184695e-01 -2.085022e+00 -2.509316e+00 6.599899e-02 2.480874e+00
9.928000e+01 3.360516e-01 -1.988735e+00 1.045417e+00 -2.965121e-01 1.518457e+00 5.267421e-01 1.216563e-01 -4.460626e-01 -2.095288e+00 -2.395905e+00 9.079767e-02 2.516931e+00
9.936000e+01 3.369634e-01 -1.965954e+00 1.116809e+00 -2.461431e-01 1.552894e+00 5.843229e-01 1.758848e-01 -3.748145e-01 -2.097258e+00 -2.266309e+00 1.159411e-01 2.551525e+00
9.944000e+01 3.457694e-01 -1.956801e+00 1.196668e+00 -2.010994e-01 1.597313e+00 6.369134e-01 2.415044e-01 -2.941104e-01 -2.086780e+00 -2.105937e+00 1.482555e-01 2.565678e+00
9.952000e+01 3.588800e-01 -1.943877e+00 1.275231e+00 -1.631487e-01 1.640395e+00 6.817728e-01 3.078918e-01 -2.303017e-01 -2.050656e+00 -1.954396e+00 1.965265e-01 2.592513e+00
9.960000e+01 3.758481e-01 -1.941356e+00 1.355875e+00 -1.340667e-01 1.690139e+00 7.257805e-01 3.832464e-01 -1.633048e-01 -1.998166e+00 -1.777050e+00 2.533302e-01 2.596526e+00
9.968000e+01 3.885309e-01 -1.924673e+00 1.435100e+00 -1.090571e-01 1.738994e+00 7.577262e-01 4.548373e-01 -9.155227e-02 -1.931008e+00 -1.624242e+00 3.188490e-01 2.582583e+00
9.976000e+01 4.125997e-01 -1.905311e+00 1.520619e+00 -1.004244e-01 1.793396e+00 7.825164e-01 5.260055e-01 -1.414416e-02 -1.843423e+00 -1.470598e+00 4.008437e-01 2.591937e+00
9.984000e+01 4.369270e-01 -1.887117e+00 1.605954e+00 -7.889913e-02 1.850833e+00 8.123298e-01 5.969771e-01 7.044763e-02 -1.744349e+00 -1.306754e+00 4.902476e-01 2.608074e+00
9.992000e+01 4.638096e-01 -1.859376e+00 1.687319e+00 -6.167726e-02 1.901718e+00 8.364858e-01 6.625081e-01 1.461077e-01 -1.625386e+00 -1.153423e+00 5.959903e-01 2.640617e+00
1.000000e+02 4.958936e-01 -1.831998e+00 1.771158e+00 -4.288335e-02 1.955385e+00 8.571811e-01 7.316499e-01 2.408370e-01 -1.500979e+00 -9.897090e-01 7.121590e-01 2.678549e+00
1.000800e+02 5.377422e-01 -1.818352e+00 1.854744e+00 -2.499171e-02 2.011143e+00 8.634421e-01 8.089940e-01 3.373296e-01 -1.369065e+00 -8.226287e-01 8.506793e-01 2.728790e+00
1.001600e+02 5.913802e-01 -1.793705e+00 1.941784e+00 -2.460758e-02 2.069806e+00 8.735852e-01 8.868391e-01 4.380856e-01 -1.232538e+00 -6.566680e-01 1.004887e+00 2.789759e+00
1.002400e+02 6.506803e-01 -1.756352e+00 2.024184e+00 -1.992613e-02 2.124163e+00 8.747401e-01 9.702464e-01 5.312297e-01 -1.089528e+00 -4.968498e-01 1.171573e+00 2.873795e+00
1.003200e+02 7.230289e-01 -1.730018e+00 2.111126e+00 -1.919655e-02 2.189362e+00 8.639905e-01 1.071282e+00 6.477229e-01 -9.514856e-01 -3.025515e-01 1.349671e+00 2.936845e+00
1.004000e+02 8.014163e-01 -1.692386e+00 2.190189e+00 -2.307587e-02 2.245755e+00 8.586862e-01 1.162381e+00 7.522550e-01 -8.144334e-01 -1.394964e-01 1.547663e+00 2.991528e+00
1.004800e+02 8.892400e-01 -1.649386e+00 2.267892e+00 -2.252910e-02 2.301509e+00 8.423631e-01 1.257203e+00 8.662468e-01 -6.837466e-01 1.983174e-02 1.753743e+00 3.048984e+00
1.005600e+02 9.883898e-01 -1.595469e+00 2.342183e+00 -4.157032e-02 2.353319e+00 8.301009e-01 1.346473e+00 9.637991e-01 -5.540895e-01 1.724926e-01 1.967998e+00 3.090333e+00
1.006400e+02 1.099364e+00 -1.524588e+00 2.416410e+00 -5.869708e-02 2.406617e+00 8.103359e-01 1.444516e+00 1.066522e+00 -4.312325e-01 3.302049e-01 2.175545e+00 3.114933e+00
1.007200e+02 1.220615e+00 -1.448324e+00 2.482528e+00 -6.556513e-02 2.455177e+00 7.723416e-01 1.545262e+00 1.158407e+00 -3.088022e-01 4.737218e-01 2.384532e+00 3.126566e+00
1.008000e+02 1.367293e+00 -1.377831e+00 2.556462e+00 -9.860958e-02 2.510709e+00 7.353202e-01 1.656721e+00 1.247105e+00 -1.931511e-01 6.417714e-01 2.582133e+00 3.150958e+00
1.008800e+02 1.519616e+00 -1.304438e+00 2.621906e+00 -1.166489e-01 2.563437e+00 6.984421e-01 1.765316e+00 1.331974e+00 -8.802026e-02 7.973365e-01 2.766138e+00 3.151936e+00
1.009600e+02 1.665979e+00 -1.208744e+00 2.680057e+00 -1.396657e-01 2.617285e+00 6.549721e-01 1.877738e+00 1.403509e+00 1.487945e-02 9.619965e-01 2.930451e+00 3.096574e+00
1.010400e+02 1.826973e+00 -1.102588e+00 2.741544e+00 -1.846193e-01 2.681034e+00 6.022025e-01 1.996031e+00 1.465901e+00 1.119549e-01 1.124704e+00 3.078797e+00 3.052807e+00
1.011200e+02 1.992209e+00 -1.000552e+00 2.797114e+00 -2.314971e-01 2.748843e+00 5.587312e-01 2.113122e+00 1.524554e+00 2.013376e-01 1.291495e+00 3.204990e+00 3.018838e+00
1.012000e+02 2.162908e+00 -8.988668e-01 2.846869e+00 -2.877262e-01 2.817481e+00 5.346284e-01 2.213811e+00 1.567136e+00 2.882761e-01 1.446140e+00 3.309559e+00 2.988585e+00
1.012800e+02 2.319550e+00 -7.851809e-01 2.888865e+00 -3.447102e-01 2.882615e+00 5.120248e-01 2.313507e+00 1.594385e+00 3.776395e-01 1.587269e+00 3.384673e+00 2.924978e+00
1.013600e+02 2.455398e+00 -6.756728e-01 2.922224e+00 -3.976162e-01 2.948271e+00 4.936818e-01 2.408391e+00 1.606637e+00 4.722215e-01 1.729441e+00 3.433065e+00 2.835579e+00
1.014400e+02 2.570570e+00 -5.773032e-01 2.948340e+00 -4.644539e-01 3.017485e+00 4.803936e-01 2.490428e+00 1.612599e+00 5.684869e-01 1.862030e+00 3.464036e+00 2.746250e+00
1.015200e+02 2.663767e+00 -4.862519e-01 2.962469e+00 -5.296611e-01 3.079255e+00 4.504401e-01 2.571664e+00 1.586955e+00 6.766897e-01 1.985322e+00 3.490096e+00 2.647856e+00
1.016000e+02 2.734469e+00 -3.874142e-01 2.982271e+00 -5.855763e-01 3.138211e+00 4.310300e-01 2.639284e+00 1.550412e+00 7.850934e-01 2.095781e+00 3.495410e+00 2.556744e+00
1.016800e+02 2.803836e+00 -3.259920e-01 2.991554e+00 -7.020249e-01 3.195910e+00 4.094574e-01 2.702207e+00 1.490119e+00 9.009925e-01 2.203557e+00 3.501485e+00 2.459663e+00
1.017600e+02 2.889396e+00 -2.885891e-01 2.997858e+00 -8.848103e-01 3.255841e+00 3.818802e-01 2.769442e+00 1.403921e+00 1.029574e+00 2.312836e+00 3.503321e+00 2.372727e+00
1.018400e+02 2.972029e+00 -3.117512e-01 2.990246e+00 -1.038121e+00 3.294359e+00 3.650842e-01 2.823966e+00 1.291937e+00 1.161293e+00 2.412433e+00 3.505986e+00 2.246829e+00
1.019200e+02 3.063738e+00 -3.629307e-01 2.991798e+00 -1.190793e+00 3.326375e+00 3.622700e-01 2.872615e+00 1.179171e+00 1.282225e+00 2.517180e+00 3.498678e+00 2.138112e+00
1.020000e+02 3.148209e+00 -4.143900e-01 2.988984e+00 -1.311266e+00 3.346956e+00 3.559426e-01 2.916180e+00 1.065724e+00 1.393857e+00 2.611577e+00 3.485726e+00 2.024266e+00
1.020800e+02 3.231297e+00 -3.286761e-01 3.007740e+00 -1.437752e+00 3.365128e+00 3.646617e-01 2.951825e+00 9.446654e-01 1.489312e+00 2.712772e+00 3.449349e+00 1.940062e+00
1.021600e+02 3.309426e+00 -9.767421e-02 3.013292e+00 -1.569118e+00 3.372383e+00 3.685973e-01 2.973836e+00 8.282394e-01 1.569997e+00 2.761125e+00 3.422602e+00 1.863539e+00
1.022400e+02 3.387473e+00 1.492756e-01 3.002503e+00 -1.687482e+00 3.368712e+00 3.725996e-01 3.003915e+00 7.075257e-01 1.637180e+00 2.801788e+00 3.410866e+00 1.753081e+00
1.023200e+02 3.477300e+00 3.094171e-01 2.990764e+00 -1.791006e+00 3.352540e+00 3.837862e-01 3.029994e+00 5.766311e-01 1.696966e+00 2.824196e+00 3.382538e+00 1.627387e+00
1.024000e+02 3.572953e+00 3.025845e-01 3.004707e+00 -1.860832e+00 3.344260e+00 4.082044e-01 3.050268e+00 4.892020e-01 1.731277e+00 2.843207e+00 3.316654e+00 1.528268e+00
1.024800e+02 3.657568e+00 5.246752e-02 3.004878e+00 -1.895214e+00 3.326082e+00 4.269870e-01 3.067503e+00 3.952954e-01 1.759791e+00 2.825613e+00 3.257141e+00 1.430471e+00
1.025600e+02 3.715479e+00 -3.453874e-01 3.017899e+00 -1.900783e+00 3.311541e+00 4.498097e-01 3.089602e+00 3.284043e-01 1.781611e+00 2.812064e+00 3.190078e+00 1.332340e+00
1.026400e+02 3.774375e+00 -8.066259e-01 3.041505e+00 -1.846845e+00 3.299808e+00 4.899594e-01 3.098265e+00 2.888180e-01 1.786308e+00 2.760548e+00 3.132358e+00 1.331931e+00
1.027200e+02 3.862113e+00 -1.206773e+00 3.058849e+00 -1.790331e+00 3.284089e+00 5.190045e-01 3.103939e+00 2.590413e-01 1.791961e+00 2.675494e+00 3.092698e+00 1.351760e+00
1.028000e+02 3.976076e+00 -1.396733e+00 3.095771e+00 -1.719820e+00 3.280799e+00 5.596923e-01 3.111096e+00 2.608039e-01 1.790883e+00 2.602878e+00 3.042071e+00 1.419002e+00
1.028800e+02 4.096500e+00 -1.395423e+00 3.111579e+00 -1.629153e+00 3.268970e+00 5.924757e-01 3.107716e+00 2.618869e-01 1.798508e+00 2.499226e+00 3.035636e+00 1.487217e+00
1.029600e+02 4.202527e+00 -1.230687e+00 3.110848e+00 -1.535841e+00 3.252756e+00 6.108187e-01 3.090739e+00 2.710738e-01 1.802688e+00 2.345930e+00 3.068434e+00 1.534064e+00
1.030400e+02 4.285050e+00 -9.542245e-01 3.070261e+00 -1.476618e+00 3.215880e+00 6.068073e-01 3.057227e+00 2.532697e-01 1.819542e+00 2.136089e+00 3.139258e+00 1.550626e+00
1.031200e+02 4.334425e+00 -7.115074e-01 2.981461e+00 -1.446856e+00 3.157309e+00 6.073404e-01 2.996914e+00 2.129726e-01 1.851193e+00 1.887585e+00 3.244553e+00 1.558270e+00
1.032000e+02 4.349477e+00 -4.466520e-01 2.882229e+00 -1.441353e+00 3.098437e+00 6.170246e-01 2.923155e+00 1.804683e-01 1.871386e+00 1.628476e+00 3.310214e+00 1.527684e+00
1.032800e+02 4.363195e+00 -2.235146e-01 2.746067e+00 -1.468772e+00 3.034756e+00 6.090621e-01 2.843242e+00 1.322359e-01 1.902149e+00 1.351530e+00 3.368577e+00 1.475518e+00
1.033600e+02 4.381310e+00 -5.004200e-02 2.601349e+00 -1.503475e+00 2.971512e+00 6.099234e-01 2.751983e+00 7.544869e-02 1.927904e+00 1.081086e+00 3.396802e+00 1.413728e+00
1.034400e+02 4.397523e+00 4.959211e-02 2.439479e+00 -1.568162e+00 2.909274e+00 5.972035e-01 2.652842e+00 1.397558e-02 1.948123e+00 7.880345e-01 3.404835e+00 1.331319e+00
1.035200e+02 4.394612e+00 1.535747e-01 2.318398e+00 -1.627735e+00 2.860283e+00 6.128388e-01 2.545416e+00 -2.528818e-02 1.942615e+00 5.061943e-01 3.356072e+00 1.266685e+00
1.036000e+02 4.363812e+00 1.785537e-01 2.206054e+00 -1.664622e+00 2.813928e+00 6.420733e-01 2.434482e+00 -8.156301e-02 1.931223e+00 2.435150e-01 3.284481e+00 1.215568e+00
1.036800e+02 4.280825e+00 2.419309e-01 2.153915e+00 -1.678383e+00 2.778217e+00 6.876447e-01 2.320103e+00 -1.186837e-01 1.900237e+00 -3.608717e-03 3.164781e+00 1.157823e+00
1.037600e+02 4.172771e+00 1.997467e-01 2.101012e+00 -1.685874e+00 2.740136e+00 7.455049e-01 2.206203e+00 -1.621270e-01 1.862711e+00 -2.244272e-01 3.052072e+00 1.142336e+00
1.038400e+02 4.030666e+00 1.472194e-01 2.068114e+00 -1.664129e+00 2.685769e+00 8.533375e-01 2.074182e+00 -2.199619e-01 1.814625e+00 -4.472179e-01 2.925476e+00 1.111645e+00
1.039200e+02 3.897336e+00 9.852607e-02 2.097411e+00 -1.609212e+00 2.649132e+00 9.760124e-01 1.953911e+00 -2.382559e-01 1.753333e+00 -6.149597e-01 2.767737e+00 1.122989e+00
1.040000e+02 3.802786e+00 4.110480e-02 2.117793e+00 -1.528492e+00 2.612981e+00 1.081782e+00 1.844266e+00 -2.491135e-01 1.693871e+00 -7.673488e-01 2.613420e+00 1.182301e+00
1.040800e+02 3.751559e+00 5.332668e-02 2.133812e+00 -1.444903e+00 2.571468e+00 1.156220e+00 1.751603e+00 -2.783565e-01 1.647660e+00 -9.108367e-01 2.481132e+00 1.261172e+00
1.041600e+02 3.738625e+00 9.108115e-03 2.098592e+00 -1.372370e+00 2.513362e+00 1.199256e+00 1.665073e+00 -3.321601e-01 1.621778e+00 -1.059744e+00 2.423928e+00 1.360696e+00
1.042400e+02 3.722185e+00 1.090387e-02 2.072941e+00 -1.304241e+00 2.456735e+00 1.242325e+00 1.584703e+00 -3.683848e-01 1.595773e+00 -1.205563e+00 2.369357e+00 1.466365e+00
1.043200e+02 3.668970e+00 -2.488449e-02 2.014314e+00 -1.226464e+00 2.380941e+00 1.268654e+00 1.505495e+00 -4.285072e-01 1.580549e+00 -1.362847e+00 2.359266e+00 1.537260e+00
1.044000e+02 3.573931e+00 -1.873087e-01 1.921216e+00 -1.176482e+00 2.290505e+00 1.254175e+00 1.435710e+00 -5.065011e-01 1.581477e+00 -1.531984e+00 2.403172e+00 1.583449e+00
1.044800e+02 3.458361e+00 -3.289824e-01 1.862424e+00 -1.133342e+00 2.218766e+00 1.263081e+00 1.368062e+00 -5.505944e-01 1.567503e+00 -1.662000e+00 2.409655e+00 1.664310e+00
1.045600e+02 3.321943e+00 -4.444164e-01 1.805209e+00 -1.095710e+00 2.146978e+00 1.267876e+00 1.301153e+00 -6.064813e-01 1.554518e+00 -1.792531e+00 2.408937e+00 1.726022e+00
1.046400e+02 3.178839e+00 -5.494206e-01 1.757143e+00 -1.053750e+00 2.079222e+00 1.275197e+00 1.236892e+00 -6.491722e-01 1.535872e+00 -1.907685e+00 2.391403e+00 1.782244e+00
1.047200e+02 3.045613e+00 -6.467537e-01 1.713212e+00 -1.023877e+00 2.015302e+00 1.272159e+00 1.174450e+00 -6.927688e-01 1.519901e+00 -2.021559e+00 2.360862e+00 1.829293e+00
1.048000e+02 2.923823e+00 -7.401867e-01 1.676353e+00 -9.819616e-01 1.955339e+00 1.278098e+00 1.112035e+00 -7.228671e-01 1.503242e+00 -2.117871e+00 2.306162e+00 1.884294e+00
1.048800e+02 2.809682e+00 -8.269064e-01 1.641016e+00 -9.616536e-01 1.901352e+00 1.273038e+00 1.057700e+00 -7.492978e-01 1.486778e+00 -2.212040e+00 2.247709e+00 1.888659e+00
1.049600e+02 2.714006e+00 -8.802675e-01 1.609574e+00 -9.562913e-01 1.855514e+00 1.276284e+00 1.003945e+00 -7.717877e-01 1.470988e+00 -2.289896e+00 2.170400e+00 1.921203e+00
1.050400e+02 2.627181e+00 -9.092769e-01 1.581095e+00 -9.426037e-01 1.813103e+00 1.289566e+00 9.523134e-01 -7.902321e-01 1.453655e+00 -2.354120e+00 2.081709e+00 1.955739e+00
1.051200e+02 2.555616e+00 -9.304860e-01 1.557651e+00 -9.197263e-01 1.777327e+00 1.301181e+00 9.098486e-01 -8.016847e-01 1.440720e+00 -2.396226e+00 1.991849e+00 2.007671e+00
1.052000e+02 2.491423e+00 -9.206719e-01 1.535883e+00 -8.996289e-01 1.743821e+00 1.305917e+00 8.698426e-01 -8.145723e-01 1.423455e+00 -2.438945e+00 1.896349e+00 2.024343e+00
1.052800e+02 2.436069e+00 -8.897483e-01 1.515621e+00 -8.694394e-01 1.712672e+00 1.306243e+00 8.378508e-01 -8.220781e-01 1.406612e+00 -2.469763e+00 1.806153e+00 2.029365e+00
1.053600e+02 2.389150e+00 -8.375512e-01 1.501765e+00 -8.366848e-01 1.687795e+00 1.334688e+00 8.031831e-01 -8.140225e-01 1.387136e+00 -2.480675e+00 1.712765e+00 2.042152e+00
1.054400e+02 2.339077e+00 -7.657531e-01 1.486448e+00 -7.972999e-01 1.663010e+00 1.363386e+00 7.700691e-01 -8.055329e-01 1.366662e+00 -2.492464e+00 1.625904e+00 2.026823e+00
1.055200e+02 2.282714e+00 -6.901986e-01 1.468499e+00 -7.651600e-01 1.635785e+00 1.383288e+00 7.375093e-01 -8.043292e-01 1.346177e+00 -2.510196e+00 1.545393e+00 1.983292e+00
1.056000e+02 2.204791e+00 -6.309247e-01 1.442425e+00 -7.225317e-01 1.599282e+00 1.406805e+00 6.955281e-01 -8.097675e-01 1.318590e+00 -2.542179e+00 1.470314e+00 1.898350e+00
1.056800e+02 2.127977e+00 -5.603707e-01 1.428452e+00 -6.994927e-01 1.573530e+00 1.416288e+00 6.627666e-01 -8.130596e-01 1.291632e+00 -2.557398e+00 1.399041e+00 1.829903e+00
1.057600e+02 2.037775e+00 -4.914769e-01 1.408990e+00 -6.665751e-01 1.549302e+00 1.427913e+00 6.389036e-01 -8.155878e-01 1.261810e+00 -2.554235e+00 1.331677e+00 1.738932e+00
1.058400e+02 1.940483e+00 -4.126539e-01 1.386523e+00 -6.444676e-01 1.523086e+00 1.432471e+00 6.077735e-01 -8.228382e-01 1.231463e+00 -2.570512e+00 1.270772e+00 1.641433e+00
1.059200e+02 1.846438e+00 -3.416316e-01 1.368876e+00 -6.245731e-01 1.503211e+00 1.440464e+00 5.837844e-01 -8.213647e-01 1.201509e+00 -2.570762e+00 1.213963e+00 1.570569e+00
1.060000e+02 1.751833e+00 -2.788198e-01 1.345601e+00 -6.060252e-01 1.482755e+00 1.446822e+00 5.607577e-01 -8.215164e-01 1.170399e+00 -2.578569e+00 1.160540e+00 1.488845e+00
1.060800e+02 1.668978e+00 -2.003382e-01 1.338440e+00 -5.838570e-01 1.469591e+00 1.464132e+00 5.446229e-01 -8.160895e-01 1.139941e+00 -2.565523e+00 1.096912e+00 1.448687e+00
1.061600e+02 1.586765e+00 -1.273226e-01 1.323828e+00 -5.622483e-01 1.456048e+00 1.471941e+00 5.301601e-01 -8.090418e-01 1.107679e+00 -2.564265e+00 1.034877e+00 1.388767e+00
1.062400e+02 1.506592e+00 -5.724944e-02 1.311175e+00 -5.398098e-01 1.445169e+00 1.476470e+00 5.179288e-01 -8.008946e-01 1.075562e+00 -2.558414e+00 9.723484e-01 1.331032e+00
1.063200e+02 1.430924e+00 3.385949e-04 1.297178e+00 -5.191959e-01 1.437344e+00 1.484508e+00 5.074687e-01 -7.907617e-01 1.046167e+00 -2.549138e+00 9.133385e-01 1.280955e+00
1.064000e+02 1.353625e+00 5.964133e-02 1.284247e+00 -4.961005e-01 1.430355e+00 1.494929e+00 4.968172e-01 -7.782404e-01 1.014856e+00 -2.541236e+00 8.504696e-01 1.221871e+00
1.064800e+02 1.278861e+00 9.257688e-02 1.269847e+00 -4.681768e-01 1.424202e+00 1.506448e+00 4.875719e-01 -7.637399e-01 9.856111e-01 -2.529443e+00 7.927741e-01 1.170860e+00
1.065600e+02 1.204591e+00 1.520382e-01 1.267131e+00 -4.428727e-01 1.420645e+00 1.522078e+00 4.788048e-01 -7.445079e-01 9.543467e-01 -2.514236e+00 7.242608e-01 1.115056e+00
1.066400e+02 1.120253e+00 1.990821e-01 1.249052e+00 -3.985381e-01 1.408128e+00 1.536810e+00 4.662823e-01 -7.308435e-01 9.243332e-01 -2.509568e+00 6.593396e-01 1.039133e+00
1.067200e+02 1.044259e+00 2.302631e-01 1.233818e+00 -3.745781e-01 1.400248e+00 1.551116e+00 4.564018e-01 -7.149957e-01 8.966048e-01 -2.498518e+00 5.985287e-01 9.708132e-01
1.068000e+02 9.634742e-01 2.638108e-01 1.215779e+00 -3.424370e-01 1.392675e+00 1.564372e+00 4.453022e-01 -7.000340e-01 8.675288e-01 -2.495101e+00 5.341985e-01 8.893367e-01
1.068800e+02 8.850045e-01 2.970557e-01 1.199767e+00 -3.057214e-01 1.384903e+00 1.581963e+00 4.366426e-01 -6.808199e-01 8.386748e-01 -2.483405e+00 4.700178e-01 8.075202e-01
1.069600e+02 8.104704e-01 3.272524e-01 1.180501e+00 -2.743838e-01 1.376916e+00 1.592783e+00 4.283885e-01 -6.604175e-01 8.103866e-01 -2.478961e+00 4.096520e-01 7.215088e-01
1.070400e+02 7.439431e-01 3.420754e-01 1.156881e+00 -2.468727e-01 1.368515e+00 1.603396e+00 4.231259e-01 -6.439093e-01 7.864836e-01 -2.472359e+00 3.568536e-01 6.526532e-01
1.071200e+02 6.793099e-01 3.524320e-01 1.130838e+00 -2.211969e-01 1.359115e+00 1.614070e+00 4.180794e-01 -6.274342e-01 7.627165e-01 -2.467596e+00 3.085814e-01 5.765695e-01
1.072000e+02 6.129537e-01 3.582875e-01 1.100689e+00 -1.895758e-01 1.346051e+00 1.626270e+00 4.107978e-01 -6.117399e-01 7.372480e-01 -2.467847e+00 2.596745e-01 4.889010e-01
1.072800e+02 5.489213e-01 3.572262e-01 1.069899e+00 -1.615709e-01 1.333359e+00 1.634380e+00 4.060918e-01 -5.964465e-01 7.139332e-01 -2.465542e+00 2.145082e-01 3.993444e-01
1.073600e+02 4.868407e-01 3.556332e-01 1.037889e+00 -1.372110e-01 1.321499e+00 1.640857e+00 4.001539e-01 -5.741979e-01 6.893172e-01 -2.468722e+00 1.680647e-01 3.110736e-01
1.074400e+02 4.267586e-01 3.546609e-01 1.003515e+00 -1.137974e-01 1.308451e+00 1.647661e+00 3.951259e-01 -5.581236e-01 6.650298e-01 -2.473175e+00 1.215234e-01 2.168227e-01
1.075200e+02 3.708250e-01 3.443803e-01 9.730102e-01 -8.646293e-02 1.300169e+00 1.656558e+00 3.971818e-01 -5.374727e-01 6.420015e-01 -2.456593e+00 7.710164e-02 1.327144e-01
1.076000e+02 3.133134e-01 3.257834e-01 9.302777e-01 -6.587598e-02 1.286414e+00 1.658896e+00 3.945237e-01 -5.215010e-01 6.198687e-01 -2.460481e+00 3.891523e-02 2.816179e-02
1.076800e+02 2.596313e-01 3.073829e-01 8.872532e-01 -4.969156e-02 1.272858e+00 1.660387e+00 3.931541e-01 -5.063490e-01 6.004797e-01 -2.463577e+00 4.577674e-03 -7.411849e-02
1.077600e+02 2.013671e-01 2.915406e-01 8.418205e-01 -1.428721e-02 1.253963e+00 1.670823e+00 3.828242e-01 -4.882111e-01 5.790205e-01 -2.479574e+00 -3.259255e-02 -1.737232e-01
1.078400e+02 1.454929e-01 2.638636e-01 7.950320e-01 1.286608e-02 1.236910e+00 1.673053e+00 3.785241e-01 -4.704071e-01 5.608941e-01 -2.490252e+00 -6.326539e-02 -2.746503e-01
1.079200e+02 8.679035e-02 2.337755e-01 7.436076e-01 4.003083e-02 1.218421e+00 1.676432e+00 3.724301e-01 -4.533126e-01 5.408794e-01 -2.503280e+00 -9.365428e-02 -3.869916e-01
1.080000e+02 2.819334e-02 2.007419e-01 6.909851e-01 6.719478e-02 1.200549e+00 1.680131e+00 3.665159e-01 -4.342883e-01 5.212155e-01 -2.512358e+00 -1.221297e-01 -4.951406e-01
1.080800e+02 -3.211049e-02 1.708234e-01 6.364703e-01 9.461261e-02 1.182249e+00 1.684045e+00 3.591915e-01 -4.147233e-01 4.989634e-01 -2.522414e+00 -1.505851e-01 -6.116817e-01
1.081600e+02 -9.328649e-02 1.361810e-01 5.793311e-01 1.207682e-01 1.162886e+00 1.686634e+00 3.511204e-01 -3.958256e-01 4.769367e-01 -2.533852e+00 -1.766063e-01 -7.332418e-01
1.082400e+02 -1.535838e-01 9.779030e-02 5.216548e-01 1.469654e-01 1.144086e+00 1.689241e+00 3.433618e-01 -3.756246e-01 4.551555e-01 -2.543787e+00 -2.004842e-01 -8.525879e-01
1.083200e+02 -2.197286e-01 5.361784e-02 4.593629e-01 1.802402e-01 1.123954e+00 1.692442e+00 3.337996e-01 -3.555109e-01 4.311073e-01 -2.557379e+00 -2.240040e-01 -9.849528e-01
1.084000e+02 -2.893778e-01 1.272558e-02 3.975572e-01 2.335687e-01 1.100334e+00 1.703939e+00 3.182122e-01 -3.304729e-01 4.038096e-01 -2.575817e+00 -2.504235e-01 -1.114966e+00
1.084800e+02 -3.568070e-01 -3.084255e-02 3.352554e-01 2.736241e-01 1.079138e+00 1.708354e+00 3.058075e-01 -3.070658e-01 3.795779e-01 -2.594607e+00 -2.717720e-01 -1.242700e+00
1.085600e+02 -4.235197e-01 -7.789661e-02 2.729063e-01 3.154515e-01 1.059199e+00 1.714588e+00 2.937064e-01 -2.818061e-01 3.551496e-01 -2.612022e+00 -2.919945e-01 -1.366532e+00
1.086400e+02 -4.910448e-01 -1.257613e-01 2.083480e-01 3.594015e-01 1.037478e+00 1.722140e+00 2.765376e-01 -2.559341e-01 3.302265e-01 -2.641793e+00 -3.114401e-01 -1.484121e+00
1.087200e+02 -5.584000e-01 -1.727116e-01 1.443876e-01 4.029131e-01 1.016488e+00 1.730050e+00 2.592516e-01 -2.279976e-01 3.048873e-01 -2.674572e+00 -3.309863e-01 -1.597755e+00
1.088000e+02 -6.273964e-01 -2.237536e-01 7.976967e-02 4.545656e-01 9.936239e-01 1.741670e+00 2.394206e-01 -1.985700e-01 2.775082e-01 -2.715045e+00 -3.503774e-01 -1.706184e+00
1.088800e+02 -6.949200e-01 -2.787133e-01 1.935855e-02 4.958419e-01 9.760333e-01 1.747515e+00 2.260185e-01 -1.654085e-01 2.493098e-01 -2.745254e+00 -3.670533e-01 -1.816883e+00
1.089600e+02 -7.604613e-01 -3.357337e-01 -3.675336e-02 5.277474e-01 9.613952e-01 1.751990e+00 2.154757e-01 -1.343219e-01 2.213013e-01 -2.776623e+00 -3.817384e-01 -1.926755e+00
1.090400e+02 -8.278963e-01 -3.966596e-01 -8.984124e-02 5.651598e-01 9.467044e-01 1.759777e+00 2.055441e-01 -1.022980e-01 1.897417e-01 -2.806369e+00 -3.966440e-01 -2.036447e+00
1.091200e+02 -8.968993e-01 -4.589589e-01 -1.412722e-01 6.025278e-01 9.323435e-01 1.768368e+00 1.962264e-01 -6.959316e-02 1.551883e-01 -2.835402e+00 -4.118358e-01 -2.144245e+00
1.092000e+02 -9.680180e-01 -5.231622e-01 -1.919078e-01 6.403322e-01 9.182583e-01 1.778039e+00 1.872208e-01 -3.601530e-02 1.175884e-01 -2.864782e+00 -4.274967e-01 -2.250600e+00
1.092800e+02 -1.046691e+00 -5.919916e-01 -2.431123e-01 6.947414e-01 9.024100e-01 1.794477e+00 1.759935e-01 3.703310e-04 7.425400e-02 -2.895236e+00 -4.472556e-01 -2.358387e+00
1.093600e+02 -1.130046e+00 -6.586409e-01 -2.950863e-01 7.451291e-01 8.838046e-01 1.811868e+00 1.574433e-01 3.504314e-02 2.790054e-02 -2.946386e+00 -4.682896e-01 -2.462995e+00
1.094400e+02 -1.218097e+00 -7.254247e-01 -3.474614e-01 7.956441e-01 8.662009e-01 1.827366e+00 1.408613e-01 6.882826e-02 -2.054750e-02 -2.993161e+00 -4.898375e-01 -2.569470e+00
1.095200e+02 -1.308760e+00 -7.975919e-01 -4.003364e-01 8.379918e-01 8.491592e-01 1.841512e+00 1.253935e-01 1.058530e-01 -7.431873e-02 -3.043838e+00 -5.102319e-01 -2.676183e+00
1.096000e+02 -1.400865e+00 -8.662478e-01 -4.512057e-01 8.776689e-01 8.328610e-01 1.857899e+00 1.113874e-01 1.421095e-01 -1.304482e-01 -3.094105e+00 -5.320989e-01 -2.775221e+00
1.096800e+02 -1.496768e+00 -9.292356e-01 -5.019316e-01 9.126651e-01 8.156174e-01 1.874960e+00 9.666294e-02 1.763486e-01 -1.897098e-01 -3.151671e+00 -5.553414e-01 -2.877797e+00
1.097600e+02 -1.593435e+00 -9.772325e-01 -5.495404e-01 9.395642e-01 7.982052e-01 1.893737e+00 8.056670e-02 2.098710e-01 -2.508706e-01 -3.211343e+00 -5.796762e-01 -2.974492e+00
1.098400e+02 -1.695616e+00 -1.025725e+00 -5.973349e-01 9.659605e-01 7.833384e-01 1.914158e+00 6.622943e-02 2.461936e-01 -3.139517e-01 -3.272083e+00 -6.078136e-01 -3.068941e+00
1.099200e+02 -1.804772e+00 -1.064789e+00 -6.401070e-01 1.002808e+00 7.693676e-01 1.941888e+00 5.108847e-02 2.889683e-01 -3.839875e-01 -3.333832e+00 -6.414283e-01 -3.161614e+00
1.100000e+02 -1.918514e+00 -1.099392e+00 -6.858624e-01 1.025894e+00 7.542924e-01 1.966344e+00 3.315631e-02 3.233707e-01 -4.523169e-01 -3.407048e+00 -6.722243e-01 -3.246702e+00
1.100800e+02 -2.041095e+00 -1.082152e+00 -7.222678e-01 1.046464e+00 7.401842e-01 1.996316e+00 1.372669e-02 3.580466e-01 -5.237245e-01 -3.487203e+00 -7.099836e-01 -3.324822e+00
1.101600e+02 -2.165576e+00 -1.061016e+00 -7.598158e-01 1.049240e+00 7.274815e-01 2.023660e+00 -3.611192e-03 3.893194e-01 -5.935362e-01 -3.560492e+00 -7.439982e-01 -3.402451e+00
1.102400e+02 -2.291575e+00 -1.034487e+00 -7.953142e-01 1.031914e+00 7.220775e-01 2.046919e+00 -1.424943e-02 4.257815e-01 -6.642085e-01 -3.619443e+00 -7.787512e-01 -3.485407e+00
1.103200e+02 -2.421658e+00 -9.986373e-01 -8.358417e-01 1.006651e+00 7.159459e-01 2.068745e+00 -3.067657e-02 4.502550e-01 -7.289827e-01 -3.690832e+00 -8.112159e-01 -3.561784e+00
1.104000e+02 -2.553531e+00 -9.325242e-01 -8.708788e-01 9.768144e-01 7.192164e-01 2.091866e+00 -4.250766e-02 4.809750e-01 -7.894074e-01 -3.746658e+00 -8.499240e-01 -3.635672e+00
1.104800e+02 -2.683127e+00 -8.763740e-01 -9.107340e-01 9.410948e-01 7.288982e-01 2.112588e+00 -4.976524e-02 5.040264e-01 -8.379271e-01 -3.792555e+00 -8.875035e-01 -3.702957e+00
1.105600e+02 -2.804515e+00 -8.176855e-01 -9.445460e-01 8.866940e-01 7.498214e-01 2.130896e+00 -5.267763e-02 5.314144e-01 -8.819270e-01 -3.831753e+00 -9.269023e-01 -3.770947e+00
1.106400e+02 -2.915146e+00 -7.837439e-01 -9.644649e-01 8.217727e-01 7.883214e-01 2.150442e+00 -4.345066e-02 5.630950e-01 -9.174989e-01 -3.824607e+00 -9.695595e-01 -3.829002e+00
1.107200e+02 -3.027774e+00 -7.648848e-01 -9.786041e-01 7.811199e-01 8.339692e-01 2.176505e+00 -3.948200e-02 5.910709e-01 -9.451506e-01 -3.825713e+00 -1.023018e+00 -3.867605e+00
1.108000e+02 -3.133587e+00 -7.298981e-01 -9.785094e-01 7.541794e-01 8.975923e-01 2.205826e+00 -2.425181e-02 6.327403e-01 -9.736316e-01 -3.787940e+00 -1.092316e+00 -3.920129e+00
1.108800e+02 -3.224661e+00 -7.098784e-01 -9.798260e-01 7.357020e-01 9.669762e-01 2.233633e+00 -2.509778e-02 6.764850e-01 -1.003401e+00 -3.763432e+00 -1.161808e+00 -3.923246e+00
1.109600e+02 -3.302795e+00 -7.105595e-01 -9.884128e-01 7.230785e-01 1.037032e+00 2.252912e+00 -2.899127e-02 7.095343e-01 -1.036956e+00 -3.745163e+00 -1.229775e+00 -3.926294e+00
1.110400e+02 -3.365305e+00 -7.290618e-01 -9.958400e-01 7.213011e-01 1.108778e+00 2.270515e+00 -3.833217e-02 7.379508e-01 -1.095552e+00 -3.755920e+00 -1.294857e+00 -3.914467e+00
1.111200e+02 -3.412573e+00 -7.756384e-01 -1.000223e+00 7.266539e-01 1.183446e+00 2.281568e+00 -5.000983e-02 7.686966e-01 -1.183689e+00 -3.786563e+00 -1.357916e+00 -3.899557e+00
1.112000e+02 -3.445715e+00 -8.369951e-01 -9.931680e-01 7.591280e-01 1.261296e+00 2.290539e+00 -6.334048e-02 8.129445e-01 -1.284682e+00 -3.783891e+00 -1.426927e+00 -3.879728e+00
1.112800e+02 -3.467350e+00 -9.114549e-01 -9.849200e-01 7.983891e-01 1.331303e+00 2.287272e+00 -9.334104e-02 8.530823e-01 -1.378245e+00 -3.778056e+00 -1.490409e+00 -3.837069e+00
1.113600e+02 -3.486386e+00 -9.807098e-01 -9.810119e-01 8.428420e-01 1.381174e+00 2.274743e+00 -1.487587e-01 8.802164e-01 -1.448657e+00 -3.792194e+00 -1.540748e+00 -3.777500e+00
1.114400e+02 -3.497644e+00 -1.057723e+00 -9.741602e-01 8.889076e-01 1.417576e+00 2.248461e+00 -2.070691e-01 8.961472e-01 -1.487931e+00 -3.776207e+00 -1.581575e+00 -3.706808e+00
1.115200e+02 -3.497493e+00 -1.133309e+00 -9.637161e-01 9.360773e-01 1.436794e+00 2.212901e+00 -2.610257e-01 8.981413e-01 -1.501119e+00 -3.734839e+00 -1.614759e+00 -3.640244e+00
1.116000e+02 -3.493280e+00 -1.192777e+00 -9.504599e-01 9.898163e-01 1.440174e+00 2.176318e+00 -3.153960e-01 8.909866e-01 -1.492653e+00 -3.697175e+00 -1.639421e+00 -3.569768e+00
1.116800e+02 -3.486367e+00 -1.239136e+00 -9.314264e-01 1.030618e+00 1.444242e+00 2.125714e+00 -3.663757e-01 9.267387e-01 -1.481398e+00 -3.692137e+00 -1.661720e+00 -3.502494e+00
1.117600e+02 -3.464778e+00 -1.291421e+00 -9.069221e-01 1.061820e+00 1.446576e+00 2.078860e+00 -4.027956e-01 9.769597e-01 -1.444133e+00 -3.660918e+00 -1.678778e+00 -3.405445e+00
1.118400e+02 -3.438706e+00 -1.310447e+00 -8.817047e-01 1.097159e+00 1.443335e+00 2.023213e+00 -4.294444e-01 1.040910e+00 -1.385720e+00 -3.633143e+00 -1.701652e+00 -3.330499e+00
1.119200e+02 -3.403568e+00 -1.321447e+00 -8.547473e-01 1.134074e+00 1.451900e+00 1.962610e+00 -4.310625e-01 1.145265e+00 -1.332366e+00 -3.595725e+00 -1.724198e+00 -3.253847e+00
1.120000e+02 -3.351805e+00 -1.307739e+00 -8.299264e-01 1.149663e+00 1.467002e+00 1.884948e+00 -4.017991e-01 1.250926e+00 -1.303569e+00 -3.571307e+00 -1.738062e+00 -3.179886e+00
1.120800e+02 -3.300912e+00 -1.275260e+00 -8.147931e-01 1.181233e+00 1.485929e+00 1.806313e+00 -3.483155e-01 1.336734e+00 -1.311862e+00 -3.580177e+00 -1.749090e+00 -3.101140e+00
1.121600e+02 -3.242035e+00 -1.239471e+00 -8.012038e-01 1.200195e+00 1.528486e+00 1.714269e+00 -2.793953e-01 1.457793e+00 -1.362810e+00 -3.609807e+00 -1.756465e+00 -3.025875e+00
1.122400e+02 -3.172396e+00 -1.194816e+00 -8.137080e-01 1.189193e+00 1.562241e+00 1.601895e+00 -2.306395e-01 1.548712e+00 -1.404497e+00 -3.684396e+00 -1.742239e+00 -2.946862e+00
1.123200e+02 -3.115073e+00 -1.186591e+00 -8.340256e-01 1.206545e+00 1.600499e+00 1.476483e+00 -1.764770e-01 1.630438e+00 -1.444129e+00 -3.710411e+00 -1.723411e+00 -2.886939e+00
1.124000e+02 -3.078565e+00 -1.140427e+00 -8.744592e-01 1.258580e+00 1.606335e+00 1.360576e+00 -1.778087e-01 1.670285e+00 -1.475535e+00 -3.787721e+00 -1.695580e+00 -2.791424e+00
1.124800e+02 -3.046712e+00 -1.085536e+00 -9.149573e-01 1.319140e+00 1.609493e+00 1.234288e+00 -1.886674e-01 1.714001e+00 -1.527189e+00 -3.832363e+00 -1.670597e+00 -2.701765e+00
1.125600e+02 -3.004129e+00 -1.013003e+00 -9.574725e-01 1.344412e+00 1.599293e+00 1.087947e+00 -2.127189e-01 1.749279e+00 -1.594295e+00 -3.871000e+00 -1.638044e+00 -2.635591e+00
1.126400e+02 -2.972904e+00 -9.386409e-01 -9.905012e-01 1.402470e+00 1.580566e+00 9.481620e-01 -2.553517e-01 1.795266e+00 -1.695443e+00 -3.930207e+00 -1.611493e+00 -2.546828e+00
1.127200e+02 -2.946406e+00 -8.714573e-01 -1.016017e+00 1.458993e+00 1.563946e+00 8.234136e-01 -2.898088e-01 1.863740e+00 -1.834122e+00 -3.965020e+00 -1.591665e+00 -2.486915e+00
1.128000e+02 -2.917943e+00 -8.178998e-01 -1.035276e+00 1.522759e+00 1.542543e+00 6.961275e-01 -2.999326e-01 1.916793e+00 -1.962867e+00 -3.955167e+00 -1.570490e+00 -2.430502e+00
1.128800e+02 -2.885282e+00 -7.642996e-01 -1.037129e+00 1.587447e+00 1.531576e+00 5.729544e-01 -2.679556e-01 1.993028e+00 -2.053947e+00 -3.876335e+00 -1.555048e+00 -2.390702e+00
1.129600e+02 -2.858975e+00 -6.872971e-01 -1.046143e+00 1.657939e+00 1.497574e+00 4.738793e-01 -2.245322e-01 2.000063e+00 -2.040150e+00 -3.775374e+00 -1.531632e+00 -2.345217e+00
1.130400e+02 -2.829632e+00 -6.362578e-01 -1.061601e+00 1.720596e+00 1.457561e+00 3.765904e-01 -1.643585e-01 2.000067e+00 -1.956275e+00 -3.713732e+00 -1.494081e+00 -2.280446e+00
1.131200e+02 -2.800340e+00 -5.756740e-01 -1.068172e+00 1.777262e+00 1.428784e+00 2.926307e-01 -9.416994e-02 2.041261e+00 -1.859597e+00 -3.708274e+00 -1.465452e+00 -2.222719e+00
1.132000e+02 -2.782530e+00 -5.042292e-01 -1.082370e+00 1.825823e+00 1.396425e+00 2.152240e-01 -2.519838e-02 2.076606e+00 -1.773671e+00 -3.801619e+00 -1.443883e+00 -2.136363e+00
1.132800e+02 -2.764262e+00 -4.489661e-01 -1.084495e+00 1.861025e+00 1.384205e+00 1.524500e-01 5.969018e-02 2.140811e+00 -1.747650e+00 -3.891629e+00 -1.439184e+00 -2.092020e+00
1.133600e+02 -2.748735e+00 -3.983659e-01 -1.078326e+00 1.884856e+00 1.388498e+00 9.167550e-02 1.527300e-01 2.232327e+00 -1.808807e+00 -4.030945e+00 -1.449541e+00 -2.048314e+00
1.134400e+02 -2.726057e+00 -4.098587e-01 -1.063414e+00 1.879604e+00 1.419609e+00 3.256054e-02 2.947408e-01 2.317568e+00 -1.935500e+00 -4.073355e+00 -1.469460e+00 -2.048322e+00
1.135200e+02 -2.689015e+00 -4.524668e-01 -1.017359e+00 1.876688e+00 1.492179e+00 -9.922938e-03 4.617605e-01 2.443451e+00 -2.124876e+00 -3.985935e+00 -1.510908e+00 -2.087489e+00
1.136000e+02 -2.645463e+00 -5.139068e-01 -9.719081e-01 1.858441e+00 1.579018e+00 -5.534140e-02 6.286523e-01 2.570866e+00 -2.326803e+00 -3.865468e+00 -1.547003e+00 -2.119977e+00
1.136800e+02 -2.594124e+00 -5.575819e-01 -9.221513e-01 1.849690e+00 1.660924e+00 -8.138787e-02 7.869636e-01 2.648052e+00 -2.503417e+00 -3.697883e+00 -1.576984e+00 -2.181614e+00
1.137600e+02 -2.530082e+00 -6.329703e-01 -8.691418e-01 1.835731e+00 1.748456e+00 -1.004141e-01 9.396899e-01 2.719790e+00 -2.645003e+00 -3.482582e+00 -1.601754e+00 -2.269476e+00
1.138400e+02 -2.461626e+00 -7.081191e-01 -8.089709e-01 1.833784e+00 1.835572e+00 -1.033454e-01 1.074537e+00 2.797741e+00 -2.715780e+00 -3.220815e+00 -1.623872e+00 -2.357507e+00
1.139200e+02 -2.391726e+00 -7.770804e-01 -7.505156e-01 1.833118e+00 1.911776e+00 -7.583710e-02 1.166661e+00 2.875824e+00 -2.719799e+00 -2.963405e+00 -1.640502e+00 -2.456920e+00
1.140000e+02 -2.321651e+00 -8.378151e-01 -6.928861e-01 1.829707e+00 1.981481e+00 -4.021492e-02 1.239633e+00 2.965630e+00 -2.675264e+00 -2.721504e+00 -1.652077e+00 -2.564922e+00
1.140800e+02 -2.257766e+00 -9.139013e-01 -6.367275e-01 1.843071e+00 2.047946e+00 3.382507e-03 1.289986e+00 3.075850e+00 -2.587083e+00 -2.489157e+00 -1.660252e+00 -2.670850e+00
1.141600e+02 -2.189716e+00 -9.715508e-01 -5.833643e-01 1.859268e+00 2.100708e+00 4.254373e-02 1.324496e+00 3.174498e+00 -2.461242e+00 -2.277460e+00 -1.657928e+00 -2.787037e+00
1.142400e+02 -2.126012e+00 -1.019561e+00 -5.325891e-01 1.884268e+00 2.148616e+00 8.439217e-02 1.341745e+00 3.290099e+00 -2.331287e+00 -2.115743e+00 -1.654106e+00 -2.883760e+00
1.143200e+02 -2.075145e+00 -1.047483e+00 -4.935757e-01 1.907396e+00 2.176507e+00 1.459591e-01 1.328183e+00 3.385766e+00 -2.200906e+00 -2.015691e+00 -1.648108e+00 -2.974526e+00
1.144000e+02 -2.027951e+00 -1.066245e+00 -4.536759e-01 1.930227e+00 2.200247e+00 2.165115e-01 1.320534e+00 3.476025e+00 -2.079411e+00 -1.896800e+00 -1.638612e+00 -3.060381e+00
1.144800e+02 -1.994828e+00 -1.056887e+00 -4.305524e-01 1.961899e+00 2.202431e+00 2.880645e-01 1.288858e+00 3.539018e+00 -1.966732e+00 -1.838492e+00 -1.619026e+00 -3.123018e+00
1.145600e+02 -1.965870e+00 -1.040363e+00 -4.118398e-01 1.990788e+00 2.203067e+00 3.657184e-01 1.258912e+00 3.606101e+00 -1.872639e+00 -1.776695e+00 -1.592342e+00 -3.163051e+00
1.146400e+02 -1.944382e+00 -1.009875e+00 -3.964628e-01 2.017456e+00 2.203822e+00 4.565846e-01 1.220401e+00 3.675860e+00 -1.805674e+00 -1.723802e+00 -1.562273e+00 -3.191053e+00
1.147200e+02 -1.936484e+00 -9.608843e-01 -3.910546e-01 2.060492e+00 2.193655e+00 5.445305e-01 1.177255e+00 3.729106e+00 -1.751620e+00 -1.689298e+00 -1.524321e+00 -3.205263e+00
1.148000e+02 -1.935515e+00 -8.972274e-01 -3.886729e-01 2.105386e+00 2.182814e+00 6.356275e-01 1.139550e+00 3.775778e+00 -1.710413e+00 -1.643156e+00 -1.481891e+00 -3.210741e+00
1.148800e+02 -1.955987e+00 -8.171407e-01 -4.002364e-01 2.147772e+00 2.169561e+00 7.253261e-01 1.094669e+00 3.815820e+00 -1.671839e+00 -1.610208e+00 -1.432728e+00 -3.228479e+00
1.149600e+02 -1.982376e+00 -7.257332e-01 -4.147371e-01 2.187949e+00 2.157780e+00 8.153179e-01 1.047474e+00 3.849204e+00 -1.634903e+00 -1.569995e+00 -1.382500e+00 -3.248744e+00
1.150400e+02 -2.020443e+00 -6.180799e-01 -4.388057e-01 2.236883e+00 2.144881e+00 8.916105e-01 1.000506e+00 3.873128e+00 -1.599966e+00 -1.565723e+00 -1.329560e+00 -3.254403e+00
1.151200e+02 -2.057834e+00 -5.103445e-01 -4.592568e-01 2.291361e+00 2.147549e+00 9.659815e-01 9.604387e-01 3.907424e+00 -1.576950e+00 -1.539847e+00 -1.283976e+00 -3.255344e+00
1.152000e+02 -2.109701e+00 -3.997065e-01 -4.935793e-01 2.339389e+00 2.154719e+00 1.020399e+00 9.118290e-01 3.938292e+00 -1.562765e+00 -1.564917e+00 -1.241426e+00 -3.245221e+00
1.152800e+02 -2.159011e+00 -2.771295e-01 -5.238718e-01 2.399512e+00 2.175846e+00 1.075314e+00 8.656829e-01 3.970508e+00 -1.558357e+00 -1.586129e+00 -1.212076e+00 -3.213566e+00
1.153600e+02 -2.206503e+00 -1.649862e-01 -5.467672e-01 2.462620e+00 2.214590e+00 1.125867e+00 8.274011e-01 4.011920e+00 -1.553857e+00 -1.557907e+00 -1.199186e+00 -3.198886e+00
1.154400e+02 -2.245322e+00 -7.279213e-02 -5.537185e-01 2.540240e+00 2.275832e+00 1.174186e+00 8.074006e-01 4.071395e+00 -1.535010e+00 -1.439494e+00 -1.208378e+00 -3.205115e+00
1.155200e+02 -2.281740e+00 -1.510563e-03 -5.687906e-01 2.624587e+00 2.337326e+00 1.209370e+00 7.768845e-01 4.118031e+00 -1.482167e+00 -1.363921e+00 -1.223914e+00 -3.163517e+00
1.156000e+02 -2.308600e+00 7.208636e-02 -5.717992e-01 2.721156e+00 2.408558e+00 1.246469e+00 7.574117e-01 4.163769e+00 -1.395820e+00 -1.267608e+00 -1.256736e+00 -3.110571e+00
1.156800e+02 -2.327207e+00 1.381065e-01 -5.634695e-01 2.824471e+00 2.494181e+00 1.274596e+00 7.454192e-01 4.228277e+00 -1.283006e+00 -1.163239e+00 -1.307123e+00 -3.062222e+00
1.157600e+02 -2.333072e+00 1.940640e-01 -5.440047e-01 2.939195e+00 2.587266e+00 1.298800e+00 7.318681e-01 4.299979e+00 -1.151889e+00 -1.081805e+00 -1.370883e+00 -2.971731e+00
1.158400e+02 -2.331821e+00 2.381270e-01 -5.184548e-01 3.062505e+00 2.683101e+00 1.320165e+00 7.156629e-01 4.377242e+00 -1.010181e+00 -1.022631e+00 -1.445039e+00 -2.873615e+00
1.159200e+02 -2.313414e+00 2.805664e-01 -4.779647e-01 3.187564e+00 2.784674e+00 1.339713e+00 6.975140e-01 4.464846e+00 -8.675369e-01 -9.633472e-01 -1.524706e+00 -2.746552e+00
1.160000e+02 -2.289999e+00 3.238534e-01 -4.360311e-01 3.324789e+00 2.879703e+00 1.361615e+00 6.681310e-01 4.548155e+00 -7.372212e-01 -9.437539e-01 -1.601799e+00 -2.607457e+00
1.160800e+02 -2.262385e+00 3.475961e-01 -3.873917e-01 3.449144e+00 2.975104e+00 1.420825e+00 6.142867e-01 4.643992e+00 -6.380038e-01 -9.413342e-01 -1.679964e+00 -2.470915e+00
1.161600e+02 -2.228536e+00 3.726521e-01 -3.359674e-01 3.587729e+00 3.059358e+00 1.483978e+00 5.622231e-01 4.713261e+00 -5.682388e-01 -9.561955e-01 -1.748035e+00 -2.320393e+00
1.162400e+02 -2.195931e+00 3.926383e-01 -2.740830e-01 3.729891e+00 3.150576e+00 1.561429e+00 5.114927e-01 4.801484e+00 -5.532589e-01 -9.564943e-01 -1.813710e+00 -2.161351e+00
1.163200e+02 -2.150882e+00 4.376774e-01 -2.041890e-01 3.882836e+00 3.247183e+00 1.595905e+00 4.857469e-01 4.893277e+00 -5.721833e-01 -9.242078e-01 -1.864384e+00 -2.009086e+00
1.164000e+02 -2.101993e+00 4.931990e-01 -1.378781e-01 4.027261e+00 3.341884e+00 1.626243e+00 4.470054e-01 4.992398e+00 -6.298572e-01 -8.996572e-01 -1.895609e+00 -1.848409e+00
1.164800e+02 -2.041994e+00 5.490529e-01 -6.574954e-02 4.158400e+00 3.447249e+00 1.664095e+00 4.194573e-01 5.097430e+00 -7.056073e-01 -8.062097e-01 -1.908695e+00 -1.705659e+00
1.165600e+02 -1.991223e+00 6.055356e-01 1.541464e-03 4.293716e+00 3.555109e+00 1.744997e+00 3.800297e-01 5.194389e+00 -7.895998e-01 -6.782363e-01 -1.908076e+00 -1.585910e+00
1.166400e+02 -1.932808e+00 6.801793e-01 5.821040e-02 4.431245e+00 3.658956e+00 1.821194e+00 3.484362e-01 5.281767e+00 -8.571170e-01 -5.424253e-01 -1.890453e+00 -1.453654e+00
1.167200e+02 -1.866665e+00 7.532860e-01 1.067241e-01 4.537842e+00 3.765724e+00 1.897873e+00 3.131169e-01 5.381346e+00 -9.125991e-01 -3.882167e-01 -1.860881e+00 -1.331902e+00
1.168000e+02 -1.802189e+00 8.515486e-01 1.414227e-01 4.654100e+00 3.856629e+00 1.996945e+00 2.644840e-01 5.448905e+00 -9.413704e-01 -2.481824e-01 -1.826196e+00 -1.191989e+00
1.168800e+02 -1.750625e+00 9.675225e-01 1.641439e-01 4.749087e+00 3.939541e+00 2.101899e+00 2.092670e-01 5.519300e+00 -9.605018e-01 -1.037976e-01 -1.792086e+00 -1.112797e+00
1.169600e+02 -1.706261e+00 1.073015e+00 1.770815e-01 4.832616e+00 4.005550e+00 2.270711e+00 1.304241e-01 5.603084e+00 -9.832253e-01 3.101274e-02 -1.770608e+00 -1.057591e+00
1.170400e+02 -1.653557e+00 1.179260e+00 1.965553e-01 4.876801e+00 4.064758e+00 2.475809e+00 4.185510e-02 5.718170e+00 -1.007028e+00 1.802917e-01 -1.764088e+00 -9.901509e-01
1.171200e+02 -1.599519e+00 1.278016e+00 2.158390e-01 4.935756e+00 4.090141e+00 2.694708e+00 -5.418024e-02 5.839808e+00 -1.028535e+00 3.172100e-01 -1.763439e+00 -9.324382e-01
1.172000e+02 -1.554720e+00 1.390721e+00 2.323074e-01 4.993612e+00 4.071574e+00 2.927975e+00 -1.830632e-01 5.961443e+00 -1.051465e+00 4.192285e-01 -1.774430e+00 -8.816364e-01
1.172800e+02 -1.512282e+00 1.525854e+00 2.405757e-01 5.054801e+00 4.007046e+00 3.129580e+00 -3.325364e-01 6.028004e+00 -1.049457e+00 5.084774e-01 -1.778125e+00 -8.283162e-01
1.173600e+02 -1.463905e+00 1.650110e+00 2.554374e-01 5.113194e+00 3.945236e+00 3.281427e+00 -4.849218e-01 6.120413e+00 -1.054182e+00 6.057125e-01 -1.792905e+00 -7.674181e-01
1.174400e+02 -1.414892e+00 1.761493e+00 2.804545e-01 5.149321e+00 3.896363e+00 3.419944e+00 -6.582845e-01 6.224697e+00 -1.059628e+00 7.148259e-01 -1.811752e+00 -7.005117e-01
1.175200e+02 -1.369598e+00 1.856127e+00 3.000336e-01 5.206366e+00 3.867301e+00 3.513441e+00 -8.651349e-01 6.312386e+00 -1.049470e+00 7.997148e-01 -1.827213e+00 -6.203592e-01
1.176000e+02 -1.336870e+00 1.988548e+00 3.148029e-01 5.272086e+00 3.857270e+00 3.578301e+00 -1.070171e+00 6.349460e+00 -1.007645e+00 9.157639e-01 -1.844235e+00 -5.304532e-01
1.176800e+02 -1.308027e+00 2.127694e+00 3.191245e-01 5.348045e+00 3.865533e+00 3.604453e+00 -1.280077e+00 6.351872e+00 -9.443620e-01 1.058646e+00 -1.860042e+00 -4.357079e-01
1.177600e+02 -1.297672e+00 2.299420e+00 2.993247e-01 5.444003e+00 3.883173e+00 3.597513e+00 -1.483163e+00 6.342949e+00 -8.589518e-01 1.181092e+00 -1.873555e+00 -3.596429e-01
1.178400e+02 -1.265829e+00 2.463067e+00 2.708001e-01 5.525323e+00 3.927626e+00 3.524487e+00 -1.635048e+00 6.406332e+00 -7.655177e-01 1.301304e+00 -1.879462e+00 -2.499175e-01
1.179200e+02 -1.217734e+00 2.648244e+00 2.232729e-01 5.654309e+00 3.974117e+00 3.376515e+00 -1.707831e+00 6.431080e+00 -6.277772e-01 1.485838e+00 -1.861737e+00 -1.127032e-01
1.180000e+02 -1.170831e+00 2.872154e+00 1.592587e-01 5.818351e+00 4.014804e+00 3.172876e+00 -1.699567e+00 6.470408e+00 -4.798253e-01 1.654369e+00 -1.832629e+00 3.330259e-02
1.180800e+02 -1.115200e+00 3.077059e+00 8.752516e-02 6.001601e+00 4.054662e+00 2.942214e+00 -1.578159e+00 6.482152e+00 -3.110338e-01 1.873449e+00 -1.775829e+00 1.914996e-01
1.181600e+02 -1.053048e+00 3.305566e+00 4.754710e-02 6.088198e+00 4.091993e+00 2.757130e+00 -1.329686e+00 6.495369e+00 -1.707102e-01 2.106410e+00 -1.720613e+00 3.255598e-01
1.182400e+02 -9.576415e-01 3.551498e+00 4.175065e-02 6.079768e+00 4.077486e+00 2.611169e+00 -9.626732e-01 6.339129e+00 -8.638667e-03 2.439003e+00 -1.640118e+00 4.633821e-01
1.183200e+02 -8.635570e-01 3.792797e+00 1.102818e-01 6.033562e+00 4.033525e+00 2.485983e+00 -5.145685e-01 6.219281e+00 9.658400e-02 2.781813e+00 -1.566176e+00 5.769126e-01
1.184000e+02 -7.467212e-01 4.041677e+00 2.571156e-01 5.760960e+00 3.913013e+00 2.465197e+00 -6.345539e-02 6.013896e+00 1.701901e-01 3.126904e+00 -1.482032e+00 6.845720e-01
1.184800e+02 -6.455721e-01 4.220367e+00 4.735333e-01 5.355675e+00 3.701170e+00 2.593392e+00 3.414474e-01 5.855566e+00 1.744144e-01 3.412135e+00 -1.405285e+00 7.512980e-01
1.185600e+02 -5.284615e-01 4.423267e+00 7.762237e-01 4.949237e+00 3.372537e+00 2.709455e+00 7.341704e-01 5.631031e+00 1.686859e-01 3.744124e+00 -1.339006e+00 8.389955e-01
1.186400e+02 -4.441001e-01 4.579126e+00 1.112151e+00 4.527166e+00 2.903679e+00 2.904506e+00 1.005218e+00 5.392888e+00 1.207827e-01 4.045710e+00 -1.281132e+00 8.711526e-01
1.187200e+02 -3.900710e-01 4.628280e+00 1.457062e+00 4.067506e+00 2.368753e+00 3.262508e+00 1.123511e+00 5.212311e+00 -2.386643e-03 4.286289e+00 -1.243407e+00 8.508092e-01
1.188000e+02 -3.183552e-01 4.675802e+00 1.776641e+00 3.734159e+00 1.836666e+00 3.534925e+00 1.179014e+00 5.060098e+00 -1.214137e-01 4.491824e+00 -1.209422e+00 8.733397e-01
1.188800e+02 -2.672506e-01 4.723149e+00 2.051054e+00 3.539692e+00 1.406232e+00 3.763227e+00 1.146767e+00 5.030902e+00 -2.734238e-01 4.669622e+00 -1.197089e+00 9.194668e-01
1.189600e+02 -2.106127e-01 4.798677e+00 2.227450e+00 3.472789e+00 1.147767e+00 3.921697e+00 1.051540e+00 5.086559e+00 -4.105631e-01 4.837052e+00 -1.178320e+00 9.726346e-01
1.190400e+02 -1.754866e-01 4.856818e+00 2.269162e+00 3.607626e+00 1.081944e+00 4.118414e+00 8.700061e-01 5.292765e+00 -5.524494e-01 4.999766e+00 -1.167971e+00 1.062103e+00
1.191200e+02 -1.299633e-01 4.948848e+00 2.152692e+00 4.000636e+00 1.170711e+00 4.178916e+00 6.865108e-01 5.512570e+00 -6.517876e-01 5.176848e+00 -1.142596e+00 1.182130e+00
1.192000e+02 -8.571389e-02 5.108740e+00 1.876995e+00 4.507885e+00 1.347522e+00 4.148511e+00 6.075481e-01 5.569506e+00 -7.203363e-01 5.358488e+00 -1.115180e+00 1.276559e+00
1.192800e+02 -7.479430e-02 5.193133e+00 1.495308e+00 5.001236e+00 1.587131e+00 4.079775e+00 7.509244e-01 5.508430e+00 -8.252723e-01 5.464060e+00 -1.112821e+00 1.290242e+00
1.193600e+02 -1.696169e-02 5.281353e+00 1.156350e+00 5.263249e+00 1.870658e+00 3.913277e+00 1.082426e+00 5.486234e+00 -9.312480e-01 5.526065e+00 -1.118953e+00 1.279910e+00
1.194400e+02 4.986049e-02 5.341636e+00 9.170306e-01 5.362946e+00 2.151164e+00 3.664105e+00 1.478557e+00 5.528088e+00 -9.963363e-01 5.500879e+00 -1.134044e+00 1.264441e+00
1.195200e+02 1.090837e-01 5.354550e+00 8.401584e-01 5.396222e+00 2.430278e+00 3.401190e+00 1.906476e+00 5.632589e+00 -1.035578e+00 5.479844e+00 -1.177985e+00 1.247879e+00
1.196000e+02 1.610757e-01 5.319248e+00 8.883603e-01 5.487855e+00 2.681295e+00 3.278014e+00 2.261245e+00 5.741429e+00 -1.060545e+00 5.439612e+00 -1.271603e+00 1.242844e+00
1.196800e+02 2.159729e-01 5.284909e+00 9.901291e-01 5.712482e+00 2.871425e+00 3.182635e+00 2.559635e+00 5.813068e+00 -1.054049e+00 5.387026e+00 -1.380674e+00 1.246391e+00
1.197600e+02 2.895567e-01 5.275523e+00 1.094320e+00 5.965380e+00 2.950496e+00 3.160259e+00 2.760192e+00 5.814692e+00 -1.005658e+00 5.333559e+00 -1.487913e+00 1.296565e+00
1.198400e+02 3.429524e-01 5.252581e+00 1.208562e+00 6.158996e+00 2.945454e+00 3.163382e+00 2.853966e+00 5.882205e+00 -9.799759e-01 5.216903e+00 -1.617118e+00 1.364649e+00
1.199200e+02 3.962716e-01 5.206928e+00 1.319543e+00 6.238844e+00 2.869269e+00 3.137682e+00 2.867837e+00 6.002258e+00 -9.512007e-01 5.104140e+00 -1.737667e+00 1.456740e+00
1.200000e+02 4.388296e-01 5.136815e+00 1.430946e+00 6.212289e+00 2.724807e+00 3.198566e+00 2.732703e+00 6.101422e+00 -9.126902e-01 4.995243e+00 -1.849417e+00 1.578098e+00
1.200800e+02 4.875966e-01 5.070465e+00 1.557928e+00 6.051564e+00 2.576544e+00 3.184575e+00 2.573106e+00 6.234711e+00 -8.828590e-01 4.819273e+00 -1.932270e+00 1.713316e+00
1.201600e+02 5.391839e-01 5.021971e+00 1.712085e+00 5.805102e+00 2.469966e+00 3.169691e+00 2.437349e+00 6.321887e+00 -8.669545e-01 4.669253e+00 -1.997663e+00 1.836386e+00
1.202400e+02 6.303061e-01 5.016975e+00 1.862802e+00 5.384351e+00 2.440455e+00 3.090689e+00 2.379033e+00 6.395292e+00 -8.655733e-01 4.510489e+00 -2.017341e+00 1.883311e+00
1.203200e+02 7.337624e-01 5.046703e+00 1.939607e+00 5.029745e+00 2.475580e+00 3.020428e+00 2.359519e+00 6.404741e+00 -8.275091e-01 4.349298e+00 -2.000200e+00 1.953453e+00
1.204000e+02 8.961186e-01 5.178589e+00 1.793620e+00 4.798316e+00 2.535132e+00 2.906355e+00 2.337510e+00 6.312071e+00 -7.252639e-01 4.189879e+00 -1.921424e+00 2.063270e+00
1.204800e+02 1.065632e+00 5.405119e+00 1.544668e+00 4.690476e+00 2.612425e+00 2.774231e+00 2.342525e+00 6.129364e+00 -5.865533e-01 4.139513e+00 -1.802793e+00 2.215092e+00
1.205600e+02 1.149435e+00 5.541402e+00 1.564489e+00 4.386565e+00 2.714760e+00 2.728678e+00 2.354667e+00 5.918639e+00 -4.886875e-01 4.216376e+00 -1.714185e+00 2.373072e+00
1.206400e+02 1.097258e+00 5.480772e+00 1.896721e+00 4.160364e+00 2.862887e+00 2.786258e+00 2.387988e+00 5.818495e+00 -5.336626e-01 4.417632e+00 -1.715234e+00 2.527636e+00
1.207200e+02 9.977211e-01 5.396016e+00 2.323178e+00 4.031549e+00 2.960385e+00 2.831742e+00 2.453397e+00 5.665747e+00 -6.484675e-01 4.665279e+00 -1.735894e+00 2.685068e+00
1.208000e+02 8.445114e-01 5.287681e+00 2.783905e+00 4.088010e+00 3.025150e+00 2.909127e+00 2.531221e+00 5.578570e+00 -8.836588e-01 4.929945e+00 -1.809094e+00 2.823375e+00
1.208800e+02 7.154131e-01 5.201837e+00 3.179377e+00 4.199336e+00 3.027899e+00 2.966645e+00 2.627177e+00 5.486336e+00 -1.144300e+00 5.080177e+00 -1.890223e+00 2.980007e+00
1.209600e+02 6.208360e-01 5.151596e+00 3.472025e+00 4.432347e+00 2.975008e+00 3.001453e+00 2.741632e+00 5.356437e+00 -1.372849e+00 5.221548e+00 -1.953052e+00 3.120037e+00
1.210400e+02 5.504424e-01 5.143195e+00 3.612288e+00 4.737473e+00 2.869042e+00 3.016668e+00 2.830566e+00 5.230333e+00 -1.598710e+00 5.274019e+00 -2.008262e+00 3.223314e+00
1.211200e+02 5.320974e-01 5.154998e+00 3.612094e+00 4.959203e+00 2.736579e+00 3.021584e+00 2.904775e+00 5.151568e+00 -1.827789e+00 5.295685e+00 -2.036759e+00 3.254323e+00
1.212000e+02 5.433148e-01 5.217970e+00 3.511237e+00 5.138254e+00 2.554875e+00 3.001846e+00 2.970949e+00 5.016764e+00 -2.001463e+00 5.348006e+00 -2.039382e+00 3.319304e+00
1.212800e+02 5.994805e-01 5.338982e+00 3.342787e+00 5.136346e+00 2.339654e+00 2.900653e+00 3.000952e+00 4.851399e+00 -2.148912e+00 5.386901e+00 -2.021991e+00 3.385894e+00
1.213600e+02 6.679168e-01 5.445444e+00 3.149759e+00 5.090993e+00 2.122045e+00 2.738847e+00 3.033748e+00 4.672566e+00 -2.268472e+00 5.507242e+00 -1.984448e+00 3.423694e+00
1.214400e+02 7.249564e-01 5.554985e+00 2.966591e+00 5.074097e+00 1.928922e+00 2.537676e+00 3.075823e+00 4.530171e+00 -2.405061e+00 5.584783e+00 -1.947908e+00 3.427541e+00
1.215200e+02 7.979627e-01 5.689862e+00 2.862979e+00 5.110466e+00 1.788032e+00 2.281742e+00 3.125058e+00 4.452087e+00 -2.533603e+00 5.628022e+00 -1.938195e+00 3.449112e+00
1.216000e+02 8.714520e-01 5.793342e+00 2.830420e+00 5.139631e+00 1.699811e+00 2.026206e+00 3.153290e+00 4.380019e+00 -2.658798e+00 5.637582e+00 -1.924773e+00 3.451222e+00
1.216800e+02 9.150318e-01 5.891874e+00 2.870513e+00 5.202520e+00 1.681659e+00 1.853928e+00 3.125455e+00 4.371754e+00 -2.806305e+00 5.637459e+00 -1.975011e+00 3.443815e+00
1.217600e+02 9.270050e-01 5.947502e+00 2.926080e+00 5.157913e+00 1.716325e+00 1.756482e+00 3.018682e+00 4.460490e+00 -2.969458e+00 5.617132e+00 -2.068244e+00 3.395736e+00
1.218400e+02 8.854202e-01 5.943425e+00 2.924019e+00 5.136129e+00 1.786436e+00 1.817140e+00 2.760828e+00 4.755576e+00 -3.163163e+00 5.587470e+00 -2.228334e+00 3.344020e+00
1.219200e+02 8.006087e-01 5.876312e+00 2.869023e+00 5.136049e+00 1.839375e+00 1.986569e+00 2.413933e+00 5.089016e+00 -3.343424e+00 5.589459e+00 -2.415213e+00 3.312632e+00
1.220000e+02 7.280080e-01 5.794929e+00 2.765420e+00 4.942776e+00 1.851867e+00 2.126531e+00 2.082360e+00 5.357350e+00 -3.475035e+00 5.594472e+00 -2.576676e+00 3.272154e+00
1.220800e+02 5.991307e-01 5.708338e+00 2.597014e+00 4.884279e+00 1.811013e+00 2.312691e+00 1.794495e+00 5.578899e+00 -3.560607e+00 5.617257e+00 -2.734894e+00 3.242759e+00
1.221600e+02 5.926372e-01 5.699873e+00 2.375871e+00 4.672248e+00 1.697255e+00 2.447316e+00 1.595601e+00 5.677173e+00 -3.548702e+00 5.627072e+00 -2.795367e+00 3.220453e+00
1.222400e+02 5.757030e-01 5.728731e+00 2.103393e+00 4.540916e+00 1.562887e+00 2.546227e+00 1.464614e+00 5.728190e+00 -3.495517e+00 5.627942e+00 -2.813340e+00 3.205125e+00
1.223200e+02 5.991424e-01 5.822223e+00 1.824709e+00 4.435820e+00 1.412910e+00 2.603943e+00 1.385570e+00 5.691159e+00 -3.411682e+00 5.628144e+00 -2.785375e+00 3.196240e+00
1.224000e+02 5.968915e-01 5.903873e+00 1.606308e+00 4.442784e+00 1.260899e+00 2.631251e+00 1.326427e+00 5.601874e+00 -3.333807e+00 5.633570e+00 -2.743876e+00 3.206197e+00
1.224800e+02 5.348358e-01 5.915821e+00 1.498009e+00 4.480703e+00 1.104030e+00 2.611776e+00 1.274325e+00 5.504467e+00 -3.282729e+00 5.669243e+00 -2.698726e+00 3.199091e+00
1.225600e+02 4.283125e-01 5.874856e+00 1.529918e+00 4.449519e+00 9.276176e-01 2.569838e+00 1.219747e+00 5.385879e+00 -3.251964e+00 5.730131e+00 -2.661438e+00 3.215495e+00
1.226400e+02 2.644288e-01 5.830450e+00 1.709076e+00 4.435513e+00 7.485023e-01 2.546139e+00 1.158838e+00 5.317947e+00 -3.271685e+00 5.806800e+00 -2.667713e+00 3.268194e+00
1.227200e+02 8.261003e-02 5.793899e+00 1.893902e+00 4.478791e+00 5.367357e-01 2.579242e+00 1.076158e+00 5.229088e+00 -3.299242e+00 5.879773e+00 -2.668853e+00 3.329390e+00
1.228000e+02 -1.084373e-01 5.772880e+00 2.003489e+00 4.691071e+00 3.084006e-01 2.618379e+00 1.019556e+00 5.120488e+00 -3.310657e+00 5.949568e+00 -2.655457e+00 3.407006e+00
1.228800e+02 -2.435229e-01 5.746693e+00 2.044377e+00 4.805374e+00 5.013626e-02 2.575588e+00 9.979593e-01 4.976843e+00 -3.275352e+00 6.008027e+00 -2.572593e+00 3.477189e+00
1.229600e+02 -3.827260e-01 5.718715e+00 2.076755e+00 4.841202e+00 -1.971274e-01 2.596156e+00 9.792839e-01 4.850829e+00 -3.235765e+00 6.048250e+00 -2.482514e+00 3.563258e+00
1.230400e+02 -5.069218e-01 5.696861e+00 2.135345e+00 4.789286e+00 -4.148557e-01 2.630647e+00 9.865234e-01 4.735166e+00 -3.185629e+00 6.070018e+00 -2.391587e+00 3.656889e+00
1.231200e+02 -6.119517e-01 5.686879e+00 2.247604e+00 4.700565e+00 -5.989727e-01 2.724587e+00 1.010409e+00 4.692466e+00 -3.142208e+00 6.093844e+00 -2.320104e+00 3.761823e+00
1.232000e+02 -7.511751e-01 5.622682e+00 2.313743e+00 4.737685e+00 -7.620253e-01 2.929605e+00 1.019093e+00 4.661371e+00 -3.124879e+00 6.121344e+00 -2.285275e+00 3.781229e+00
1.232800e+02 -8.303887e-01 5.577235e+00 2.221798e+00 4.723519e+00 -9.181724e-01 3.109614e+00 1.047376e+00 4.654520e+00 -3.091838e+00 6.111105e+00 -2.238580e+00 3.785100e+00
1.233600e+02 -8.914864e-01 5.538444e+00 2.038525e+00 4.631736e+00 -1.067293e+00 3.328056e+00 1.061119e+00 4.667469e+00 -3.049363e+00 6.094000e+00 -2.197792e+00 3.790085e+00
1.234400e+02 -9.266704e-01 5.479290e+00 1.847357e+00 4.561099e+00 -1.191462e+00 3.428553e+00 1.100111e+00 4.654001e+00 -2.984482e+00 6.082724e+00 -2.134651e+00 3.785779e+00
1.235200e+02 -9.561678e-01 5.397506e+00 1.756739e+00 4.566580e+00 -1.247846e+00 3.462950e+00 1.139380e+00 4.682987e+00 -2.916563e+00 6.078629e+00 -2.080317e+00 3.806441e+00
1.236000e+02 -9.818544e-01 5.304902e+00 1.747871e+00 4.711337e+00 -1.249436e+00 3.486897e+00 1.149261e+00 4.751268e+00 -2.875817e+00 5.966173e+00 -2.049666e+00 3.901375e+00
1.236800e+02 -1.030102e+00 5.137483e+00 1.769082e+00 5.000261e+00 -1.192019e+00 3.559730e+00 1.137131e+00 4.865675e+00 -2.850406e+00 5.902327e+00 -2.052493e+00 3.912458e+00
1.237600e+02 -1.014523e+00 4.986791e+00 1.751580e+00 5.116441e+00 -1.154768e+00 3.619661e+00 1.124916e+00 4.914802e+00 -2.772764e+00 5.839347e+00 -2.013209e+00 3.909891e+00
1.238400e+02 -9.777304e-01 4.876685e+00 1.698068e+00 5.149590e+00 -1.159888e+00 3.626785e+00 1.134465e+00 4.912178e+00 -2.653611e+00 5.799085e+00 -1.941683e+00 3.916496e+00
1.239200e+02 -9.844529e-01 4.766896e+00 1.622054e+00 5.264924e+00 -1.187673e+00 3.693040e+00 1.135718e+00 4.964792e+00 -2.558889e+00 5.780577e+00 -1.912088e+00 3.929279e+00
1.240000e+02 -9.429027e-01 4.673036e+00 1.529720e+00 5.162915e+00 -1.261760e+00 3.717046e+00 1.182561e+00 5.050989e+00 -2.449772e+00 5.774377e+00 -1.840321e+00 3.935794e+00
1.240800e+02 -9.243396e-01 4.551789e+00 1.410119e+00 5.051458e+00 -1.356041e+00 3.734393e+00 1.232889e+00 5.174194e+00 -2.354537e+00 5.764217e+00 -1.761085e+00 3.907005e+00
1.241600e+02 -9.041951e-01 4.463535e+00 1.307401e+00 4.910238e+00 -1.467528e+00 3.745585e+00 1.284662e+00 5.254829e+00 -2.243596e+00 5.763547e+00 -1.675937e+00 3.901528e+00
1.242400e+02 -8.841457e-01 4.405825e+00 1.237155e+00 4.829660e+00 -1.582288e+00 3.703545e+00 1.348183e+00 5.294730e+00 -2.132940e+00 5.755757e+00 -1.582094e+00 3.927488e+00
1.243200e+02 -8.554003e-01 4.367744e+00 1.219164e+00 4.750924e+00 -1.675627e+00 3.632469e+00 1.421801e+00 5.354396e+00 -2.037051e+00 5.726759e+00 -1.483844e+00 3.964328e+00
1.244000e+02 -8.187007e-01 4.334819e+00 1.253811e+00 4.725738e+00 -1.732510e+00 3.546053e+00 1.500762e+00 5.412160e+00 -1.939156e+00 5.714130e+00 -1.383420e+00 3.970000e+00
1.244800e+02 -7.608615e-01 4.325540e+00 1.327849e+00 4.708748e+00 -1.762506e+00 3.436883e+00 1.584245e+00 5.404691e+00 -1.815523e+00 5.708499e+00 -1.273722e+00 3.967533e+00
1.245600e+02 -6.880751e-01 4.337550e+00 1.432572e+00 4.697401e+00 -1.760072e+00 3.287704e+00 1.682185e+00 5.359771e+00 -1.688212e+00 5.673702e+00 -1.163560e+00 3.946784e+00
1.246400e+02 -6.084839e-01 4.311471e+00 1.570471e+00 4.713857e+00 -1.702646e+00 3.171575e+00 1.775566e+00 5.337178e+00 -1.581710e+00 5.647428e+00 -1.073600e+00 3.891749e+00
1.247200e+02 -5.136310e-01 4.314438e+00 1.707101e+00 4.742740e+00 -1.624448e+00 3.002485e+00 1.878038e+00 5.278118e+00 -1.482902e+00 5.564342e+00 -9.890070e-01 3.815369e+00
1.248000e+02 -4.278966e-01 4.290814e+00 1.842538e+00 4.750646e+00 -1.519827e+00 2.873398e+00 1.956721e+00 5.230494e+00 -1.415096e+00 5.466205e+00 -9.277540e-01 3.687111e+00
1.248800e+02 -3.408887e-01 4.242428e+00 1.966404e+00 4.718432e+00 -1.384601e+00 2.764024e+00 2.019053e+00 5.179905e+00 -1.362790e+00 5.384770e+00 -8.768013e-01 3.531507e+00
1.249600e+02 -2.609356e-01 4.217060e+00 2.063449e+00 4.653700e+00 -1.231794e+00 2.652901e+00 2.062033e+00 5.119166e+00 -1.326532e+00 5.279402e+00 -8.376212e-01 3.368788e+00
1.250400e+02 -2.001241e-01 4.154438e+00 2.143301e+00 4.567041e+00 -1.048536e+00 2.539826e+00 2.087850e+00 5.088537e+00 -1.312707e+00 5.140751e+00 -8.098396e-01 3.192458e+00
1.251200e+02 -1.521893e-01 4.075185e+00 2.217602e+00 4.492633e+00 -8.363577e-01 2.451905e+00 2.103992e+00 5.079741e+00 -1.308353e+00 5.016610e+00 -7.937032e-01 2.993444e+00
1.252000e+02 -1.322992e-01 3.986199e+00 2.281504e+00 4.459147e+00 -6.251381e-01 2.418407e+00 2.078562e+00 5.066069e+00 -1.317731e+00 4.854800e+00 -7.832970e-01 2.802048e+00
1.252800e+02 -1.140557e-01 3.912888e+00 2.352452e+00 4.460407e+00 -4.100236e-01 2.394075e+00 2.042065e+00 5.085099e+00 -1.339473e+00 4.685762e+00 -7.880208e-01 2.613593e+00
1.253600e+02 -1.231598e-01 3.807680e+00 2.421418e+00 4.522414e+00 -2.124021e-01 2.441068e+00 1.970108e+00 5.124678e+00 -1.370833e+00 4.515783e+00 -7.994751e-01 2.427351e+00
1.254400e+02 -1.433052e-01 3.727312e+00 2.459067e+00 4.594383e+00 -6.731185e-02 2.498034e+00 1.874591e+00 5.121040e+00 -1.384574e+00 4.337116e+00 -8.026705e-01 2.236668e+00
1.255200e+02 -1.725242e-01 3.678936e+00 2.462098e+00 4.604683e+00 2.126762e-02 2.547984e+00 1.752204e+00 5.073851e+00 -1.382998e+00 4.137850e+00 -7.967695e-01 2.089175e+00
1.256000e+02 -2.249731e-01 3.584565e+00 2.454083e+00 4.587103e+00 8.050779e-02 2.680526e+00 1.599432e+00 5.037937e+00 -1.395753e+00 3.981845e+00 -8.097960e-01 1.953652e+00
1.256800e+02 -2.769592e-01 3.473669e+00 2.396803e+00 4.594457e+00 8.530738e-02 2.760776e+00 1.454429e+00 4.979289e+00 -1.390271e+00 3.831992e+00 -8.007422e-01 1.838219e+00
1.257600e+02 -3.252963e-01 3.353209e+00 2.303854e+00 4.503897e+00 4.628709e-02 2.858234e+00 1.298659e+00 4.913428e+00 -1.380486e+00 3.684237e+00 -7.825697e-01 1.734915e+00
1.258400e+02 -3.648243e-01 3.257518e+00 2.176393e+00 4.384939e+00 -2.664707e-02 2.862011e+00 1.163450e+00 4.850425e+00 -1.355206e+00 3.534532e+00 -7.583903e-01 1.671810e+00
1.259200e+02 -4.217466e-01 3.136675e+00 2.043738e+00 4.222172e+00 -1.176089e-01 2.909055e+00 1.022598e+00 4.775052e+00 -1.325906e+00 3.443616e+00 -7.419647e-01 1.617210e+00
1.260000e+02 -4.576303e-01 3.019528e+00 1.886060e+00 3.946704e+00 -2.320329e-01 2.941646e+00 8.994557e-01 4.708961e+00 -1.303804e+00 3.351660e+00 -7.196932e-01 1.547353e+00
1.260800e+02 -4.599762e-01 2.904807e+00 1.703083e+00 3.648156e+00 -3.555228e-01 2.938042e+00 8.014555e-01 4.632157e+00 -1.265407e+00 3.277589e+00 -6.761951e-01 1.498303e+00
1.261600e+02 -4.750045e-01 2.805665e+00 1.515888e+00 3.394613e+00 -4.795478e-01 2.886969e+00 7.308397e-01 4.557415e+00 -1.221414e+00 3.226390e+00 -6.412387e-01 1.478227e+00
1.262400e+02 -5.008267e-01 2.713783e+00 1.335610e+00 3.161415e+00 -6.082431e-01 2.847170e+00 6.700995e-01 4.483236e+00 -1.177479e+00 3.182677e+00 -6.085477e-01 1.467675e+00
1.263200e+02 -5.329971e-01 2.617543e+00 1.169399e+00 2.988053e+00 -7.329513e-01 2.818391e+00 6.263705e-01 4.400789e+00 -1.130864e+00 3.161308e+00 -5.780540e-01 1.474923e+00
1.264000e+02 -5.787400e-01 2.508933e+00 1.016013e+00 2.876748e+00 -8.534809e-01 2.796671e+00 5.986528e-01 4.322357e+00 -1.086450e+00 3.152910e+00 -5.498257e-01 1.479945e+00
1.264800e+02 -6.258073e-01 2.408904e+00 8.724406e-01 2.800358e+00 -9.644693e-01 2.770949e+00 5.908227e-01 4.246002e+00 -1.039450e+00 3.154886e+00 -5.198856e-01 1.490072e+00
1.265600e+02 -6.780372e-01 2.327744e+00 7.416478e-01 2.767890e+00 -1.055307e+00 2.765172e+00 5.942225e-01 4.189916e+00 -1.000958e+00 3.159736e+00 -5.002292e-01 1.505831e+00
1.266400e+02 -7.356109e-01 2.247692e+00 6.119505e-01 2.785694e+00 -1.128142e+00 2.763781e+00 6.143074e-01 4.119283e+00 -9.535372e-01 3.178604e+00 -4.779502e-01 1.520477e+00
1.267200e+02 -7.910377e-01 2.174328e+00 4.886735e-01 2.817404e+00 -1.172018e+00 2.793875e+00 6.409843e-01 4.072222e+00 -9.200507e-01 3.206174e+00 -4.616468e-01 1.534407e+00
1.268000e+02 -8.424080e-01 2.111589e+00 3.621891e-01 2.860730e+00 -1.195856e+00 2.817168e+00 6.739029e-01 4.026434e+00 -8.857612e-01 3.210560e+00 -4.442499e-01 1.548343e+00
1.268800e+02 -8.870858e-01 2.045837e+00 2.353942e-01 2.900265e+00 -1.194503e+00 2.830081e+00 7.156156e-01 3.972825e+00 -8.450423e-01 3.221588e+00 -4.148486e-01 1.551187e+00
1.269600e+02 -9.264672e-01 1.975364e+00 1.130747e-01 2.937480e+00 -1.169754e+00 2.852580e+00 7.575750e-01 3.923940e+00 -8.067497e-01 3.237738e+00 -3.822679e-01 1.542544e+00
1.270400e+02 -9.603751e-01 1.894807e+00 2.895433e-03 2.971767e+00 -1.121149e+00 2.888543e+00 7.998797e-01 3.892213e+00 -7.739090e-01 3.255479e+00 -3.484368e-01 1.526295e+00
1.271200e+02 -9.770615e-01 1.818743e+00 -9.759602e-02 2.987823e+00 -1.059760e+00 2.903443e+00 8.467741e-01 3.853393e+00 -7.372320e-01 3.268754e+00 -3.025798e-01 1.503687e+00
1.272000e+02 -9.904164e-01 1.740477e+00 -1.798662e-01 3.001307e+00 -9.884785e-01 2.930272e+00 8.868734e-01 3.816290e+00 -7.076709e-01 3.285174e+00 -2.586795e-01 1.475855e+00
1.272800e+02 -9.963375e-01 1.654118e+00 -2.376528e-01 3.001495e+00 -9.093926e-01 2.974540e+00 9.138752e-01 3.791082e+00 -6.907430e-01 3.300225e+00 -2.186129e-01 1.436792e+00
1.273600e+02 -9.914750e-01 1.554511e+00 -2.760765e-01 2.933726e+00 -8.366515e-01 3.060911e+00 9.237785e-01 3.770723e+00 -6.854857e-01 3.306970e+00 -1.781563e-01 1.381508e+00
1.274400e+02 -9.803322e-01 1.463474e+00 -3.008470e-01 2.919963e+00 -7.769333e-01 3.144015e+00 9.259963e-01 3.749253e+00 -6.874936e-01 3.310370e+00 -1.437922e-01 1.322323e+00
1.275200e+02 -9.684729e-01 1.357565e+00 -3.186051e-01 2.889567e+00 -7.501415e-01 3.273839e+00 9.079536e-01 3.727861e+00 -7.010171e-01 3.302726e+00 -1.102403e-01 1.248934e+00
1.276000e+02 -9.375318e-01 1.276991e+00 -3.432273e-01 2.866618e+00 -7.690595e-01 3.331439e+00 9.012222e-01 3.678069e+00 -6.998791e-01 3.280163e+00 -6.151487e-02 1.179080e+00
1.276800e+02 -9.040507e-01 1.194440e+00 -3.594437e-01 2.811524e+00 -8.189853e-01 3.408229e+00 8.841517e-01 3.654453e+00 -7.123649e-01 3.262140e+00 -2.032107e-02 1.102805e+00
1.277600e+02 -8.582289e-01 1.131812e+00 -3.866690e-01 2.767182e+00 -9.082910e-01 3.448272e+00 8.719261e-01 3.610028e+00 -7.146230e-01 3.238323e+00 3.035214e-02 1.031029e+00
1.278400e+02 -8.097479e-01 1.087544e+00 -4.148063e-01 2.735484e+00 -1.018354e+00 3.454544e+00 8.622570e-01 3.566764e+00 -7.173381e-01 3.203544e+00 7.840228e-02 9.718923e-01
1.279200e+02 -7.561930e-01 1.053171e+00 -4.371335e-01 2.673988e+00 -1.141677e+00 3.422454e+00 8.596394e-01 3.517514e+00 -7.143000e-01 3.162483e+00 1.327095e-01 9.163361e-01
1.280000e+02 -6.955327e-01 1.027847e+00 -4.538016e-01 2.633427e+00 -1.262122e+00 3.335089e+00 8.731583e-01 3.465778e+00 -7.014055e-01 3.126285e+00 1.930521e-01 8.658382e-01
1.280800e+02 -6.332681e-01 1.003195e+00 -4.581087e-01 2.588859e+00 -1.370393e+00 3.248239e+00 8.885929e-01 3.417833e+00 -6.877085e-01 3.099794e+00 2.497859e-01 8.205062e-01
1.281600e+02 -5.630559e-01 1.001767e+00 -4.532223e-01 2.541122e+00 -1.465621e+00 3.099606e+00 9.244854e-01 3.372918e+00 -6.607053e-01 3.072372e+00 3.165858e-01 7.732136e-01
1.282400e+02 -4.914985e-01 9.997081e-01 -4.325818e-01 2.495495e+00 -1.536184e+00 2.945776e+00 9.598200e-01 3.342642e+00 -6.353312e-01 3.052689e+00 3.792715e-01 7.300951e-01
1.283200e+02 -4.129661e-01 1.008242e+00 -4.020701e-01 2.430642e+00 -1.582239e+00 2.768332e+00 1.004597e+00 3.311211e+00 -6.032335e-01 3.040102e+00 4.457361e-01 6.886267e-01
1.284000e+02 -3.377258e-01 1.016945e+00 -3.608308e-01 2.359703e+00 -1.595204e+00 2.584315e+00 1.047920e+00 3.303760e+00 -5.780877e-01 3.023923e+00 5.070060e-01 6.392435e-01
1.284800e+02 -2.628140e-01 1.032353e+00 -3.138805e-01 2.278197e+00 -1.582531e+00 2.398476e+00 1.084943e+00 3.303082e+00 -5.531917e-01 2.997812e+00 5.641376e-01 5.958417e-01
1.285600e+02 -1.899420e-01 1.041126e+00 -2.621427e-01 2.183834e+00 -1.547344e+00 2.229897e+00 1.112185e+00 3.291089e+00 -5.261592e-01 2.985249e+00 6.228077e-01 5.469361e-01
1.286400e+02 -1.194469e-01 1.054674e+00 -2.109886e-01 2.077876e+00 -1.497195e+00 2.077015e+00 1.127128e+00 3.258783e+00 -4.949178e-01 2.967671e+00 6.808383e-01 5.030690e-01
1.287200e+02 -4.888483e-02 1.077379e+00 -1.494223e-01 1.964593e+00 -1.425199e+00 1.926944e+00 1.147490e+00 3.228814e+00 -4.709350e-01 2.960743e+00 7.345026e-01 4.629696e-01
1.288000e+02 1.695660e-02 1.096272e+00 -8.051555e-02 1.848362e+00 -1.334297e+00 1.787438e+00 1.162535e+00 3.206492e+00 -4.494921e-01 2.954579e+00 7.865066e-01 4.198346e-01
1.288800e+02 8.494552e-02 1.117782e+00 -4.731654e-03 1.725983e+00 -1.231623e+00 1.669163e+00 1.170357e+00 3.182315e+00 -4.277253e-01 2.950096e+00 8.376158e-01 3.849785e-01
1.289600e+02 1.415164e-01 1.146336e+00 7.351655e-02 1.616927e+00 -1.122044e+00 1.567993e+00 1.175166e+00 3.152896e+00 -4.073744e-01 2.945456e+00 8.827926e-01 3.419529e-01
1.290400e+02 2.064092e-01 1.193368e+00 1.596046e-01 1.475559e+00 -1.009464e+00 1.447910e+00 1.184469e+00 3.116728e+00 -3.801636e-01 2.939049e+00 9.324144e-01 3.046749e-01
1.291200e+02 2.661560e-01 1.244382e+00 2.541010e-01 1.360637e+00 -8.891490e-01 1.326782e+00 1.191921e+00 3.085456e+00 -3.545616e-01 2.942183e+00 9.778907e-01 2.698078e-01
1.292000e+02 3.253941e-01 1.301416e+00 3.549739e-01 1.252014e+00 -7.679987e-01 1.199370e+00 1.199998e+00 3.055124e+00 -3.297937e-01 2.942486e+00 1.021975e+00 2.383491e-01
1.292800e+02 3.783653e-01 1.356877e+00 4.648959e-01 1.149260e+00 -6.469134e-01 1.086151e+00 1.205273e+00 3.033544e+00 -3.092720e-01 2.946446e+00 1.059516e+00 2.085631e-01
1.293600e+02 4.275514e-01 1.410814e+00 5.785850e-01 1.050933e+00 -5.302547e-01 9.820712e-01 1.209844e+00 3.016496e+00 -2.906560e-01 2.951499e+00 1.093560e+00 1.805662e-01
1.294400e+02 4.691900e-01 1.466773e+00 6.916262e-01 9.612253e-01 -4.248852e-01 8.963205e-01 1.210338e+00 2.988537e+00 -2.696818e-01 2.964292e+00 1.122312e+00 1.581226e-01
1.295200e+02 5.060881e-01 1.517188e+00 8.073523e-01 8.715104e-01 -3.257751e-01 8.174143e-01 1.213048e+00 2.974152e+00 -2.572631e-01 2.975506e+00 1.145348e+00 1.350944e-01
1.296000e+02 5.345932e-01 1.558109e+00 9.195789e-01 7.971155e-01 -2.397862e-01 7.626558e-01 1.209325e+00 2.961201e+00 -2.472623e-01 2.989171e+00 1.162676e+00 1.139476e-01
1.296800e+02 5.579230e-01 1.612002e+00 1.031554e+00 7.262963e-01 -1.652178e-01 7.271807e-01 1.198499e+00 2.961453e+00 -2.457652e-01 2.990490e+00 1.168432e+00 1.022446e-01
1.297600e+02 5.700335e-01 1.651044e+00 1.137089e+00 6.805802e-01 -1.033771e-01 7.059185e-01 1.183470e+00 2.966659e+00 -2.502096e-01 2.999440e+00 1.169277e+00 9.143997e-02
1.298400e+02 5.836339e-01 1.698620e+00 1.234358e+00 6.248971e-01 -5.943682e-02 6.783407e-01 1.167514e+00 2.954928e+00 -2.469257e-01 3.003170e+00 1.170883e+00 8.649398e-02
1.299200e+02 5.892992e-01 1.731524e+00 1.325842e+00 5.788334e-01 -2.804391e-02 6.647591e-01 1.150308e+00 2.941664e+00 -2.495762e-01 3.011900e+00 1.166791e+00 8.003344e-02
1.300000e+02 5.920696e-01 1.764788e+00 1.405810e+00 5.468283e-01 -7.474083e-03 6.376991e-01 1.136104e+00 2.930585e+00 -2.533236e-01 3.012688e+00 1.158928e+00 6.633607e-02
1.300800e+02 5.927734e-01 1.795670e+00 1.480551e+00 5.250755e-01 6.094772e-03 6.096876e-01 1.123204e+00 2.928226e+00 -2.566205e-01 3.018602e+00 1.147230e+00 5.098403e-02
1.301600e+02 5.899201e-01 1.821435e+00 1.546152e+00 5.133039e-01 1.081312e-02 5.974313e-01 1.104643e+00 2.934291e+00 -2.631035e-01 3.018970e+00 1.129340e+00 3.694648e-02
1.302400e+02 5.885433e-01 1.865373e+00 1.596911e+00 5.048662e-01 4.910708e-03 5.800666e-01 1.085831e+00 2.936908e+00 -2.676752e-01 3.013381e+00 1.107993e+00 1.917858e-02
1.303200e+02 5.837592e-01 1.914000e+00 1.636593e+00 5.157394e-01 -1.017727e-02 5.570750e-01 1.068161e+00 2.928019e+00 -2.669875e-01 3.010607e+00 1.085416e+00 6.446348e-03
1.304000e+02 5.704355e-01 1.936209e+00 1.665158e+00 5.467045e-01 -2.949378e-02 5.398980e-01 1.047579e+00 2.934114e+00 -2.696521e-01 3.004947e+00 1.059901e+00 -1.426042e-02
1.304800e+02 5.628619e-01 1.955773e+00 1.681633e+00 5.842775e-01 -5.294325e-02 5.110392e-01 1.030124e+00 2.942303e+00 -2.696207e-01 2.993053e+00 1.036256e+00 -3.397555e-02
1.305600e+02 5.497427e-01 1.957535e+00 1.692412e+00 6.115328e-01 -7.760775e-02 5.208432e-01 1.002609e+00 2.959877e+00 -2.764756e-01 2.982576e+00 1.004903e+00 -5.715631e-02
1.306400e+02 5.478821e-01 1.957255e+00 1.688574e+00 6.469235e-01 -1.061505e-01 5.114205e-01 9.818875e-01 2.965070e+00 -2.758967e-01 2.973863e+00 9.818534e-01 -7.670608e-02
1.307200e+02 5.415182e-01 1.938348e+00 1.669460e+00 6.949448e-01 -1.378236e-01 5.016171e-01 9.593454e-01 2.966209e+00 -2.749136e-01 2.958960e+00 9.601449e-01 -9.862841e-02
1.308000e+02 5.309834e-01 1.909981e+00 1.642390e+00 7.478709e-01 -1.712832e-01 5.045701e-01 9.335796e-01 2.964670e+00 -2.761735e-01 2.943116e+00 9.346174e-01 -1.219956e-01
1.308800e+02 5.176321e-01 1.877513e+00 1.603183e+00 8.278357e-01 -2.130442e-01 4.981014e-01 9.084213e-01 2.935714e+00 -2.666404e-01 2.931373e+00 9.116839e-01 -1.412808e-01
1.309600e+02 4.989788e-01 1.830378e+00 1.558241e+00 9.187631e-01 -2.515198e-01 4.931085e-01 8.851225e-01 2.916432e+00 -2.645972e-01 2.917968e+00 8.861718e-01 -1.645040e-01
1.310400e+02 4.729956e-01 1.777252e+00 1.504870e+00 1.032783e+00 -2.898285e-01 5.020738e-01 8.594235e-01 2.900664e+00 -2.659074e-01 2.904287e+00 8.555365e-01 -1.883279e-01
1.311200e+02 4.455772e-01 1.715769e+00 1.438797e+00 1.150175e+00 -3.271359e-01 5.070534e-01 8.365409e-01 2.881166e+00 -2.653440e-01 2.885537e+00 8.289192e-01 -2.169222e-01
1.312000e+02 4.140830e-01 1.648646e+00 1.359854e+00 1.288651e+00 -3.629091e-01 5.192107e-01 8.141665e-01 2.860193e+00 -2.648848e-01 2.866794e+00 8.007104e-01 -2.442744e-01
1.312800e+02 3.752890e-01 1.565654e+00 1.263384e+00 1.447712e+00 -3.954804e-01 5.329099e-01 7.939790e-01 2.838987e+00 -2.644369e-01 2.846206e+00 7.742712e-01 -2.739590e-01
1.313600e+02 3.338648e-01 1.486315e+00 1.154614e+00 1.617199e+00 -4.222563e-01 5.442986e-01 7.785808e-01 2.816641e+00 -2.627193e-01 2.827843e+00 7.495333e-01 -3.054008e-01
1.314400e+02 2.839847e-01 1.406080e+00 1.035255e+00 1.805917e+00 -4.445242e-01 5.582987e-01 7.650706e-01 2.795340e+00 -2.615748e-01 2.809406e+00 7.243256e-01 -3.370025e-01
1.315200e+02 2.281629e-01 1.322030e+00 9.108468e-01 1.982946e+00 -4.579500e-01 5.782352e-01 7.536956e-01 2.774022e+00 -2.607596e-01 2.790205e+00 6.996487e-01 -3.699441e-01
1.316000e+02 1.656560e-01 1.236482e+00 7.808164e-01 2.158536e+00 -4.653271e-01 6.009949e-01 7.450548e-01 2.750682e+00 -2.590691e-01 2.770068e+00 6.764261e-01 -4.035528e-01
1.316800e+02 1.088066e-01 1.157757e+00 6.507611e-01 2.297235e+00 -4.683924e-01 6.163954e-01 7.402994e-01 2.720732e+00 -2.524791e-01 2.745631e+00 6.613948e-01 -4.406654e-01
1.317600e+02 4.584402e-02 1.068633e+00 5.170521e-01 2.426527e+00 -4.643762e-01 6.367356e-01 7.370077e-01 2.689431e+00 -2.453036e-01 2.722634e+00 6.487791e-01 -4.826171e-01
1.318400e+02 -6.405336e-03 9.953825e-01 3.889936e-01 2.515049e+00 -4.561601e-01 6.523147e-01 7.371693e-01 2.651817e+00 -2.337872e-01 2.696803e+00 6.440833e-01 -5.247094e-01
1.319200e+02 -5.874813e-02 9.225030e-01 2.689895e-01 2.577845e+00 -4.408930e-01 6.752088e-01 7.360752e-01 2.615048e+00 -2.238308e-01 2.666454e+00 6.401362e-01 -5.669253e-01
1.320000e+02 -1.122708e-01 8.543299e-01 1.561989e-01 2.632980e+00 -4.210334e-01 6.946097e-01 7.376794e-01 2.575817e+00 -2.123644e-01 2.635992e+00 6.404356e-01 -6.164639e-01
1.320800e+02 -1.630481e-01 7.956160e-01 5.266090e-02 2.673883e+00 -3.961661e-01 7.125982e-01 7.414344e-01 2.534718e+00 -1.993135e-01 2.604232e+00 6.439298e-01 -6.712264e-01
1.321600e+02 -2.055743e-01 7.394470e-01 -4.374653e-02 2.672939e+00 -3.694228e-01 7.275445e-01 7.484807e-01 2.489068e+00 -1.819183e-01 2.573600e+00 6.568225e-01 -7.259925e-01
1.322400e+02 -2.474624e-01 6.786207e-01 -1.301879e-01 2.668174e+00 -3.344865e-01 7.424339e-01 7.549160e-01 2.464133e+00 -1.706377e-01 2.538982e+00 6.691348e-01 -7.899973e-01
1.323200e+02 -2.839597e-01 6.285766e-01 -2.126300e-01 2.642910e+00 -3.069393e-01 7.523753e-01 7.581446e-01 2.403148e+00 -1.445329e-01 2.502785e+00 6.904649e-01 -8.469239e-01
1.324000e+02 -3.217644e-01 5.723018e-01 -2.844171e-01 2.629015e+00 -2.748906e-01 7.682941e-01 7.602005e-01 2.352936e+00 -1.247639e-01 2.477299e+00 7.107635e-01 -9.099688e-01
1.324800e+02 -3.504009e-01 5.202462e-01 -3.475501e-01 2.580441e+00 -2.443318e-01 7.722841e-01 7.653659e-01 2.297912e+00 -1.013930e-01 2.448905e+00 7.384412e-01 -9.770194e-01
1.325600e+02 -3.776954e-01 4.621287e-01 -4.034840e-01 2.541901e+00 -2.128328e-01 7.854541e-01 7.683618e-01 2.242718e+00 -8.072818e-02 2.424294e+00 7.648252e-01 -1.047998e+00
1.326400e+02 -3.969170e-01 4.034736e-01 -4.571805e-01 2.466772e+00 -1.863483e-01 7.817352e-01 7.768639e-01 2.187497e+00 -5.513030e-02 2.395452e+00 7.997718e-01 -1.123990e+00
1.327200e+02 -4.130726e-01 3.439424e-01 -5.040921e-01 2.388198e+00 -1.593425e-01 7.815432e-01 7.841748e-01 2.137159e+00 -3.216927e-02 2.369831e+00 8.329635e-01 -1.205528e+00
1.328000e+02 -4.344255e-01 2.701807e-01 -5.436283e-01 2.332925e+00 -1.292508e-01 7.934552e-01 7.886546e-01 2.106521e+00 -1.956135e-02 2.344082e+00 8.580830e-01 -1.295960e+00
1.328800e+02 -4.543496e-01 1.965994e-01 -5.835171e-01 2.272380e+00 -1.056208e-01 8.022918e-01 7.917423e-01 2.075089e+00 -5.650983e-03 2.316797e+00 8.841280e-01 -1.390321e+00
1.329600e+02 -4.714026e-01 1.224128e-01 -6.233619e-01 2.189897e+00 -8.733900e-02 8.076592e-01 7.936673e-01 2.041136e+00 8.829598e-03 2.288581e+00 9.118029e-01 -1.489583e+00
1.330400e+02 -4.922388e-01 3.979291e-02 -6.628992e-01 2.114706e+00 -7.011120e-02 8.190614e-01 7.919302e-01 2.012258e+00 1.881902e-02 2.262967e+00 9.343497e-01 -1.595030e+00
1.331200e+02 -5.096708e-01 -3.840002e-02 -7.063065e-01 2.021112e+00 -6.363655e-02 8.189062e-01 7.910683e-01 1.961621e+00 3.895247e-02 2.241048e+00 9.615702e-01 -1.701160e+00
1.332000e+02 -5.253594e-01 -1.228683e-01 -7.479773e-01 1.925965e+00 -5.868303e-02 8.144205e-01 7.906678e-01 1.918138e+00 5.482281e-02 2.220206e+00 9.879457e-01 -1.815357e+00
1.332800e+02 -5.433097e-01 -2.145766e-01 -7.884689e-01 1.845074e+00 -5.632367e-02 8.137701e-01 7.868113e-01 1.879539e+00 6.762244e-02 2.200514e+00 1.010157e+00 -1.942077e+00
1.333600e+02 -5.613047e-01 -3.081965e-01 -8.281701e-01 1.765120e+00 -5.920452e-02 8.022658e-01 7.828163e-01 1.840617e+00 8.093507e-02 2.178260e+00 1.031287e+00 -2.084041e+00
1.334400e+02 -5.729785e-01 -4.072088e-01 -8.623908e-01 1.681185e+00 -6.356223e-02 7.943635e-01 7.762497e-01 1.808543e+00 9.325434e-02 2.159420e+00 1.048662e+00 -2.222025e+00
1.335200e+02 -5.842589e-01 -5.072158e-01 -8.960611e-01 1.603683e+00 -7.218866e-02 7.713581e-01 7.722516e-01 1.767842e+00 1.119878e-01 2.143416e+00 1.067377e+00 -2.369009e+00
1.336000e+02 -5.907881e-01 -6.120489e-01 -9.242051e-01 1.526738e+00 -8.151295e-02 7.427763e-01 7.710428e-01 1.729658e+00 1.306914e-01 2.131006e+00 1.084804e+00 -2.523502e+00
1.336800e+02 -5.959892e-01 -7.183928e-01 -9.456435e-01 1.457564e+00 -9.056692e-02 7.140176e-01 7.700687e-01 1.696363e+00 1.506063e-01 2.123321e+00 1.096375e+00 -2.684112e+00
1.337600e+02 -5.977187e-01 -8.425401e-01 -9.630683e-01 1.389773e+00 -1.020929e-01 6.778002e-01 7.705717e-01 1.662592e+00 1.740446e-01 2.117262e+00 1.110820e+00 -2.853604e+00
1.338400e+02 -5.973268e-01 -9.647818e-01 -9.746084e-01 1.319782e+00 -1.114179e-01 6.316195e-01 7.739483e-01 1.638676e+00 1.989685e-01 2.112845e+00 1.121275e+00 -3.034614e+00
1.339200e+02 -5.971142e-01 -1.087899e+00 -9.829963e-01 1.249395e+00 -1.206883e-01 5.786844e-01 7.781498e-01 1.613605e+00 2.289929e-01 2.114502e+00 1.128409e+00 -3.223458e+00
1.340000e+02 -5.961599e-01 -1.211661e+00 -9.897827e-01 1.173392e+00 -1.316017e-01 5.170161e-01 7.848629e-01 1.573273e+00 2.697142e-01 2.124627e+00 1.134304e+00 -3.417866e+00
1.340800e+02 -5.957555e-01 -1.338686e+00 -9.876540e-01 1.105208e+00 -1.364599e-01 4.545092e-01 7.957676e-01 1.542234e+00 3.094807e-01 2.145043e+00 1.130577e+00 -3.611784e+00
1.341600e+02 -5.959578e-01 -1.468157e+00 -9.847623e-01 1.035899e+00 -1.421254e-01 3.858449e-01 8.089466e-01 1.504539e+00 3.570761e-01 2.166570e+00 1.120532e+00 -3.813881e+00
1.342400e+02 -5.939701e-01 -1.591045e+00 -9.781627e-01 9.601903e-01 -1.456362e-01 3.098244e-01 8.263938e-01 1.463586e+00 4.120759e-01 2.193151e+00 1.104154e+00 -4.014157e+00
1.343200e+02 -5.944735e-01 -1.722864e+00 -9.698786e-01 8.890970e-01 -1.447849e-01 2.301493e-01 8.468514e-01 1.429177e+00 4.703164e-01 2.218762e+00 1.079382e+00 -4.219268e+00
1.344000e+02 -5.905286e-01 -1.866890e+00 -9.609218e-01 8.102982e-01 -1.389833e-01 1.437022e-01 8.714086e-01 1.399420e+00 5.337386e-01 2.245987e+00 1.047115e+00 -4.413310e+00
1.344800e+02 -5.886805e-01 -2.005230e+00 -9.484637e-01 7.340690e-01 -1.297586e-01 5.386898e-02 8.940340e-01 1.375234e+00 6.008379e-01 2.265853e+00 1.001301e+00 -4.606606e+00
1.345600e+02 -5.816093e-01 -2.146944e+00 -9.371475e-01 6.523250e-01 -1.179585e-01 -3.757456e-02 9.214156e-01 1.342813e+00 6.748698e-01 2.292448e+00 9.499315e-01 -4.776364e+00
1.346400e+02 -5.768110e-01 -2.289138e+00 -9.259840e-01 5.692143e-01 -1.053929e-01 -1.328148e-01 9.504757e-01 1.304784e+00 7.504702e-01 2.315791e+00 8.950167e-01 -4.953582e+00
1.347200e+02 -5.773442e-01 -2.443181e+00 -9.185330e-01 4.846957e-01 -9.402368e-02 -2.337651e-01 9.775060e-01 1.266920e+00 8.231337e-01 2.316972e+00 8.365825e-01 -5.132883e+00
1.348000e+02 -5.783243e-01 -2.580384e+00 -9.103060e-01 4.021100e-01 -7.987849e-02 -3.331489e-01 1.002860e+00 1.230597e+00 8.952306e-01 2.309902e+00 7.784627e-01 -5.275927e+00
1.348800e+02 -5.768489e-01 -2.711739e+00 -8.924470e-01 3.191729e-01 -5.858991e-02 -4.332962e-01 1.028615e+00 1.210040e+00 9.591831e-01 2.310031e+00 7.237638e-01 -5.389934e+00
1.349600e+02 -5.811376e-01 -2.856042e+00 -8.750456e-01 2.529550e-01 -3.790303e-02 -5.202671e-01 1.048617e+00 1.192677e+00 1.012941e+00 2.301349e+00 6.762595e-01 -5.459645e+00
1.350400e+02 -5.648058e-01 -2.996552e+00 -8.410336e-01 1.773337e-01 -7.643310e-03 -6.118460e-01 1.072613e+00 1.187830e+00 1.056453e+00 2.308430e+00 6.450382e-01 -5.452470e+00
1.351200e+02 -5.542311e-01 -3.138132e+00 -8.102033e-01 9.825389e-02 1.827985e-02 -7.072009e-01 1.095835e+00 1.177707e+00 1.098783e+00 2.299314e+00 6.397707e-01 -5.428954e+00
1.352000e+02 -5.456074e-01 -3.264078e+00 -7.580392e-01 4.734256e-02 5.495798e-02 -7.854730e-01 1.118886e+00 1.190441e+00 1.133326e+00 2.329784e+00 6.443264e-01 -5.388395e+00
1.352800e+02 -5.241140e-01 -3.398501e+00 -7.020566e-01 -2.901079e-02 9.940107e-02 -8.668115e-01 1.147427e+00 1.210509e+00 1.172752e+00 2.367438e+00 6.702267e-01 -5.319672e+00
1.353600e+02 -5.033176e-01 -3.516308e+00 -6.392713e-01 -9.490531e-02 1.445368e-01 -9.488722e-01 1.176624e+00 1.236409e+00 1.219381e+00 2.406640e+00 7.115694e-01 -5.266607e+00
1.354400e+02 -4.634084e-01 -3.648668e+00 -5.698432e-01 -1.621171e-01 1.977864e-01 -1.027434e+00 1.208614e+00 1.279969e+00 1.266273e+00 2.450064e+00 7.694752e-01 -5.192860e+00
1.355200e+02 -4.050886e-01 -3.820390e+00 -4.995446e-01 -2.483287e-01 2.570260e-01 -1.107628e+00 1.245741e+00 1.328655e+00 1.318031e+00 2.497938e+00 8.518850e-01 -5.092129e+00
1.356000e+02 -3.560571e-01 -3.972086e+00 -4.243088e-01 -3.147471e-01 3.140257e-01 -1.181166e+00 1.273348e+00 1.383589e+00 1.367489e+00 2.526614e+00 9.436358e-01 -5.001261e+00
1.356800e+02 -2.951265e-01 -4.156285e+00 -3.466343e-01 -3.884161e-01 3.791709e-01 -1.246719e+00 1.305866e+00 1.456620e+00 1.404545e+00 2.569092e+00 1.050851e+00 -4.889160e+00
1.357600e+02 -2.334163e-01 -4.326575e+00 -2.694007e-01 -4.636251e-01 4.444518e-01 -1.318021e+00 1.341575e+00 1.529141e+00 1.443365e+00 2.606692e+00 1.168159e+00 -4.778938e+00
1.358400e+02 -1.633589e-01 -4.499931e+00 -1.925712e-01 -5.439806e-01 5.082476e-01 -1.382285e+00 1.373399e+00 1.600179e+00 1.481193e+00 2.638390e+00 1.291720e+00 -4.668172e+00
1.359200e+02 -1.100038e-01 -4.630441e+00 -1.178923e-01 -6.175048e-01 5.631472e-01 -1.429748e+00 1.394036e+00 1.663373e+00 1.524100e+00 2.657153e+00 1.411274e+00 -4.594851e+00
1.360000e+02 -5.042302e-02 -4.747037e+00 -4.493627e-02 -7.047949e-01 6.230345e-01 -1.461896e+00 1.410046e+00 1.733505e+00 1.571859e+00 2.678270e+00 1.536721e+00 -4.510223e+00
1.360800e+02 2.780281e-03 -4.849997e+00 2.547222e-02 -7.919686e-01 6.822757e-01 -1.479530e+00 1.420561e+00 1.799912e+00 1.622343e+00 2.695837e+00 1.698205e+00 -4.414211e+00
1.361600e+02 5.368963e-02 -4.938471e+00 9.494593e-02 -8.868202e-01 7.411725e-01 -1.472518e+00 1.422205e+00 1.865790e+00 1.676315e+00 2.699267e+00 1.917373e+00 -4.233756e+00
1.362400e+02 9.358447e-02 -5.018828e+00 1.586295e-01 -9.924932e-01 7.985746e-01 -1.434318e+00 1.413214e+00 1.925296e+00 1.731423e+00 2.685750e+00 2.187478e+00 -4.027697e+00
1.363200e+02 1.308782e-01 -5.088619e+00 2.259678e-01 -1.104664e+00 8.625501e-01 -1.352798e+00 1.395810e+00 1.990582e+00 1.775912e+00 2.673138e+00 2.468372e+00 -3.833209e+00
1.364000e+02 2.210952e-01 -5.207541e+00 3.344063e-01 -1.231819e+00 9.590198e-01 -1.207526e+00 1.381399e+00 2.090968e+00 1.788652e+00 2.706602e+00 2.725775e+00 -3.497592e+00
1.364800e+02 2.674431e-01 -5.273068e+00 4.374899e-01 -1.334440e+00 1.040953e+00 -1.030610e+00 1.354896e+00 2.175112e+00 1.785489e+00 2.686097e+00 2.964800e+00 -3.232954e+00
1.365600e+02 3.453353e-01 -5.333010e+00 5.555477e-01 -1.437131e+00 1.135664e+00 -8.213956e-01 1.330459e+00 2.279490e+00 1.753977e+00 2.682512e+00 3.162061e+00 -2.972263e+00
1.366400e+02 4.404136e-01 -5.386125e+00 6.972679e-01 -1.527851e+00 1.243117e+00 -5.788031e-01 1.309403e+00 2.401511e+00 1.687705e+00 2.709469e+00 3.268231e+00 -2.808309e+00
1.367200e+02 5.270075e-01 -5.419098e+00 8.162762e-01 -1.633612e+00 1.342864e+00 -3.287651e-01 1.286024e+00 2.510975e+00 1.606935e+00 2.744618e+00 3.284945e+00 -2.849066e+00
1.368000e+02 5.975732e-01 -5.409619e+00 9.245610e-01 -1.721392e+00 1.426631e+00 -5.379835e-02 1.243565e+00 2.610134e+00 1.501715e+00 2.753505e+00 3.194574e+00 -3.071833e+00
1.368800e+02 6.668516e-01 -5.330279e+00 1.035352e+00 -1.790599e+00 1.500116e+00 2.110367e-01 1.206969e+00 2.696499e+00 1.394299e+00 2.790263e+00 3.044026e+00 -3.359328e+00
1.369600e+02 7.237117e-01 -5.252086e+00 1.112263e+00 -1.859598e+00 1.556475e+00 4.661028e-01 1.171947e+00 2.759122e+00 1.296536e+00 2.850393e+00 2.887522e+00 -3.608404e+00
1.370400e+02 7.729880e-01 -5.138813e+00 1.158736e+00 -1.924263e+00 1.596838e+00 7.132583e-01 1.132192e+00 2.808727e+00 1.212473e+00 2.914098e+00 2.737301e+00 -3.792066e+00
1.371200e+02 7.703483e-01 -4.974531e+00 1.134947e+00 -1.969843e+00 1.590314e+00 9.161047e-01 1.077223e+00 2.807588e+00 1.160994e+00 2.906761e+00 2.580340e+00 -4.097698e+00
1.372000e+02 8.184719e-01 -4.843455e+00 1.103441e+00 -2.010753e+00 1.589597e+00 1.102717e+00 1.020094e+00 2.812926e+00 1.123456e+00 2.935446e+00 2.416350e+00 -4.285847e+00
1.372800e+02 8.418913e-01 -4.682673e+00 1.024714e+00 -2.055648e+00 1.559810e+00 1.258373e+00 9.476619e-01 2.769179e+00 1.111585e+00 2.913506e+00 2.261757e+00 -4.472185e+00
1.373600e+02 8.325159e-01 -4.514413e+00 8.971739e-01 -2.084486e+00 1.513488e+00 1.406723e+00 8.610308e-01 2.699923e+00 1.124624e+00 2.877320e+00 2.105527e+00 -4.654314e+00
1.374400e+02 8.404776e-01 -4.375828e+00 7.733269e-01 -2.120501e+00 1.486457e+00 1.544512e+00 7.725577e-01 2.649667e+00 1.141921e+00 2.871855e+00 1.951364e+00 -4.709497e+00
1.375200e+02 8.365654e-01 -4.268923e+00 6.312407e-01 -2.173911e+00 1.465613e+00 1.666475e+00 6.912188e-01 2.598044e+00 1.167691e+00 2.865434e+00 1.834159e+00 -4.676201e+00
1.376000e+02 8.226149e-01 -4.204072e+00 4.840482e-01 -2.229218e+00 1.463665e+00 1.760921e+00 6.257252e-01 2.559939e+00 1.200611e+00 2.885109e+00 1.751257e+00 -4.623927e+00
1.376800e+02 7.927894e-01 -4.162979e+00 3.434606e-01 -2.276657e+00 1.480054e+00 1.857530e+00 5.676346e-01 2.543725e+00 1.229382e+00 2.917939e+00 1.688070e+00 -4.569943e+00
1.377600e+02 8.232334e-01 -4.217594e+00 2.304480e-01 -2.344735e+00 1.527278e+00 1.927438e+00 5.355377e-01 2.557612e+00 1.260566e+00 2.996145e+00 1.654450e+00 -4.360283e+00
1.378400e+02 8.242089e-01 -4.308006e+00 1.295499e-01 -2.410373e+00 1.585547e+00 2.012994e+00 5.197631e-01 2.599007e+00 1.282891e+00 3.105754e+00 1.611357e+00 -4.168147e+00
1.379200e+02 8.858991e-01 -4.466598e+00 6.716727e-02 -2.470236e+00 1.663638e+00 2.093954e+00 5.289387e-01 2.674953e+00 1.293341e+00 3.251533e+00 1.566337e+00 -3.821037e+00
1.380000e+02 9.400169e-01 -4.666572e+00 5.214393e-03 -2.533309e+00 1.734031e+00 2.173472e+00 5.493143e-01 2.761372e+00 1.298133e+00 3.386907e+00 1.544545e+00 -3.441006e+00
1.380800e+02 1.006674e+00 -4.819604e+00 -2.577851e-02 -2.562735e+00 1.805878e+00 2.252586e+00 5.942309e-01 2.872530e+00 1.290997e+00 3.571362e+00 1.549506e+00 -3.045456e+00
1.381600e+02 1.056176e+00 -4.956772e+00 -7.561732e-02 -2.585461e+00 1.850703e+00 2.287538e+00 6.456244e-01 2.984590e+00 1.281172e+00 3.699350e+00 1.639908e+00 -2.697441e+00
1.382400e+02 1.090286e+00 -5.029631e+00 -1.283472e-01 -2.578990e+00 1.870672e+00 2.335578e+00 6.843979e-01 3.080907e+00 1.270623e+00 3.821353e+00 1.787496e+00 -2.415289e+00
1.383200e+02 1.101984e+00 -5.010217e+00 -1.802533e-01 -2.536478e+00 1.866948e+00 2.340013e+00 7.273348e-01 3.140956e+00 1.262450e+00 3.926709e+00 1.979822e+00 -2.208442e+00
1.384000e+02 1.102344e+00 -4.955082e+00 -2.224803e-01 -2.444841e+00 1.852339e+00 2.339379e+00 7.677517e-01 3.199208e+00 1.239951e+00 4.027241e+00 2.180558e+00 -2.064694e+00
1.384800e+02 1.086074e+00 -4.863006e+00 -2.516763e-01 -2.334026e+00 1.827789e+00 2.386015e+00 7.941921e-01 3.256318e+00 1.194862e+00 4.128371e+00 2.344846e+00 -1.970355e+00
1.385600e+02 1.058443e+00 -4.720466e+00 -2.695223e-01 -2.209453e+00 1.792909e+00 2.453508e+00 8.125336e-01 3.297436e+00 1.137198e+00 4.222419e+00 2.460444e+00 -1.909719e+00
1.386400e+02 1.028387e+00 -4.558114e+00 -2.751003e-01 -2.069032e+00 1.754238e+00 2.539457e+00 8.417016e-01 3.326549e+00 1.065617e+00 4.332720e+00 2.514230e+00 -1.889387e+00
1.387200e+02 9.982723e-01 -4.365153e+00 -2.651264e-01 -1.919479e+00 1.710997e+00 2.637350e+00 8.665421e-01 3.356119e+00 9.791053e-01 4.427256e+00 2.510925e+00 -1.901848e+00
1.388000e+02 9.745664e-01 -4.140768e+00 -2.504658e-01 -1.747999e+00 1.659598e+00 2.732856e+00 8.912416e-01 3.364190e+00 8.899099e-01 4.520550e+00 2.464485e+00 -1.924659e+00
1.388800e+02 9.613526e-01 -3.899453e+00 -2.262782e-01 -1.544540e+00 1.607276e+00 2.835382e+00 9.216407e-01 3.363258e+00 7.939681e-01 4.632299e+00 2.370947e+00 -1.940276e+00
1.389600e+02 9.388578e-01 -3.654414e+00 -2.120260e-01 -1.297692e+00 1.545416e+00 2.963188e+00 9.403913e-01 3.352875e+00 6.902372e-01 4.736256e+00 2.241383e+00 -1.981085e+00
1.390400e+02 9.173368e-01 -3.388914e+00 -2.007862e-01 -1.038733e+00 1.481878e+00 3.097118e+00 9.632794e-01 3.337176e+00 5.845434e-01 4.829631e+00 2.077273e+00 -2.012047e+00
1.391200e+02 8.912734e-01 -3.133109e+00 -1.959009e-01 -7.382038e-01 1.418697e+00 3.210960e+00 9.879975e-01 3.318179e+00 4.797519e-01 4.933279e+00 1.880902e+00 -2.034216e+00
1.392000e+02 8.491239e-01 -2.881318e+00 -1.956926e-01 -4.119793e-01 1.356294e+00 3.347418e+00 1.009114e+00 3.323121e+00 3.654055e-01 5.023786e+00 1.652742e+00 -2.068612e+00
1.392800e+02 8.198099e-01 -2.628433e+00 -1.877472e-01 -9.572288e-02 1.305513e+00 3.442700e+00 1.050195e+00 3.330662e+00 2.666543e-01 5.125722e+00 1.419117e+00 -2.027732e+00
1.393600e+02 7.845100e-01 -2.375788e+00 -1.845936e-01 2.332871e-01 1.248767e+00 3.516591e+00 1.095946e+00 3.343838e+00 1.744056e-01 5.216556e+00 1.183244e+00 -1.975577e+00
1.394400e+02 7.431932e-01 -2.140012e+00 -1.831538e-01 5.732529e-01 1.189207e+00 3.569901e+00 1.137659e+00 3.368797e+00 8.969502e-02 5.285272e+00 9.548257e-01 -1.900270e+00
1.395200e+02 7.021856e-01 -1.964148e+00 -1.790551e-01 9.161052e-01 1.134838e+00 3.618197e+00 1.178033e+00 3.395150e+00 9.813014e-03 5.373967e+00 7.389354e-01 -1.777844e+00
1.396000e+02 6.471859e-01 -1.814769e+00 -1.851741e-01 1.268932e+00 1.071845e+00 3.649426e+00 1.212986e+00 3.423270e+00 -6.401123e-02 5.434494e+00 5.400052e-01 -1.665294e+00
1.396800e+02 5.872635e-01 -1.707190e+00 -1.901742e-01 1.617526e+00 1.013638e+00 3.662757e+00 1.246762e+00 3.469734e+00 -1.343412e-01 5.502645e+00 3.600631e-01 -1.511763e+00
1.397600e+02 5.089007e-01 -1.655342e+00 -2.171187e-01 1.955730e+00 9.467552e-01 3.656014e+00 1.271479e+00 3.508255e+00 -1.956383e-01 5.545360e+00 2.068930e-01 -1.374383e+00
1.398400e+02 4.149246e-01 -1.604999e+00 -2.370288e-01 2.295163e+00 8.809324e-01 3.687598e+00 1.271595e+00 3.558835e+00 -2.656715e-01 5.583361e+00 6.194805e-02 -1.202945e+00
1.399200e+02 3.039851e-01 -1.571453e+00 -2.771117e-01 2.630367e+00 8.108231e-01 3.678325e+00 1.283761e+00 3.598688e+00 -3.196251e-01 5.614740e+00 -5.216234e-02 -1.042240e+00
1.400000e+02 1.945288e-01 -1.530586e+00 -3.152882e-01 2.957912e+00 7.428461e-01 3.674101e+00 1.290373e+00 3.633329e+00 -3.715039e-01 5.652074e+00 -1.580543e-01 -8.785991e-01
1.400800e+02 9.312532e-02 -1.485380e+00 -3.476494e-01 3.261574e+00 6.883734e-01 3.699461e+00 1.291988e+00 3.681284e+00 -4.345166e-01 5.700926e+00 -2.570249e-01 -6.874997e-01
1.401600e+02 -1.436103e-02 -1.426697e+00 -3.914013e-01 3.538695e+00 6.423014e-01 3.736338e+00 1.295236e+00 3.755971e+00 -5.102378e-01 5.716484e+00 -3.501594e-01 -5.235512e-01
1.402400e+02 -9.712424e-02 -1.382352e+00 -4.317236e-01 3.780415e+00 6.113724e-01 3.792545e+00 1.296795e+00 3.864626e+00 -5.963961e-01 5.735145e+00 -4.474471e-01 -3.254333e-01
1.403200e+02 -1.768171e-01 -1.313845e+00 -4.845604e-01 4.013800e+00 5.837064e-01 3.846834e+00 1.314221e+00 3.976975e+00 -6.740012e-01 5.747497e+00 -5.419583e-01 -1.366532e-01
1.404000e+02 -2.534317e-01 -1.227105e+00 -5.534062e-01 4.250346e+00 5.433015e-01 3.899299e+00 1.327892e+00 4.052478e+00 -7.319078e-01 5.762156e+00 -6.351509e-01 5.939899e-02
1.404800e+02 -3.061357e-01 -1.134080e+00 -6.193728e-01 4.494030e+00 5.136820e-01 3.967828e+00 1.343892e+00 4.148935e+00 -8.080260e-01 5.779971e+00 -7.449813e-01 3.215035e-01
1.405600e+02 -3.472786e-01 -1.038450e+00 -7.074871e-01 4.711507e+00 4.882057e-01 4.045326e+00 1.365331e+00 4.218081e+00 -8.794216e-01 5.781912e+00 -8.459995e-01 6.176950e-01
1.406400e+02 -3.735363e-01 -9.236676e-01 -8.073651e-01 4.919994e+00 4.753186e-01 4.158381e+00 1.382548e+00 4.308803e+00 -9.552001e-01 5.773391e+00 -9.427195e-01 9.364950e-01
1.407200e+02 -3.818688e-01 -8.259743e-01 -9.355225e-01 5.107418e+00 4.622739e-01 4.318474e+00 1.391798e+00 4.387578e+00 -1.018567e+00 5.764141e+00 -1.032616e+00 1.262934e+00
1.408000e+02 -3.767928e-01 -7.212764e-01 -1.071441e+00 5.321190e+00 4.493780e-01 4.499336e+00 1.408680e+00 4.470510e+00 -1.087118e+00 5.763285e+00 -1.127795e+00 1.602570e+00
1.408800e+02 -3.605557e-01 -6.098300e-01 -1.224695e+00 5.511971e+00 4.122537e-01 4.722971e+00 1.426044e+00 4.524206e+00 -1.152092e+00 5.766173e+00 -1.218166e+00 1.937597e+00
1.409600e+02 -3.125633e-01 -4.885567e-01 -1.392886e+00 5.645433e+00 3.487355e-01 4.970979e+00 1.446130e+00 4.590684e+00 -1.221750e+00 5.747493e+00 -1.304795e+00 2.256688e+00
1.410400e+02 -2.544028e-01 -4.040754e-01 -1.575282e+00 5.767333e+00 2.589254e-01 5.245439e+00 1.465363e+00 4.691983e+00 -1.297570e+00 5.722609e+00 -1.401744e+00 2.544922e+00
1.411200e+02 -1.920610e-01 -3.625722e-01 -1.752095e+00 5.852006e+00 1.195707e-01 5.548524e+00 1.484902e+00 4.812103e+00 -1.384058e+00 5.687468e+00 -1.497038e+00 2.797652e+00
1.412000e+02 -1.234905e-01 -3.684166e-01 -1.947406e+00 5.889039e+00 -7.236657e-02 5.839586e+00 1.495358e+00 4.971897e+00 -1.469451e+00 5.605695e+00 -1.581104e+00 2.991113e+00
1.412800e+02 -7.118836e-02 -3.932269e-01 -2.135946e+00 5.906360e+00 -3.185040e-01 6.145120e+00 1.486631e+00 5.111657e+00 -1.532599e+00 5.544014e+00 -1.676469e+00 3.160976e+00
1.413600e+02 -2.565851e-02 -3.506145e-01 -2.305238e+00 5.903790e+00 -5.921423e-01 6.343024e+00 1.480033e+00 5.255001e+00 -1.581160e+00 5.471257e+00 -1.770744e+00 3.293894e+00
1.414400e+02 -4.635281e-03 -2.284066e-01 -2.443253e+00 5.840825e+00 -8.421495e-01 6.496516e+00 1.443764e+00 5.395993e+00 -1.613301e+00 5.402500e+00 -1.889300e+00 3.434215e+00
1.415200e+02 -1.845030e-02 -8.008160e-02 -2.544336e+00 5.758065e+00 -1.038850e+00 6.605898e+00 1.414527e+00 5.544178e+00 -1.640720e+00 5.359842e+00 -2.016749e+00 3.528288e+00
1.416000e+02 -4.878102e-02 1.361185e-01 -2.598065e+00 5.649405e+00 -1.217237e+00 6.692248e+00 1.377443e+00 5.677660e+00 -1.654576e+00 5.337412e+00 -2.154090e+00 3.584788e+00
1.416800e+02 -4.433653e-02 4.381001e-01 -2.601708e+00 5.414484e+00 -1.383654e+00 6.654541e+00 1.365811e+00 5.784900e+00 -1.629351e+00 5.331426e+00 -2.257607e+00 3.645124e+00
1.417600e+02 -3.428664e-02 7.525988e-01 -2.508793e+00 5.149306e+00 -1.506507e+00 6.519234e+00 1.378477e+00 5.862982e+00 -1.580362e+00 5.420010e+00 -2.354681e+00 3.720075e+00
1.418400e+02 -4.054735e-02 1.043694e+00 -2.286194e+00 4.884667e+00 -1.569796e+00 6.342856e+00 1.416164e+00 5.961908e+00 -1.554429e+00 5.612041e+00 -2.468006e+00 3.790632e+00
1.419200e+02 -5.708069e-02 1.399728e+00 -1.898441e+00 4.609060e+00 -1.581451e+00 6.156915e+00 1.485212e+00 6.059715e+00 -1.570982e+00 5.888209e+00 -2.599638e+00 3.854525e+00
1.420000e+02 -5.409165e-02 1.760754e+00 -1.335096e+00 4.251602e+00 -1.550037e+00 5.916798e+00 1.605895e+00 6.172952e+00 -1.706830e+00 6.274188e+00 -2.712041e+00 3.894201e+00
1.420800e+02 -5.284419e-02 2.185089e+00 -5.490598e-01 3.633356e+00 -1.535694e+00 5.681070e+00 1.705645e+00 6.256790e+00 -1.991601e+00 6.464679e+00 -2.811881e+00 4.015430e+00
1.421600e+02 -4.314285e-02 2.581880e+00 5.749252e-01 2.827575e+00 -1.435406e+00 5.438700e+00 1.849833e+00 6.384655e+00 -2.287940e+00 6.728494e+00 -2.910934e+00 4.047677e+00
1.422400e+02 -3.417860e-02 2.973160e+00 1.606041e+00 2.395139e+00 -1.294662e+00 5.213819e+00 2.019086e+00 6.534129e+00 -2.527037e+00 6.895341e+00 -2.961280e+00 4.030778e+00
1.423200e+02 1.338626e-01 3.520488e+00 2.168966e+00 2.390412e+00 -1.153118e+00 4.754063e+00 2.271758e+00 6.600184e+00 -2.651100e+00 7.035691e+00 -2.846173e+00 3.970805e+00
1.424000e+02 3.063695e-01 4.060470e+00 2.464750e+00 2.557695e+00 -9.823651e-01 4.312708e+00 2.496467e+00 6.637789e+00 -2.743238e+00 7.114193e+00 -2.659880e+00 3.917031e+00
1.424800e+02 4.422520e-01 4.559832e+00 2.754156e+00 2.730113e+00 -7.476027e-01 3.861684e+00 2.706385e+00 6.712774e+00 -2.843491e+00 7.133236e+00 -2.479763e+00 3.864745e+00
1.425600e+02 5.077943e-01 4.987092e+00 3.118685e+00 2.932999e+00 -4.859270e-01 3.503896e+00 2.855127e+00 6.826157e+00 -2.958587e+00 7.099997e+00 -2.347632e+00 3.786604e+00
1.426400e+02 5.014883e-01 5.294936e+00 3.523493e+00 3.372207e+00 -1.835613e-01 3.311763e+00 2.949578e+00 7.023562e+00 -3.102997e+00 7.099096e+00 -2.319290e+00 3.734862e+00
1.427200e+02 5.088745e-01 5.558667e+00 3.828573e+00 3.737445e+00 8.591250e-02 3.268561e+00 2.992066e+00 7.238138e+00 -3.212866e+00 7.058446e+00 -2.325028e+00 3.680725e+00
1.428000e+02 4.939384e-01 5.789585e+00 4.036910e+00 3.929161e+00 2.808560e-01 3.374926e+00 2.957522e+00 7.463786e+00 -3.296338e+00 6.971417e+00 -2.393972e+00 3.627946e+00
1.428800e+02 4.683210e-01 5.938437e+00 4.041330e+00 4.094139e+00 3.725730e-01 3.568831e+00 2.864869e+00 7.634991e+00 -3.306709e+00 6.925142e+00 -2.487149e+00 3.606989e+00
1.429600e+02 4.628133e-01 6.112576e+00 3.809029e+00 4.399654e+00 3.103594e-01 3.735407e+00 2.701452e+00 7.735450e+00 -3.229491e+00 6.830271e+00 -2.581712e+00 3.661153e+00
1.430400e+02 4.563029e-01 6.213400e+00 3.486740e+00 4.787055e+00 1.389806e-01 3.866969e+00 2.494185e+00 7.786998e+00 -3.070724e+00 6.767513e+00 -2.668972e+00 3.746705e+00
1.431200e+02 4.397102e-01 6.246395e+00 3.272961e+00 4.927803e+00 -9.103782e-02 4.036604e+00 2.250495e+00 7.849704e+00 -2.874658e+00 6.694419e+00 -2.764471e+00 3.915429e+00
1.432000e+02 3.557216e-01 6.177666e+00 3.272874e+00 4.913875e+00 -3.336333e-01 4.199329e+00 2.011496e+00 7.919438e+00 -2.666146e+00 6.719760e+00 -2.893340e+00 4.098518e+00
1.432800e+02 2.147690e-01 6.064440e+00 3.390850e+00 4.861072e+00 -6.235264e-01 4.378154e+00 1.780394e+00 7.950673e+00 -2.474146e+00 6.706679e+00 -3.043026e+00 4.348871e+00
1.433600e+02 2.434473e-02 5.936313e+00 3.552269e+00 4.910974e+00 -9.112468e-01 4.463599e+00 1.626577e+00 7.936394e+00 -2.341945e+00 6.758565e+00 -3.192310e+00 4.563009e+00
1.434400e+02 -1.858833e-01 5.776657e+00 3.654281e+00 5.112954e+00 -1.173018e+00 4.486747e+00 1.536222e+00 7.860209e+00 -2.247479e+00 6.863734e+00 -3.303128e+00 4.774121e+00
1.435200e+02 -4.106234e-01 5.622071e+00 3.646769e+00 5.556629e+00 -1.350239e+00 4.451641e+00 1.523477e+00 7.758061e+00 -2.208161e+00 7.027964e+00 -3.375616e+00 4.982199e+00
1.436000e+02 -6.252465e-01 5.497398e+00 3.569580e+00 6.007495e+00 -1.409303e+00 4.403177e+00 1.590348e+00 7.667842e+00 -2.220086e+00 7.264648e+00 -3.413501e+00 5.131467e+00
1.436800e+02 -8.253734e-01 5.394607e+00 3.465374e+00 6.363988e+00 -1.348952e+00 4.348033e+00 1.722164e+00 7.600220e+00 -2.265254e+00 7.484783e+00 -3.418772e+00 5.262976e+00
1.437600e+02 -1.016800e+00 5.313146e+00 3.389093e+00 6.575250e+00 -1.202304e+00 4.403326e+00 1.868031e+00 7.584064e+00 -2.357625e+00 7.669658e+00 -3.437619e+00 5.353265e+00
1.438400e+02 -1.175064e+00 5.201909e+00 3.303269e+00 6.645420e+00 -1.015629e+00 4.641865e+00 1.983770e+00 7.641633e+00 -2.490022e+00 7.823610e+00 -3.477566e+00 5.392226e+00
1.439200e+02 -1.230157e+00 5.169056e+00 3.042668e+00 6.583941e+00 -8.770238e-01 4.944976e+00 2.072401e+00 7.674852e+00 -2.597371e+00 7.920236e+00 -3.489318e+00 5.422596e+00
1.440000e+02 -1.236897e+00 5.178549e+00 2.608633e+00 6.412919e+00 -8.350469e-01 5.283763e+00 2.085776e+00 7.661441e+00 -2.688561e+00 7.929466e+00 -3.470541e+00 5.379049e+00
1.440800e+02 -1.174964e+00 5.176681e+00 2.216780e+00 6.353260e+00 -9.005510e-01 5.434095e+00 2.107074e+00 7.630182e+00 -2.731942e+00 7.924542e+00 -3.411754e+00 5.304080e+00
1.441600e+02 -1.068356e+00 5.201883e+00 2.035494e+00 6.552978e+00 -1.101002e+00 5.360914e+00 2.111468e+00 7.574824e+00 -2.715408e+00 7.837268e+00 -3.326798e+00 5.255978e+00
1.442400e+02 -9.843429e-01 5.232914e+00 2.055435e+00 6.991869e+00 -1.337361e+00 5.108535e+00 2.120148e+00 7.518271e+00 -2.691784e+00 7.760507e+00 -3.256566e+00 5.191179e+00
1.443200e+02 -9.506664e-01 5.148723e+00 2.145922e+00 7.166909e+00 -1.534592e+00 4.843277e+00 2.116064e+00 7.519312e+00 -2.681530e+00 7.680902e+00 -3.212121e+00 5.190001e+00
1.444000e+02 -9.525925e-01 5.067355e+00 2.178167e+00 6.995401e+00 -1.677648e+00 4.632724e+00 2.108389e+00 7.541283e+00 -2.678172e+00 7.643859e+00 -3.199556e+00 5.179031e+00
1.444800e+02 -1.005520e+00 4.953680e+00 2.143158e+00 6.881683e+00 -1.730978e+00 4.571916e+00 2.078492e+00 7.616573e+00 -2.709957e+00 7.648578e+00 -3.247333e+00 5.162509e+00
1.445600e+02 -9.958154e-01 4.843226e+00 2.123000e+00 6.709187e+00 -1.746750e+00 4.518459e+00 2.069210e+00 7.661244e+00 -2.699967e+00 7.657666e+00 -3.254128e+00 5.175021e+00
1.446400e+02 -1.002708e+00 4.724280e+00 2.201982e+00 6.697957e+00 -1.700686e+00 4.544341e+00 2.044372e+00 7.713970e+00 -2.684361e+00 7.708780e+00 -3.264971e+00 5.261177e+00
1.447200e+02 -9.922447e-01 4.648300e+00 2.286964e+00 6.880819e+00 -1.652293e+00 4.560511e+00 2.025654e+00 7.727122e+00 -2.638553e+00 7.749933e+00 -3.239054e+00 5.313753e+00
1.448000e+02 -9.375947e-01 4.627739e+00 2.344512e+00 7.163485e+00 -1.613029e+00 4.504186e+00 2.020142e+00 7.688524e+00 -2.544171e+00 7.791595e+00 -3.171987e+00 5.356758e+00
1.448800e+02 -8.383583e-01 4.697475e+00 2.422579e+00 7.184932e+00 -1.617124e+00 4.354102e+00 2.024455e+00 7.582231e+00 -2.408408e+00 7.786059e+00 -3.064979e+00 5.390622e+00
1.449600e+02 -7.263000e-01 4.811756e+00 2.583857e+00 7.040204e+00 -1.616724e+00 4.180893e+00 2.032108e+00 7.493023e+00 -2.283581e+00 7.802661e+00 -2.976314e+00 5.422307e+00
1.450400e+02 -6.348457e-01 4.878140e+00 2.766981e+00 6.941707e+00 -1.632676e+00 4.022237e+00 2.027760e+00 7.414927e+00 -2.189223e+00 7.768386e+00 -2.907970e+00 5.458102e+00
1.451200e+02 -5.563543e-01 4.941840e+00 2.969765e+00 6.824954e+00 -1.633390e+00 3.854410e+00 2.043389e+00 7.351347e+00 -2.121017e+00 7.794373e+00 -2.862406e+00 5.446832e+00
1.452000e+02 -4.995002e-01 4.970772e+00 3.135755e+00 6.732230e+00 -1.627187e+00 3.668831e+00 2.066787e+00 7.277113e+00 -2.062673e+00 7.838962e+00 -2.831494e+00 5.389306e+00
1.452800e+02 -4.588012e-01 5.030303e+00 3.282518e+00 6.603658e+00 -1.592867e+00 3.530394e+00 2.081738e+00 7.234110e+00 -2.048913e+00 7.868678e+00 -2.857991e+00 5.319802e+00
1.453600e+02 -4.195955e-01 5.085950e+00 3.378694e+00 6.548750e+00 -1.553438e+00 3.360994e+00 2.110654e+00 7.184688e+00 -2.057893e+00 7.871226e+00 -2.900592e+00 5.245089e+00
1.454400e+02 -3.998356e-01 5.126308e+00 3.436670e+00 6.545469e+00 -1.504133e+00 3.200997e+00 2.125006e+00 7.152316e+00 -2.094353e+00 7.822721e+00 -2.962591e+00 5.182677e+00
1.455200e+02 -3.907952e-01 5.163098e+00 3.454270e+00 6.565197e+00 -1.451499e+00 3.050732e+00 2.132861e+00 7.124251e+00 -2.150215e+00 7.757321e+00 -3.029491e+00 5.087342e+00
1.456000e+02 -3.984657e-01 5.175302e+00 3.439048e+00 6.647218e+00 -1.389809e+00 2.925860e+00 2.125689e+00 7.111968e+00 -2.217015e+00 7.700380e+00 -3.107711e+00 4.980424e+00
1.456800e+02 -3.946483e-01 5.161967e+00 3.413403e+00 6.730092e+00 -1.315337e+00 2.807706e+00 2.126045e+00 7.115745e+00 -2.268996e+00 7.694798e+00 -3.169788e+00 4.849910e+00
1.457600e+02 -3.961704e-01 5.161983e+00 3.357204e+00 6.822470e+00 -1.257814e+00 2.689137e+00 2.114331e+00 7.106035e+00 -2.305401e+00 7.643469e+00 -3.209874e+00 4.715292e+00
1.458400e+02 -4.361499e-01 5.142546e+00 3.303850e+00 7.002589e+00 -1.181456e+00 2.618927e+00 2.093815e+00 7.112929e+00 -2.342283e+00 7.593559e+00 -3.263945e+00 4.576986e+00
1.459200e+02 -4.390388e-01 5.151848e+00 3.244229e+00 7.058672e+00 -1.115648e+00 2.537220e+00 2.085584e+00 7.119134e+00 -2.353685e+00 7.522189e+00 -3.281125e+00 4.438757e+00
1.460000e+02 -4.640850e-01 5.160168e+00 3.170104e+00 7.085004e+00 -1.063503e+00 2.512144e+00 2.040001e+00 7.129796e+00 -2.383353e+00 7.362988e+00 -3.292500e+00 4.278769e+00
1.460800e+02 -4.578927e-01 5.193608e+00 3.107913e+00 6.765289e+00 -1.030006e+00 2.538314e+00 1.991687e+00 7.115415e+00 -2.414480e+00 7.238400e+00 -3.283338e+00 4.103290e+00
1.461600e+02 -4.043088e-01 5.253201e+00 2.995772e+00 6.134903e+00 -1.034981e+00 2.561009e+00 1.929960e+00 7.059007e+00 -2.444847e+00 7.081058e+00 -3.234095e+00 3.931417e+00
1.462400e+02 -3.935793e-01 5.347938e+00 2.906077e+00 5.554892e+00 -1.045063e+00 2.566767e+00 1.878343e+00 6.998934e+00 -2.489195e+00 6.960831e+00 -3.204672e+00 3.781509e+00
1.463200e+02 -4.297225e-01 5.417672e+00 2.878495e+00 5.044037e+00 -1.076356e+00 2.610830e+00 1.834301e+00 6.941633e+00 -2.554736e+00 6.846646e+00 -3.196683e+00 3.581835e+00
1.464000e+02 -5.195043e-01 5.429230e+00 2.929042e+00 4.689403e+00 -1.121396e+00 2.669195e+00 1.797731e+00 6.889160e+00 -2.644067e+00 6.734716e+00 -3.219334e+00 3.403298e+00
1.464800e+02 -6.849372e-01 5.437514e+00 3.029909e+00 4.535651e+00 -1.171238e+00 2.746863e+00 1.776842e+00 6.853063e+00 -2.742104e+00 6.674290e+00 -3.303371e+00 3.219855e+00
1.465600e+02 -8.618016e-01 5.433865e+00 3.111157e+00 4.529575e+00 -1.211279e+00 2.834789e+00 1.766294e+00 6.854370e+00 -2.819202e+00 6.668848e+00 -3.400704e+00 3.117177e+00
1.466400e+02 -1.100292e+00 5.368418e+00 3.080823e+00 4.645558e+00 -1.265962e+00 2.917201e+00 1.734892e+00 6.832643e+00 -2.880824e+00 6.675484e+00 -3.486908e+00 2.991892e+00
1.467200e+02 -1.373820e+00 5.301805e+00 2.944079e+00 4.797468e+00 -1.328948e+00 2.991658e+00 1.685266e+00 6.766525e+00 -2.918851e+00 6.654633e+00 -3.573673e+00 2.843234e+00
1.468000e+02 -1.642298e+00 5.234770e+00 2.743162e+00 4.904432e+00 -1.387318e+00 3.039243e+00 1.642612e+00 6.689374e+00 -2.932748e+00 6.617384e+00 -3.642009e+00 2.658984e+00
1.468800e+02 -1.868853e+00 5.134812e+00 2.546586e+00 4.952389e+00 -1.435259e+00 3.140916e+00 1.584235e+00 6.620761e+00 -2.929508e+00 6.599691e+00 -3.707702e+00 2.552306e+00
1.469600e+02 -2.103912e+00 5.020827e+00 2.350343e+00 5.026851e+00 -1.495135e+00 3.201964e+00 1.536345e+00 6.543163e+00 -2.918314e+00 6.571371e+00 -3.760326e+00 2.409883e+00
1.470400e+02 -2.340694e+00 4.857822e+00 2.212774e+00 5.122851e+00 -1.545736e+00 3.273049e+00 1.481015e+00 6.482241e+00 -2.911263e+00 6.562343e+00 -3.822161e+00 2.277417e+00
1.471200e+02 -2.525756e+00 4.681284e+00 2.091995e+00 5.129917e+00 -1.618960e+00 3.284742e+00 1.433660e+00 6.372678e+00 -2.876378e+00 6.550231e+00 -3.840811e+00 2.121356e+00
1.472000e+02 -2.699368e+00 4.519966e+00 2.021552e+00 5.100892e+00 -1.686878e+00 3.305168e+00 1.370655e+00 6.263933e+00 -2.841957e+00 6.528551e+00 -3.855906e+00 2.015412e+00
1.472800e+02 -2.918444e+00 4.261352e+00 1.974280e+00 5.216928e+00 -1.738163e+00 3.395935e+00 1.295401e+00 6.200721e+00 -2.837635e+00 6.504382e+00 -3.907713e+00 1.941071e+00
1.473600e+02 -3.088689e+00 4.010081e+00 1.895781e+00 5.293456e+00 -1.816057e+00 3.474008e+00 1.239116e+00 6.113208e+00 -2.805521e+00 6.467431e+00 -3.945336e+00 1.851537e+00
1.474400e+02 -3.199461e+00 3.706222e+00 1.805625e+00 5.267598e+00 -1.887223e+00 3.534444e+00 1.208207e+00 6.051239e+00 -2.767186e+00 6.466505e+00 -3.938461e+00 1.761706e+00
1.475200e+02 -3.318895e+00 3.362919e+00 1.697589e+00 5.287278e+00 -1.953308e+00 3.600416e+00 1.176808e+00 5.990537e+00 -2.729936e+00 6.494214e+00 -3.920898e+00 1.634195e+00
1.476000e+02 -3.403676e+00 3.029025e+00 1.574799e+00 5.291956e+00 -2.007351e+00 3.678855e+00 1.160735e+00 5.944466e+00 -2.695594e+00 6.537686e+00 -3.902818e+00 1.526673e+00
1.476800e+02 -3.468041e+00 2.708019e+00 1.413307e+00 5.244348e+00 -2.063203e+00 3.746672e+00 1.158977e+00 5.890979e+00 -2.653036e+00 6.557897e+00 -3.878777e+00 1.389084e+00
1.477600e+02 -3.505836e+00 2.471408e+00 1.251994e+00 5.188444e+00 -2.090470e+00 3.826050e+00 1.161366e+00 5.874720e+00 -2.625506e+00 6.558586e+00 -3.875575e+00 1.258255e+00
1.478400e+02 -3.509730e+00 2.244309e+00 1.040930e+00 5.013905e+00 -2.145767e+00 3.822204e+00 1.188078e+00 5.799146e+00 -2.553396e+00 6.511677e+00 -3.824877e+00 1.109108e+00
1.479200e+02 -3.479668e+00 2.066928e+00 8.125960e-01 4.897850e+00 -2.216240e+00 3.760946e+00 1.225151e+00 5.695086e+00 -2.464396e+00 6.446521e+00 -3.748580e+00 1.001109e+00
1.480000e+02 -3.432286e+00 1.936244e+00 5.827921e-01 4.651486e+00 -2.300062e+00 3.715373e+00 1.253683e+00 5.598578e+00 -2.383177e+00 6.329546e+00 -3.660844e+00 8.945843e-01
1.480800e+02 -3.358169e+00 1.838597e+00 3.465559e-01 4.399775e+00 -2.389616e+00 3.618408e+00 1.296185e+00 5.473754e+00 -2.280018e+00 6.191464e+00 -3.549854e+00 8.157041e-01
1.481600e+02 -3.267270e+00 1.774532e+00 1.289203e-01 4.134439e+00 -2.464125e+00 3.495637e+00 1.343581e+00 5.330339e+00 -2.162076e+00 6.046215e+00 -3.419194e+00 7.338718e-01
1.482400e+02 -3.121088e+00 1.754053e+00 -2.903496e-02 3.839749e+00 -2.504718e+00 3.333121e+00 1.398591e+00 5.169233e+00 -2.024078e+00 5.909001e+00 -3.264916e+00 7.061754e-01
1.483200e+02 -2.958878e+00 1.760798e+00 -1.060991e-01 3.620088e+00 -2.507519e+00 3.136039e+00 1.459759e+00 5.008299e+00 -1.882684e+00 5.776008e+00 -3.098986e+00 6.583190e-01
1.484000e+02 -2.753037e+00 1.787967e+00 -6.490425e-02 3.436237e+00 -2.458345e+00 2.898244e+00 1.542615e+00 4.881038e+00 -1.745203e+00 5.677694e+00 -2.914722e+00 5.844255e-01
1.484800e+02 -2.517597e+00 1.820248e+00 6.795496e-02 3.368375e+00 -2.382416e+00 2.601710e+00 1.630739e+00 4.759578e+00 -1.604316e+00 5.570291e+00 -2.711438e+00 5.681061e-01
1.485600e+02 -2.289641e+00 1.873435e+00 2.759681e-01 3.300382e+00 -2.273791e+00 2.273536e+00 1.715849e+00 4.642708e+00 -1.482638e+00 5.474074e+00 -2.496741e+00 5.092826e-01
1.486400e+02 -2.059486e+00 1.971081e+00 5.397090e-01 3.280374e+00 -2.124611e+00 1.954256e+00 1.783204e+00 4.537635e+00 -1.378710e+00 5.384613e+00 -2.294950e+00 5.156892e-01
1.487200e+02 -1.844624e+00 2.079409e+00 8.321434e-01 3.229488e+00 -1.941263e+00 1.635437e+00 1.851056e+00 4.476850e+00 -1.303973e+00 5.291243e+00 -2.101789e+00 5.243682e-01
1.488000e+02 -1.652132e+00 2.213255e+00 1.113752e+00 3.180149e+00 -1.749102e+00 1.330628e+00 1.901869e+00 4.399846e+00 -1.236085e+00 5.223174e+00 -1.910495e+00 5.399236e-01
1.488800e+02 -1.472879e+00 2.345930e+00 1.388155e+00 3.163242e+00 -1.528746e+00 1.018479e+00 1.952408e+00 4.342138e+00 -1.185434e+00 5.178918e+00 -1.723071e+00 5.838017e-01
1.489600e+02 -1.327565e+00 2.514266e+00 1.634571e+00 3.196574e+00 -1.302680e+00 7.123407e-01 1.995260e+00 4.297808e+00 -1.155214e+00 5.137424e+00 -1.557251e+00 6.364686e-01
1.490400e+02 -1.227236e+00 2.659118e+00 1.843782e+00 3.233347e+00 -1.059738e+00 4.627014e-01 2.016341e+00 4.291765e+00 -1.154664e+00 5.075669e+00 -1.417046e+00 6.520885e-01
1.491200e+02 -1.127576e+00 2.775937e+00 2.020150e+00 3.255106e+00 -8.125241e-01 2.444051e-01 2.032045e+00 4.300335e+00 -1.161600e+00 5.031593e+00 -1.292985e+00 6.918150e-01
1.492000e+02 -1.050962e+00 2.881494e+00 2.174721e+00 3.321231e+00 -5.595686e-01 7.591674e-02 2.025256e+00 4.334218e+00 -1.199361e+00 4.985541e+00 -1.210998e+00 7.609099e-01
1.492800e+02 -9.945331e-01 2.930248e+00 2.300998e+00 3.379617e+00 -3.097607e-01 -7.350165e-02 2.011105e+00 4.411209e+00 -1.259505e+00 4.927841e+00 -1.154188e+00 8.161391e-01
1.493600e+02 -9.435919e-01 2.969578e+00 2.404722e+00 3.417330e+00 -7.243773e-02 -1.724066e-01 1.976633e+00 4.495051e+00 -1.333803e+00 4.885560e+00 -1.123196e+00 8.967236e-01
1.494400e+02 -9.109732e-01 3.001476e+00 2.474980e+00 3.479644e+00 1.384481e-01 -2.552764e-01 1.928126e+00 4.562043e+00 -1.413668e+00 4.846092e+00 -1.114565e+00 9.806183e-01
1.495200e+02 -8.761919e-01 3.022886e+00 2.519169e+00 3.541040e+00 3.191963e-01 -2.829463e-01 1.861994e+00 4.635408e+00 -1.507777e+00 4.809549e+00 -1.130480e+00 1.099030e+00
1.496000e+02 -8.772716e-01 3.012148e+00 2.516722e+00 3.663197e+00 4.606104e-01 -2.425662e-01 1.768163e+00 4.708300e+00 -1.614370e+00 4.774716e+00 -1.179880e+00 1.189485e+00
1.496800e+02 -8.837660e-01 2.969802e+00 2.461042e+00 3.816931e+00 5.603862e-01 -1.829219e-01 1.664680e+00 4.780057e+00 -1.721454e+00 4.731664e+00 -1.241310e+00 1.292831e+00
1.497600e+02 -8.948130e-01 2.941573e+00 2.362864e+00 3.974764e+00 6.184934e-01 -1.035620e-01 1.553800e+00 4.841524e+00 -1.821243e+00 4.682082e+00 -1.315180e+00 1.407457e+00
1.498400e+02 -9.089422e-01 2.892682e+00 2.218585e+00 4.114890e+00 6.373162e-01 2.018110e-02 1.438323e+00 4.907411e+00 -1.921710e+00 4.634873e+00 -1.392996e+00 1.511901e+00
1.499200e+02 -9.235881e-01 2.848645e+00 2.045193e+00 4.259795e+00 6.116001e-01 1.498170e-01 1.312814e+00 4.958030e+00 -2.005939e+00 4.566403e+00 -1.472826e+00 1.628410e+00
1.500000e+02 -9.329250e-01 2.800127e+00 1.852718e+00 4.391724e+00 5.472780e-01 2.856822e-01 1.189435e+00 4.988944e+00 -2.077379e+00 4.541858e+00 -1.545011e+00 1.728775e+00
1.500800e+02 -9.294524e-01 2.757306e+00 1.653166e+00 4.426594e+00 4.441365e-01 4.373413e-01 1.064863e+00 5.007967e+00 -2.144622e+00 4.549813e+00 -1.611364e+00 1.838872e+00
1.501600e+02 -9.172819e-01 2.744007e+00 1.447972e+00 4.350673e+00 2.934564e-01 5.886410e-01 9.303658e-01 5.003340e+00 -2.199912e+00 4.514780e+00 -1.669667e+00 1.972006e+00
1.502400e+02 -9.265006e-01 2.710209e+00 1.286086e+00 4.264568e+00 1.254992e-01 7.589305e-01 8.005157e-01 5.003956e+00 -2.250547e+00 4.499160e+00 -1.735740e+00 2.113067e+00
1.503200e+02 -9.135156e-01 2.710473e+00 1.144172e+00 4.133272e+00 -7.141621e-02 8.785438e-01 6.879791e-01 4.978023e+00 -2.269739e+00 4.461989e+00 -1.787659e+00 2.261050e+00
1.504000e+02 -8.955109e-01 2.704764e+00 1.026136e+00 4.013484e+00 -2.730709e-01 9.857771e-01 5.924438e-01 4.938525e+00 -2.270323e+00 4.445967e+00 -1.829128e+00 2.422600e+00
1.504800e+02 -8.868376e-01 2.717221e+00 9.312274e-01 3.951920e+00 -4.681643e-01 1.089512e+00 5.131603e-01 4.892873e+00 -2.253261e+00 4.419748e+00 -1.871671e+00 2.601646e+00
1.505600e+02 -8.624263e-01 2.720176e+00 8.529066e-01 3.891856e+00 -6.505055e-01 1.162365e+00 4.680240e-01 4.818324e+00 -2.205474e+00 4.426051e+00 -1.888489e+00 2.763212e+00
1.506400e+02 -8.416552e-01 2.732987e+00 7.998071e-01 3.896532e+00 -8.011603e-01 1.223215e+00 4.527790e-01 4.741539e+00 -2.136868e+00 4.459664e+00 -1.899886e+00 2.933622e+00
1.507200e+02 -8.269695e-01 2.755342e+00 7.698224e-01 3.965252e+00 -9.242381e-01 1.305577e+00 4.588484e-01 4.665260e+00 -2.064734e+00 4.531772e+00 -1.915251e+00 3.089694e+00
1.508000e+02 -8.061659e-01 2.780170e+00 7.656910e-01 4.020692e+00 -1.020101e+00 1.404915e+00 4.899236e-01 4.607998e+00 -2.001047e+00 4.631686e+00 -1.932570e+00 3.234778e+00
1.508800e+02 -7.801600e-01 2.819837e+00 7.786225e-01 4.067188e+00 -1.101425e+00 1.493976e+00 5.471490e-01 4.548690e+00 -1.937753e+00 4.761778e+00 -1.945184e+00 3.346890e+00
1.509600e+02 -7.487570e-01 2.864431e+00 8.154740e-01 4.073040e+00 -1.156011e+00 1.581456e+00 6.355513e-01 4.509504e+00 -1.882372e+00 4.917790e+00 -1.958400e+00 3.439701e+00
1.510400e+02 -7.278389e-01 2.922636e+00 8.617923e-01 4.077879e+00 -1.196055e+00 1.687080e+00 7.210359e-01 4.488070e+00 -1.848823e+00 5.012679e+00 -1.985676e+00 3.531546e+00
1.511200e+02 -7.072523e-01 2.979812e+00 9.232631e-01 4.039303e+00 -1.210034e+00 1.785113e+00 8.207836e-01 4.472761e+00 -1.822228e+00 5.098266e+00 -2.018422e+00 3.598590e+00
1.512000e+02 -6.896663e-01 3.037858e+00 9.926687e-01 3.970382e+00 -1.193704e+00 1.875709e+00 9.292601e-01 4.491159e+00 -1.806909e+00 5.172825e+00 -2.058908e+00 3.629667e+00
1.512800e+02 -6.735645e-01 3.108487e+00 1.053059e+00 3.892802e+00 -1.160181e+00 1.936429e+00 1.036125e+00 4.515756e+00 -1.782476e+00 5.207225e+00 -2.096544e+00 3.664822e+00
1.513600e+02 -6.622660e-01 3.185582e+00 1.100043e+00 3.778964e+00 -1.116022e+00 2.011638e+00 1.128441e+00 4.541734e+00 -1.756954e+00 5.192244e+00 -2.139561e+00 3.722843e+00
1.514400e+02 -6.731532e-01 3.248640e+00 1.118519e+00 3.684866e+00 -1.056847e+00 2.092250e+00 1.199514e+00 4.564093e+00 -1.726734e+00 5.158105e+00 -2.188202e+00 3.753173e+00
1.515200e+02 -7.034751e-01 3.312730e+00 1.103164e+00 3.611956e+00 -9.838004e-01 2.156526e+00 1.262492e+00 4.578557e+00 -1.695459e+00 5.141771e+00 -2.233822e+00 3.740154e+00
1.516000e+02 -7.422540e-01 3.353352e+00 1.060260e+00 3.504989e+00 -8.828345e-01 2.263868e+00 1.298099e+00 4.633329e+00 -1.673129e+00 5.112966e+00 -2.275622e+00 3.728376e+00
1.516800e+02 -8.014167e-01 3.381491e+00 9.671889e-01 3.467551e+00 -7.931919e-01 2.402437e+00 1.296068e+00 4.672457e+00 -1.656258e+00 5.060888e+00 -2.307366e+00 3.672032e+00
1.517600e+02 -8.374205e-01 3.403202e+00 8.616492e-01 3.430870e+00 -7.334637e-01 2.490522e+00 1.302112e+00 4.735724e+00 -1.637921e+00 5.004566e+00 -2.295633e+00 3.598275e+00
1.518400e+02 -8.743221e-01 3.413448e+00 7.622982e-01 3.538264e+00 -7.328847e-01 2.545018e+00 1.303876e+00 4.779937e+00 -1.613148e+00 4.972850e+00 -2.248881e+00 3.524131e+00
1.519200e+02 -8.995163e-01 3.445652e+00 7.003950e-01 3.657897e+00 -7.813343e-01 2.491789e+00 1.306905e+00 4.773149e+00 -1.572258e+00 4.916029e+00 -2.157630e+00 3.482762e+00
1.520000e+02 -9.386512e-01 3.468590e+00 6.984211e-01 3.790450e+00 -8.270072e-01 2.411076e+00 1.302620e+00 4.772009e+00 -1.549823e+00 4.878467e+00 -2.057937e+00 3.444534e+00
1.520800e+02 -1.003152e+00 3.454410e+00 7.076624e-01 3.931713e+00 -8.619174e-01 2.325654e+00 1.278432e+00 4.795688e+00 -1.548387e+00 4.798522e+00 -1.956729e+00 3.411391e+00
1.521600e+02 -1.023878e+00 3.465057e+00 7.330631e-01 3.873357e+00 -8.864495e-01 2.207797e+00 1.258425e+00 4.785870e+00 -1.527141e+00 4.725291e+00 -1.818615e+00 3.375038e+00
1.522400e+02 -1.040140e+00 3.464929e+00 8.027895e-01 3.656263e+00 -8.767918e-01 2.137716e+00 1.219033e+00 4.800135e+00 -1.528365e+00 4.666837e+00 -1.688033e+00 3.328623e+00
1.523200e+02 -1.054092e+00 3.474641e+00 9.173913e-01 3.317934e+00 -8.687240e-01 2.087028e+00 1.162875e+00 4.793453e+00 -1.526180e+00 4.551635e+00 -1.567003e+00 3.299403e+00
1.524000e+02 -1.056664e+00 3.454663e+00 1.069645e+00 3.001102e+00 -8.639825e-01 2.060103e+00 1.099760e+00 4.780927e+00 -1.522549e+00 4.458911e+00 -1.454032e+00 3.252526e+00
1.524800e+02 -1.067184e+00 3.422955e+00 1.240845e+00 2.771487e+00 -8.904043e-01 2.087589e+00 1.027682e+00 4.758622e+00 -1.518468e+00 4.382405e+00 -1.360964e+00 3.197276e+00
1.525600e+02 -1.059881e+00 3.393125e+00 1.392922e+00 2.625586e+00 -9.645999e-01 2.097119e+00 9.587028e-01 4.718891e+00 -1.500695e+00 4.306632e+00 -1.271538e+00 3.145338e+00
1.526400e+02 -1.049102e+00 3.365913e+00 1.494600e+00 2.542197e+00 -1.078399e+00 2.095341e+00 8.929369e-01 4.669131e+00 -1.474928e+00 4.240924e+00 -1.192496e+00 3.092361e+00
1.527200e+02 -1.037940e+00 3.314100e+00 1.535671e+00 2.455878e+00 -1.218159e+00 2.091173e+00 8.312696e-01 4.641843e+00 -1.453430e+00 4.164635e+00 -1.117097e+00 3.021375e+00
1.528000e+02 -1.008338e+00 3.283844e+00 1.515049e+00 2.396884e+00 -1.383207e+00 2.015727e+00 7.844807e-01 4.570591e+00 -1.404617e+00 4.086596e+00 -1.033536e+00 2.972459e+00
1.528800e+02 -1.001845e+00 3.227357e+00 1.472740e+00 2.406400e+00 -1.528109e+00 1.930876e+00 7.468050e-01 4.504578e+00 -1.365560e+00 4.032043e+00 -9.699613e-01 2.910149e+00
1.529600e+02 -9.944580e-01 3.149805e+00 1.421158e+00 2.430686e+00 -1.646146e+00 1.819772e+00 7.245183e-01 4.440350e+00 -1.328041e+00 3.978652e+00 -9.116144e-01 2.847562e+00
1.530400e+02 -9.670245e-01 3.078345e+00 1.379855e+00 2.409144e+00 -1.724007e+00 1.678771e+00 7.276624e-01 4.371522e+00 -1.280206e+00 3.958172e+00 -8.478327e-01 2.790194e+00
1.531200e+02 -9.375576e-01 3.027891e+00 1.343479e+00 2.354892e+00 -1.772074e+00 1.518868e+00 7.376570e-01 4.294449e+00 -1.230022e+00 3.913173e+00 -7.819604e-01 2.720991e+00
1.532000e+02 -9.083832e-01 2.975069e+00 1.321849e+00 2.302114e+00 -1.785065e+00 1.356996e+00 7.585020e-01 4.203154e+00 -1.173053e+00 3.881600e+00 -7.101665e-01 2.654437e+00
1.532800e+02 -8.832846e-01 2.918506e+00 1.323649e+00 2.264096e+00 -1.762956e+00 1.229618e+00 7.850885e-01 4.128407e+00 -1.128023e+00 3.874657e+00 -6.456649e-01 2.590971e+00
1.533600e+02 -8.622564e-01 2.847764e+00 1.338958e+00 2.225711e+00 -1.710268e+00 1.132924e+00 8.158079e-01 4.090611e+00 -1.098779e+00 3.867035e+00 -5.901268e-01 2.523226e+00
1.534400e+02 -8.529130e-01 2.759472e+00 1.334140e+00 2.214610e+00 -1.646119e+00 1.054570e+00 8.465696e-01 4.051723e+00 -1.069647e+00 3.853086e+00 -5.336397e-01 2.445166e+00
1.535200e+02 -8.559523e-01 2.634151e+00 1.303988e+00 2.249754e+00 -1.562247e+00 1.021244e+00 8.707217e-01 4.019989e+00 -1.053417e+00 3.840324e+00 -4.840883e-01 2.370037e+00
1.536000e+02 -8.477287e-01 2.524601e+00 1.245766e+00 2.278312e+00 -1.464546e+00 1.006792e+00 8.957761e-01 3.990818e+00 -1.040219e+00 3.825613e+00 -4.394349e-01 2.302655e+00
1.536800e+02 -8.395682e-01 2.432779e+00 1.168490e+00 2.308793e+00 -1.356656e+00 9.913617e-01 9.215649e-01 3.963226e+00 -1.028431e+00 3.805914e+00 -3.934107e-01 2.236644e+00
1.537600e+02 -8.353332e-01 2.334396e+00 1.083210e+00 2.319250e+00 -1.242160e+00 9.835509e-01 9.429957e-01 3.934522e+00 -1.017178e+00 3.780931e+00 -3.438805e-01 2.168928e+00
1.538400e+02 -8.269054e-01 2.246395e+00 9.988461e-01 2.339331e+00 -1.123708e+00 9.828129e-01 9.587506e-01 3.905710e+00 -1.007044e+00 3.753506e+00 -2.963567e-01 2.105377e+00
1.539200e+02 -8.132326e-01 2.172321e+00 9.228431e-01 2.381238e+00 -1.010048e+00 9.725438e-01 9.701027e-01 3.870310e+00 -9.961569e-01 3.716243e+00 -2.450328e-01 2.030129e+00
1.540000e+02 -7.896709e-01 2.109512e+00 8.645945e-01 2.409952e+00 -9.011057e-01 9.562506e-01 9.788542e-01 3.834640e+00 -9.812140e-01 3.675140e+00 -1.883272e-01 1.960002e+00
1.540800e+02 -7.616228e-01 2.045645e+00 8.196596e-01 2.447851e+00 -8.018444e-01 9.451259e-01 9.784763e-01 3.793405e+00 -9.657754e-01 3.626586e+00 -1.286436e-01 1.892320e+00
1.541600e+02 -7.271171e-01 1.973074e+00 7.856983e-01 2.493091e+00 -7.123076e-01 9.366879e-01 9.712347e-01 3.761557e+00 -9.559296e-01 3.561952e+00 -6.696429e-02 1.835564e+00
1.542400e+02 -6.889277e-01 1.914864e+00 7.625127e-01 2.530417e+00 -6.355686e-01 9.189276e-01 9.616117e-01 3.722736e+00 -9.414581e-01 3.492847e+00 -7.233272e-03 1.769349e+00
1.543200e+02 -6.483144e-01 1.855435e+00 7.436999e-01 2.563907e+00 -5.703088e-01 8.975997e-01 9.495348e-01 3.687649e+00 -9.254756e-01 3.430800e+00 5.450846e-02 1.684455e+00
1.544000e+02 -6.100250e-01 1.805618e+00 7.305235e-01 2.587294e+00 -5.197985e-01 8.845731e-01 9.281907e-01 3.648483e+00 -9.098229e-01 3.357477e+00 1.106649e-01 1.613257e+00
1.544800e+02 -5.669063e-01 1.745426e+00 7.253738e-01 2.566184e+00 -4.775141e-01 8.795472e-01 9.047973e-01 3.633146e+00 -8.996762e-01 3.289757e+00 1.681590e-01 1.531030e+00
1.545600e+02 -5.232344e-01 1.695574e+00 7.211901e-01 2.510680e+00 -4.547174e-01 8.902543e-01 8.736179e-01 3.603159e+00 -8.871868e-01 3.226993e+00 2.224130e-01 1.454200e+00
1.546400e+02 -4.883148e-01 1.650224e+00 7.145113e-01 2.447843e+00 -4.477742e-01 8.943958e-01 8.389019e-01 3.567118e+00 -8.756222e-01 3.164233e+00 2.718067e-01 1.367796e+00
1.547200e+02 -4.636141e-01 1.605968e+00 7.081236e-01 2.399930e+00 -4.532065e-01 9.100117e-01 7.946045e-01 3.530664e+00 -8.691107e-01 3.089456e+00 3.088311e-01 1.293828e+00
1.548000e+02 -4.207976e-01 1.586638e+00 6.962626e-01 2.293767e+00 -4.788262e-01 9.075676e-01 7.553714e-01 3.474083e+00 -8.499194e-01 3.020698e+00 3.587297e-01 1.220888e+00
1.548800e+02 -3.901274e-01 1.565949e+00 6.847109e-01 2.190695e+00 -5.059601e-01 8.924303e-01 7.199090e-01 3.425969e+00 -8.328099e-01 2.956159e+00 4.030038e-01 1.144435e+00
1.549600e+02 -3.648988e-01 1.542129e+00 6.783673e-01 2.089336e+00 -5.319446e-01 8.879281e-01 6.842690e-01 3.387548e+00 -8.164580e-01 2.912255e+00 4.406066e-01 1.070231e+00
1.550400e+02 -3.440321e-01 1.523808e+00 6.690523e-01 1.994416e+00 -5.637942e-01 8.905720e-01 6.481829e-01 3.348723e+00 -8.004584e-01 2.861095e+00 4.734823e-01 1.010648e+00
1.551200e+02 -3.250852e-01 1.513685e+00 6.583589e-01 1.905094e+00 -5.977386e-01 8.863172e-01 6.196276e-01 3.304649e+00 -7.787933e-01 2.817365e+00 5.081321e-01 9.521247e-01
1.552000e+02 -3.085361e-01 1.500226e+00 6.529727e-01 1.825165e+00 -6.240794e-01 8.847778e-01 5.940369e-01 3.284463e+00 -7.624920e-01 2.779892e+00 5.389101e-01 9.022206e-01
1.552800e+02 -2.953662e-01 1.488918e+00 6.472563e-01 1.761498e+00 -6.484834e-01 8.826073e-01 5.698270e-01 3.266610e+00 -7.461783e-01 2.753257e+00 5.686476e-01 8.506556e-01
1.553600e+02 -2.871245e-01 1.478738e+00 6.404991e-01 1.716681e+00 -6.740789e-01 8.872284e-01 5.441394e-01 3.240226e+00 -7.290984e-01 2.733814e+00 5.961502e-01 8.050332e-01
1.554400e+02 -2.797099e-01 1.471631e+00 6.308002e-01 1.676056e+00 -6.990470e-01 8.868640e-01 5.252206e-01 3.195584e+00 -7.073427e-01 2.718604e+00 6.257760e-01 7.649520e-01
1.555200e+02 -2.796359e-01 1.454658e+00 6.215508e-01 1.670225e+00 -7.201108e-01 8.991567e-01 5.088193e-01 3.164202e+00 -6.902807e-01 2.712505e+00 6.495437e-01 7.242913e-01
1.556000e+02 -2.797908e-01 1.432917e+00 6.117104e-01 1.652591e+00 -7.344925e-01 9.078573e-01 4.993178e-01 3.154687e+00 -6.788687e-01 2.697242e+00 6.712477e-01 6.817556e-01
1.556800e+02 -2.817349e-01 1.411274e+00 5.971657e-01 1.638097e+00 -7.472733e-01 9.115017e-01 4.929141e-01 3.131335e+00 -6.649278e-01 2.681561e+00 6.929324e-01 6.378809e-01
1.557600e+02 -2.853138e-01 1.385939e+00 5.805943e-01 1.631604e+00 -7.562730e-01 9.151844e-01 4.867476e-01 3.106012e+00 -6.514048e-01 2.668741e+00 7.125570e-01 5.954970e-01
1.558400e+02 -2.900936e-01 1.357304e+00 5.606459e-01 1.629230e+00 -7.623557e-01 9.179766e-01 4.810512e-01 3.075605e+00 -6.382895e-01 2.654739e+00 7.325189e-01 5.548609e-01
1.559200e+02 -2.992767e-01 1.322580e+00 5.372946e-01 1.642389e+00 -7.647805e-01 9.261965e-01 4.725327e-01 3.044541e+00 -6.281121e-01 2.635239e+00 7.484090e-01 5.183719e-01
1.560000e+02 -3.072940e-01 1.285531e+00 5.103751e-01 1.653844e+00 -7.668946e-01 9.333312e-01 4.649792e-01 3.009826e+00 -6.160865e-01 2.616303e+00 7.662021e-01 4.822661e-01
1.560800e+02 -3.151115e-01 1.243676e+00 4.817118e-01 1.664931e+00 -7.655001e-01 9.384179e-01 4.588607e-01 2.981856e+00 -6.052746e-01 2.596575e+00 7.837050e-01 4.462150e-01
1.561600e+02 -3.243674e-01 1.197790e+00 4.502039e-01 1.680892e+00 -7.630223e-01 9.448470e-01 4.522673e-01 2.952311e+00 -5.928406e-01 2.579627e+00 8.004699e-01 4.122713e-01
1.562400e+02 -3.351288e-01 1.159383e+00 4.231800e-01 1.713765e+00 -7.547870e-01 9.665758e-01 4.453741e-01 2.930133e+00 -5.861575e-01 2.569606e+00 8.054350e-01 3.860045e-01
1.563200e+02 -3.439101e-01 1.114486e+00 3.909978e-01 1.740382e+00 -7.499922e-01 9.846179e-01 4.418016e-01 2.903179e+00 -5.763768e-01 2.556965e+00 8.160723e-01 3.559751e-01
1.564000e+02 -3.511190e-01 1.077025e+00 3.585526e-01 1.766855e+00 -7.437655e-01 9.968381e-01 4.419566e-01 2.874976e+00 -5.653057e-01 2.546670e+00 8.237335e-01 3.302142e-01
1.564800e+02 -3.583170e-01 1.031056e+00 3.236488e-01 1.795319e+00 -7.385774e-01 1.009202e+00 4.429820e-01 2.842756e+00 -5.530266e-01 2.537092e+00 8.334659e-01 3.037207e-01
1.565600e+02 -3.666054e-01 9.824436e-01 2.875861e-01 1.819017e+00 -7.332448e-01 1.024564e+00 4.427934e-01 2.814078e+00 -5.426585e-01 2.524951e+00 8.423739e-01 2.683228e-01
1.566400e+02 -3.730512e-01 9.309664e-01 2.493081e-01 1.844784e+00 -7.272195e-01 1.027150e+00 4.479313e-01 2.782390e+00 -5.304139e-01 2.510791e+00 8.539720e-01 2.348791e-01
1.567200e+02 -3.829381e-01 8.722748e-01 2.104268e-01 1.872368e+00 -7.197199e-01 1.036373e+00 4.532074e-01 2.761395e+00 -5.198448e-01 2.496861e+00 8.637895e-01 1.994538e-01
1.568000e+02 -3.909474e-01 8.192934e-01 1.725719e-01 1.895885e+00 -7.115322e-01 1.047856e+00 4.592745e-01 2.738978e+00 -5.080301e-01 2.484545e+00 8.733096e-01 1.662936e-01
1.568800e+02 -3.976162e-01 7.620093e-01 1.329485e-01 1.910837e+00 -7.035413e-01 1.058668e+00 4.661059e-01 2.715360e+00 -4.954704e-01 2.472601e+00 8.860022e-01 1.304501e-01
1.569600e+02 -4.023160e-01 7.128039e-01 9.358007e-02 1.923253e+00 -6.976620e-01 1.073058e+00 4.708478e-01 2.678079e+00 -4.786208e-01 2.465815e+00 8.969518e-01 1.008497e-01
1.570400e+02 -4.091853e-01 6.575051e-01 5.352529e-02 1.934222e+00 -6.919112e-01 1.088503e+00 4.756376e-01 2.643746e+00 -4.673899e-01 2.450569e+00 9.083204e-01 6.309129e-02
1.571200e+02 -4.130566e-01 5.994534e-01 1.335019e-02 1.945550e+00 -6.864377e-01 1.094053e+00 4.828663e-01 2.606425e+00 -4.524848e-01 2.437438e+00 9.232535e-01 2.534645e-02
1.572000e+02 -4.157426e-01 5.368141e-01 -2.496895e-02 1.952728e+00 -6.804087e-01 1.105580e+00 4.863389e-01 2.572561e+00 -4.395001e-01 2.425177e+00 9.371477e-01 -1.246100e-02
1.572800e+02 -4.174215e-01 4.764282e-01 -6.096850e-02 1.962844e+00 -6.738700e-01 1.122011e+00 4.888971e-01 2.541401e+00 -4.280858e-01 2.414941e+00 9.478530e-01 -4.805749e-02
1.573600e+02 -4.171071e-01 4.142557e-01 -9.880680e-02 1.986171e+00 -6.696719e-01 1.125288e+00 4.944321e-01 2.507455e+00 -4.138461e-01 2.404611e+00 9.618683e-01 -8.203250e-02
1.574400e+02 -4.158192e-01 3.577825e-01 -1.325872e-01 2.006966e+00 -6.667825e-01 1.131147e+00 5.001533e-01 2.470712e+00 -3.987312e-01 2.399280e+00 9.742010e-01 -1.117247e-01
1.575200e+02 -4.122245e-01 2.956756e-01 -1.645888e-01 2.013492e+00 -6.624489e-01 1.139659e+00 5.029755e-01 2.447653e+00 -3.888996e-01 2.379524e+00 9.887515e-01 -1.438213e-01
1.576000e+02 -4.097997e-01 2.332145e-01 -1.976527e-01 2.020822e+00 -6.623990e-01 1.156138e+00 5.025678e-01 2.410691e+00 -3.748179e-01 2.372952e+00 1.004630e+00 -1.742199e-01
1.576800e+02 -4.057467e-01 1.679215e-01 -2.318077e-01 2.027310e+00 -6.646561e-01 1.171135e+00 5.060138e-01 2.366413e+00 -3.596714e-01 2.367006e+00 1.022626e+00 -2.034632e-01
1.577600e+02 -4.060980e-01 1.079574e-01 -2.670622e-01 2.031884e+00 -6.673064e-01 1.179992e+00 5.105126e-01 2.327809e+00 -3.494946e-01 2.351803e+00 1.038338e+00 -2.543673e-01
1.578400e+02 -4.057716e-01 4.197430e-02 -3.017617e-01 2.032649e+00 -6.693863e-01 1.190990e+00 5.121199e-01 2.291344e+00 -3.371514e-01 2.335946e+00 1.055209e+00 -3.044371e-01
1.579200e+02 -4.023600e-01 -3.194362e-02 -3.386986e-01 2.038561e+00 -6.730019e-01 1.184721e+00 5.172034e-01 2.250223e+00 -3.200858e-01 2.317939e+00 1.077634e+00 -3.549735e-01
1.580000e+02 -3.970515e-01 -1.071296e-01 -3.738321e-01 2.034453e+00 -6.762436e-01 1.187154e+00 5.210594e-01 2.212852e+00 -3.045081e-01 2.302460e+00 1.097183e+00 -4.037287e-01
1.580800e+02 -3.895274e-01 -1.901666e-01 -4.081611e-01 2.025967e+00 -6.787090e-01 1.186425e+00 5.271388e-01 2.175794e+00 -2.879046e-01 2.290174e+00 1.119100e+00 -4.547138e-01
1.581600e+02 -3.829746e-01 -2.559266e-01 -4.395369e-01 2.021727e+00 -6.807769e-01 1.187373e+00 5.327100e-01 2.141620e+00 -2.723916e-01 2.277594e+00 1.135868e+00 -5.069693e-01
1.582400e+02 -3.742802e-01 -3.193521e-01 -4.660467e-01 2.018788e+00 -6.805581e-01 1.190525e+00 5.398867e-01 2.111606e+00 -2.588229e-01 2.270618e+00 1.151658e+00 -5.468804e-01
1.583200e+02 -3.681007e-01 -3.963955e-01 -4.939877e-01 2.017118e+00 -6.818320e-01 1.192741e+00 5.479194e-01 2.081220e+00 -2.448780e-01 2.263182e+00 1.170245e+00 -5.943889e-01
1.584000e+02 -3.609496e-01 -4.728850e-01 -5.205019e-01 2.016688e+00 -6.836944e-01 1.195899e+00 5.564006e-01 2.048187e+00 -2.305461e-01 2.257886e+00 1.187096e+00 -6.396354e-01
1.584800e+02 -3.536295e-01 -5.556477e-01 -5.473876e-01 2.021672e+00 -6.864152e-01 1.191256e+00 5.686087e-01 2.018021e+00 -2.150181e-01 2.252829e+00 1.205670e+00 -6.849464e-01
1.585600e+02 -3.438498e-01 -6.399600e-01 -5.750888e-01 2.012064e+00 -6.927069e-01 1.180568e+00 5.781357e-01 1.986029e+00 -1.978039e-01 2.235606e+00 1.227583e+00 -7.271474e-01
1.586400e+02 -3.331221e-01 -7.315947e-01 -6.038783e-01 2.016558e+00 -6.973222e-01 1.157283e+00 5.912577e-01 1.951135e+00 -1.802922e-01 2.226662e+00 1.253055e+00 -7.714273e-01
1.587200e+02 -3.242992e-01 -8.283537e-01 -6.313506e-01 2.020844e+00 -7.022552e-01 1.135908e+00 5.999999e-01 1.917938e+00 -1.640120e-01 2.207949e+00 1.277256e+00 -8.117476e-01
1.588000e+02 -3.165769e-01 -9.309624e-01 -6.594857e-01 2.029724e+00 -7.032776e-01 1.098694e+00 6.136831e-01 1.890846e+00 -1.494593e-01 2.190654e+00 1.303885e+00 -8.634641e-01
1.588800e+02 -3.092739e-01 -1.038479e+00 -6.845105e-01 2.033374e+00 -7.007402e-01 1.067309e+00 6.244011e-01 1.863799e+00 -1.332094e-01 2.179373e+00 1.327076e+00 -9.107206e-01
1.589600e+02 -3.003008e-01 -1.168791e+00 -7.133731e-01 2.020061e+00 -6.986677e-01 1.027788e+00 6.373023e-01 1.829018e+00 -1.122045e-01 2.164192e+00 1.359049e+00 -9.613853e-01
1.590400e+02 -2.932123e-01 -1.303631e+00 -7.432646e-01 2.010464e+00 -6.923210e-01 9.905617e-01 6.484958e-01 1.795230e+00 -9.332090e-02 2.149207e+00 1.388337e+00 -1.018413e+00
1.591200e+02 -2.842379e-01 -1.437204e+00 -7.730239e-01 2.008257e+00 -6.854912e-01 9.405824e-01 6.632472e-01 1.748118e+00 -6.780193e-02 2.137057e+00 1.420368e+00 -1.067379e+00
1.592000e+02 -2.763713e-01 -1.560713e+00 -7.960372e-01 2.003748e+00 -6.742732e-01 8.961775e-01 6.776769e-01 1.714944e+00 -4.533566e-02 2.127315e+00 1.449318e+00 -1.116043e+00
1.592800e+02 -2.676546e-01 -1.710588e+00 -8.178356e-01 1.991727e+00 -6.606653e-01 8.495495e-01 6.937945e-01 1.681224e+00 -2.161395e-02 2.117256e+00 1.485617e+00 -1.166976e+00
1.593600e+02 -2.600664e-01 -1.871537e+00 -8.381387e-01 1.977714e+00 -6.439416e-01 8.017353e-01 7.105494e-01 1.648246e+00 2.531435e-03 2.108553e+00 1.524496e+00 -1.214332e+00
1.594400e+02 -2.564002e-01 -2.036729e+00 -8.539096e-01 1.971822e+00 -6.224209e-01 7.568293e-01 7.271614e-01 1.619158e+00 2.460314e-02 2.104226e+00 1.562354e+00 -1.255625e+00
1.595200e+02 -2.511532e-01 -2.187008e+00 -8.627216e-01 1.962412e+00 -5.975290e-01 7.137960e-01 7.438796e-01 1.592623e+00 4.457837e-02 2.102279e+00 1.599940e+00 -1.292456e+00
1.596000e+02 -2.443851e-01 -2.342047e+00 -8.668488e-01 1.948715e+00 -5.694574e-01 6.712562e-01 7.611591e-01 1.567861e+00 6.444301e-02 2.103307e+00 1.640840e+00 -1.326017e+00
1.596800e+02 -2.405930e-01 -2.506854e+00 -8.652289e-01 1.937481e+00 -5.350797e-01 6.292781e-01 7.783721e-01 1.560487e+00 7.921438e-02 2.103869e+00 1.682187e+00 -1.357402e+00
1.597600e+02 -2.350532e-01 -2.664761e+00 -8.627543e-01 1.928094e+00 -5.042507e-01 5.775204e-01 7.959197e-01 1.530468e+00 1.039832e-01 2.112604e+00 1.729317e+00 -1.377820e+00
1.598400e+02 -2.271532e-01 -2.836076e+00 -8.542509e-01 1.902291e+00 -4.654666e-01 5.261583e-01 8.144111e-01 1.521866e+00 1.199580e-01 2.118011e+00 1.778982e+00 -1.401580e+00
1.599200e+02 -2.139730e-01 -3.026226e+00 -8.477501e-01 1.852952e+00 -4.294293e-01 4.663287e-01 8.307573e-01 1.504765e+00 1.415269e-01 2.122492e+00 1.838951e+00 -1.424748e+00
1.600000e+02 -2.053312e-01 -3.198493e+00 -8.299649e-01 1.821578e+00 -3.868571e-01 4.192684e-01 8.436738e-01 1.492205e+00 1.574239e-01 2.139876e+00 1.889571e+00 -1.435168e+00
1.600800e+02 -1.956155e-01 -3.362212e+00 -8.010100e-01 1.783183e+00 -3.429188e-01 3.749836e-01 8.582404e-01 1.482128e+00 1.704247e-01 2.158752e+00 1.939499e+00 -1.442228e+00
1.601600e+02 -1.887946e-01 -3.497906e+00 -7.592784e-01 1.743989e+00 -2.965085e-01 3.327150e-01 8.723526e-01 1.477016e+00 1.800786e-01 2.179513e+00 1.984239e+00 -1.450780e+00
1.602400e+02 -1.844218e-01 -3.629975e+00 -7.174014e-01 1.702700e+00 -2.482630e-01 2.875601e-01 8.897340e-01 1.473376e+00 1.888972e-01 2.204717e+00 2.027973e+00 -1.463696e+00
1.603200e+02 -1.709090e-01 -3.769144e+00 -6.738496e-01 1.628593e+00 -1.985723e-01 2.356645e-01 9.053505e-01 1.467641e+00 1.985761e-01 2.221381e+00 2.076670e+00 -1.478035e+00
1.604000e+02 -1.718593e-01 -3.867480e+00 -6.134389e-01 1.576336e+00 -1.463011e-01 1.907281e-01 9.169242e-01 1.470425e+00 2.006342e-01 2.241656e+00 2.109808e+00 -1.500225e+00
1.604800e+02 -1.846057e-01 -3.970620e+00 -5.556618e-01 1.520921e+00 -9.475881e-02 1.396867e-01 9.289421e-01 1.473680e+00 2.040695e-01 2.260505e+00 2.144197e+00 -1.529977e+00
1.605600e+02 -2.019713e-01 -4.072239e+00 -4.928169e-01 1.471625e+00 -4.885267e-02 9.810060e-02 9.375173e-01 1.471524e+00 2.088876e-01 2.286029e+00 2.181329e+00 -1.558370e+00
1.606400e+02 -2.262883e-01 -4.143060e+00 -4.225107e-01 1.419133e+00 -2.942305e-03 5.864217e-02 9.456982e-01 1.481002e+00 2.107948e-01 2.313417e+00 2.213754e+00 -1.596795e+00
1.607200e+02 -2.591681e-01 -4.183519e+00 -3.424203e-01 1.375414e+00 4.354124e-02 2.579158e-02 9.532809e-01 1.502419e+00 2.079958e-01 2.347498e+00 2.236458e+00 -1.640035e+00
1.608000e+02 -2.951391e-01 -4.225111e+00 -2.699222e-01 1.323668e+00 8.337703e-02 -1.279896e-02 9.617466e-01 1.524005e+00 2.079630e-01 2.377710e+00 2.265307e+00 -1.699948e+00
1.608800e+02 -3.248299e-01 -4.230028e+00 -1.865140e-01 1.257501e+00 1.259884e-01 -4.859166e-02 9.695922e-01 1.560174e+00 2.036634e-01 2.416554e+00 2.288504e+00 -1.756466e+00
1.609600e+02 -3.560788e-01 -4.237997e+00 -1.122178e-01 1.194614e+00 1.644710e-01 -8.715705e-02 9.777387e-01 1.596880e+00 1.992272e-01 2.453866e+00 2.311713e+00 -1.829715e+00
1.610400e+02 -3.817256e-01 -4.197259e+00 -2.128087e-02 1.140993e+00 2.066122e-01 -1.187956e-01 9.852898e-01 1.648753e+00 1.868109e-01 2.502803e+00 2.323445e+00 -1.907151e+00
1.611200e+02 -4.096725e-01 -4.162339e+00 4.809074e-02 1.097177e+00 2.378075e-01 -1.682662e-01 9.953252e-01 1.678363e+00 1.822047e-01 2.545809e+00 2.338545e+00 -1.998259e+00
1.612000e+02 -4.415956e-01 -4.134845e+00 1.128161e-01 1.055496e+00 2.691531e-01 -2.028168e-01 1.000464e+00 1.720272e+00 1.697732e-01 2.585136e+00 2.346097e+00 -2.111234e+00
1.612800e+02 -4.758202e-01 -4.081131e+00 1.686510e-01 1.031441e+00 2.965721e-01 -2.514988e-01 1.006695e+00 1.760235e+00 1.581751e-01 2.617751e+00 2.342509e+00 -2.243110e+00
1.613600e+02 -4.981123e-01 -4.053675e+00 2.137644e-01 1.019459e+00 3.187273e-01 -3.229795e-01 1.016877e+00 1.795589e+00 1.497423e-01 2.646433e+00 2.342270e+00 -2.381000e+00
1.614400e+02 -5.230176e-01 -3.990512e+00 2.605060e-01 1.035985e+00 3.383217e-01 -4.085797e-01 1.028434e+00 1.833268e+00 1.414471e-01 2.673898e+00 2.328290e+00 -2.536757e+00
1.615200e+02 -5.444409e-01 -3.927936e+00 2.972957e-01 1.049317e+00 3.553108e-01 -4.851924e-01 1.039904e+00 1.876025e+00 1.316702e-01 2.703077e+00 2.303011e+00 -2.705725e+00
1.616000e+02 -5.658497e-01 -3.842056e+00 3.324113e-01 1.068750e+00 3.702338e-01 -5.663082e-01 1.054678e+00 1.919332e+00 1.214472e-01 2.731694e+00 2.260387e+00 -2.897580e+00
1.616800e+02 -5.960186e-01 -3.730371e+00 3.591538e-01 1.109219e+00 3.784755e-01 -6.316660e-01 1.061916e+00 1.959080e+00 1.089469e-01 2.752891e+00 2.182570e+00 -3.112112e+00
1.617600e+02 -6.224048e-01 -3.603046e+00 3.849574e-01 1.181462e+00 3.865666e-01 -6.989676e-01 1.069503e+00 2.005622e+00 9.120447e-02 2.771150e+00 2.068251e+00 -3.346046e+00
1.618400e+02 -6.431771e-01 -3.488269e+00 3.895890e-01 1.256180e+00 3.844583e-01 -7.821401e-01 1.076992e+00 2.038898e+00 8.075192e-02 2.768421e+00 1.926808e+00 -3.593839e+00
1.619200e+02 -6.566237e-01 -3.380983e+00 3.950354e-01 1.334694e+00 3.879614e-01 -8.648068e-01 1.087489e+00 2.081904e+00 7.156242e-02 2.787341e+00 1.753303e+00 -3.838834e+00
1.620000e+02 -6.734042e-01 -3.260864e+00 3.966888e-01 1.439381e+00 3.884948e-01 -9.439374e-01 1.098735e+00 2.122104e+00 6.717746e-02 2.814057e+00 1.554208e+00 -4.060089e+00
1.620800e+02 -6.875769e-01 -3.143481e+00 3.897286e-01 1.540024e+00 3.910124e-01 -1.021735e+00 1.112971e+00 2.165554e+00 6.669014e-02 2.853670e+00 1.344900e+00 -4.290521e+00
1.621600e+02 -7.040058e-01 -3.012805e+00 3.798665e-01 1.658645e+00 3.981080e-01 -1.099499e+00 1.131143e+00 2.216721e+00 6.792832e-02 2.914159e+00 1.121343e+00 -4.501676e+00
1.622400e+02 -7.380578e-01 -2.878110e+00 3.469787e-01 1.784164e+00 3.935969e-01 -1.177126e+00 1.141630e+00 2.257867e+00 7.775106e-02 2.956865e+00 8.988944e-01 -4.745019e+00
1.623200e+02 -7.681265e-01 -2.754366e+00 3.126291e-01 1.916658e+00 3.961947e-01 -1.246543e+00 1.155320e+00 2.309841e+00 8.862519e-02 3.025096e+00 6.698875e-01 -4.932815e+00
1.624000e+02 -8.059372e-01 -2.637733e+00 2.684343e-01 2.047504e+00 4.000711e-01 -1.313928e+00 1.169316e+00 2.360900e+00 1.084868e-01 3.099826e+00 4.406993e-01 -5.072540e+00
1.624800e+02 -8.432682e-01 -2.534192e+00 2.161659e-01 2.181771e+00 4.050392e-01 -1.380959e+00 1.182582e+00 2.416246e+00 1.347812e-01 3.170379e+00 2.104924e-01 -5.194645e+00
1.625600e+02 -8.839239e-01 -2.450120e+00 1.468188e-01 2.319774e+00 4.039175e-01 -1.450461e+00 1.187367e+00 2.462407e+00 1.730028e-01 3.234593e+00 -1.406439e-02 -5.318667e+00
1.626400e+02 -9.132267e-01 -2.373318e+00 8.921788e-02 2.461635e+00 4.162422e-01 -1.510124e+00 1.199822e+00 2.521666e+00 2.104472e-01 3.329233e+00 -2.379709e-01 -5.412908e+00
1.627200e+02 -9.370583e-01 -2.307902e+00 3.836232e-02 2.606561e+00 4.352699e-01 -1.551794e+00 1.209512e+00 2.591728e+00 2.463862e-01 3.429160e+00 -4.513568e-01 -5.485224e+00
1.628000e+02 -9.469834e-01 -2.244898e+00 -3.044234e-03 2.743792e+00 4.585006e-01 -1.588235e+00 1.224088e+00 2.656992e+00 2.875737e-01 3.539928e+00 -6.512659e-01 -5.557207e+00
1.628800e+02 -9.412873e-01 -2.215367e+00 -3.133527e-02 2.882706e+00 4.957578e-01 -1.600148e+00 1.239500e+00 2.742211e+00 3.206391e-01 3.663254e+00 -8.335529e-01 -5.574205e+00
1.629600e+02 -9.186432e-01 -2.216217e+00 -5.083718e-02 3.018463e+00 5.424276e-01 -1.595323e+00 1.257904e+00 2.834794e+00 3.497444e-01 3.792915e+00 -9.868027e-01 -5.527823e+00
1.630400e+02 -8.850297e-01 -2.213616e+00 -5.340905e-02 3.170934e+00 5.949675e-01 -1.552590e+00 1.274161e+00 2.925287e+00 3.714101e-01 3.937957e+00 -1.110735e+00 -5.412302e+00
1.631200e+02 -8.511696e-01 -2.186388e+00 -5.685461e-02 3.327302e+00 6.432868e-01 -1.479092e+00 1.278108e+00 3.011181e+00 3.825637e-01 4.050256e+00 -1.204152e+00 -5.284932e+00
1.632000e+02 -8.116125e-01 -2.165159e+00 -5.938668e-02 3.475426e+00 6.934806e-01 -1.371864e+00 1.279990e+00 3.098688e+00 3.775892e-01 4.158272e+00 -1.253286e+00 -5.097741e+00
1.632800e+02 -7.700798e-01 -2.145760e+00 -5.604545e-02 3.640528e+00 7.445916e-01 -1.220042e+00 1.270904e+00 3.192434e+00 3.529612e-01 4.258679e+00 -1.274723e+00 -4.814332e+00
1.633600e+02 -7.097794e-01 -2.141628e+00 -3.071501e-02 3.796525e+00 8.118368e-01 -1.026041e+00 1.260781e+00 3.323446e+00 2.967736e-01 4.372792e+00 -1.273775e+00 -4.411169e+00
1.634400e+02 -6.706077e-01 -2.117358e+00 -2.535252e-02 3.958135e+00 8.597345e-01 -7.948227e-01 1.228490e+00 3.428574e+00 2.407860e-01 4.452308e+00 -1.236554e+00 -3.994090e+00
1.635200e+02 -6.346822e-01 -2.077546e+00 -1.693015e-02 4.121373e+00 9.004986e-01 -5.291682e-01 1.187028e+00 3.536530e+00 1.719083e-01 4.530702e+00 -1.174104e+00 -3.544899e+00
1.636000e+02 -6.223923e-01 -2.014043e+00 -2.009527e-02 4.281335e+00 9.146842e-01 -2.338625e-01 1.130048e+00 3.609440e+00 1.001350e-01 4.581360e+00 -1.083263e+00 -3.114779e+00
1.636800e+02 -6.229131e-01 -1.952992e+00 -2.238201e-02 4.439062e+00 9.171688e-01 6.492069e-02 1.071240e+00 3.680368e+00 1.846307e-02 4.643320e+00 -9.736099e-01 -2.676919e+00
1.637600e+02 -6.371218e-01 -1.896235e+00 -2.257037e-02 4.600126e+00 9.088919e-01 3.674020e-01 1.009908e+00 3.753405e+00 -7.116412e-02 4.716463e+00 -8.557086e-01 -2.238973e+00
1.638400e+02 -6.643992e-01 -1.823208e+00 -1.843189e-02 4.771987e+00 8.839703e-01 6.633253e-01 9.500679e-01 3.813512e+00 -1.640158e-01 4.797584e+00 -7.340594e-01 -1.826808e+00
1.639200e+02 -7.013257e-01 -1.748003e+00 -7.864228e-03 4.944776e+00 8.502339e-01 9.626467e-01 8.955807e-01 3.894315e+00 -2.761061e-01 4.882897e+00 -6.243159e-01 -1.459313e+00
1.640000e+02 -7.501806e-01 -1.692181e+00 7.069477e-03 5.145967e+00 8.025487e-01 1.257083e+00 8.414687e-01 3.981548e+00 -3.952815e-01 4.961034e+00 -5.300847e-01 -1.096110e+00
1.640800e+02 -7.807751e-01 -1.667526e+00 2.112609e-02 5.293753e+00 7.411063e-01 1.520104e+00 7.952021e-01 4.074872e+00 -5.197681e-01 5.017591e+00 -4.316127e-01 -7.060249e-01
1.641600e+02 -8.015706e-01 -1.657868e+00 5.495869e-02 5.461171e+00 6.804137e-01 1.804898e+00 7.498245e-01 4.192594e+00 -6.592659e-01 5.102504e+00 -3.621954e-01 -2.984544e-01
1.642400e+02 -8.248322e-01 -1.615637e+00 9.795622e-02 5.633383e+00 6.100710e-01 2.055978e+00 7.185869e-01 4.314429e+00 -7.911410e-01 5.185572e+00 -3.051066e-01 1.096005e-01
1.643200e+02 -8.495497e-01 -1.548871e+00 1.353546e-01 5.833142e+00 5.238422e-01 2.329771e+00 6.777388e-01 4.427178e+00 -9.230814e-01 5.269463e+00 -2.626920e-01 5.376629e-01
1.644000e+02 -8.764636e-01 -1.417721e+00 1.649346e-01 6.034557e+00 4.154786e-01 2.618753e+00 6.322179e-01 4.511265e+00 -1.061524e+00 5.329797e+00 -2.480039e-01 9.841930e-01
1.644800e+02 -8.875450e-01 -1.284933e+00 1.783306e-01 6.191383e+00 2.940816e-01 2.863683e+00 6.142463e-01 4.567230e+00 -1.198866e+00 5.377064e+00 -2.427815e-01 1.427298e+00
1.645600e+02 -8.846692e-01 -1.122750e+00 1.686594e-01 6.299442e+00 1.662126e-01 3.106367e+00 6.033193e-01 4.626327e+00 -1.326057e+00 5.430738e+00 -2.592024e-01 1.853047e+00
1.646400e+02 -8.792151e-01 -9.129092e-01 1.411881e-01 6.394290e+00 2.943806e-02 3.330159e+00 6.088221e-01 4.650326e+00 -1.438707e+00 5.491319e+00 -3.077665e-01 2.264772e+00
1.647200e+02 -8.605782e-01 -7.015493e-01 7.889505e-02 6.462722e+00 -1.071548e-01 3.555645e+00 6.230073e-01 4.688164e+00 -1.557367e+00 5.498915e+00 -3.862638e-01 2.656843e+00
1.648000e+02 -8.439428e-01 -5.596448e-01 -2.393225e-02 6.489513e+00 -2.267767e-01 3.826906e+00 6.394843e-01 4.758381e+00 -1.680409e+00 5.487511e+00 -4.998767e-01 2.994124e+00
1.648800e+02 -7.932660e-01 -4.229848e-01 -1.476278e-01 6.502715e+00 -3.297120e-01 4.084022e+00 6.779333e-01 4.807659e+00 -1.766998e+00 5.488088e+00 -6.232128e-01 3.353924e+00
1.649600e+02 -7.460308e-01 -2.887344e-01 -3.020287e-01 6.503043e+00 -4.128506e-01 4.373147e+00 7.253940e-01 4.905209e+00 -1.849906e+00 5.480971e+00 -7.613517e-01 3.625465e+00
1.650400e+02 -6.763993e-01 -1.993031e-01 -4.858087e-01 6.513691e+00 -4.966592e-01 4.732856e+00 7.746315e-01 5.023996e+00 -1.910543e+00 5.476472e+00 -9.053402e-01 3.898246e+00
1.651200e+02 -5.863827e-01 -7.553300e-02 -6.878292e-01 6.557635e+00 -6.119482e-01 5.141455e+00 8.175467e-01 5.159722e+00 -1.951240e+00 5.481295e+00 -1.078517e+00 4.148769e+00
1.652000e+02 -4.884807e-01 -2.904334e-02 -9.079709e-01 6.646327e+00 -7.949211e-01 5.579047e+00 8.683319e-01 5.321883e+00 -1.973469e+00 5.519291e+00 -1.279550e+00 4.381241e+00
1.652800e+02 -3.948073e-01 -6.738914e-03 -1.158823e+00 6.771154e+00 -1.100199e+00 5.937928e+00 9.280485e-01 5.496797e+00 -1.968167e+00 5.560451e+00 -1.491038e+00 4.505627e+00
1.653600e+02 -3.321939e-01 -2.439299e-02 -1.465225e+00 6.830693e+00 -1.506027e+00 6.257751e+00 9.491932e-01 5.622922e+00 -1.944130e+00 5.639977e+00 -1.715439e+00 4.454121e+00
1.654400e+02 -2.646103e-01 -6.283839e-02 -1.748059e+00 6.897335e+00 -1.875055e+00 6.396434e+00 9.456795e-01 5.762125e+00 -1.947198e+00 5.700838e+00 -1.961232e+00 4.420128e+00
1.655200e+02 -2.265637e-01 -1.986771e-01 -1.980955e+00 6.937497e+00 -2.102299e+00 6.534457e+00 9.059106e-01 6.024990e+00 -2.042946e+00 5.832052e+00 -2.281500e+00 4.302438e+00
1.656000e+02 -1.938275e-01 -3.543359e-01 -2.162216e+00 6.896712e+00 -2.290386e+00 6.678779e+00 8.607539e-01 6.280856e+00 -2.168536e+00 6.029390e+00 -2.587492e+00 4.156926e+00
1.656800e+02 -2.220546e-01 -5.028801e-01 -2.316489e+00 6.906021e+00 -2.507282e+00 6.779482e+00 8.157098e-01 6.459581e+00 -2.309959e+00 6.292915e+00 -2.864009e+00 3.856302e+00
1.657600e+02 -2.274592e-01 -6.083000e-01 -2.412270e+00 6.988828e+00 -2.707238e+00 6.725987e+00 8.431505e-01 6.592948e+00 -2.445182e+00 6.678189e+00 -3.058880e+00 3.564015e+00
1.658400e+02 -1.830529e-01 -6.009163e-01 -2.445307e+00 7.038674e+00 -2.866094e+00 6.544128e+00 9.279400e-01 6.645051e+00 -2.578376e+00 7.069310e+00 -3.153548e+00 3.368635e+00
1.659200e+02 -8.847169e-02 -5.135288e-01 -2.409413e+00 7.045494e+00 -2.934761e+00 6.168276e+00 1.072722e+00 6.637704e+00 -2.662143e+00 7.317672e+00 -3.164039e+00 3.221101e+00
1.660000e+02 7.097962e-02 -4.069225e-01 -2.224540e+00 6.963503e+00 -2.843832e+00 5.659699e+00 1.322823e+00 6.652605e+00 -2.640117e+00 7.571790e+00 -3.097445e+00 3.106320e+00
1.660800e+02 2.137857e-01 -3.345180e-01 -1.899096e+00 6.773560e+00 -2.618201e+00 5.211846e+00 1.613923e+00 6.721314e+00 -2.557605e+00 7.787241e+00 -2.998273e+00 3.001141e+00
1.661600e+02 3.712725e-01 -2.374084e-01 -1.472014e+00 6.472950e+00 -2.268098e+00 4.708643e+00 1.956956e+00 6.760758e+00 -2.447903e+00 7.996771e+00 -2.840819e+00 2.976421e+00
1.662400e+02 4.371585e-01 -1.630667e-01 -1.142749e+00 6.504072e+00 -1.780635e+00 4.322373e+00 2.210600e+00 6.831297e+00 -2.475667e+00 8.056063e+00 -2.736438e+00 3.013971e+00
1.663200e+02 4.300299e-01 -1.155981e-01 -9.100615e-01 6.534858e+00 -1.227320e+00 4.184931e+00 2.379972e+00 6.929565e+00 -2.679833e+00 8.095899e+00 -2.696888e+00 3.039904e+00
1.664000e+02 3.183354e-01 -1.037858e-01 -7.680117e-01 6.438174e+00 -9.481025e-01 4.446992e+00 2.388462e+00 7.084953e+00 -3.103180e+00 8.029239e+00 -2.760220e+00 3.101921e+00
1.664800e+02 1.630039e-01 -2.396088e-02 -7.642695e-01 6.186431e+00 -1.136415e+00 4.639331e+00 2.359260e+00 7.123993e+00 -3.537756e+00 7.790250e+00 -2.833016e+00 3.182583e+00
1.665600e+02 3.401951e-02 8.085428e-02 -7.720641e-01 5.931739e+00 -1.490011e+00 4.506371e+00 2.362342e+00 7.098241e+00 -3.746487e+00 7.630106e+00 -2.855673e+00 3.187732e+00
1.666400e+02 -1.037046e-01 2.072978e-01 -6.987835e-01 5.733863e+00 -1.793368e+00 4.240869e+00 2.317197e+00 7.053855e+00 -3.817003e+00 7.530851e+00 -2.863865e+00 3.180415e+00
1.667200e+02 -2.006138e-01 3.576397e-01 -5.482484e-01 5.652622e+00 -1.985003e+00 3.829994e+00 2.235319e+00 6.969237e+00 -3.767961e+00 7.447423e+00 -2.818664e+00 3.241345e+00
1.668000e+02 -2.377794e-01 5.844945e-01 -3.748264e-01 5.684745e+00 -2.060326e+00 3.298119e+00 2.128005e+00 6.855898e+00 -3.638934e+00 7.363602e+00 -2.718721e+00 3.393860e+00
1.668800e+02 -2.984588e-01 8.175325e-01 -1.956342e-01 5.840213e+00 -2.026113e+00 2.853959e+00 1.971439e+00 6.687993e+00 -3.512779e+00 7.292591e+00 -2.624856e+00 3.497763e+00
1.669600e+02 -3.001432e-01 1.079320e+00 4.024769e-02 5.862181e+00 -1.881010e+00 2.490711e+00 1.849333e+00 6.506303e+00 -3.414613e+00 7.237062e+00 -2.533965e+00 3.695067e+00
1.670400e+02 -3.112119e-01 1.316540e+00 3.194827e-01 5.690226e+00 -1.702221e+00 2.332211e+00 1.730311e+00 6.306348e+00 -3.355581e+00 7.221473e+00 -2.465275e+00 3.848837e+00
1.671200e+02 -3.345835e-01 1.525677e+00 6.196604e-01 5.487556e+00 -1.539316e+00 2.320285e+00 1.631333e+00 6.126459e+00 -3.321869e+00 7.220169e+00 -2.406348e+00 3.930440e+00
1.672000e+02 -3.402437e-01 1.704174e+00 9.159100e-01 5.285843e+00 -1.415077e+00 2.377181e+00 1.552021e+00 6.002185e+00 -3.304985e+00 7.221066e+00 -2.361311e+00 4.000890e+00
1.672800e+02 -3.205264e-01 1.890424e+00 1.156409e+00 4.998972e+00 -1.340467e+00 2.388904e+00 1.524070e+00 5.875426e+00 -3.270767e+00 7.229378e+00 -2.293781e+00 4.067377e+00
1.673600e+02 -3.087625e-01 2.072697e+00 1.343421e+00 4.818814e+00 -1.293664e+00 2.379338e+00 1.518012e+00 5.769083e+00 -3.233700e+00 7.221352e+00 -2.241194e+00 4.101549e+00
1.674400e+02 -3.045108e-01 2.233389e+00 1.501112e+00 4.737658e+00 -1.243068e+00 2.376556e+00 1.522801e+00 5.690996e+00 -3.210049e+00 7.233009e+00 -2.204456e+00 4.088280e+00
1.675200e+02 -2.753977e-01 2.399700e+00 1.644431e+00 4.685766e+00 -1.178025e+00 2.331098e+00 1.571315e+00 5.652713e+00 -3.186950e+00 7.280804e+00 -2.160900e+00 4.028787e+00
1.676000e+02 -2.185978e-01 2.578216e+00 1.778101e+00 4.584771e+00 -1.102426e+00 2.262522e+00 1.645945e+00 5.645391e+00 -3.149565e+00 7.323152e+00 -2.105950e+00 3.960150e+00
1.676800e+02 -1.441473e-01 2.750617e+00 1.937120e+00 4.448665e+00 -9.984586e-01 2.230668e+00 1.746318e+00 5.680177e+00 -3.105985e+00 7.408258e+00 -2.067342e+00 3.888956e+00
1.677600e+02 -8.479143e-02 2.945511e+00 2.098739e+00 4.306043e+00 -9.067914e-01 2.188746e+00 1.856936e+00 5.702684e+00 -3.055612e+00 7.434879e+00 -2.048260e+00 3.787476e+00
1.678400e+02 -2.582394e-02 3.113387e+00 2.277842e+00 4.209867e+00 -8.170409e-01 2.205039e+00 1.969712e+00 5.702215e+00 -2.976659e+00 7.456836e+00 -2.058466e+00 3.728097e+00
1.679200e+02 2.998720e-02 3.290447e+00 2.445705e+00 4.255057e+00 -7.238950e-01 2.171514e+00 2.104851e+00 5.769552e+00 -2.896112e+00 7.449582e+00 -2.094035e+00 3.629986e+00
1.680000e+02 9.720313e-02 3.446987e+00 2.577106e+00 4.408219e+00 -6.512522e-01 2.167076e+00 2.225229e+00 5.844633e+00 -2.781392e+00 7.492873e+00 -2.145432e+00 3.551132e+00
1.680800e+02 1.646488e-01 3.615868e+00 2.649288e+00 4.614683e+00 -5.968064e-01 2.090310e+00 2.335786e+00 5.951108e+00 -2.663961e+00 7.527936e+00 -2.199503e+00 3.441933e+00
1.681600e+02 2.006630e-01 3.739998e+00 2.669076e+00 4.821689e+00 -5.501716e-01 2.052725e+00 2.383103e+00 6.097265e+00 -2.579081e+00 7.534510e+00 -2.284513e+00 3.331016e+00
1.682400e+02 2.174845e-01 3.855877e+00 2.632233e+00 4.926904e+00 -5.308383e-01 2.034066e+00 2.372201e+00 6.211578e+00 -2.522836e+00 7.482987e+00 -2.383675e+00 3.250098e+00
1.683200e+02 1.840734e-01 3.890454e+00 2.621597e+00 4.960274e+00 -4.944955e-01 2.089029e+00 2.317448e+00 6.345620e+00 -2.509865e+00 7.477834e+00 -2.525752e+00 3.156260e+00
1.684000e+02 1.337681e-01 3.897964e+00 2.633333e+00 4.877566e+00 -4.897789e-01 2.183962e+00 2.230020e+00 6.435639e+00 -2.497488e+00 7.493152e+00 -2.670716e+00 3.049844e+00
1.684800e+02 4.757238e-03 3.807934e+00 2.708585e+00 4.798791e+00 -4.933613e-01 2.398046e+00 2.090155e+00 6.607343e+00 -2.559205e+00 7.432682e+00 -2.868850e+00 2.961514e+00
1.685600e+02 -1.551346e-01 3.677116e+00 2.804281e+00 4.736663e+00 -5.427547e-01 2.614715e+00 1.956984e+00 6.744644e+00 -2.592967e+00 7.388346e+00 -3.047505e+00 2.834266e+00
1.686400e+02 -3.743194e-01 3.510785e+00 2.901628e+00 4.758987e+00 -6.305808e-01 2.894415e+00 1.815501e+00 6.870321e+00 -2.648552e+00 7.408184e+00 -3.246627e+00 2.723835e+00
1.687200e+02 -6.339791e-01 3.339225e+00 2.946333e+00 4.820463e+00 -7.699205e-01 3.185601e+00 1.676895e+00 6.982968e+00 -2.723457e+00 7.417722e+00 -3.447143e+00 2.613919e+00
1.688000e+02 -8.970629e-01 3.204675e+00 2.890437e+00 4.898168e+00 -9.728289e-01 3.427869e+00 1.537171e+00 7.051621e+00 -2.790765e+00 7.379742e+00 -3.629125e+00 2.558465e+00
1.688800e+02 -1.177047e+00 3.075803e+00 2.728700e+00 4.980766e+00 -1.223079e+00 3.717790e+00 1.360693e+00 7.097924e+00 -2.890104e+00 7.287405e+00 -3.816919e+00 2.567947e+00
1.689600e+02 -1.459481e+00 2.977887e+00 2.470775e+00 5.080522e+00 -1.501044e+00 3.944572e+00 1.191484e+00 7.099181e+00 -2.999451e+00 7.193973e+00 -4.001306e+00 2.580087e+00
1.690400e+02 -1.692653e+00 2.853550e+00 2.138441e+00 5.127919e+00 -1.794716e+00 4.092506e+00 1.038241e+00 7.039667e+00 -3.112046e+00 7.133064e+00 -4.139775e+00 2.674352e+00
1.691200e+02 -1.882668e+00 2.745534e+00 1.759882e+00 5.126591e+00 -2.078981e+00 4.194114e+00 8.902816e-01 6.921109e+00 -3.235961e+00 7.114746e+00 -4.241556e+00 2.823690e+00
1.692000e+02 -2.050773e+00 2.683630e+00 1.366405e+00 5.068468e+00 -2.342265e+00 4.259653e+00 7.593602e-01 6.748781e+00 -3.368181e+00 7.086680e+00 -4.324855e+00 3.003300e+00
1.692800e+02 -2.190247e+00 2.613994e+00 9.834691e-01 5.011013e+00 -2.540713e+00 4.254877e+00 6.811835e-01 6.601008e+00 -3.493375e+00 7.024432e+00 -4.388778e+00 3.118903e+00
1.693600e+02 -2.260146e+00 2.570584e+00 6.267036e-01 4.854371e+00 -2.681587e+00 4.202671e+00 6.656925e-01 6.415357e+00 -3.511317e+00 6.981250e+00 -4.398316e+00 3.124781e+00
1.694400e+02 -2.266932e+00 2.532335e+00 3.553645e-01 4.763388e+00 -2.738636e+00 4.178097e+00 6.968563e-01 6.210788e+00 -3.462221e+00 7.000348e+00 -4.384129e+00 3.164496e+00
1.695200e+02 -2.230376e+00 2.481430e+00 1.585154e-01 4.702449e+00 -2.741266e+00 4.186443e+00 7.593598e-01 6.017707e+00 -3.402166e+00 7.039740e+00 -4.360314e+00 3.172799e+00
1.696000e+02 -2.143211e+00 2.474841e+00 4.465922e-02 4.689061e+00 -2.700024e+00 4.052434e+00 8.887113e-01 5.807635e+00 -3.320523e+00 7.110849e+00 -4.304034e+00 3.168076e+00
1.696800e+02 -2.072309e+00 2.459381e+00 3.646289e-02 4.759237e+00 -2.600456e+00 4.026250e+00 9.936922e-01 5.677385e+00 -3.286568e+00 7.219781e+00 -4.281823e+00 3.140763e+00
1.697600e+02 -1.956545e+00 2.475377e+00 7.666819e-02 4.642610e+00 -2.515678e+00 3.915395e+00 1.144924e+00 5.508359e+00 -3.201633e+00 7.319041e+00 -4.219374e+00 3.096517e+00
1.698400e+02 -1.841284e+00 2.514004e+00 1.524216e-01 4.604902e+00 -2.486785e+00 3.800959e+00 1.328558e+00 5.335798e+00 -3.105602e+00 7.407915e+00 -4.148254e+00 3.046790e+00
1.699200e+02 -1.749116e+00 2.518243e+00 2.593941e-01 4.577027e+00 -2.496529e+00 3.732881e+00 1.523635e+00 5.207087e+00 -3.023296e+00 7.461337e+00 -4.090737e+00 3.020208e+00
1.700000e+02 -1.657001e+00 2.550848e+00 3.308704e-01 4.497760e+00 -2.504844e+00 3.667035e+00 1.727876e+00 5.108129e+00 -2.944226e+00 7.516289e+00 -4.023349e+00 2.984548e+00
1.700800e+02 -1.564433e+00 2.555295e+00 3.219525e-01 4.350654e+00 -2.424954e+00 3.715391e+00 1.882071e+00 5.103094e+00 -2.895601e+00 7.564545e+00 -3.957041e+00 2.982657e+00
1.701600e+02 -1.490819e+00 2.524292e+00 2.443064e-01 4.274633e+00 -2.300740e+00 3.930311e+00 1.962583e+00 5.207245e+00 -2.900878e+00 7.608878e+00 -3.907539e+00 2.919803e+00
1.702400e+02 -1.397534e+00 2.473632e+00 1.895247e-01 4.277771e+00 -2.238314e+00 4.301885e+00 1.952127e+00 5.401079e+00 -2.937510e+00 7.628394e+00 -3.866839e+00 2.854067e+00
1.703200e+02 -1.239672e+00 2.462499e+00 1.931381e-01 4.414605e+00 -2.249476e+00 4.424264e+00 1.923992e+00 5.536954e+00 -2.923056e+00 7.618336e+00 -3.776223e+00 2.849299e+00
1.704000e+02 -1.062654e+00 2.502735e+00 2.878740e-01 4.499001e+00 -2.277743e+00 4.260680e+00 1.898043e+00 5.612230e+00 -2.868225e+00 7.568385e+00 -3.643259e+00 2.833006e+00
1.704800e+02 -8.879010e-01 2.546014e+00 5.429485e-01 4.377167e+00 -2.242089e+00 4.004615e+00 1.853260e+00 5.647697e+00 -2.808572e+00 7.529033e+00 -3.511667e+00 2.851347e+00
1.705600e+02 -7.695234e-01 2.570199e+00 9.911028e-01 4.072174e+00 -2.142405e+00 3.743225e+00 1.816336e+00 5.693587e+00 -2.783624e+00 7.486470e+00 -3.424369e+00 2.852760e+00
1.706400e+02 -7.162204e-01 2.565101e+00 1.533366e+00 3.824105e+00 -2.021179e+00 3.545482e+00 1.786889e+00 5.746670e+00 -2.791384e+00 7.445826e+00 -3.387476e+00 2.829151e+00
1.707200e+02 -7.064555e-01 2.526499e+00 2.036339e+00 3.737506e+00 -1.923371e+00 3.426455e+00 1.772461e+00 5.825145e+00 -2.828398e+00 7.432714e+00 -3.387768e+00 2.772006e+00
1.708000e+02 -7.089922e-01 2.527020e+00 2.358348e+00 4.047111e+00 -1.879863e+00 3.189194e+00 1.795515e+00 5.821864e+00 -2.826548e+00 7.399421e+00 -3.381231e+00 2.752670e+00
1.708800e+02 -6.951077e-01 2.589259e+00 2.520075e+00 4.499443e+00 -1.801791e+00 2.842458e+00 1.855673e+00 5.812256e+00 -2.823851e+00 7.348075e+00 -3.359880e+00 2.733160e+00
1.709600e+02 -6.519419e-01 2.678875e+00 2.545658e+00 5.038018e+00 -1.644220e+00 2.375150e+00 1.954943e+00 5.758685e+00 -2.780492e+00 7.295753e+00 -3.305709e+00 2.744875e+00
1.710400e+02 -6.114501e-01 2.807894e+00 2.510052e+00 5.425188e+00 -1.400697e+00 1.983778e+00 2.036090e+00 5.698988e+00 -2.741303e+00 7.248964e+00 -3.252631e+00 2.747213e+00
1.711200e+02 -5.789602e-01 2.904218e+00 2.467334e+00 5.643859e+00 -1.085528e+00 1.754244e+00 2.088871e+00 5.698558e+00 -2.733391e+00 7.214968e+00 -3.216543e+00 2.734622e+00
1.712000e+02 -5.126309e-01 2.995245e+00 2.443550e+00 5.633320e+00 -7.809367e-01 1.624247e+00 2.119925e+00 5.729654e+00 -2.733694e+00 7.171145e+00 -3.176878e+00 2.732687e+00
1.712800e+02 -4.410121e-01 3.122831e+00 2.432160e+00 5.498875e+00 -5.333143e-01 1.593292e+00 2.120165e+00 5.768203e+00 -2.736905e+00 7.143671e+00 -3.145273e+00 2.680427e+00
1.713600e+02 -3.625877e-01 3.246242e+00 2.454978e+00 5.282695e+00 -3.479588e-01 1.611915e+00 2.092849e+00 5.835917e+00 -2.756168e+00 7.099239e+00 -3.126705e+00 2.635423e+00
1.714400e+02 -3.168634e-01 3.343847e+00 2.483519e+00 5.066007e+00 -2.408909e-01 1.688460e+00 2.024601e+00 5.898164e+00 -2.780771e+00 7.052578e+00 -3.124120e+00 2.567426e+00
1.715200e+02 -2.624946e-01 3.456973e+00 2.506489e+00 4.843162e+00 -2.003267e-01 1.762576e+00 1.948505e+00 5.949056e+00 -2.800732e+00 7.032396e+00 -3.127150e+00 2.501873e+00
1.716000e+02 -2.276460e-01 3.573573e+00 2.508625e+00 4.629312e+00 -2.216266e-01 1.850910e+00 1.849228e+00 5.999066e+00 -2.821814e+00 6.995317e+00 -3.144023e+00 2.424085e+00
1.716800e+02 -1.914879e-01 3.690194e+00 2.478398e+00 4.371369e+00 -2.994326e-01 1.886857e+00 1.753522e+00 6.031685e+00 -2.835795e+00 6.940586e+00 -3.146765e+00 2.346171e+00
1.717600e+02 -1.878931e-01 3.761653e+00 2.469390e+00 4.156108e+00 -3.909451e-01 1.995989e+00 1.636037e+00 6.080072e+00 -2.862412e+00 6.908931e+00 -3.175027e+00 2.310509e+00
1.718400e+02 -1.939388e-01 3.833655e+00 2.462344e+00 3.982251e+00 -5.091306e-01 2.062893e+00 1.535180e+00 6.118426e+00 -2.881676e+00 6.874356e+00 -3.206033e+00 2.272965e+00
1.719200e+02 -2.496566e-01 3.867496e+00 2.452834e+00 3.925050e+00 -6.392290e-01 2.156054e+00 1.429932e+00 6.147650e+00 -2.908536e+00 6.856619e+00 -3.257144e+00 2.242540e+00
1.720000e+02 -3.288616e-01 3.865271e+00 2.441570e+00 3.917676e+00 -7.892884e-01 2.274209e+00 1.325242e+00 6.164601e+00 -2.938812e+00 6.838515e+00 -3.322218e+00 2.242143e+00
1.720800e+02 -4.347282e-01 3.832547e+00 2.416248e+00 3.972527e+00 -9.505871e-01 2.390763e+00 1.231598e+00 6.173215e+00 -2.964462e+00 6.837370e+00 -3.398018e+00 2.238457e+00
1.721600e+02 -5.476699e-01 3.798170e+00 2.368215e+00 4.058988e+00 -1.127616e+00 2.528254e+00 1.146700e+00 6.170711e+00 -2.985710e+00 6.862400e+00 -3.480743e+00 2.267457e+00
1.722400e+02 -6.776096e-01 3.720462e+00 2.283577e+00 4.161301e+00 -1.311439e+00 2.690804e+00 1.071287e+00 6.172025e+00 -3.014761e+00 6.896022e+00 -3.568434e+00 2.300853e+00
1.723200e+02 -8.021520e-01 3.664854e+00 2.173456e+00 4.290905e+00 -1.488985e+00 2.824963e+00 1.018170e+00 6.185447e+00 -3.044697e+00 6.930705e+00 -3.658879e+00 2.347908e+00
1.724000e+02 -9.280936e-01 3.613788e+00 2.041852e+00 4.392845e+00 -1.663199e+00 2.986131e+00 9.641293e-01 6.196832e+00 -3.077042e+00 6.972502e+00 -3.751464e+00 2.396543e+00
1.724800e+02 -1.049033e+00 3.565262e+00 1.887173e+00 4.528166e+00 -1.827446e+00 3.094574e+00 9.366134e-01 6.188367e+00 -3.100538e+00 7.011188e+00 -3.837813e+00 2.464498e+00
1.725600e+02 -1.157473e+00 3.511887e+00 1.712660e+00 4.640963e+00 -1.979332e+00 3.179777e+00 9.229149e-01 6.146173e+00 -3.111832e+00 7.058568e+00 -3.907401e+00 2.541758e+00
1.726400e+02 -1.236082e+00 3.480585e+00 1.550165e+00 4.742922e+00 -2.095476e+00 3.247799e+00 9.299325e-01 6.122486e+00 -3.129561e+00 7.115127e+00 -3.972230e+00 2.662138e+00
1.727200e+02 -1.311723e+00 3.487154e+00 1.384715e+00 4.786492e+00 -2.191205e+00 3.308016e+00 9.502164e-01 6.103140e+00 -3.146216e+00 7.160016e+00 -4.027592e+00 2.735486e+00
1.728000e+02 -1.365787e+00 3.521124e+00 1.241792e+00 4.789747e+00 -2.250926e+00 3.387452e+00 9.825751e-01 6.095829e+00 -3.161155e+00 7.208339e+00 -4.079189e+00 2.816899e+00
1.728800e+02 -1.405358e+00 3.559976e+00 1.108968e+00 4.795301e+00 -2.282964e+00 3.452631e+00 1.028913e+00 6.080989e+00 -3.169468e+00 7.248626e+00 -4.111228e+00 2.898368e+00
1.729600e+02 -1.425115e+00 3.588608e+00 9.962580e-01 4.827756e+00 -2.291203e+00 3.459887e+00 1.095427e+00 6.043171e+00 -3.158981e+00 7.292850e+00 -4.108465e+00 2.970281e+00
1.730400e+02 -1.444279e+00 3.678429e+00 9.153868e-01 4.865263e+00 -2.278555e+00 3.401867e+00 1.178879e+00 5.993416e+00 -3.135386e+00 7.342913e+00 -4.071528e+00 2.983939e+00
1.731200e+02 -1.465892e+00 3.791645e+00 8.986369e-01 4.907202e+00 -2.231069e+00 3.342530e+00 1.275235e+00 5.965037e+00 -3.118723e+00 7.423841e+00 -4.020366e+00 2.988998e+00
1.732000e+02 -1.464212e+00 3.914549e+00 9.236570e-01 4.950805e+00 -2.182096e+00 3.211120e+00 1.400566e+00 5.929997e+00 -3.093027e+00 7.477146e+00 -3.927373e+00 3.034213e+00
1.732800e+02 -1.532331e+00 4.035211e+00 1.008322e+00 5.113997e+00 -2.120066e+00 3.146189e+00 1.506888e+00 5.919060e+00 -3.094999e+00 7.524344e+00 -3.857326e+00 3.076745e+00
1.733600e+02 -1.588127e+00 4.176402e+00 1.131152e+00 5.093440e+00 -2.067903e+00 3.010110e+00 1.649208e+00 5.900300e+00 -3.075212e+00 7.544984e+00 -3.750760e+00 3.106331e+00
1.734400e+02 -1.653483e+00 4.268986e+00 1.284412e+00 5.169107e+00 -1.976546e+00 2.875301e+00 1.794348e+00 5.935129e+00 -3.064898e+00 7.629916e+00 -3.653626e+00 3.175478e+00
1.735200e+02 -1.747984e+00 4.359579e+00 1.403149e+00 5.302602e+00 -1.873550e+00 2.771383e+00 1.919484e+00 5.988199e+00 -3.076306e+00 7.678843e+00 -3.581904e+00 3.226577e+00
1.736000e+02 -1.837820e+00 4.439960e+00 1.476885e+00 5.410837e+00 -1.759856e+00 2.701229e+00 2.005316e+00 6.027520e+00 -3.089333e+00 7.671811e+00 -3.537455e+00 3.306714e+00
1.736800e+02 -1.924872e+00 4.517002e+00 1.528578e+00 5.445334e+00 -1.619231e+00 2.653060e+00 2.071995e+00 6.081112e+00 -3.107827e+00 7.671824e+00 -3.521325e+00 3.359611e+00
1.737600e+02 -2.019975e+00 4.545302e+00 1.566175e+00 5.460444e+00 -1.465983e+00 2.683216e+00 2.084056e+00 6.161153e+00 -3.145219e+00 7.636419e+00 -3.537742e+00 3.405054e+00
1.738400e+02 -2.105670e+00 4.541123e+00 1.595415e+00 5.557811e+00 -1.305928e+00 2.737246e+00 2.066238e+00 6.257686e+00 -3.185727e+00 7.596108e+00 -3.567318e+00 3.445815e+00
1.739200e+02 -2.164563e+00 4.541030e+00 1.602861e+00 5.657326e+00 -1.170641e+00 2.781902e+00 2.019247e+00 6.340299e+00 -3.212308e+00 7.543718e+00 -3.590068e+00 3.475018e+00
1.740000e+02 -2.209735e+00 4.544346e+00 1.589178e+00 5.821110e+00 -1.068873e+00 2.807264e+00 1.937876e+00 6.392412e+00 -3.221681e+00 7.449030e+00 -3.605129e+00 3.507656e+00
1.740800e+02 -2.224489e+00 4.541056e+00 1.582485e+00 5.941458e+00 -1.002329e+00 2.850038e+00 1.833076e+00 6.417383e+00 -3.213167e+00 7.358593e+00 -3.599806e+00 3.551287e+00
1.741600e+02 -2.245822e+00 4.540775e+00 1.584487e+00 6.013021e+00 -9.819486e-01 2.913464e+00 1.695954e+00 6.413287e+00 -3.200861e+00 7.215575e+00 -3.592484e+00 3.607229e+00
1.742400e+02 -2.274266e+00 4.476761e+00 1.620595e+00 6.088297e+00 -9.860279e-01 3.017817e+00 1.553127e+00 6.415148e+00 -3.201601e+00 7.103423e+00 -3.586542e+00 3.646217e+00
1.743200e+02 -2.312609e+00 4.401701e+00 1.666352e+00 6.048627e+00 -1.047579e+00 3.192062e+00 1.382363e+00 6.396153e+00 -3.201596e+00 6.993906e+00 -3.589298e+00 3.706638e+00
1.744000e+02 -2.358846e+00 4.335023e+00 1.700417e+00 5.943901e+00 -1.168791e+00 3.348949e+00 1.217219e+00 6.340631e+00 -3.189662e+00 6.871495e+00 -3.585141e+00 3.766779e+00
1.744800e+02 -2.413005e+00 4.278538e+00 1.736462e+00 5.761315e+00 -1.338115e+00 3.504609e+00 1.054018e+00 6.270169e+00 -3.171979e+00 6.715421e+00 -3.580808e+00 3.848548e+00
1.745600e+02 -2.477276e+00 4.192673e+00 1.767001e+00 5.591213e+00 -1.527287e+00 3.635488e+00 9.088542e-01 6.198927e+00 -3.142410e+00 6.557930e+00 -3.574373e+00 3.930820e+00
1.746400e+02 -2.511951e+00 4.118368e+00 1.777757e+00 5.396879e+00 -1.744442e+00 3.673820e+00 8.061824e-01 6.067729e+00 -3.055098e+00 6.438381e+00 -3.537252e+00 4.007048e+00
1.747200e+02 -2.541523e+00 4.042018e+00 1.792579e+00 5.218260e+00 -1.939355e+00 3.708637e+00 7.318706e-01 5.946949e+00 -2.968525e+00 6.378567e+00 -3.508063e+00 4.094591e+00
1.748000e+02 -2.560099e+00 3.980617e+00 1.786071e+00 5.072322e+00 -2.128169e+00 3.684994e+00 7.011607e-01 5.799843e+00 -2.872499e+00 6.358315e+00 -3.467771e+00 4.143069e+00
1.748800e+02 -2.573935e+00 3.895853e+00 1.761520e+00 5.003540e+00 -2.292732e+00 3.646408e+00 7.125817e-01 5.665217e+00 -2.786355e+00 6.374659e+00 -3.428238e+00 4.191394e+00
1.749600e+02 -2.547201e+00 3.849390e+00 1.714292e+00 4.869697e+00 -2.440873e+00 3.536442e+00 7.806188e-01 5.524395e+00 -2.690879e+00 6.397440e+00 -3.362287e+00 4.226656e+00
1.750400e+02 -2.503734e+00 3.829552e+00 1.642733e+00 4.788610e+00 -2.554356e+00 3.335631e+00 9.022260e-01 5.397250e+00 -2.593919e+00 6.414931e+00 -3.274991e+00 4.255475e+00
1.751200e+02 -2.479039e+00 3.809580e+00 1.548355e+00 4.759908e+00 -2.620253e+00 3.173758e+00 1.019229e+00 5.297116e+00 -2.514590e+00 6.411580e+00 -3.203367e+00 4.271186e+00
1.752000e+02 -2.441860e+00 3.731000e+00 1.425013e+00 4.739159e+00 -2.620271e+00 3.034714e+00 1.148884e+00 5.212963e+00 -2.451341e+00 6.416719e+00 -3.132709e+00 4.280047e+00
1.752800e+02 -2.368754e+00 3.664256e+00 1.268382e+00 4.610649e+00 -2.565535e+00 2.928743e+00 1.286570e+00 5.147110e+00 -2.395122e+00 6.421183e+00 -3.056481e+00 4.282085e+00
1.753600e+02 -2.287205e+00 3.603133e+00 1.081699e+00 4.501632e+00 -2.453707e+00 2.842325e+00 1.417043e+00 5.103557e+00 -2.358219e+00 6.423136e+00 -2.980911e+00 4.266309e+00
1.754400e+02 -2.185207e+00 3.534881e+00 8.994252e-01 4.341798e+00 -2.309290e+00 2.809255e+00 1.527211e+00 5.070033e+00 -2.328907e+00 6.408354e+00 -2.895983e+00 4.233836e+00
1.755200e+02 -2.073634e+00 3.461577e+00 7.564932e-01 4.261437e+00 -2.137493e+00 2.821219e+00 1.615304e+00 5.040470e+00 -2.307907e+00 6.428530e+00 -2.810118e+00 4.171858e+00
1.756000e+02 -1.956656e+00 3.390666e+00 6.622681e-01 4.185041e+00 -1.988392e+00 2.871801e+00 1.649981e+00 5.030293e+00 -2.318243e+00 6.352737e+00 -2.728904e+00 4.089859e+00
1.756800e+02 -1.836328e+00 3.312901e+00 6.247037e-01 4.095713e+00 -1.867251e+00 2.907125e+00 1.650483e+00 5.027461e+00 -2.341858e+00 6.207651e+00 -2.649038e+00 3.990061e+00
1.757600e+02 -1.700044e+00 3.232593e+00 6.610805e-01 3.989707e+00 -1.771349e+00 2.905271e+00 1.617445e+00 5.020664e+00 -2.356758e+00 6.091016e+00 -2.562933e+00 3.874915e+00
1.758400e+02 -1.567020e+00 3.156482e+00 7.473998e-01 3.864185e+00 -1.716914e+00 2.837883e+00 1.563114e+00 4.988157e+00 -2.364861e+00 5.964367e+00 -2.471145e+00 3.768001e+00
1.759200e+02 -1.438299e+00 3.093654e+00 8.792633e-01 3.707998e+00 -1.664388e+00 2.691831e+00 1.513140e+00 4.935940e+00 -2.350646e+00 5.883867e+00 -2.371919e+00 3.664372e+00
1.760000e+02 -1.337755e+00 3.035066e+00 1.022744e+00 3.601267e+00 -1.604378e+00 2.464597e+00 1.462714e+00 4.884362e+00 -2.330767e+00 5.781816e+00 -2.281727e+00 3.597378e+00
1.760800e+02 -1.235410e+00 3.012131e+00 1.157739e+00 3.526267e+00 -1.534462e+00 2.133953e+00 1.434106e+00 4.810473e+00 -2.280277e+00 5.676358e+00 -2.180211e+00 3.548069e+00
1.761600e+02 -1.178740e+00 2.974986e+00 1.294565e+00 3.458437e+00 -1.429799e+00 1.920993e+00 1.385226e+00 4.772493e+00 -2.249536e+00 5.580302e+00 -2.112535e+00 3.503395e+00
1.762400e+02 -1.124586e+00 2.964860e+00 1.388980e+00 3.473312e+00 -1.319073e+00 1.655101e+00 1.366539e+00 4.717117e+00 -2.194634e+00 5.452302e+00 -2.034666e+00 3.493535e+00
1.763200e+02 -1.100146e+00 2.954363e+00 1.468064e+00 3.562340e+00 -1.187066e+00 1.435021e+00 1.340042e+00 4.705435e+00 -2.154085e+00 5.335539e+00 -1.975033e+00 3.456300e+00
1.764000e+02 -1.061033e+00 2.944857e+00 1.531463e+00 3.588529e+00 -1.058091e+00 1.281057e+00 1.306561e+00 4.684776e+00 -2.109081e+00 5.226074e+00 -1.913987e+00 3.453314e+00
1.764800e+02 -1.045762e+00 2.919352e+00 1.584667e+00 3.676494e+00 -9.295692e-01 1.226703e+00 1.257393e+00 4.659964e+00 -2.077511e+00 5.159193e+00 -1.875912e+00 3.438813e+00
1.765600e+02 -1.034390e+00 2.894524e+00 1.623133e+00 3.818513e+00 -8.286200e-01 1.189962e+00 1.212750e+00 4.614143e+00 -2.043995e+00 5.083673e+00 -1.840385e+00 3.425813e+00
1.766400e+02 -1.015331e+00 2.853863e+00 1.665932e+00 3.918138e+00 -7.453327e-01 1.215521e+00 1.169971e+00 4.603493e+00 -2.020952e+00 5.047542e+00 -1.805862e+00 3.389904e+00
1.767200e+02 -9.943052e-01 2.821698e+00 1.694308e+00 3.978784e+00 -6.993631e-01 1.246500e+00 1.120757e+00 4.568857e+00 -1.985896e+00 5.006769e+00 -1.768144e+00 3.357277e+00
1.768000e+02 -9.610226e-01 2.817700e+00 1.703941e+00 3.943221e+00 -6.907959e-01 1.237807e+00 1.076356e+00 4.518400e+00 -1.947466e+00 4.907710e+00 -1.716492e+00 3.308752e+00
1.768800e+02 -9.397684e-01 2.817372e+00 1.713494e+00 3.853020e+00 -7.007990e-01 1.231099e+00 1.019389e+00 4.454380e+00 -1.910827e+00 4.779080e+00 -1.671924e+00 3.258398e+00
1.769600e+02 -9.155630e-01 2.800496e+00 1.733139e+00 3.756285e+00 -7.101763e-01 1.246821e+00 9.621561e-01 4.405181e+00 -1.879241e+00 4.674321e+00 -1.630923e+00 3.196915e+00
1.770400e+02 -8.995367e-01 2.775799e+00 1.744057e+00 3.685128e+00 -7.321534e-01 1.268477e+00 9.019799e-01 4.343711e+00 -1.848460e+00 4.592241e+00 -1.592655e+00 3.139257e+00
1.771200e+02 -8.796674e-01 2.758238e+00 1.739419e+00 3.615552e+00 -7.652250e-01 1.263554e+00 8.533808e-01 4.263021e+00 -1.808790e+00 4.521621e+00 -1.546853e+00 3.090866e+00
1.772000e+02 -8.671181e-01 2.740314e+00 1.724978e+00 3.561926e+00 -7.967325e-01 1.248222e+00 8.133357e-01 4.197265e+00 -1.776029e+00 4.448993e+00 -1.503157e+00 3.034939e+00
1.772800e+02 -8.526830e-01 2.722087e+00 1.704685e+00 3.487268e+00 -8.265125e-01 1.249643e+00 7.784606e-01 4.132264e+00 -1.741323e+00 4.392362e+00 -1.457503e+00 2.988895e+00
1.773600e+02 -8.408638e-01 2.701491e+00 1.680792e+00 3.422108e+00 -8.509216e-01 1.241908e+00 7.566890e-01 4.069644e+00 -1.707196e+00 4.344172e+00 -1.411425e+00 2.948660e+00
1.774400e+02 -8.299966e-01 2.678037e+00 1.654401e+00 3.369544e+00 -8.691368e-01 1.234489e+00 7.475602e-01 4.010837e+00 -1.673284e+00 4.312801e+00 -1.364746e+00 2.909344e+00
1.775200e+02 -8.202715e-01 2.654674e+00 1.621807e+00 3.329198e+00 -8.866656e-01 1.227201e+00 7.447558e-01 3.952721e+00 -1.641642e+00 4.280730e+00 -1.318720e+00 2.875893e+00
1.776000e+02 -8.174583e-01 2.618471e+00 1.589971e+00 3.322536e+00 -8.914936e-01 1.230607e+00 7.443761e-01 3.931668e+00 -1.622269e+00 4.247623e+00 -1.282404e+00 2.838242e+00
1.776800e+02 -8.115021e-01 2.594028e+00 1.544616e+00 3.321053e+00 -9.035121e-01 1.210895e+00 7.483623e-01 3.895638e+00 -1.595612e+00 4.206426e+00 -1.238750e+00 2.784576e+00
1.777600e+02 -8.114360e-01 2.571101e+00 1.497865e+00 3.306946e+00 -9.155862e-01 1.202698e+00 7.430260e-01 3.854341e+00 -1.570169e+00 4.148576e+00 -1.199401e+00 2.748060e+00
1.778400e+02 -8.007297e-01 2.550950e+00 1.451621e+00 3.257695e+00 -9.211561e-01 1.179479e+00 7.430779e-01 3.827191e+00 -1.548040e+00 4.082140e+00 -1.157850e+00 2.707613e+00
1.779200e+02 -8.055032e-01 2.517400e+00 1.405979e+00 3.259910e+00 -9.177300e-01 1.182932e+00 7.357053e-01 3.795975e+00 -1.530351e+00 4.033576e+00 -1.126862e+00 2.664447e+00
1.780000e+02 -8.148715e-01 2.487666e+00 1.354041e+00 3.269097e+00 -9.210570e-01 1.181637e+00 7.222838e-01 3.751641e+00 -1.512293e+00 3.961584e+00 -1.096926e+00 2.620806e+00
1.780800e+02 -8.120425e-01 2.465397e+00 1.299983e+00 3.239239e+00 -9.249391e-01 1.171363e+00 7.115981e-01 3.696837e+00 -1.485802e+00 3.901291e+00 -1.059404e+00 2.576625e+00
1.781600e+02 -8.108607e-01 2.445012e+00 1.249834e+00 3.207762e+00 -9.248667e-01 1.141348e+00 7.049134e-01 3.638952e+00 -1.455090e+00 3.848639e+00 -1.020520e+00 2.537728e+00
1.782400e+02 -8.121648e-01 2.418390e+00 1.206739e+00 3.166600e+00 -9.197013e-01 1.129492e+00 6.970663e-01 3.591082e+00 -1.428046e+00 3.808078e+00 -9.856341e-01 2.498729e+00
1.783200e+02 -8.149619e-01 2.381208e+00 1.168255e+00 3.139673e+00 -9.031530e-01 1.113531e+00 6.927650e-01 3.587120e+00 -1.413277e+00 3.761098e+00 -9.568633e-01 2.455568e+00
1.784000e+02 -8.160900e-01 2.350976e+00 1.123206e+00 3.110599e+00 -8.944634e-01 1.104566e+00 6.813340e-01 3.566363e+00 -1.390555e+00 3.711739e+00 -9.256055e-01 2.417396e+00
1.784800e+02 -8.217445e-01 2.313955e+00 1.084054e+00 3.084401e+00 -8.821986e-01 1.106097e+00 6.719017e-01 3.540617e+00 -1.368564e+00 3.681067e+00 -8.966356e-01 2.377554e+00
1.785600e+02 -8.297942e-01 2.274531e+00 1.042280e+00 3.080926e+00 -8.730096e-01 1.124343e+00 6.583583e-01 3.515053e+00 -1.352995e+00 3.650329e+00 -8.713492e-01 2.338200e+00
1.786400e+02 -8.367108e-01 2.244782e+00 1.000531e+00 3.038621e+00 -8.698089e-01 1.134037e+00 6.426760e-01 3.480711e+00 -1.335148e+00 3.598342e+00 -8.449260e-01 2.307179e+00
1.787200e+02 -8.541599e-01 2.201955e+00 9.597693e-01 3.018731e+00 -8.595606e-01 1.157060e+00 6.245367e-01 3.470622e+00 -1.331114e+00 3.553665e+00 -8.256475e-01 2.258128e+00
1.788000e+02 -8.664611e-01 2.163807e+00 9.135068e-01 2.989492e+00 -8.563795e-01 1.175447e+00 6.059838e-01 3.451311e+00 -1.318699e+00 3.511567e+00 -8.006504e-01 2.210787e+00
1.788800e+02 -8.900854e-01 2.112876e+00 8.687983e-01 2.992244e+00 -8.472238e-01 1.212791e+00 5.815500e-01 3.444358e+00 -1.314753e+00 3.476286e+00 -7.855999e-01 2.164045e+00
1.789600e+02 -9.127553e-01 2.062637e+00 8.178399e-01 3.006049e+00 -8.459731e-01 1.255900e+00 5.559672e-01 3.423551e+00 -1.306379e+00 3.442127e+00 -7.688159e-01 2.117970e+00
1.790400e+02 -9.283627e-01 2.019695e+00 7.616093e-01 3.002125e+00 -8.524054e-01 1.293186e+00 5.329724e-01 3.392432e+00 -1.292379e+00 3.405447e+00 -7.454344e-01 2.073975e+00
1.791200e+02 -9.441074e-01 1.974327e+00 7.069339e-01 2.987856e+00 -8.590574e-01 1.329069e+00 5.152936e-01 3.359349e+00 -1.275636e+00 3.384989e+00 -7.196252e-01 2.028599e+00
1.792000e+02 -9.593335e-01 1.931309e+00 6.505940e-01 2.965473e+00 -8.710055e-01 1.364603e+00 4.953597e-01 3.324757e+00 -1.258452e+00 3.352501e+00 -6.938758e-01 1.988354e+00
1.792800e+02 -9.727361e-01 1.885359e+00 5.942309e-01 2.937451e+00 -8.868546e-01 1.398623e+00 4.761645e-01 3.286223e+00 -1.241369e+00 3.320487e+00 -6.655422e-01 1.949287e+00
1.793600e+02 -9.830607e-01 1.840032e+00 5.404621e-01 2.906435e+00 -9.044120e-01 1.430908e+00 4.588736e-01 3.249083e+00 -1.223452e+00 3.289136e+00 -6.366242e-01 1.911991e+00
1.794400e+02 -9.847968e-01 1.800403e+00 4.878194e-01 2.862417e+00 -9.266421e-01 1.453970e+00 4.458615e-01 3.206964e+00 -1.200745e+00 3.256923e+00 -6.022280e-01 1.875498e+00
1.795200e+02 -9.819113e-01 1.763724e+00 4.365994e-01 2.807999e+00 -9.506693e-01 1.472271e+00 4.349358e-01 3.163964e+00 -1.176116e+00 3.224468e+00 -5.650047e-01 1.840164e+00
1.796000e+02 -9.787637e-01 1.724407e+00 3.902992e-01 2.756482e+00 -9.734835e-01 1.487806e+00 4.271684e-01 3.127571e+00 -1.153648e+00 3.191894e+00 -5.289836e-01 1.804437e+00
1.796800e+02 -9.800595e-01 1.680771e+00 3.453730e-01 2.729383e+00 -9.951447e-01 1.499423e+00 4.229103e-01 3.106796e+00 -1.135596e+00 3.154878e+00 -4.961394e-01 1.756565e+00
1.797600e+02 -9.717482e-01 1.645739e+00 2.999194e-01 2.679491e+00 -1.022450e+00 1.502357e+00 4.229258e-01 3.067210e+00 -1.110034e+00 3.120626e+00 -4.573902e-01 1.711948e+00
1.798400e+02 -9.568477e-01 1.615343e+00 2.572774e-01 2.617376e+00 -1.048869e+00 1.499046e+00 4.282302e-01 3.021240e+00 -1.082059e+00 3.098745e+00 -4.140282e-01 1.666922e+00
1.799200e+02 -9.497250e-01 1.563187e+00 2.142371e-01 2.601202e+00 -1.067104e+00 1.490568e+00 4.328840e-01 2.984457e+00 -1.061978e+00 3.076608e+00 -3.739392e-01 1.619421e+00
1.800000e+02 -9.308694e-01 1.512805e+00 1.778093e-01 2.579633e+00 -1.081103e+00 1.483051e+00 4.411981e-01 2.946719e+00 -1.042120e+00 3.064668e+00 -3.362414e-01 1.582293e+00
1.800800e+02 -9.141015e-01 1.469463e+00 1.394723e-01 2.558039e+00 -1.091568e+00 1.468757e+00 4.513326e-01 2.917535e+00 -1.027185e+00 3.035464e+00 -3.010355e-01 1.535093e+00
1.801600e+02 -8.884769e-01 1.437295e+00 1.013236e-01 2.515564e+00 -1.098549e+00 1.442330e+00 4.640270e-01 2.879412e+00 -1.006820e+00 3.008678e+00 -2.595507e-01 1.486667e+00
1.802400e+02 -8.612174e-01 1.405992e+00 6.896185e-02 2.471305e+00 -1.097064e+00 1.415750e+00 4.759769e-01 2.852492e+00 -9.923563e-01 2.981371e+00 -2.194878e-01 1.435923e+00
1.803200e+02 -8.299338e-01 1.366452e+00 3.466066e-02 2.428704e+00 -1.095305e+00 1.385899e+00 4.898277e-01 2.815486e+00 -9.736713e-01 2.951962e+00 -1.723326e-01 1.380501e+00
1.804000e+02 -7.950042e-01 1.319368e+00 2.513363e-03 2.390802e+00 -1.086842e+00 1.351830e+00 5.048400e-01 2.794574e+00 -9.596996e-01 2.916509e+00 -1.252570e-01 1.322267e+00
1.804800e+02 -7.556500e-01 1.288851e+00 -2.825474e-02 2.350517e+00 -1.080459e+00 1.311215e+00 5.175926e-01 2.768097e+00 -9.383942e-01 2.873091e+00 -7.957981e-02 1.276355e+00
1.805600e+02 -7.156602e-01 1.261154e+00 -5.109340e-02 2.314967e+00 -1.067799e+00 1.271505e+00 5.308846e-01 2.741441e+00 -9.182099e-01 2.837745e+00 -3.508882e-02 1.228108e+00
1.806400e+02 -6.738890e-01 1.233807e+00 -6.733161e-02 2.281306e+00 -1.047722e+00 1.229449e+00 5.451788e-01 2.733025e+00 -9.027593e-01 2.800492e+00 7.770820e-03 1.174724e+00
1.807200e+02 -6.323936e-01 1.210482e+00 -7.926172e-02 2.254770e+00 -1.025610e+00 1.193454e+00 5.550581e-01 2.718703e+00 -8.861368e-01 2.768384e+00 4.867291e-02 1.120961e+00
1.808000e+02 -5.857905e-01 1.175777e+00 -9.213082e-02 2.207295e+00 -1.000647e+00 1.137585e+00 5.676835e-01 2.708332e+00 -8.676227e-01 2.730555e+00 9.647871e-02 1.060986e+00
1.808800e+02 -5.408077e-01 1.139153e+00 -1.047522e-01 2.166396e+00 -9.745772e-01 1.083467e+00 5.752306e-01 2.681569e+00 -8.459506e-01 2.698224e+00 1.438343e-01 1.001770e+00
1.809600e+02 -4.966522e-01 1.100060e+00 -1.093105e-01 2.124217e+00 -9.347697e-01 1.021329e+00 5.856336e-01 2.697992e+00 -8.381678e-01 2.652480e+00 1.856389e-01 9.386161e-01
1.810400e+02 -4.523548e-01 1.068084e+00 -1.134130e-01 2.087555e+00 -8.967092e-01 9.615140e-01 5.923970e-01 2.691329e+00 -8.249056e-01 2.611581e+00 2.264041e-01 8.772773e-01
1.811200e+02 -4.083758e-01 1.048372e+00 -1.193216e-01 2.046734e+00 -8.618949e-01 8.861106e-01 5.986056e-01 2.663013e+00 -8.056953e-01 2.566381e+00 2.699070e-01 8.129823e-01
1.812000e+02 -3.660867e-01 1.029396e+00 -1.195848e-01 2.002599e+00 -8.214830e-01 8.217656e-01 6.002562e-01 2.641667e+00 -7.894594e-01 2.527972e+00 3.090014e-01 7.487168e-01
1.812800e+02 -3.235038e-01 1.012649e+00 -1.149254e-01 1.955475e+00 -7.795062e-01 7.632880e-01 6.013255e-01 2.618563e+00 -7.733561e-01 2.499432e+00 3.464152e-01 6.816729e-01
1.813600e+02 -2.801531e-01 1.001536e+00 -1.084305e-01 1.911510e+00 -7.375966e-01 6.962852e-01 6.066289e-01 2.592459e+00 -7.542577e-01 2.478773e+00 3.866027e-01 6.146746e-01
1.814400e+02 -2.392353e-01 9.868370e-01 -9.900581e-02 1.863869e+00 -6.944017e-01 6.327902e-01 6.108410e-01 2.568451e+00 -7.362500e-01 2.466296e+00 4.253423e-01 5.422027e-01
1.815200e+02 -1.974499e-01 9.746971e-01 -8.533433e-02 1.813693e+00 -6.507122e-01 5.761853e-01 6.144326e-01 2.547303e+00 -7.203517e-01 2.454238e+00 4.617637e-01 4.788588e-01
1.816000e+02 -1.612722e-01 9.682145e-01 -7.217462e-02 1.757790e+00 -6.091232e-01 5.211896e-01 6.174416e-01 2.530201e+00 -7.059664e-01 2.434593e+00 4.960049e-01 4.056798e-01
1.816800e+02 -1.295103e-01 9.721145e-01 -5.402340e-02 1.714658e+00 -5.674614e-01 4.710217e-01 6.177512e-01 2.513619e+00 -6.922465e-01 2.415969e+00 5.235954e-01 3.396318e-01
1.817600e+02 -9.769104e-02 9.801749e-01 -3.319071e-02 1.667416e+00 -5.294020e-01 4.173916e-01 6.220484e-01 2.492996e+00 -6.755855e-01 2.404809e+00 5.564942e-01 2.703543e-01
1.818400e+02 -7.020054e-02 9.901009e-01 -9.947455e-03 1.621250e+00 -4.935633e-01 3.623004e-01 6.259848e-01 2.472415e+00 -6.594262e-01 2.394453e+00 5.885469e-01 1.975176e-01
1.819200e+02 -4.660278e-02 9.965804e-01 1.304044e-02 1.570161e+00 -4.599727e-01 3.073402e-01 6.293269e-01 2.450406e+00 -6.434455e-01 2.381726e+00 6.226051e-01 1.230735e-01
1.820000e+02 -2.685875e-02 1.005180e+00 4.058724e-02 1.512264e+00 -4.279109e-01 2.694842e-01 6.276025e-01 2.423893e+00 -6.285963e-01 2.376958e+00 6.531912e-01 5.635136e-02
1.820800e+02 -8.924964e-03 1.013598e+00 7.001192e-02 1.459152e+00 -3.960723e-01 2.237746e-01 6.329219e-01 2.400699e+00 -6.162777e-01 2.371189e+00 6.829235e-01 -1.071449e-02
1.821600e+02 1.025686e-02 1.022694e+00 1.012783e-01 1.395226e+00 -3.660042e-01 1.819594e-01 6.376998e-01 2.379942e+00 -6.037242e-01 2.367457e+00 7.125973e-01 -7.434914e-02
1.822400e+02 2.568558e-02 1.038290e+00 1.379024e-01 1.344785e+00 -3.369492e-01 1.407504e-01 6.421522e-01 2.362732e+00 -5.930959e-01 2.367932e+00 7.375705e-01 -1.374437e-01
1.823200e+02 3.952556e-02 1.052327e+00 1.749694e-01 1.292716e+00 -3.119037e-01 9.538382e-02 6.476861e-01 2.344030e+00 -5.812738e-01 2.368818e+00 7.646180e-01 -2.026016e-01
1.824000e+02 4.579556e-02 1.060542e+00 2.163518e-01 1.260558e+00 -2.859144e-01 6.663449e-02 6.486468e-01 2.328613e+00 -5.742403e-01 2.376118e+00 7.843221e-01 -2.684497e-01
1.824800e+02 5.035339e-02 1.070208e+00 2.564032e-01 1.234626e+00 -2.656673e-01 3.133594e-02 6.537909e-01 2.304477e+00 -5.640266e-01 2.385117e+00 8.052597e-01 -3.330148e-01
1.825600e+02 5.474947e-02 1.078737e+00 2.976582e-01 1.203934e+00 -2.452908e-01 -1.033036e-02 6.623908e-01 2.292883e+00 -5.573841e-01 2.390622e+00 8.261968e-01 -4.002290e-01
1.826400e+02 5.571767e-02 1.084570e+00 3.394397e-01 1.177408e+00 -2.272053e-01 -4.132768e-02 6.647396e-01 2.283981e+00 -5.518773e-01 2.400558e+00 8.438651e-01 -4.662014e-01
1.827200e+02 5.514098e-02 1.089423e+00 3.798018e-01 1.153445e+00 -2.086043e-01 -7.584264e-02 6.700289e-01 2.272989e+00 -5.457981e-01 2.417710e+00 8.613171e-01 -5.351670e-01
1.828000e+02 5.441046e-02 1.103156e+00 4.192915e-01 1.127878e+00 -1.916597e-01 -1.109524e-01 6.731116e-01 2.258359e+00 -5.395238e-01 2.429784e+00 8.747261e-01 -5.986705e-01
1.828800e+02 5.168023e-02 1.104278e+00 4.554342e-01 1.103118e+00 -1.754438e-01 -1.413369e-01 6.772536e-01 2.250068e+00 -5.362682e-01 2.447944e+00 8.898895e-01 -6.674938e-01
1.829600e+02 4.735252e-02 1.104237e+00 4.906847e-01 1.077534e+00 -1.590372e-01 -1.712120e-01 6.804545e-01 2.242284e+00 -5.328557e-01 2.467243e+00 9.035345e-01 -7.379609e-01
1.830400e+02 4.290333e-02 1.105482e+00 5.270631e-01 1.054765e+00 -1.389554e-01 -2.028891e-01 6.853935e-01 2.242414e+00 -5.331973e-01 2.486193e+00 9.133496e-01 -8.099810e-01
1.831200e+02 4.022419e-02 1.109715e+00 5.620193e-01 1.031931e+00 -1.177425e-01 -2.465398e-01 6.979008e-01 2.237616e+00 -5.288472e-01 2.511531e+00 9.252064e-01 -8.844771e-01
1.832000e+02 3.489985e-02 1.105120e+00 5.936061e-01 1.022073e+00 -9.788943e-02 -2.905309e-01 7.092616e-01 2.233680e+00 -5.246618e-01 2.536840e+00 9.374270e-01 -9.631490e-01
1.832800e+02 2.585829e-02 1.094504e+00 6.235852e-01 1.019308e+00 -7.576699e-02 -3.299741e-01 7.186659e-01 2.233167e+00 -5.228502e-01 2.563779e+00 9.454128e-01 -1.045087e+00
1.833600e+02 1.851453e-02 1.081754e+00 6.499316e-01 1.018270e+00 -5.332665e-02 -3.755536e-01 7.292617e-01 2.231100e+00 -5.197979e-01 2.590367e+00 9.535945e-01 -1.129558e+00
1.834400e+02 1.186378e-02 1.065532e+00 6.722028e-01 1.019405e+00 -3.029310e-02 -4.251956e-01 7.405379e-01 2.229207e+00 -5.161916e-01 2.617865e+00 9.611849e-01 -1.217152e+00
1.835200e+02 7.149921e-03 1.047262e+00 6.899687e-01 1.018205e+00 -7.089322e-03 -4.803471e-01 7.532001e-01 2.226868e+00 -5.112971e-01 2.646112e+00 9.692225e-01 -1.308357e+00
1.836000e+02 5.968280e-03 1.023027e+00 7.058729e-01 1.021590e+00 1.903080e-02 -5.407132e-01 7.688103e-01 2.226939e+00 -5.059231e-01 2.679144e+00 9.759761e-01 -1.393714e+00
1.836800e+02 3.637764e-03 9.954837e-01 7.168047e-01 1.027482e+00 4.546759e-02 -6.036763e-01 7.856230e-01 2.228806e+00 -5.007414e-01 2.713707e+00 9.818745e-01 -1.489040e+00
1.837600e+02 1.689115e-03 9.645993e-01 7.229967e-01 1.035157e+00 7.301645e-02 -6.695295e-01 8.036221e-01 2.233150e+00 -4.955996e-01 2.750340e+00 9.861039e-01 -1.590043e+00
1.838400e+02 -9.574416e-05 9.306921e-01 7.242885e-01 1.046739e+00 1.021748e-01 -7.406188e-01 8.236276e-01 2.240004e+00 -4.902024e-01 2.789533e+00 9.882803e-01 -1.696515e+00
1.839200e+02 -1.194011e-03 8.952123e-01 7.202675e-01 1.059778e+00 1.305629e-01 -8.148432e-01 8.449438e-01 2.246241e+00 -4.834580e-01 2.830958e+00 9.888737e-01 -1.807863e+00
1.840000e+02 -5.943384e-03 8.553297e-01 7.125343e-01 1.083424e+00 1.612130e-01 -8.926096e-01 8.688091e-01 2.258461e+00 -4.776191e-01 2.877043e+00 9.849818e-01 -1.924606e+00
1.840800e+02 -8.902845e-03 8.122760e-01 7.007918e-01 1.106745e+00 1.920444e-01 -9.734795e-01 8.937420e-01 2.274835e+00 -4.716578e-01 2.925719e+00 9.790207e-01 -2.047353e+00
1.841600e+02 -1.231743e-02 7.654612e-01 6.852780e-01 1.122635e+00 2.240123e-01 -1.045346e+00 9.174991e-01 2.298143e+00 -4.680469e-01 2.978004e+00 9.677340e-01 -2.177108e+00
1.842400e+02 -1.733259e-02 7.161716e-01 6.645429e-01 1.152621e+00 2.564424e-01 -1.130079e+00 9.443202e-01 2.323496e+00 -4.629332e-01 3.032765e+00 9.530914e-01 -2.311781e+00
1.843200e+02 -2.124764e-02 6.729259e-01 6.435812e-01 1.185244e+00 2.897040e-01 -1.217240e+00 9.736082e-01 2.355928e+00 -4.579498e-01 3.097657e+00 9.326613e-01 -2.452589e+00
1.844000e+02 -2.282544e-02 6.254240e-01 6.180799e-01 1.215604e+00 3.214108e-01 -1.310920e+00 1.004565e+00 2.391212e+00 -4.518880e-01 3.163485e+00 9.091015e-01 -2.598971e+00
1.844800e+02 -2.341738e-02 5.757444e-01 5.880924e-01 1.245726e+00 3.519183e-01 -1.410226e+00 1.037167e+00 2.430211e+00 -4.443850e-01 3.232480e+00 8.808184e-01 -2.750495e+00
1.845600e+02 -2.656424e-02 5.229389e-01 5.534659e-01 1.287856e+00 3.803765e-01 -1.513528e+00 1.071204e+00 2.466789e+00 -4.341092e-01 3.308364e+00 8.457444e-01 -2.904584e+00
1.846400e+02 -2.665576e-02 4.738031e-01 5.168285e-01 1.324681e+00 4.067699e-01 -1.620230e+00 1.106858e+00 2.515591e+00 -4.227633e-01 3.387487e+00 8.033764e-01 -3.061348e+00
1.847200e+02 -2.748376e-02 4.243061e-01 4.727249e-01 1.361773e+00 4.266473e-01 -1.732644e+00 1.139839e+00 2.565212e+00 -4.081129e-01 3.454723e+00 7.548213e-01 -3.226660e+00
1.848000e+02 -2.583544e-02 3.711785e-01 4.270567e-01 1.396189e+00 4.451416e-01 -1.847974e+00 1.176589e+00 2.616852e+00 -3.929271e-01 3.535365e+00 7.000611e-01 -3.389532e+00
1.848800e+02 -2.753200e-02 3.212770e-01 3.739321e-01 1.436854e+00 4.579823e-01 -1.975013e+00 1.212057e+00 2.668450e+00 -3.750755e-01 3.603008e+00 6.373400e-01 -3.560446e+00
1.849600e+02 -2.932199e-02 2.723790e-01 3.168119e-01 1.471385e+00 4.649125e-01 -2.104606e+00 1.245889e+00 2.718660e+00 -3.494040e-01 3.664049e+00 5.660655e-01 -3.728525e+00
1.850400e+02 -3.300277e-02 2.331618e-01 2.603078e-01 1.509218e+00 4.689737e-01 -2.229924e+00 1.279087e+00 2.770405e+00 -3.241871e-01 3.734187e+00 4.831157e-01 -3.898624e+00
1.851200e+02 -3.574064e-02 2.015362e-01 2.039615e-01 1.539373e+00 4.690968e-01 -2.356835e+00 1.311517e+00 2.821086e+00 -2.938082e-01 3.800671e+00 3.883094e-01 -4.060005e+00
1.852000e+02 -3.753396e-02 1.710656e-01 1.427615e-01 1.569777e+00 4.596858e-01 -2.492841e+00 1.347204e+00 2.851989e+00 -2.499617e-01 3.872503e+00 2.895876e-01 -4.222348e+00
1.852800e+02 -3.721480e-02 1.380310e-01 8.501495e-02 1.594829e+00 4.473284e-01 -2.638174e+00 1.390392e+00 2.887204e+00 -1.976901e-01 3.950666e+00 1.797676e-01 -4.384538e+00
1.853600e+02 -3.324202e-02 1.051896e-01 3.352351e-02 1.613106e+00 4.362885e-01 -2.774654e+00 1.433466e+00 2.925131e+00 -1.404660e-01 4.039690e+00 5.862005e-02 -4.549691e+00
1.854400e+02 -2.595493e-02 7.176873e-02 -1.656004e-02 1.626465e+00 4.215984e-01 -2.902326e+00 1.472746e+00 2.964717e+00 -7.908971e-02 4.127712e+00 -7.357601e-02 -4.708686e+00
1.855200e+02 -8.484757e-03 2.845672e-02 -5.954872e-02 1.624766e+00 4.070792e-01 -3.032570e+00 1.517885e+00 3.002620e+00 -1.068476e-02 4.233495e+00 -2.087807e-01 -4.867350e+00
1.856000e+02 1.010102e-02 -5.303730e-03 -1.038548e-01 1.619025e+00 3.884765e-01 -3.167521e+00 1.561535e+00 3.030365e+00 6.696542e-02 4.329289e+00 -3.463050e-01 -5.034539e+00
1.856800e+02 3.210943e-02 -4.255401e-02 -1.392835e-01 1.604530e+00 3.726968e-01 -3.286215e+00 1.604473e+00 3.066640e+00 1.506785e-01 4.440789e+00 -4.803392e-01 -5.193908e+00
1.857600e+02 6.982961e-02 -1.023884e-01 -1.594664e-01 1.578473e+00 3.642980e-01 -3.380115e+00 1.646418e+00 3.113683e+00 2.362921e-01 4.572411e+00 -6.064875e-01 -5.315581e+00
1.858400e+02 1.100978e-01 -1.625971e-01 -1.733558e-01 1.560512e+00 3.571628e-01 -3.461936e+00 1.687120e+00 3.149155e+00 3.267935e-01 4.714844e+00 -7.158136e-01 -5.416672e+00
1.859200e+02 1.669836e-01 -2.443884e-01 -1.706016e-01 1.531377e+00 3.637772e-01 -3.527629e+00 1.722029e+00 3.209992e+00 4.045521e-01 4.842449e+00 -8.020690e-01 -5.411700e+00
1.860000e+02 2.200523e-01 -3.151361e-01 -1.691867e-01 1.515527e+00 3.724046e-01 -3.589405e+00 1.750129e+00 3.267879e+00 4.772794e-01 4.937097e+00 -8.442629e-01 -5.359759e+00
1.860800e+02 2.958923e-01 -4.186331e-01 -1.347479e-01 1.502231e+00 4.108175e-01 -3.613670e+00 1.783119e+00 3.353510e+00 5.282516e-01 5.082279e+00 -8.272205e-01 -5.154514e+00
1.861600e+02 3.705306e-01 -5.122221e-01 -1.072155e-01 1.496449e+00 4.430628e-01 -3.602035e+00 1.793428e+00 3.422228e+00 5.664684e-01 5.195346e+00 -7.358363e-01 -4.862079e+00
1.862400e+02 4.463587e-01 -6.177204e-01 -7.108644e-02 1.484513e+00 4.841629e-01 -3.550927e+00 1.800689e+00 3.506538e+00 5.808944e-01 5.308912e+00 -5.560965e-01 -4.469676e+00
1.863200e+02 5.187869e-01 -7.285380e-01 -3.269096e-02 1.463218e+00 5.343292e-01 -3.465967e+00 1.805359e+00 3.602961e+00 5.790163e-01 5.437203e+00 -3.100032e-01 -4.039088e+00
1.864000e+02 5.818220e-01 -8.391819e-01 4.278145e-03 1.450895e+00 5.900933e-01 -3.343976e+00 1.803466e+00 3.708100e+00 5.546913e-01 5.548467e+00 -5.917784e-02 -3.648904e+00
1.864800e+02 6.363510e-01 -9.474000e-01 4.612394e-02 1.439985e+00 6.538948e-01 -3.176389e+00 1.791160e+00 3.822583e+00 5.036785e-01 5.641001e+00 1.432221e-01 -3.322573e+00
1.865600e+02 6.838161e-01 -1.070731e+00 8.723042e-02 1.428293e+00 7.239844e-01 -2.963073e+00 1.777440e+00 3.938836e+00 4.355296e-01 5.737949e+00 2.639591e-01 -3.116781e+00
1.866400e+02 7.371298e-01 -1.206603e+00 1.455590e-01 1.404436e+00 8.159289e-01 -2.692206e+00 1.765170e+00 4.102008e+00 3.358752e-01 5.836633e+00 2.864479e-01 -2.946771e+00
1.867200e+02 7.947246e-01 -1.335346e+00 2.143163e-01 1.388550e+00 9.200668e-01 -2.379388e+00 1.755788e+00 4.279280e+00 2.321398e-01 5.973272e+00 2.497589e-01 -2.742611e+00
1.868000e+02 8.329717e-01 -1.429547e+00 2.712155e-01 1.379548e+00 1.006489e+00 -1.991031e+00 1.726683e+00 4.426469e+00 1.237859e-01 6.090531e+00 1.828974e-01 -2.576226e+00
1.868800e+02 8.551807e-01 -1.500402e+00 3.244311e-01 1.375386e+00 1.076408e+00 -1.558562e+00 1.696325e+00 4.589065e+00 -1.393595e-03 6.152735e+00 1.087096e-01 -2.380492e+00
1.869600e+02 8.552530e-01 -1.542360e+00 3.631783e-01 1.391924e+00 1.112278e+00 -1.097131e+00 1.653921e+00 4.694441e+00 -1.077247e-01 6.203807e+00 4.761297e-02 -2.149403e+00
1.870400e+02 8.324351e-01 -1.569991e+00 3.935488e-01 1.417748e+00 1.121736e+00 -6.364079e-01 1.605249e+00 4.799162e+00 -2.230855e-01 6.227695e+00 -1.470734e-02 -1.923633e+00
1.871200e+02 7.938379e-01 -1.612781e+00 4.271181e-01 1.438098e+00 1.114544e+00 -1.614452e-01 1.546350e+00 4.941286e+00 -3.552481e-01 6.227463e+00 -8.672628e-02 -1.680620e+00
1.872000e+02 7.358795e-01 -1.636796e+00 4.504355e-01 1.451991e+00 1.063003e+00 2.933048e-01 1.476095e+00 5.036099e+00 -4.738434e-01 6.204583e+00 -1.489268e-01 -1.443002e+00
1.872800e+02 6.538176e-01 -1.652891e+00 4.614201e-01 1.487612e+00 9.600482e-01 7.265246e-01 1.383536e+00 5.108524e+00 -5.932546e-01 6.122353e+00 -2.032497e-01 -1.170633e+00
1.873600e+02 5.617494e-01 -1.670896e+00 4.737215e-01 1.527226e+00 8.195720e-01 1.139268e+00 1.287273e+00 5.164308e+00 -7.151844e-01 6.050252e+00 -2.575037e-01 -8.539962e-01
1.874400e+02 4.611417e-01 -1.697174e+00 4.847961e-01 1.565582e+00 6.424223e-01 1.507805e+00 1.190724e+00 5.224711e+00 -8.387427e-01 5.963396e+00 -2.983654e-01 -5.222941e-01
1.875200e+02 3.642027e-01 -1.720804e+00 5.061497e-01 1.610247e+00 4.475724e-01 1.844349e+00 1.097568e+00 5.314367e+00 -9.784177e-01 5.868270e+00 -3.195470e-01 -1.893852e-01
1.876000e+02 2.767177e-01 -1.732046e+00 5.337426e-01 1.670283e+00 2.375495e-01 2.137955e+00 1.013466e+00 5.404724e+00 -1.115294e+00 5.798236e+00 -3.160475e-01 1.369615e-01
1.876800e+02 1.787045e-01 -1.716296e+00 5.439289e-01 1.756989e+00 -1.499699e-03 2.442665e+00 9.101032e-01 5.465169e+00 -1.255232e+00 5.716026e+00 -2.918431e-01 4.119772e-01
1.877600e+02 7.644392e-02 -1.684345e+00 5.377453e-01 1.854268e+00 -2.636214e-01 2.743644e+00 8.047516e-01 5.515494e+00 -1.408172e+00 5.582074e+00 -2.599574e-01 6.873254e-01
1.878400e+02 -2.166375e-02 -1.638291e+00 5.271027e-01 1.964270e+00 -5.304458e-01 3.027683e+00 7.166706e-01 5.566464e+00 -1.566725e+00 5.506607e+00 -2.259302e-01 9.117148e-01
1.879200e+02 -1.049905e-01 -1.587904e+00 5.072396e-01 2.083271e+00 -7.922052e-01 3.260037e+00 6.583155e-01 5.645358e+00 -1.737882e+00 5.452117e+00 -1.907649e-01 1.116494e+00
1.880000e+02 -1.829403e-01 -1.502790e+00 4.770217e-01 2.201250e+00 -1.046234e+00 3.501173e+00 6.166998e-01 5.749633e+00 -1.929044e+00 5.396592e+00 -1.768166e-01 1.296492e+00
1.880800e+02 -2.573802e-01 -1.424747e+00 4.143081e-01 2.287981e+00 -1.299956e+00 3.727573e+00 5.873303e-01 5.830810e+00 -2.123230e+00 5.289816e+00 -1.757088e-01 1.441813e+00
1.881600e+02 -3.331819e-01 -1.315141e+00 3.308909e-01 2.422385e+00 -1.542399e+00 3.958433e+00 5.700883e-01 5.879303e+00 -2.330715e+00 5.176310e+00 -2.040831e-01 1.568890e+00
1.882400e+02 -3.851161e-01 -1.223495e+00 2.238065e-01 2.540209e+00 -1.754850e+00 4.149390e+00 5.695611e-01 5.930312e+00 -2.563217e+00 4.973781e+00 -2.525074e-01 1.718800e+00
1.883200e+02 -4.036249e-01 -1.086108e+00 1.071448e-01 2.680024e+00 -1.933019e+00 4.324057e+00 5.934906e-01 5.931831e+00 -2.778832e+00 4.793270e+00 -3.189129e-01 1.882456e+00
1.884000e+02 -3.897679e-01 -9.223456e-01 -3.409104e-02 2.848369e+00 -2.077301e+00 4.479714e+00 6.287460e-01 5.905656e+00 -2.993625e+00 4.585480e+00 -4.057572e-01 2.034277e+00
1.884800e+02 -3.429501e-01 -7.515439e-01 -2.008232e-01 3.034433e+00 -2.181780e+00 4.607878e+00 6.659491e-01 5.858929e+00 -3.213422e+00 4.310868e+00 -5.261066e-01 2.246414e+00
1.885600e+02 -2.685049e-01 -5.965637e-01 -3.771989e-01 3.280828e+00 -2.235348e+00 4.745508e+00 7.055211e-01 5.786498e+00 -3.452056e+00 4.132286e+00 -6.661185e-01 2.473953e+00
1.886400e+02 -2.015349e-01 -4.625007e-01 -5.995967e-01 3.541616e+00 -2.268009e+00 4.820074e+00 7.582749e-01 5.655248e+00 -3.742110e+00 4.034309e+00 -8.101515e-01 2.695513e+00
1.887200e+02 -1.691367e-01 -3.803691e-01 -8.373369e-01 3.817515e+00 -2.272928e+00 4.876114e+00 7.868359e-01 5.497505e+00 -4.059367e+00 3.972777e+00 -9.823083e-01 3.002411e+00
1.888000e+02 -2.032500e-01 -3.243882e-01 -1.085081e+00 4.144846e+00 -2.262458e+00 4.957484e+00 8.030716e-01 5.314124e+00 -4.273235e+00 3.966320e+00 -1.180713e+00 3.363395e+00
1.888800e+02 -2.781267e-01 -3.058162e-01 -1.358679e+00 4.408500e+00 -2.248984e+00 5.026486e+00 8.258815e-01 5.106439e+00 -4.352426e+00 4.074349e+00 -1.372679e+00 3.665044e+00
1.889600e+02 -3.842179e-01 -3.300524e-01 -1.645405e+00 4.664666e+00 -2.257186e+00 5.200500e+00 7.997390e-01 4.874897e+00 -4.333829e+00 4.247750e+00 -1.602172e+00 4.005445e+00
1.890400e+02 -4.874118e-01 -3.825745e-01 -1.923605e+00 4.855082e+00 -2.280862e+00 5.352412e+00 7.913054e-01 4.637220e+00 -4.200979e+00 4.513161e+00 -1.836463e+00 4.256115e+00
1.891200e+02 -5.691458e-01 -5.238598e-01 -2.189931e+00 5.003970e+00 -2.315929e+00 5.542537e+00 7.831150e-01 4.400137e+00 -3.970673e+00 4.973733e+00 -2.071434e+00 4.437635e+00
1.892000e+02 -6.213279e-01 -6.518140e-01 -2.440842e+00 5.152641e+00 -2.385420e+00 5.685866e+00 7.687479e-01 4.127291e+00 -3.673119e+00 5.457217e+00 -2.309830e+00 4.598099e+00
1.892800e+02 -6.427655e-01 -7.562714e-01 -2.645725e+00 5.328038e+00 -2.463723e+00 5.835372e+00 7.276226e-01 3.868969e+00 -3.378478e+00 5.931653e+00 -2.568948e+00 4.685029e+00
1.893600e+02 -6.245831e-01 -8.193456e-01 -2.818474e+00 5.557222e+00 -2.560026e+00 5.984370e+00 6.600639e-01 3.546809e+00 -3.082809e+00 6.416167e+00 -2.806243e+00 4.700966e+00
1.894400e+02 -5.938298e-01 -8.781607e-01 -2.949697e+00 5.742162e+00 -2.628917e+00 6.099520e+00 5.484068e-01 3.357412e+00 -2.879165e+00 6.702933e+00 -3.022681e+00 4.604631e+00
1.895200e+02 -5.306498e-01 -9.734504e-01 -3.013270e+00 5.968411e+00 -2.689547e+00 6.155401e+00 3.973969e-01 3.117442e+00 -2.697315e+00 6.944789e+00 -3.166335e+00 4.499044e+00
1.896000e+02 -4.952207e-01 -1.050390e+00 -3.010842e+00 6.236284e+00 -2.797787e+00 6.091279e+00 2.265652e-01 2.899452e+00 -2.543951e+00 7.054521e+00 -3.242810e+00 4.324018e+00
1.896800e+02 -4.655840e-01 -1.069659e+00 -2.961790e+00 6.455423e+00 -2.896196e+00 5.940133e+00 7.058302e-02 2.792103e+00 -2.432880e+00 7.089502e+00 -3.262382e+00 4.149901e+00
1.897600e+02 -5.111482e-01 -1.080950e+00 -2.866732e+00 6.627746e+00 -2.813338e+00 5.670830e+00 -4.247694e-02 2.879163e+00 -2.398088e+00 7.094530e+00 -3.262964e+00 3.859420e+00
1.898400e+02 -5.688539e-01 -1.081427e+00 -2.734318e+00 6.770599e+00 -2.437403e+00 5.406163e+00 -8.513612e-02 3.189400e+00 -2.410150e+00 7.129274e+00 -3.248482e+00 3.587590e+00
1.899200e+02 -6.581141e-01 -1.040828e+00 -2.572679e+00 6.881790e+00 -1.886277e+00 5.261807e+00 -3.233143e-02 3.676994e+00 -2.434818e+00 7.187752e+00 -3.222936e+00 3.358239e+00
1.900000e+02 -7.528213e-01 -8.633642e-01 -2.456059e+00 6.977575e+00 -1.851409e+00 5.356332e+00 1.766121e-01 4.327642e+00 -2.368687e+00 7.268334e+00 -3.120995e+00 3.076639e+00
1.900800e+02 -7.877031e-01 -5.156980e-01 -2.444816e+00 7.277733e+00 -2.494953e+00 5.411434e+00 4.227246e-01 5.206468e+00 -2.090766e+00 7.421376e+00 -2.912035e+00 2.997153e+00
1.901600e+02 -8.301572e-01 -1.058161e-01 -2.453275e+00 7.334842e+00 -3.187596e+00 5.489520e+00 7.378237e-01 5.562761e+00 -1.787848e+00 7.689967e+00 -2.752770e+00 3.018443e+00
1.902400e+02 -9.141432e-01 8.935188e-02 -2.372702e+00 7.025910e+00 -3.389184e+00 5.517299e+00 1.271433e+00 5.742896e+00 -1.816965e+00 7.842767e+00 -2.772752e+00 2.964140e+00
1.903200e+02 -1.033523e+00 2.157429e-01 -2.275234e+00 6.655247e+00 -3.421137e+00 5.437284e+00 1.734232e+00 6.035794e+00 -1.953202e+00 7.899468e+00 -2.851856e+00 2.862153e+00
1.904000e+02 -1.231525e+00 2.335720e-01 -2.167716e+00 6.247179e+00 -3.388191e+00 5.573239e+00 1.982782e+00 6.427854e+00 -2.253716e+00 7.823876e+00 -3.016827e+00 2.705225e+00
1.904800e+02 -1.427704e+00 3.176715e-01 -2.073662e+00 5.910517e+00 -3.328815e+00 5.731960e+00 2.067630e+00 6.564003e+00 -2.540700e+00 7.745455e+00 -3.154160e+00 2.542833e+00
1.905600e+02 -1.636127e+00 3.832958e-01 -2.006692e+00 5.602695e+00 -3.195753e+00 6.028780e+00 1.935146e+00 6.613003e+00 -2.929877e+00 7.602517e+00 -3.302287e+00 2.408473e+00
1.906400e+02 -1.831971e+00 5.193708e-01 -1.995889e+00 5.383990e+00 -3.060943e+00 6.302146e+00 1.689149e+00 6.515171e+00 -3.299214e+00 7.371660e+00 -3.401965e+00 2.339808e+00
1.907200e+02 -2.012131e+00 6.759167e-01 -2.040983e+00 5.260663e+00 -2.910375e+00 6.509597e+00 1.408787e+00 6.376852e+00 -3.621134e+00 7.037702e+00 -3.464157e+00 2.342671e+00
1.908000e+02 -2.151098e+00 8.521059e-01 -2.145997e+00 5.188923e+00 -2.794515e+00 6.561551e+00 1.162892e+00 6.146824e+00 -3.830031e+00 6.604524e+00 -3.456201e+00 2.415948e+00
1.908800e+02 -2.274707e+00 1.013102e+00 -2.278894e+00 5.166468e+00 -2.689011e+00 6.522375e+00 9.619700e-01 5.896480e+00 -3.958722e+00 6.235675e+00 -3.410585e+00 2.519833e+00
1.909600e+02 -2.369614e+00 1.192462e+00 -2.417700e+00 5.136097e+00 -2.633271e+00 6.497972e+00 7.608708e-01 5.653222e+00 -4.036292e+00 5.906250e+00 -3.353967e+00 2.678719e+00
1.910400e+02 -2.445310e+00 1.314297e+00 -2.536524e+00 5.105671e+00 -2.653714e+00 6.501539e+00 5.980752e-01 5.441856e+00 -4.069765e+00 5.661581e+00 -3.291304e+00 2.838581e+00
1.911200e+02 -2.505210e+00 1.416231e+00 -2.590340e+00 5.058335e+00 -2.713262e+00 6.580251e+00 4.741675e-01 5.285041e+00 -4.058423e+00 5.583002e+00 -3.255913e+00 2.980271e+00
1.912000e+02 -2.526445e+00 1.459936e+00 -2.601487e+00 5.022488e+00 -2.792857e+00 6.614540e+00 3.995982e-01 5.142544e+00 -3.972759e+00 5.550391e+00 -3.221714e+00 3.095780e+00
1.912800e+02 -2.515554e+00 1.479294e+00 -2.574454e+00 5.049461e+00 -2.868750e+00 6.590980e+00 3.719030e-01 4.967650e+00 -3.829072e+00 5.569709e+00 -3.200605e+00 3.226276e+00
1.913600e+02 -2.483510e+00 1.453162e+00 -2.530908e+00 5.049412e+00 -2.934155e+00 6.550816e+00 3.670188e-01 4.813252e+00 -3.650829e+00 5.583991e+00 -3.190354e+00 3.287962e+00
1.914400e+02 -2.413250e+00 1.398407e+00 -2.464910e+00 5.074963e+00 -2.984680e+00 6.542494e+00 4.046362e-01 4.663123e+00 -3.423459e+00 5.735775e+00 -3.177322e+00 3.251210e+00
1.915200e+02 -2.308996e+00 1.375503e+00 -2.409817e+00 5.147754e+00 -3.030341e+00 6.515165e+00 4.691660e-01 4.547383e+00 -3.176336e+00 5.888936e+00 -3.161148e+00 3.190072e+00
1.916000e+02 -2.163661e+00 1.348500e+00 -2.357096e+00 5.272031e+00 -3.028268e+00 6.484318e+00 5.711260e-01 4.457588e+00 -2.926540e+00 6.102478e+00 -3.144813e+00 3.120064e+00
1.916800e+02 -1.991703e+00 1.326994e+00 -2.314798e+00 5.427936e+00 -2.984711e+00 6.415041e+00 7.064868e-01 4.404913e+00 -2.694975e+00 6.316225e+00 -3.127933e+00 3.001261e+00
1.917600e+02 -1.787071e+00 1.332331e+00 -2.285951e+00 5.594104e+00 -2.901664e+00 6.360701e+00 8.408120e-01 4.364190e+00 -2.490243e+00 6.517931e+00 -3.112433e+00 2.881654e+00
1.918400e+02 -1.578324e+00 1.309765e+00 -2.268371e+00 5.805850e+00 -2.742320e+00 6.286800e+00 9.696957e-01 4.405555e+00 -2.363438e+00 6.703726e+00 -3.122598e+00 2.746615e+00
1.919200e+02 -1.355605e+00 1.381322e+00 -2.231004e+00 5.943983e+00 -2.527956e+00 6.122502e+00 1.048315e+00 4.477551e+00 -2.298479e+00 6.853910e+00 -3.158266e+00 2.639112e+00
1.920000e+02 -1.156799e+00 1.422941e+00 -2.196263e+00 6.113304e+00 -2.318641e+00 5.842450e+00 1.073241e+00 4.584365e+00 -2.312906e+00 6.933259e+00 -3.205450e+00 2.536401e+00
1.920800e+02 -9.831913e-01 1.515618e+00 -2.142135e+00 6.245769e+00 -2.203274e+00 5.411234e+00 1.073160e+00 4.632644e+00 -2.330753e+00 6.950091e+00 -3.227746e+00 2.475858e+00
1.921600e+02 -8.297632e-01 1.620700e+00 -2.023250e+00 6.321385e+00 -2.195107e+00 5.040059e+00 1.077897e+00 4.661409e+00 -2.350373e+00 7.024923e+00 -3.231385e+00 2.417789e+00
1.922400e+02 -6.916421e-01 1.724293e+00 -1.838318e+00 6.317754e+00 -2.264486e+00 4.718680e+00 1.135887e+00 4.746598e+00 -2.378937e+00 7.059850e+00 -3.202792e+00 2.357071e+00
1.923200e+02 -5.524921e-01 1.824856e+00 -1.592651e+00 6.149341e+00 -2.366819e+00 4.466939e+00 1.233514e+00 4.759564e+00 -2.372437e+00 7.125384e+00 -3.131401e+00 2.343227e+00
1.924000e+02 -4.208816e-01 1.932536e+00 -1.284233e+00 5.848259e+00 -2.413227e+00 4.237453e+00 1.387005e+00 4.795021e+00 -2.413431e+00 7.163696e+00 -3.058255e+00 2.344365e+00
1.924800e+02 -3.163189e-01 2.007227e+00 -9.547262e-01 5.568952e+00 -2.379060e+00 3.953391e+00 1.583939e+00 4.854835e+00 -2.476841e+00 7.185856e+00 -2.990782e+00 2.341530e+00
1.925600e+02 -2.503764e-01 2.047771e+00 -6.281199e-01 5.408307e+00 -2.260520e+00 3.691285e+00 1.777928e+00 4.995930e+00 -2.584453e+00 7.198331e+00 -2.960488e+00 2.345249e+00
1.926400e+02 -2.034086e-01 2.064783e+00 -3.566967e-01 5.308930e+00 -2.097763e+00 3.373503e+00 1.957774e+00 5.205330e+00 -2.706575e+00 7.151242e+00 -2.926217e+00 2.320058e+00
1.927200e+02 -1.815163e-01 2.077818e+00 -1.351340e-01 5.249195e+00 -1.894334e+00 3.135969e+00 2.053872e+00 5.444993e+00 -2.831330e+00 7.092846e+00 -2.907732e+00 2.303006e+00
1.928000e+02 -1.638178e-01 2.109872e+00 6.993461e-02 5.017195e+00 -1.708939e+00 2.978776e+00 2.095890e+00 5.643715e+00 -2.937872e+00 7.013402e+00 -2.887476e+00 2.275824e+00
1.928800e+02 -1.631130e-01 2.160926e+00 2.955375e-01 4.655992e+00 -1.577926e+00 2.853139e+00 2.071633e+00 5.778807e+00 -3.014623e+00 6.910103e+00 -2.867094e+00 2.283285e+00
1.929600e+02 -1.720812e-01 2.256039e+00 5.708422e-01 4.242348e+00 -1.513137e+00 2.684824e+00 2.013145e+00 5.844476e+00 -3.053450e+00 6.801676e+00 -2.845559e+00 2.325460e+00
1.930400e+02 -2.031581e-01 2.396990e+00 8.593667e-01 3.986684e+00 -1.482052e+00 2.468588e+00 1.939716e+00 5.865176e+00 -3.057506e+00 6.707985e+00 -2.831691e+00 2.396371e+00
1.931200e+02 -2.441675e-01 2.577151e+00 1.089596e+00 3.991219e+00 -1.434398e+00 2.237761e+00 1.863560e+00 5.859068e+00 -3.029733e+00 6.626560e+00 -2.816452e+00 2.490615e+00
1.932000e+02 -2.663896e-01 2.816567e+00 1.240297e+00 4.170351e+00 -1.341683e+00 1.931574e+00 1.817949e+00 5.802856e+00 -2.952058e+00 6.554394e+00 -2.771023e+00 2.593949e+00
1.932800e+02 -2.358155e-01 3.149007e+00 1.376435e+00 4.146531e+00 -1.213720e+00 1.599601e+00 1.792188e+00 5.694910e+00 -2.832708e+00 6.489905e+00 -2.685579e+00 2.702024e+00
1.933600e+02 -2.510922e-01 3.449224e+00 1.566393e+00 4.044114e+00 -1.049085e+00 1.408417e+00 1.740834e+00 5.643666e+00 -2.758266e+00 6.447123e+00 -2.638173e+00 2.799042e+00
1.934400e+02 -2.623162e-01 3.737627e+00 1.788180e+00 3.845474e+00 -9.090068e-01 1.283535e+00 1.699457e+00 5.620930e+00 -2.706026e+00 6.408168e+00 -2.609379e+00 2.878655e+00
1.935200e+02 -2.654638e-01 4.020604e+00 2.024330e+00 3.631835e+00 -8.237777e-01 1.233053e+00 1.652560e+00 5.606579e+00 -2.666996e+00 6.392727e+00 -2.598676e+00 2.962296e+00
1.936000e+02 -3.026938e-01 4.263603e+00 2.273360e+00 3.463418e+00 -7.932805e-01 1.258785e+00 1.597464e+00 5.609701e+00 -2.659549e+00 6.378254e+00 -2.616530e+00 3.045753e+00
1.936800e+02 -3.598234e-01 4.476378e+00 2.537088e+00 3.345577e+00 -8.047050e-01 1.309921e+00 1.547968e+00 5.620126e+00 -2.665452e+00 6.380040e+00 -2.652414e+00 3.126790e+00
1.937600e+02 -4.625618e-01 4.623110e+00 2.781278e+00 3.299500e+00 -8.519288e-01 1.387707e+00 1.496461e+00 5.633693e+00 -2.683803e+00 6.383900e+00 -2.706293e+00 3.195136e+00
1.938400e+02 -5.872478e-01 4.768047e+00 2.995028e+00 3.354722e+00 -9.084723e-01 1.456385e+00 1.450870e+00 5.650244e+00 -2.706770e+00 6.393335e+00 -2.780865e+00 3.270305e+00
1.939200e+02 -7.139414e-01 4.868855e+00 3.143698e+00 3.444720e+00 -9.716659e-01 1.529462e+00 1.408698e+00 5.687174e+00 -2.733499e+00 6.386380e+00 -2.854939e+00 3.339032e+00
1.940000e+02 -8.570625e-01 4.951567e+00 3.223980e+00 3.612667e+00 -1.023899e+00 1.590915e+00 1.368866e+00 5.697217e+00 -2.753667e+00 6.390881e+00 -2.933127e+00 3.375938e+00
1.940800e+02 -9.812303e-01 5.008586e+00 3.230973e+00 3.809187e+00 -1.066634e+00 1.630931e+00 1.333575e+00 5.685665e+00 -2.762546e+00 6.388400e+00 -2.990111e+00 3.418902e+00
1.941600e+02 -1.110743e+00 5.043088e+00 3.177004e+00 3.999519e+00 -1.100306e+00 1.684994e+00 1.291817e+00 5.666813e+00 -2.769497e+00 6.373074e+00 -3.039978e+00 3.427344e+00
1.942400e+02 -1.226868e+00 5.055902e+00 3.088318e+00 4.208168e+00 -1.116464e+00 1.754715e+00 1.252177e+00 5.652811e+00 -2.770513e+00 6.359307e+00 -3.083901e+00 3.461561e+00
1.943200e+02 -1.337749e+00 5.045317e+00 2.975320e+00 4.430472e+00 -1.121965e+00 1.877612e+00 1.209819e+00 5.652973e+00 -2.778841e+00 6.357290e+00 -3.135372e+00 3.507083e+00
1.944000e+02 -1.448637e+00 4.997742e+00 2.834241e+00 4.638350e+00 -1.134741e+00 1.996917e+00 1.172013e+00 5.641266e+00 -2.780897e+00 6.346877e+00 -3.174483e+00 3.521834e+00
1.944800e+02 -1.551430e+00 4.937149e+00 2.687870e+00 4.809055e+00 -1.148547e+00 2.106590e+00 1.143153e+00 5.620019e+00 -2.774444e+00 6.341935e+00 -3.203810e+00 3.549644e+00
1.945600e+02 -1.651242e+00 4.856383e+00 2.543824e+00 4.896023e+00 -1.172965e+00 2.213441e+00 1.110754e+00 5.584750e+00 -2.766139e+00 6.310126e+00 -3.216780e+00 3.570120e+00
1.946400e+02 -1.755800e+00 4.746031e+00 2.438272e+00 4.962642e+00 -1.187219e+00 2.334727e+00 1.081523e+00 5.559318e+00 -2.764395e+00 6.297232e+00 -3.236252e+00 3.609813e+00
1.947200e+02 -1.850002e+00 4.599872e+00 2.332846e+00 5.003169e+00 -1.214364e+00 2.454968e+00 1.057391e+00 5.528908e+00 -2.762409e+00 6.288576e+00 -3.245212e+00 3.618818e+00
1.948000e+02 -1.920974e+00 4.464819e+00 2.240020e+00 5.014750e+00 -1.248504e+00 2.579928e+00 1.038728e+00 5.500954e+00 -2.757265e+00 6.291894e+00 -3.252069e+00 3.648932e+00
1.948800e+02 -1.973962e+00 4.355880e+00 2.145302e+00 5.009575e+00 -1.299182e+00 2.676897e+00 1.031693e+00 5.460348e+00 -2.746069e+00 6.297914e+00 -3.248592e+00 3.678637e+00
1.949600e+02 -2.023896e+00 4.257066e+00 2.059091e+00 5.001410e+00 -1.354943e+00 2.806416e+00 1.017781e+00 5.436151e+00 -2.747675e+00 6.310854e+00 -3.257287e+00 3.704477e+00
1.950400e+02 -2.032888e+00 4.179611e+00 1.947818e+00 4.968211e+00 -1.439088e+00 2.827720e+00 1.033565e+00 5.375488e+00 -2.719357e+00 6.309152e+00 -3.230725e+00 3.727789e+00
1.951200e+02 -2.031819e+00 4.132693e+00 1.857822e+00 4.917116e+00 -1.525465e+00 2.828305e+00 1.051258e+00 5.321761e+00 -2.693048e+00 6.310896e+00 -3.203383e+00 3.754547e+00
1.952000e+02 -2.038063e+00 4.075896e+00 1.802568e+00 4.944658e+00 -1.597340e+00 2.818847e+00 1.074719e+00 5.307507e+00 -2.685727e+00 6.315417e+00 -3.191950e+00 3.770341e+00
1.952800e+02 -2.026574e+00 4.037896e+00 1.769459e+00 5.045048e+00 -1.674886e+00 2.724922e+00 1.114666e+00 5.263506e+00 -2.656816e+00 6.327205e+00 -3.170205e+00 3.785006e+00
1.953600e+02 -1.989042e+00 4.029007e+00 1.768765e+00 4.975043e+00 -1.741849e+00 2.550625e+00 1.179530e+00 5.204149e+00 -2.613425e+00 6.338828e+00 -3.129434e+00 3.804528e+00
1.954400e+02 -1.979464e+00 4.005287e+00 1.789317e+00 4.987040e+00 -1.771736e+00 2.408618e+00 1.238163e+00 5.178223e+00 -2.592906e+00 6.360670e+00 -3.111052e+00 3.809362e+00
1.955200e+02 -1.975840e+00 3.956693e+00 1.802805e+00 5.074560e+00 -1.775995e+00 2.296166e+00 1.296236e+00 5.174903e+00 -2.588316e+00 6.374275e+00 -3.104193e+00 3.809321e+00
1.956000e+02 -1.955649e+00 3.914568e+00 1.781886e+00 5.135197e+00 -1.763606e+00 2.190871e+00 1.353615e+00 5.177902e+00 -2.589886e+00 6.390402e+00 -3.093192e+00 3.801431e+00
1.956800e+02 -1.972307e+00 3.835766e+00 1.741993e+00 5.248195e+00 -1.726859e+00 2.175902e+00 1.385754e+00 5.200907e+00 -2.614834e+00 6.423863e+00 -3.113280e+00 3.794071e+00
1.957600e+02 -1.962233e+00 3.766840e+00 1.660768e+00 5.275214e+00 -1.689129e+00 2.133860e+00 1.429342e+00 5.216253e+00 -2.630449e+00 6.433687e+00 -3.116382e+00 3.775398e+00
1.958400e+02 -1.968087e+00 3.674950e+00 1.561531e+00 5.297119e+00 -1.629942e+00 2.139635e+00 1.444491e+00 5.254483e+00 -2.657805e+00 6.438935e+00 -3.131115e+00 3.754364e+00
1.959200e+02 -1.974304e+00 3.586677e+00 1.449294e+00 5.317797e+00 -1.567967e+00 2.153377e+00 1.450224e+00 5.284549e+00 -2.682331e+00 6.428525e+00 -3.141736e+00 3.710703e+00
1.960000e+02 -1.970814e+00 3.504491e+00 1.345315e+00 5.264398e+00 -1.504059e+00 2.171135e+00 1.446967e+00 5.302869e+00 -2.695824e+00 6.405493e+00 -3.137982e+00 3.674361e+00
1.960800e+02 -1.975836e+00 3.417592e+00 1.259565e+00 5.265891e+00 -1.432120e+00 2.197048e+00 1.429003e+00 5.329665e+00 -2.713896e+00 6.375486e+00 -3.134518e+00 3.644278e+00
1.961600e+02 -1.962481e+00 3.351452e+00 1.199724e+00 5.285055e+00 -1.370579e+00 2.187428e+00 1.411806e+00 5.331963e+00 -2.713460e+00 6.333168e+00 -3.109900e+00 3.622104e+00
1.962400e+02 -1.950035e+00 3.289467e+00 1.184083e+00 5.311034e+00 -1.303859e+00 2.178188e+00 1.387888e+00 5.347274e+00 -2.717634e+00 6.279974e+00 -3.083163e+00 3.601198e+00
1.963200e+02 -1.921638e+00 3.250013e+00 1.197436e+00 5.306070e+00 -1.249278e+00 2.148383e+00 1.360751e+00 5.331286e+00 -2.704013e+00 6.221299e+00 -3.038373e+00 3.589616e+00
1.964000e+02 -1.910827e+00 3.210211e+00 1.237481e+00 5.282954e+00 -1.199474e+00 2.148543e+00 1.312972e+00 5.299405e+00 -2.697240e+00 6.159523e+00 -2.999011e+00 3.552401e+00
1.964800e+02 -1.879523e+00 3.181409e+00 1.294773e+00 5.195593e+00 -1.169449e+00 2.163262e+00 1.260898e+00 5.249632e+00 -2.683250e+00 6.096062e+00 -2.951766e+00 3.526990e+00
1.965600e+02 -1.851589e+00 3.154576e+00 1.354840e+00 5.094094e+00 -1.161946e+00 2.186789e+00 1.204975e+00 5.191849e+00 -2.665037e+00 6.029211e+00 -2.902891e+00 3.500613e+00
1.966400e+02 -1.822336e+00 3.137202e+00 1.420764e+00 5.007589e+00 -1.172522e+00 2.189901e+00 1.156460e+00 5.127498e+00 -2.639043e+00 5.970285e+00 -2.852189e+00 3.494124e+00
1.967200e+02 -1.779319e+00 3.132533e+00 1.494855e+00 4.855649e+00 -1.196316e+00 2.176515e+00 1.118790e+00 5.075585e+00 -2.612126e+00 5.911592e+00 -2.797875e+00 3.495669e+00
1.968000e+02 -1.736627e+00 3.135765e+00 1.559355e+00 4.721679e+00 -1.233171e+00 2.159050e+00 1.086385e+00 5.011827e+00 -2.577442e+00 5.865241e+00 -2.746419e+00 3.497233e+00
1.968800e+02 -1.697331e+00 3.138450e+00 1.623682e+00 4.586648e+00 -1.272490e+00 2.135608e+00 1.065434e+00 4.949679e+00 -2.546638e+00 5.820865e+00 -2.703714e+00 3.505509e+00
1.969600e+02 -1.656735e+00 3.132591e+00 1.675261e+00 4.422767e+00 -1.305185e+00 2.105582e+00 1.059625e+00 4.914061e+00 -2.520295e+00 5.780493e+00 -2.664922e+00 3.507234e+00
1.970400e+02 -1.635726e+00 3.109173e+00 1.718229e+00 4.330937e+00 -1.324992e+00 2.095691e+00 1.054185e+00 4.898375e+00 -2.504121e+00 5.763029e+00 -2.644340e+00 3.491172e+00
1.971200e+02 -1.605676e+00 3.093997e+00 1.735884e+00 4.251613e+00 -1.357820e+00 2.075551e+00 1.052547e+00 4.852788e+00 -2.475267e+00 5.747432e+00 -2.619821e+00 3.499964e+00
1.972000e+02 -1.574500e+00 3.092806e+00 1.732819e+00 4.134294e+00 -1.389513e+00 2.020591e+00 1.059464e+00 4.809188e+00 -2.450231e+00 5.698678e+00 -2.594104e+00 3.509509e+00
1.972800e+02 -1.566973e+00 3.065469e+00 1.727585e+00 4.089011e+00 -1.400020e+00 2.012097e+00 1.056192e+00 4.781335e+00 -2.435134e+00 5.679420e+00 -2.592615e+00 3.517337e+00
1.973600e+02 -1.550016e+00 3.041377e+00 1.706830e+00 4.009695e+00 -1.408754e+00 1.980639e+00 1.066019e+00 4.749335e+00 -2.413912e+00 5.654734e+00 -2.579998e+00 3.512933e+00
1.974400e+02 -1.531546e+00 3.016908e+00 1.674360e+00 3.933662e+00 -1.406756e+00 1.949340e+00 1.075740e+00 4.716023e+00 -2.389934e+00 5.634427e+00 -2.564022e+00 3.513903e+00
1.975200e+02 -1.532427e+00 2.980817e+00 1.636487e+00 3.944922e+00 -1.392394e+00 1.930670e+00 1.081154e+00 4.691173e+00 -2.377487e+00 5.615706e+00 -2.557119e+00 3.490237e+00
1.976000e+02 -1.528243e+00 2.929814e+00 1.608002e+00 3.931408e+00 -1.367676e+00 1.960072e+00 1.080916e+00 4.678092e+00 -2.370717e+00 5.602079e+00 -2.555402e+00 3.471246e+00
1.976800e+02 -1.520982e+00 2.882771e+00 1.578198e+00 3.948530e+00 -1.340422e+00 1.957134e+00 1.088115e+00 4.654885e+00 -2.356978e+00 5.582770e+00 -2.545152e+00 3.452553e+00
1.977600e+02 -1.509664e+00 2.839421e+00 1.552752e+00 3.964562e+00 -1.310496e+00 1.955724e+00 1.087998e+00 4.631381e+00 -2.343671e+00 5.556107e+00 -2.528646e+00 3.439058e+00
1.978400e+02 -1.498663e+00 2.795666e+00 1.535273e+00 3.988734e+00 -1.277187e+00 1.957014e+00 1.085690e+00 4.608552e+00 -2.331497e+00 5.530563e+00 -2.508797e+00 3.427600e+00
1.979200e+02 -1.488034e+00 2.752351e+00 1.523443e+00 4.024074e+00 -1.244676e+00 1.962269e+00 1.078799e+00 4.586070e+00 -2.320696e+00 5.498631e+00 -2.486090e+00 3.418027e+00
1.980000e+02 -1.482199e+00 2.711539e+00 1.512005e+00 4.065783e+00 -1.217837e+00 1.981839e+00 1.058576e+00 4.562654e+00 -2.315501e+00 5.440447e+00 -2.465787e+00 3.419271e+00
1.980800e+02 -1.470883e+00 2.675576e+00 1.500854e+00 4.112333e+00 -1.193275e+00 1.980640e+00 1.046868e+00 4.528323e+00 -2.303896e+00 5.406693e+00 -2.437434e+00 3.413562e+00
1.981600e+02 -1.454561e+00 2.643695e+00 1.492524e+00 4.111817e+00 -1.169523e+00 1.975875e+00 1.036075e+00 4.506411e+00 -2.290026e+00 5.368515e+00 -2.404491e+00 3.409634e+00
1.982400e+02 -1.427850e+00 2.625836e+00 1.479060e+00 4.095949e+00 -1.151675e+00 1.941561e+00 1.032100e+00 4.465388e+00 -2.261924e+00 5.331342e+00 -2.361279e+00 3.409784e+00
1.983200e+02 -1.412060e+00 2.588703e+00 1.473738e+00 4.092319e+00 -1.125239e+00 1.933586e+00 1.021863e+00 4.460748e+00 -2.249910e+00 5.288494e+00 -2.331352e+00 3.405235e+00
1.984000e+02 -1.393245e+00 2.552625e+00 1.463197e+00 4.101152e+00 -1.106247e+00 1.931816e+00 1.011702e+00 4.436764e+00 -2.232565e+00 5.256372e+00 -2.300962e+00 3.393963e+00
1.984800e+02 -1.369847e+00 2.521764e+00 1.447670e+00 4.094186e+00 -1.094662e+00 1.929914e+00 9.997763e-01 4.404513e+00 -2.214683e+00 5.224885e+00 -2.272053e+00 3.376392e+00
1.985600e+02 -1.349449e+00 2.499633e+00 1.422888e+00 4.069093e+00 -1.095864e+00 1.928832e+00 9.783506e-01 4.362750e+00 -2.197476e+00 5.159747e+00 -2.246240e+00 3.374201e+00
1.986400e+02 -1.332150e+00 2.471066e+00 1.398981e+00 4.035802e+00 -1.098495e+00 1.933300e+00 9.573321e-01 4.325002e+00 -2.182088e+00 5.124102e+00 -2.224953e+00 3.362802e+00
1.987200e+02 -1.309676e+00 2.447104e+00 1.366596e+00 3.982261e+00 -1.110327e+00 1.932553e+00 9.404114e-01 4.286006e+00 -2.162414e+00 5.092864e+00 -2.198975e+00 3.349552e+00
1.988000e+02 -1.290160e+00 2.419269e+00 1.332883e+00 3.925039e+00 -1.121856e+00 1.928720e+00 9.271854e-01 4.261692e+00 -2.145225e+00 5.061838e+00 -2.175266e+00 3.335372e+00
1.988800e+02 -1.274663e+00 2.388528e+00 1.293186e+00 3.898121e+00 -1.135551e+00 1.924953e+00 9.139608e-01 4.234095e+00 -2.125550e+00 5.033222e+00 -2.153821e+00 3.322812e+00
1.989600e+02 -1.253064e+00 2.359297e+00 1.252112e+00 3.857081e+00 -1.150428e+00 1.912433e+00 9.099879e-01 4.203861e+00 -2.101930e+00 5.018086e+00 -2.126900e+00 3.306148e+00
1.990400e+02 -1.231926e+00 2.329652e+00 1.207987e+00 3.823277e+00 -1.164986e+00 1.906477e+00 9.036990e-01 4.177392e+00 -2.083982e+00 4.997061e+00 -2.102335e+00 3.291562e+00
1.991200e+02 -1.207010e+00 2.294060e+00 1.167328e+00 3.775852e+00 -1.172765e+00 1.885052e+00 9.060381e-01 4.166734e+00 -2.069875e+00 4.967691e+00 -2.077520e+00 3.279279e+00
1.992000e+02 -1.183080e+00 2.263618e+00 1.121391e+00 3.723722e+00 -1.182865e+00 1.857556e+00 9.041897e-01 4.143393e+00 -2.051797e+00 4.925278e+00 -2.052817e+00 3.266703e+00
1.992800e+02 -1.165099e+00 2.221195e+00 1.081152e+00 3.673219e+00 -1.183914e+00 1.857881e+00 8.951494e-01 4.133305e+00 -2.044025e+00 4.890983e+00 -2.035445e+00 3.244411e+00
1.993600e+02 -1.142142e+00 2.185402e+00 1.037699e+00 3.630383e+00 -1.191086e+00 1.846587e+00 8.843033e-01 4.106391e+00 -2.030314e+00 4.856484e+00 -2.010993e+00 3.219689e+00
1.994400e+02 -1.122925e+00 2.148506e+00 1.000184e+00 3.574599e+00 -1.200677e+00 1.858546e+00 8.667557e-01 4.082400e+00 -2.021292e+00 4.824843e+00 -1.989435e+00 3.194974e+00
1.995200e+02 -1.102550e+00 2.120006e+00 9.629452e-01 3.535336e+00 -1.215279e+00 1.847531e+00 8.541783e-01 4.054146e+00 -2.007254e+00 4.788790e+00 -1.962880e+00 3.173460e+00
1.996000e+02 -1.083507e+00 2.095364e+00 9.327004e-01 3.497077e+00 -1.228532e+00 1.833120e+00 8.430323e-01 4.028332e+00 -1.992950e+00 4.758818e+00 -1.936397e+00 3.155780e+00
1.996800e+02 -1.065308e+00 2.074808e+00 9.073591e-01 3.463174e+00 -1.240117e+00 1.815864e+00 8.344647e-01 4.003814e+00 -1.977504e+00 4.731140e+00 -1.909768e+00 3.141141e+00
1.997600e+02 -1.047687e+00 2.056803e+00 8.870519e-01 3.432779e+00 -1.246695e+00 1.795505e+00 8.288788e-01 3.987964e+00 -1.963181e+00 4.703470e+00 -1.883825e+00 3.127709e+00
1.998400e+02 -1.035619e+00 2.046126e+00 8.652203e-01 3.408209e+00 -1.253620e+00 1.773331e+00 8.196061e-01 3.971973e+00 -1.950298e+00 4.657276e+00 -1.860525e+00 3.107943e+00
1.999200e+02 -1.022329e+00 2.034155e+00 8.496248e-01 3.383619e+00 -1.252005e+00 1.753225e+00 8.147788e-01 3.960797e+00 -1.934465e+00 4.627406e+00 -1.838707e+00 3.093342e+00
2.000000e+02 -1.011743e+00 2.030910e+00 8.296510e-01 3.356736e+00 -1.253778e+00 1.731424e+00 8.064832e-01 3.937428e+00 -1.916172e+00 4.582583e+00 -1.816221e+00 3.092662e+00
2.000800e+02 -9.983903e-01 2.030470e+00 8.138835e-01 3.347915e+00 -1.251537e+00 1.692814e+00 8.062466e-01 3.909186e+00 -1.892621e+00 4.551411e+00 -1.790270e+00 3.090858e+00
2.001600e+02 -9.909278e-01 2.030551e+00 7.976278e-01 3.333444e+00 -1.249206e+00 1.665762e+00 8.031793e-01 3.881942e+00 -1.872585e+00 4.518394e+00 -1.766901e+00 3.075051e+00
2.002400e+02 -9.847180e-01 2.034479e+00 7.779892e-01 3.315967e+00 -1.248160e+00 1.642808e+00 7.979737e-01 3.850082e+00 -1.851633e+00 4.467313e+00 -1.744004e+00 3.074802e+00
2.003200e+02 -9.756683e-01 2.034353e+00 7.624609e-01 3.290450e+00 -1.238982e+00 1.621728e+00 7.970378e-01 3.829842e+00 -1.831704e+00 4.428850e+00 -1.721611e+00 3.068349e+00
2.004000e+02 -9.632909e-01 2.034413e+00 7.467282e-01 3.265017e+00 -1.228720e+00 1.603861e+00 7.962574e-01 3.802902e+00 -1.806196e+00 4.397735e+00 -1.697308e+00 3.067922e+00
2.004800e+02 -9.503889e-01 2.035699e+00 7.323487e-01 3.238298e+00 -1.215813e+00 1.586943e+00 7.980001e-01 3.773919e+00 -1.779378e+00 4.370959e+00 -1.673460e+00 3.063608e+00
2.005600e+02 -9.310282e-01 2.042334e+00 7.201688e-01 3.198336e+00 -1.201228e+00 1.564029e+00 8.037852e-01 3.741719e+00 -1.748932e+00 4.346863e+00 -1.645059e+00 3.058580e+00
2.006400e+02 -9.137956e-01 2.046782e+00 7.137146e-01 3.163521e+00 -1.181894e+00 1.544853e+00 8.103510e-01 3.712395e+00 -1.720191e+00 4.328191e+00 -1.617838e+00 3.052998e+00
2.007200e+02 -8.928192e-01 2.050332e+00 7.136671e-01 3.127680e+00 -1.157829e+00 1.524461e+00 8.220720e-01 3.685228e+00 -1.691479e+00 4.324660e+00 -1.587549e+00 3.041251e+00
2.008000e+02 -8.652255e-01 2.055757e+00 7.191639e-01 3.075496e+00 -1.126973e+00 1.493949e+00 8.359302e-01 3.681111e+00 -1.670990e+00 4.310096e+00 -1.555694e+00 3.025640e+00
2.008800e+02 -8.441736e-01 2.064542e+00 7.243391e-01 3.036152e+00 -1.096330e+00 1.463189e+00 8.469113e-01 3.663587e+00 -1.647899e+00 4.294648e+00 -1.523047e+00 2.998920e+00
2.009600e+02 -8.215726e-01 2.071752e+00 7.362396e-01 2.996911e+00 -1.060280e+00 1.430765e+00 8.573710e-01 3.649460e+00 -1.629502e+00 4.278906e+00 -1.491149e+00 2.973117e+00
2.010400e+02 -7.993462e-01 2.079246e+00 7.526861e-01 2.959666e+00 -1.023359e+00 1.401571e+00 8.657603e-01 3.630629e+00 -1.613880e+00 4.262531e+00 -1.459492e+00 2.944170e+00
2.011200e+02 -7.771339e-01 2.083493e+00 7.754719e-01 2.922052e+00 -9.802188e-01 1.367851e+00 8.748017e-01 3.635988e+00 -1.606586e+00 4.237180e+00 -1.429508e+00 2.910183e+00
2.012000e+02 -7.560348e-01 2.089413e+00 8.000436e-01 2.891553e+00 -9.385693e-01 1.337748e+00 8.804268e-01 3.627500e+00 -1.597364e+00 4.215459e+00 -1.399567e+00 2.875938e+00
2.012800e+02 -7.360052e-01 2.095422e+00 8.274187e-01 2.860859e+00 -8.957540e-01 1.307305e+00 8.822601e-01 3.622580e+00 -1.592350e+00 4.191974e+00 -1.370915e+00 2.842423e+00
2.013600e+02 -7.131194e-01 2.107138e+00 8.554300e-01 2.844484e+00 -8.561763e-01 1.255894e+00 8.854120e-01 3.605380e+00 -1.582619e+00 4.166775e+00 -1.338675e+00 2.815725e+00
2.014400e+02 -6.950233e-01 2.118039e+00 8.859600e-01 2.824730e+00 -8.189247e-01 1.217908e+00 8.828909e-01 3.590706e+00 -1.576412e+00 4.141978e+00 -1.310879e+00 2.790124e+00
2.015200e+02 -6.836947e-01 2.129680e+00 9.132774e-01 2.803255e+00 -7.863575e-01 1.191132e+00 8.752773e-01 3.576478e+00 -1.573314e+00 4.111330e+00 -1.286970e+00 2.748831e+00
2.016000e+02 -6.745530e-01 2.141888e+00 9.397437e-01 2.784107e+00 -7.583406e-01 1.166494e+00 8.649567e-01 3.564227e+00 -1.568748e+00 4.072047e+00 -1.266200e+00 2.711779e+00
2.016800e+02 -6.711544e-01 2.153339e+00 9.641704e-01 2.766368e+00 -7.344182e-01 1.142753e+00 8.536301e-01 3.560157e+00 -1.566817e+00 4.030633e+00 -1.246717e+00 2.652094e+00
2.017600e+02 -6.754933e-01 2.158628e+00 9.884121e-01 2.772911e+00 -7.139342e-01 1.129888e+00 8.383141e-01 3.555999e+00 -1.562827e+00 3.996973e+00 -1.230783e+00 2.600863e+00
2.018400e+02 -6.757758e-01 2.169227e+00 1.010013e+00 2.768868e+00 -7.026160e-01 1.114240e+00 8.239636e-01 3.546350e+00 -1.555817e+00 3.962163e+00 -1.210698e+00 2.555088e+00
2.019200e+02 -6.815696e-01 2.174228e+00 1.033189e+00 2.765385e+00 -6.896193e-01 1.097536e+00 8.091589e-01 3.560627e+00 -1.555242e+00 3.918577e+00 -1.194266e+00 2.515922e+00
2.020000e+02 -6.916708e-01 2.183922e+00 1.047808e+00 2.770499e+00 -6.882055e-01 1.084539e+00 7.830459e-01 3.557761e+00 -1.547667e+00 3.860251e+00 -1.179103e+00 2.490468e+00
2.020800e+02 -7.016003e-01 2.189552e+00 1.063461e+00 2.774183e+00 -6.872478e-01 1.073668e+00 7.605996e-01 3.550637e+00 -1.536712e+00 3.822383e+00 -1.163356e+00 2.459320e+00
2.021600e+02 -7.200912e-01 2.186651e+00 1.077997e+00 2.798439e+00 -6.874233e-01 1.074267e+00 7.350725e-01 3.545061e+00 -1.529692e+00 3.786342e+00 -1.152759e+00 2.432140e+00
2.022400e+02 -7.340873e-01 2.181909e+00 1.089615e+00 2.820949e+00 -6.906939e-01 1.081170e+00 7.107018e-01 3.537276e+00 -1.519724e+00 3.761130e+00 -1.138599e+00 2.401572e+00
2.023200e+02 -7.499503e-01 2.176401e+00 1.096436e+00 2.848018e+00 -6.971868e-01 1.087530e+00 6.833319e-01 3.526706e+00 -1.510748e+00 3.727241e+00 -1.124826e+00 2.376034e+00
2.024000e+02 -7.662353e-01 2.172661e+00 1.097639e+00 2.857017e+00 -7.099391e-01 1.084228e+00 6.570057e-01 3.502773e+00 -1.496693e+00 3.680656e+00 -1.106993e+00 2.346596e+00
2.024800e+02 -7.829020e-01 2.155534e+00 1.102341e+00 2.863935e+00 -7.153597e-01 1.083933e+00 6.305362e-01 3.493067e+00 -1.486562e+00 3.627674e+00 -1.091644e+00 2.315409e+00
2.025600e+02 -7.949242e-01 2.139838e+00 1.100032e+00 2.867564e+00 -7.261611e-01 1.079265e+00 6.043655e-01 3.465660e+00 -1.465863e+00 3.582339e+00 -1.070093e+00 2.278244e+00
2.026400e+02 -8.033859e-01 2.120748e+00 1.097510e+00 2.857677e+00 -7.326616e-01 1.069796e+00 5.814317e-01 3.452684e+00 -1.449559e+00 3.528849e+00 -1.046501e+00 2.239673e+00
2.027200e+02 -8.166824e-01 2.100410e+00 1.088546e+00 2.858269e+00 -7.418584e-01 1.066994e+00 5.561254e-01 3.426227e+00 -1.429325e+00 3.479815e+00 -1.024304e+00 2.208281e+00
2.028000e+02 -8.306489e-01 2.077753e+00 1.076636e+00 2.859245e+00 -7.507151e-01 1.073588e+00 5.329096e-01 3.396709e+00 -1.410279e+00 3.436963e+00 -1.002616e+00 2.180383e+00
2.028800e+02 -8.419768e-01 2.061256e+00 1.057548e+00 2.848472e+00 -7.630723e-01 1.076749e+00 5.151923e-01 3.360313e+00 -1.388798e+00 3.398104e+00 -9.772645e-01 2.149928e+00
2.029600e+02 -8.583591e-01 2.042027e+00 1.038060e+00 2.843931e+00 -7.721642e-01 1.086670e+00 4.996084e-01 3.327406e+00 -1.369780e+00 3.367000e+00 -9.557523e-01 2.123716e+00
2.030400e+02 -8.757175e-01 2.023908e+00 1.014293e+00 2.843621e+00 -7.804073e-01 1.102663e+00 4.866455e-01 3.296880e+00 -1.351811e+00 3.341429e+00 -9.354172e-01 2.100751e+00
2.031200e+02 -8.911315e-01 2.009793e+00 9.855608e-01 2.839804e+00 -7.882098e-01 1.124611e+00 4.756536e-01 3.268923e+00 -1.334438e+00 3.320906e+00 -9.149560e-01 2.081118e+00
2.032000e+02 -9.040875e-01 2.002034e+00 9.527911e-01 2.826186e+00 -7.966096e-01 1.146192e+00 4.680315e-01 3.241784e+00 -1.315736e+00 3.305201e+00 -8.925030e-01 2.066054e+00
2.032800e+02 -9.262562e-01 1.989838e+00 9.201002e-01 2.833785e+00 -8.013054e-01 1.184309e+00 4.564861e-01 3.223538e+00 -1.303567e+00 3.290319e+00 -8.781338e-01 2.057504e+00
2.033600e+02 -9.509777e-01 1.980537e+00 8.817127e-01 2.857982e+00 -8.085645e-01 1.224195e+00 4.446984e-01 3.205002e+00 -1.294146e+00 3.272056e+00 -8.663400e-01 2.054693e+00
2.034400e+02 -9.729782e-01 1.967904e+00 8.406496e-01 2.870435e+00 -8.147001e-01 1.264392e+00 4.356847e-01 3.184891e+00 -1.286273e+00 3.265307e+00 -8.526378e-01 2.049681e+00
2.035200e+02 -9.928325e-01 1.950905e+00 7.971587e-01 2.871628e+00 -8.209690e-01 1.304420e+00 4.280642e-01 3.160833e+00 -1.275575e+00 3.258956e+00 -8.378723e-01 2.042345e+00
2.036000e+02 -1.010426e+00 1.929478e+00 7.511711e-01 2.865964e+00 -8.283594e-01 1.345323e+00 4.219188e-01 3.133113e+00 -1.261986e+00 3.252314e+00 -8.223590e-01 2.032382e+00
2.036800e+02 -1.027017e+00 1.903383e+00 7.023796e-01 2.853542e+00 -8.376336e-01 1.386131e+00 4.171154e-01 3.107439e+00 -1.248395e+00 3.240408e+00 -8.068504e-01 2.011006e+00
2.037600e+02 -1.039806e+00 1.874704e+00 6.507740e-01 2.839154e+00 -8.516084e-01 1.427720e+00 4.137843e-01 3.073353e+00 -1.229122e+00 3.229745e+00 -7.889789e-01 1.989860e+00
2.038400e+02 -1.042886e+00 1.848446e+00 5.961530e-01 2.811027e+00 -8.672229e-01 1.449255e+00 4.182039e-01 3.039185e+00 -1.205976e+00 3.216711e+00 -7.650578e-01 1.967397e+00
2.039200e+02 -1.045027e+00 1.817612e+00 5.402101e-01 2.786024e+00 -8.842131e-01 1.471594e+00 4.215037e-01 3.005863e+00 -1.184323e+00 3.204293e+00 -7.411520e-01 1.943740e+00
2.040000e+02 -1.046944e+00 1.780441e+00 4.843903e-01 2.781285e+00 -9.027948e-01 1.499693e+00 4.236678e-01 2.977113e+00 -1.166160e+00 3.192610e+00 -7.189557e-01 1.917159e+00
2.040800e+02 -1.042386e+00 1.740235e+00 4.310224e-01 2.761850e+00 -9.195377e-01 1.513336e+00 4.296927e-01 2.970279e+00 -1.151787e+00 3.172459e+00 -6.939514e-01 1.883973e+00
2.041600e+02 -1.040548e+00 1.694579e+00 3.771019e-01 2.776410e+00 -9.368242e-01 1.536868e+00 4.302211e-01 2.955388e+00 -1.139201e+00 3.157493e+00 -6.720959e-01 1.849603e+00
2.042400e+02 -1.035547e+00 1.648289e+00 3.255899e-01 2.768547e+00 -9.589561e-01 1.571799e+00 4.277005e-01 2.938737e+00 -1.129014e+00 3.141086e+00 -6.487288e-01 1.811967e+00
2.043200e+02 -1.024673e+00 1.605526e+00 2.766894e-01 2.746141e+00 -9.840443e-01 1.598684e+00 4.250075e-01 2.915051e+00 -1.117591e+00 3.121734e+00 -6.206766e-01 1.772740e+00
2.044000e+02 -1.006847e+00 1.565735e+00 2.324597e-01 2.714191e+00 -1.006478e+00 1.603806e+00 4.268358e-01 2.891641e+00 -1.104085e+00 3.109407e+00 -5.864335e-01 1.729793e+00
2.044800e+02 -9.858226e-01 1.526093e+00 1.945456e-01 2.674432e+00 -1.026813e+00 1.597115e+00 4.289590e-01 2.874232e+00 -1.095808e+00 3.088043e+00 -5.518966e-01 1.685686e+00
2.045600e+02 -9.625019e-01 1.486848e+00 1.630598e-01 2.639042e+00 -1.047046e+00 1.587443e+00 4.306177e-01 2.846730e+00 -1.085620e+00 3.073281e+00 -5.168687e-01 1.639392e+00
2.046400e+02 -9.366961e-01 1.450861e+00 1.360407e-01 2.605005e+00 -1.068271e+00 1.571027e+00 4.323496e-01 2.820130e+00 -1.075614e+00 3.054896e+00 -4.798080e-01 1.593852e+00
2.047200e+02 -9.112762e-01 1.417004e+00 1.133944e-01 2.565916e+00 -1.089081e+00 1.556594e+00 4.337439e-01 2.789395e+00 -1.065946e+00 3.038898e+00 -4.422342e-01 1.543718e+00
2.048000e+02 -8.840790e-01 1.386600e+00 9.578390e-02 2.525409e+00 -1.109765e+00 1.537431e+00 4.354845e-01 2.761435e+00 -1.056358e+00 3.020526e+00 -4.042465e-01 1.495522e+00
2.048800e+02 -8.505313e-01 1.364865e+00 8.056096e-02 2.458201e+00 -1.131007e+00 1.509962e+00 4.374861e-01 2.737478e+00 -1.045530e+00 2.984968e+00 -3.630910e-01 1.455168e+00
2.049600e+02 -8.188932e-01 1.345255e+00 6.780602e-02 2.399041e+00 -1.149195e+00 1.478442e+00 4.402686e-01 2.704208e+00 -1.030361e+00 2.956976e+00 -3.218479e-01 1.415480e+00
2.050400e+02 -7.848456e-01 1.325930e+00 5.881448e-02 2.340267e+00 -1.162860e+00 1.445208e+00 4.461981e-01 2.676246e+00 -1.015559e+00 2.930850e+00 -2.811705e-01 1.379191e+00
2.051200e+02 -7.516172e-01 1.306405e+00 5.340088e-02 2.279808e+00 -1.167739e+00 1.405674e+00 4.561822e-01 2.668551e+00 -1.004949e+00 2.900080e+00 -2.439878e-01 1.333662e+00
2.052000e+02 -7.179121e-01 1.285117e+00 5.021871e-02 2.218880e+00 -1.163757e+00 1.360959e+00 4.684060e-01 2.671474e+00 -9.972129e-01 2.864094e+00 -2.081555e-01 1.283175e+00
2.052800e+02 -6.868925e-01 1.271927e+00 4.502960e-02 2.162102e+00 -1.157288e+00 1.315280e+00 4.729842e-01 2.663818e+00 -9.861908e-01 2.820569e+00 -1.746303e-01 1.240152e+00
2.053600e+02 -6.559262e-01 1.259902e+00 4.299492e-02 2.106143e+00 -1.144811e+00 1.268273e+00 4.781305e-01 2.657788e+00 -9.773029e-01 2.779162e+00 -1.416702e-01 1.192409e+00
2.054400e+02 -6.278469e-01 1.247573e+00 4.313395e-02 2.058354e+00 -1.126374e+00 1.223658e+00 4.795985e-01 2.659112e+00 -9.700078e-01 2.739292e+00 -1.113815e-01 1.142207e+00
2.055200e+02 -5.997477e-01 1.232131e+00 4.042672e-02 2.012240e+00 -1.108930e+00 1.180054e+00 4.779289e-01 2.645108e+00 -9.573878e-01 2.703005e+00 -7.816903e-02 1.091490e+00
2.056000e+02 -5.728030e-01 1.221415e+00 3.880138e-02 1.968428e+00 -1.088679e+00 1.138633e+00 4.757428e-01 2.625182e+00 -9.441868e-01 2.670118e+00 -4.590345e-02 1.042808e+00
2.056800e+02 -5.489961e-01 1.211700e+00 3.841802e-02 1.935355e+00 -1.065171e+00 1.102609e+00 4.726737e-01 2.604396e+00 -9.316221e-01 2.640552e+00 -1.601911e-02 9.951330e-01
2.057600e+02 -5.219057e-01 1.208756e+00 3.688241e-02 1.910923e+00 -1.038533e+00 1.045831e+00 4.753466e-01 2.588449e+00 -9.179471e-01 2.607949e+00 1.760071e-02 9.472734e-01
2.058400e+02 -4.942439e-01 1.207707e+00 3.884926e-02 1.879507e+00 -1.006502e+00 9.891358e-01 4.814963e-01 2.572234e+00 -9.012536e-01 2.586988e+00 5.249590e-02 8.980445e-01
2.059200e+02 -4.652071e-01 1.211194e+00 4.284912e-02 1.835835e+00 -9.725752e-01 9.301795e-01 4.894919e-01 2.559941e+00 -8.855803e-01 2.561095e+00 8.798416e-02 8.507139e-01
2.060000e+02 -4.382662e-01 1.215168e+00 4.750914e-02 1.801095e+00 -9.345260e-01 8.718591e-01 4.991800e-01 2.545350e+00 -8.683953e-01 2.537072e+00 1.226116e-01 8.038670e-01
2.060800e+02 -4.149651e-01 1.210515e+00 5.245280e-02 1.765428e+00 -8.961461e-01 8.219089e-01 5.037358e-01 2.528474e+00 -8.520410e-01 2.501640e+00 1.566458e-01 7.588195e-01
2.061600e+02 -3.922510e-01 1.208824e+00 5.879872e-02 1.731034e+00 -8.574686e-01 7.716300e-01 5.069926e-01 2.506908e+00 -8.335899e-01 2.464160e+00 1.906546e-01 7.144481e-01
2.062400e+02 -3.683851e-01 1.208870e+00 6.748789e-02 1.698605e+00 -8.199689e-01 7.245609e-01 5.123223e-01 2.465163e+00 -8.072922e-01 2.444140e+00 2.281533e-01 6.674079e-01
2.063200e+02 -3.461456e-01 1.205752e+00 8.051379e-02 1.668114e+00 -7.792341e-01 6.783589e-01 5.206035e-01 2.435452e+00 -7.847007e-01 2.428212e+00 2.632609e-01 6.133810e-01
2.064000e+02 -3.197646e-01 1.207795e+00 9.455055e-02 1.642380e+00 -7.387037e-01 6.103693e-01 5.344400e-01 2.399962e+00 -7.571914e-01 2.408452e+00 3.030742e-01 5.588398e-01
2.064800e+02 -2.966880e-01 1.206343e+00 1.136360e-01 1.612000e+00 -6.951788e-01 5.498062e-01 5.484266e-01 2.373891e+00 -7.339298e-01 2.394054e+00 3.394073e-01 4.902065e-01
2.065600e+02 -2.757769e-01 1.207060e+00 1.325281e-01 1.587854e+00 -6.535679e-01 4.930228e-01 5.602773e-01 2.344897e+00 -7.105887e-01 2.376212e+00 3.733404e-01 4.252330e-01
2.066400e+02 -2.564684e-01 1.201159e+00 1.514298e-01 1.562936e+00 -6.117689e-01 4.385961e-01 5.732773e-01 2.314611e+00 -6.879863e-01 2.360872e+00 4.078601e-01 3.577195e-01
2.067200e+02 -2.385232e-01 1.199981e+00 1.706218e-01 1.533260e+00 -5.704131e-01 3.875754e-01 5.864863e-01 2.282482e+00 -6.651614e-01 2.348166e+00 4.424491e-01 2.858514e-01
2.068000e+02 -2.224914e-01 1.202273e+00 1.914173e-01 1.503021e+00 -5.297457e-01 3.380232e-01 5.997140e-01 2.252498e+00 -6.442517e-01 2.337311e+00 4.768684e-01 2.119457e-01
2.068800e+02 -2.072501e-01 1.205296e+00 2.151802e-01 1.472771e+00 -4.892363e-01 2.911892e-01 6.129509e-01 2.225262e+00 -6.253530e-01 2.330077e+00 5.107254e-01 1.439966e-01
2.069600e+02 -1.918451e-01 1.211139e+00 2.409572e-01 1.437972e+00 -4.495142e-01 2.444600e-01 6.267185e-01 2.199800e+00 -6.072251e-01 2.325592e+00 5.447155e-01 7.624267e-02
2.070400e+02 -1.785031e-01 1.222215e+00 2.681499e-01 1.414484e+00 -4.159033e-01 2.027328e-01 6.391830e-01 2.161267e+00 -5.859379e-01 2.329993e+00 5.783756e-01 1.200255e-02
2.071200e+02 -1.664483e-01 1.232286e+00 2.987288e-01 1.387513e+00 -3.815819e-01 1.663917e-01 6.541612e-01 2.136828e+00 -5.712603e-01 2.335675e+00 6.100821e-01 -5.411572e-02
2.072000e+02 -1.613067e-01 1.232245e+00 3.340724e-01 1.382048e+00 -3.406997e-01 1.510597e-01 6.631238e-01 2.141730e+00 -5.715807e-01 2.341047e+00 6.320743e-01 -1.278478e-01
2.072800e+02 -1.533820e-01 1.239692e+00 3.646307e-01 1.378869e+00 -3.092966e-01 1.284527e-01 6.735149e-01 2.137898e+00 -5.649818e-01 2.348770e+00 6.569062e-01 -1.939878e-01
2.073600e+02 -1.516379e-01 1.248140e+00 3.935024e-01 1.376763e+00 -2.794460e-01 1.130731e-01 6.808597e-01 2.137959e+00 -5.612529e-01 2.360753e+00 6.778539e-01 -2.628960e-01
2.074400e+02 -1.490364e-01 1.258479e+00 4.218934e-01 1.367430e+00 -2.517390e-01 8.968763e-02 6.897010e-01 2.144539e+00 -5.589828e-01 2.370695e+00 7.002657e-01 -3.334287e-01
2.075200e+02 -1.482356e-01 1.269124e+00 4.490543e-01 1.358444e+00 -2.264236e-01 6.038962e-02 6.968426e-01 2.147264e+00 -5.548842e-01 2.383240e+00 7.232365e-01 -4.036626e-01
2.076000e+02 -1.492729e-01 1.266765e+00 4.755801e-01 1.343534e+00 -2.016548e-01 3.855489e-02 7.011435e-01 2.148713e+00 -5.528147e-01 2.400789e+00 7.478331e-01 -4.813720e-01
2.076800e+02 -1.500892e-01 1.274388e+00 5.011473e-01 1.330706e+00 -1.778941e-01 1.201195e-02 7.021326e-01 2.148630e+00 -5.517051e-01 2.410626e+00 7.677908e-01 -5.539355e-01
2.077600e+02 -1.519813e-01 1.266514e+00 5.234253e-01 1.315819e+00 -1.546404e-01 -1.967967e-02 7.040466e-01 2.146306e+00 -5.515794e-01 2.424261e+00 7.910268e-01 -6.310323e-01
2.078400e+02 -1.536382e-01 1.258478e+00 5.438644e-01 1.301784e+00 -1.316004e-01 -5.492269e-02 7.051095e-01 2.142214e+00 -5.503407e-01 2.438837e+00 8.119497e-01 -7.096130e-01
2.079200e+02 -1.558762e-01 1.245710e+00 5.634111e-01 1.286034e+00 -1.071591e-01 -8.513965e-02 7.059102e-01 2.140052e+00 -5.500738e-01 2.460730e+00 8.316114e-01 -7.936688e-01
2.080000e+02 -1.585531e-01 1.231370e+00 5.789411e-01 1.273172e+00 -8.335226e-02 -1.205994e-01 7.078152e-01 2.136689e+00 -5.490169e-01 2.482260e+00 8.503851e-01 -8.794483e-01
2.080800e+02 -1.618180e-01 1.213185e+00 5.923212e-01 1.262024e+00 -5.799510e-02 -1.588519e-01 7.105490e-01 2.141484e+00 -5.514356e-01 2.502573e+00 8.671663e-01 -9.692250e-01
2.081600e+02 -1.652088e-01 1.202059e+00 6.052607e-01 1.252163e+00 -3.201020e-02 -1.925838e-01 7.138982e-01 2.148185e+00 -5.546882e-01 2.525525e+00 8.779358e-01 -1.058784e+00
2.082400e+02 -1.714603e-01 1.183025e+00 6.142783e-01 1.253790e+00 -6.103608e-03 -2.282467e-01 7.179938e-01 2.155669e+00 -5.581557e-01 2.549556e+00 8.876745e-01 -1.152120e+00
2.083200e+02 -1.765877e-01 1.170063e+00 6.219642e-01 1.256299e+00 1.833739e-02 -2.643705e-01 7.221405e-01 2.163864e+00 -5.612147e-01 2.575790e+00 8.949736e-01 -1.245959e+00
2.084000e+02 -1.833495e-01 1.156342e+00 6.258671e-01 1.261640e+00 4.152003e-02 -3.023166e-01 7.262773e-01 2.172230e+00 -5.638488e-01 2.603576e+00 9.024492e-01 -1.342985e+00
2.084800e+02 -1.921672e-01 1.141395e+00 6.262802e-01 1.264867e+00 6.426926e-02 -3.422678e-01 7.307287e-01 2.180777e+00 -5.661474e-01 2.632803e+00 9.096661e-01 -1.445129e+00
2.085600e+02 -2.027069e-01 1.121246e+00 6.227336e-01 1.267734e+00 8.612200e-02 -3.769175e-01 7.342321e-01 2.191404e+00 -5.696254e-01 2.664379e+00 9.143214e-01 -1.552114e+00
2.086400e+02 -2.106747e-01 1.097728e+00 6.165539e-01 1.273817e+00 1.073119e-01 -4.186268e-01 7.406257e-01 2.202325e+00 -5.715787e-01 2.699435e+00 9.183761e-01 -1.656403e+00
2.087200e+02 -2.197194e-01 1.070340e+00 6.067947e-01 1.280870e+00 1.272570e-01 -4.612549e-01 7.475373e-01 2.215187e+00 -5.739307e-01 2.736759e+00 9.212147e-01 -1.768685e+00
2.088000e+02 -2.292142e-01 1.039693e+00 5.931143e-01 1.288732e+00 1.452118e-01 -5.039419e-01 7.546381e-01 2.226319e+00 -5.753598e-01 2.776124e+00 9.220530e-01 -1.886098e+00
2.088800e+02 -2.399121e-01 1.005641e+00 5.760964e-01 1.299461e+00 1.636854e-01 -5.530262e-01 7.649130e-01 2.240292e+00 -5.762917e-01 2.818291e+00 9.203316e-01 -2.009137e+00
2.089600e+02 -2.505301e-01 9.684351e-01 5.562594e-01 1.309364e+00 1.816733e-01 -6.056131e-01 7.777053e-01 2.256671e+00 -5.764319e-01 2.863095e+00 9.162787e-01 -2.138276e+00
2.090400e+02 -2.630328e-01 9.273960e-01 5.333115e-01 1.322519e+00 1.997837e-01 -6.590859e-01 7.911906e-01 2.275942e+00 -5.764334e-01 2.910734e+00 9.087104e-01 -2.273800e+00
2.091200e+02 -2.777941e-01 8.818195e-01 5.083813e-01 1.340643e+00 2.180231e-01 -7.159588e-01 8.061253e-01 2.298194e+00 -5.760493e-01 2.961396e+00 8.970026e-01 -2.415457e+00
2.092000e+02 -2.926725e-01 8.303234e-01 4.826675e-01 1.347674e+00 2.362172e-01 -7.620888e-01 8.204730e-01 2.325963e+00 -5.769517e-01 3.018201e+00 8.802274e-01 -2.566234e+00
2.092800e+02 -3.033404e-01 7.768228e-01 4.538637e-01 1.359300e+00 2.536162e-01 -8.222310e-01 8.387681e-01 2.353624e+00 -5.745582e-01 3.077138e+00 8.610565e-01 -2.715495e+00
2.093600e+02 -3.147427e-01 7.300999e-01 4.237644e-01 1.371540e+00 2.700523e-01 -8.855551e-01 8.590020e-01 2.385315e+00 -5.706681e-01 3.141475e+00 8.353900e-01 -2.872473e+00
2.094400e+02 -3.300553e-01 6.747469e-01 3.913132e-01 1.390178e+00 2.854611e-01 -9.493678e-01 8.791484e-01 2.420948e+00 -5.664645e-01 3.207668e+00 8.031532e-01 -3.035550e+00
2.095200e+02 -3.434544e-01 6.182346e-01 3.570307e-01 1.404081e+00 2.987736e-01 -1.021238e+00 9.015172e-01 2.456882e+00 -5.584613e-01 3.274895e+00 7.664253e-01 -3.202427e+00
2.096000e+02 -3.597740e-01 5.566162e-01 3.211194e-01 1.426570e+00 3.110338e-01 -1.097929e+00 9.252460e-01 2.496126e+00 -5.478724e-01 3.345277e+00 7.212422e-01 -3.372578e+00
2.096800e+02 -3.768761e-01 4.946424e-01 2.814616e-01 1.450939e+00 3.202957e-01 -1.177344e+00 9.472243e-01 2.537474e+00 -5.345176e-01 3.405830e+00 6.683631e-01 -3.539953e+00
2.097600e+02 -3.921147e-01 4.314713e-01 2.392661e-01 1.471537e+00 3.258224e-01 -1.264907e+00 9.706061e-01 2.577873e+00 -5.157212e-01 3.468718e+00 6.081220e-01 -3.717732e+00
2.098400e+02 -4.068635e-01 3.675150e-01 1.948277e-01 1.485822e+00 3.287010e-01 -1.361669e+00 9.969393e-01 2.617527e+00 -4.903001e-01 3.531977e+00 5.405939e-01 -3.895314e+00
2.099200e+02 -4.221301e-01 3.059507e-01 1.465147e-01 1.496036e+00 3.255127e-01 -1.462398e+00 1.020564e+00 2.655450e+00 -4.573461e-01 3.580797e+00 4.641236e-01 -4.065814e+00
2.100000e+02 -4.336142e-01 2.428297e-01 9.843957e-02 1.504726e+00 3.207573e-01 -1.574175e+00 1.049540e+00 2.693868e+00 -4.157339e-01 3.638393e+00 3.794584e-01 -4.241534e+00
2.100800e+02 -4.424514e-01 1.737464e-01 5.077509e-02 1.511165e+00 3.153412e-01 -1.683168e+00 1.079671e+00 2.735626e+00 -3.683548e-01 3.704683e+00 2.835894e-01 -4.420494e+00
2.101600e+02 -4.501858e-01 1.047479e-01 3.658739e-03 1.514541e+00 3.084298e-01 -1.793841e+00 1.110437e+00 2.779448e+00 -3.149300e-01 3.775656e+00 1.761343e-01 -4.604151e+00
2.102400e+02 -4.544186e-01 3.449242e-02 -4.234518e-02 1.515234e+00 3.024183e-01 -1.916323e+00 1.145070e+00 2.830462e+00 -2.545574e-01 3.851290e+00 5.711929e-02 -4.791988e+00
2.103200e+02 -4.607635e-01 -3.430800e-02 -9.084771e-02 1.520421e+00 2.903049e-01 -2.036202e+00 1.170691e+00 2.876544e+00 -1.879330e-01 3.908760e+00 -7.603948e-02 -4.980152e+00
2.104000e+02 -4.609946e-01 -1.009975e-01 -1.317016e-01 1.526018e+00 2.805775e-01 -2.157198e+00 1.202130e+00 2.923522e+00 -1.140493e-01 3.994898e+00 -2.183125e-01 -5.171051e+00
2.104800e+02 -4.539343e-01 -1.699443e-01 -1.699822e-01 1.524963e+00 2.706317e-01 -2.292935e+00 1.242272e+00 2.969011e+00 -2.670625e-02 4.097196e+00 -3.647742e-01 -5.379234e+00
2.105600e+02 -4.380216e-01 -2.431146e-01 -2.026292e-01 1.529807e+00 2.577314e-01 -2.428009e+00 1.280461e+00 3.018967e+00 6.931264e-02 4.186570e+00 -5.156603e-01 -5.554089e+00
2.106400e+02 -4.057880e-01 -3.283849e-01 -2.250754e-01 1.536877e+00 2.477922e-01 -2.555387e+00 1.320962e+00 3.072515e+00 1.672542e-01 4.288588e+00 -6.671763e-01 -5.702187e+00
2.107200e+02 -3.700048e-01 -4.127183e-01 -2.454342e-01 1.549495e+00 2.321684e-01 -2.675311e+00 1.360665e+00 3.114624e+00 2.774253e-01 4.398087e+00 -8.075777e-01 -5.835759e+00
2.108000e+02 -3.294335e-01 -4.943449e-01 -2.613777e-01 1.569238e+00 2.106117e-01 -2.784929e+00 1.395960e+00 3.152253e+00 3.868580e-01 4.488880e+00 -9.350096e-01 -5.947335e+00
2.108800e+02 -2.804284e-01 -5.862449e-01 -2.670836e-01 1.588573e+00 1.966167e-01 -2.886852e+00 1.433232e+00 3.202695e+00 4.905828e-01 4.587316e+00 -1.038137e+00 -6.037982e+00
2.109600e+02 -2.252084e-01 -6.761604e-01 -2.712249e-01 1.610263e+00 1.786751e-01 -2.989506e+00 1.461964e+00 3.249912e+00 5.898861e-01 4.655291e+00 -1.108196e+00 -6.079190e+00
2.110400e+02 -1.682690e-01 -7.748403e-01 -2.676479e-01 1.635919e+00 1.638368e-01 -3.070655e+00 1.487007e+00 3.300970e+00 6.752252e-01 4.729378e+00 -1.129617e+00 -6.078198e+00
2.111200e+02 -9.473649e-02 -8.970331e-01 -2.441806e-01 1.665030e+00 1.594775e-01 -3.121880e+00 1.514795e+00 3.341777e+00 7.475277e-01 4.847934e+00 -1.094343e+00 -5.956695e+00
2.112000e+02 -1.251270e-02 -1.048493e+00 -2.113245e-01 1.700931e+00 1.671449e-01 -3.155398e+00 1.543302e+00 3.402772e+00 7.927456e-01 4.971053e+00 -9.988921e-01 -5.705652e+00
2.112800e+02 8.392183e-02 -1.220893e+00 -1.628301e-01 1.746253e+00 1.916758e-01 -3.173792e+00 1.579638e+00 3.485003e+00 8.153852e-01 5.136837e+00 -8.396098e-01 -5.291737e+00
2.113600e+02 1.585566e-01 -1.373810e+00 -1.382695e-01 1.806593e+00 2.039877e-01 -3.194990e+00 1.602085e+00 3.553221e+00 8.219186e-01 5.243178e+00 -6.339429e-01 -4.892888e+00
2.114400e+02 2.073996e-01 -1.514798e+00 -1.288919e-01 1.870702e+00 2.120190e-01 -3.209763e+00 1.614362e+00 3.621337e+00 8.136377e-01 5.301565e+00 -4.230530e-01 -4.623692e+00
2.115200e+02 2.850792e-01 -1.704085e+00 -7.614405e-02 1.928947e+00 2.637103e-01 -3.175975e+00 1.642544e+00 3.736481e+00 7.812685e-01 5.473378e+00 -2.636423e-01 -4.276213e+00
2.116000e+02 3.434479e-01 -1.889758e+00 -4.601989e-02 1.999314e+00 3.086427e-01 -3.138362e+00 1.659139e+00 3.847218e+00 7.164993e-01 5.569772e+00 -1.678581e-01 -4.107929e+00
2.116800e+02 3.840553e-01 -2.055666e+00 -2.914623e-02 2.070418e+00 3.438584e-01 -3.046267e+00 1.655254e+00 3.939075e+00 6.545069e-01 5.675453e+00 -1.149624e-01 -4.003319e+00
2.117600e+02 4.175100e-01 -2.235264e+00 -6.174585e-03 2.130973e+00 3.960107e-01 -2.937611e+00 1.672585e+00 4.084683e+00 5.647866e-01 5.792889e+00 -9.555877e-02 -3.862188e+00
2.118400e+02 4.204593e-01 -2.386191e+00 -1.102822e-02 2.201825e+00 4.232274e-01 -2.799186e+00 1.666081e+00 4.167229e+00 4.970494e-01 5.862891e+00 -9.042772e-02 -3.640945e+00
2.119200e+02 4.027001e-01 -2.524981e+00 -2.522850e-02 2.250275e+00 4.514158e-01 -2.632814e+00 1.649021e+00 4.267235e+00 4.158225e-01 5.874752e+00 -1.108238e-01 -3.343718e+00
2.120000e+02 3.572807e-01 -2.637506e+00 -4.880763e-02 2.297776e+00 4.709264e-01 -2.435276e+00 1.629102e+00 4.351103e+00 3.443120e-01 5.868581e+00 -1.478901e-01 -3.021803e+00
2.120800e+02 2.992413e-01 -2.725235e+00 -7.268491e-02 2.320737e+00 4.847738e-01 -2.220709e+00 1.603671e+00 4.425665e+00 2.908725e-01 5.846254e+00 -1.906266e-01 -2.715003e+00
2.121600e+02 2.376363e-01 -2.831799e+00 -8.202556e-02 2.347162e+00 5.073863e-01 -1.968308e+00 1.576629e+00 4.538153e+00 2.176273e-01 5.837269e+00 -2.333138e-01 -2.391550e+00
2.122400e+02 1.535226e-01 -2.905465e+00 -1.013530e-01 2.381213e+00 5.092572e-01 -1.701585e+00 1.534581e+00 4.628492e+00 1.555563e-01 5.793280e+00 -2.597886e-01 -2.137952e+00
2.123200e+02 7.082990e-02 -2.963169e+00 -1.012252e-01 2.414490e+00 5.114612e-01 -1.410070e+00 1.492036e+00 4.731950e+00 8.761967e-02 5.788643e+00 -2.803303e-01 -1.918505e+00
2.124000e+02 -1.681979e-02 -3.022021e+00 -9.860460e-02 2.453060e+00 4.975079e-01 -1.103033e+00 1.437993e+00 4.823436e+00 1.570047e-02 5.775120e+00 -2.795006e-01 -1.700493e+00
2.124800e+02 -1.205457e-01 -3.058306e+00 -1.010670e-01 2.510968e+00 4.570255e-01 -7.839136e-01 1.367877e+00 4.899964e+00 -6.627756e-02 5.727731e+00 -2.731313e-01 -1.522236e+00
2.125600e+02 -2.385257e-01 -3.089180e+00 -9.588769e-02 2.580044e+00 4.011287e-01 -4.521302e-01 1.293542e+00 4.972143e+00 -1.641087e-01 5.678138e+00 -2.652271e-01 -1.366484e+00
2.126400e+02 -3.600589e-01 -3.093907e+00 -7.636675e-02 2.654258e+00 3.285187e-01 -1.072640e-01 1.221541e+00 5.031812e+00 -2.676518e-01 5.660750e+00 -2.527015e-01 -1.208834e+00
2.127200e+02 -4.775379e-01 -3.088714e+00 -3.901948e-02 2.722366e+00 2.476611e-01 2.517225e-01 1.137793e+00 5.147297e+00 -4.023283e-01 5.625342e+00 -2.481486e-01 -9.867265e-01
2.128000e+02 -5.863144e-01 -3.068978e+00 2.149840e-03 2.752505e+00 1.429685e-01 5.785979e-01 1.058814e+00 5.223054e+00 -5.252254e-01 5.606779e+00 -2.187289e-01 -7.451974e-01
2.128800e+02 -6.965101e-01 -2.997471e+00 5.203544e-02 2.827536e+00 4.614090e-03 8.777243e-01 9.770097e-01 5.276349e+00 -6.498982e-01 5.559129e+00 -1.757001e-01 -4.378192e-01
2.129600e+02 -8.050495e-01 -2.909380e+00 9.645998e-02 2.927255e+00 -1.615916e-01 1.180340e+00 8.883985e-01 5.334482e+00 -7.848980e-01 5.491528e+00 -1.234648e-01 -1.364718e-01
2.130400e+02 -9.011072e-01 -2.804517e+00 1.499495e-01 3.055407e+00 -3.395041e-01 1.480635e+00 8.128583e-01 5.415327e+00 -9.377803e-01 5.471876e+00 -6.646483e-02 1.163203e-01
2.131200e+02 -9.881763e-01 -2.682286e+00 1.946789e-01 3.191715e+00 -5.362324e-01 1.763946e+00 7.551829e-01 5.481855e+00 -1.089305e+00 5.459618e+00 -1.282109e-02 3.295368e-01
2.132000e+02 -1.064794e+00 -2.553063e+00 2.236281e-01 3.366543e+00 -7.527719e-01 2.052225e+00 6.841706e-01 5.542781e+00 -1.258845e+00 5.367062e+00 7.244311e-03 5.555790e-01
2.132800e+02 -1.119052e+00 -2.419935e+00 2.640564e-01 3.575173e+00 -9.565903e-01 2.362941e+00 6.303996e-01 5.622007e+00 -1.466425e+00 5.316237e+00 -2.244647e-02 7.594115e-01
2.133600e+02 -1.145579e+00 -2.286831e+00 2.985665e-01 3.820965e+00 -1.137787e+00 2.666455e+00 6.134183e-01 5.692654e+00 -1.680972e+00 5.339295e+00 -8.166735e-02 9.428554e-01
2.134400e+02 -1.171611e+00 -2.154908e+00 2.936853e-01 4.100652e+00 -1.307311e+00 2.973673e+00 5.989481e-01 5.777980e+00 -1.925848e+00 5.271789e+00 -1.860795e-01 1.104129e+00
2.135200e+02 -1.195285e+00 -1.993918e+00 2.565201e-01 4.408456e+00 -1.448014e+00 3.290907e+00 6.104425e-01 5.836327e+00 -2.183503e+00 5.204135e+00 -3.279972e-01 1.233847e+00
2.136000e+02 -1.228072e+00 -1.823636e+00 1.582292e-01 4.759850e+00 -1.574955e+00 3.614379e+00 6.190939e-01 5.844897e+00 -2.460637e+00 5.029771e+00 -4.972131e-01 1.383025e+00
2.136800e+02 -1.232210e+00 -1.684503e+00 2.419935e-02 5.059673e+00 -1.627436e+00 3.967043e+00 6.681423e-01 5.842672e+00 -2.745715e+00 4.938982e+00 -6.746902e-01 1.498285e+00
2.137600e+02 -1.236989e+00 -1.518337e+00 -1.712262e-01 5.348392e+00 -1.657339e+00 4.333147e+00 7.058853e-01 5.795403e+00 -3.044935e+00 4.740764e+00 -8.512170e-01 1.620494e+00
2.138400e+02 -1.246063e+00 -1.368976e+00 -4.374589e-01 5.600215e+00 -1.667119e+00 4.773101e+00 7.127857e-01 5.705391e+00 -3.361338e+00 4.457601e+00 -1.049477e+00 1.770658e+00
2.139200e+02 -1.247887e+00 -1.233141e+00 -7.217165e-01 5.786117e+00 -1.646535e+00 5.235843e+00 7.354913e-01 5.598986e+00 -3.665249e+00 4.251286e+00 -1.243195e+00 1.947879e+00
2.140000e+02 -1.261007e+00 -1.087933e+00 -1.040656e+00 5.940918e+00 -1.668983e+00 5.730912e+00 7.470476e-01 5.460372e+00 -3.973057e+00 4.125663e+00 -1.443596e+00 2.132546e+00
2.140800e+02 -1.285355e+00 -9.891176e-01 -1.387279e+00 6.077925e+00 -1.791555e+00 6.171772e+00 7.631743e-01 5.312311e+00 -4.327310e+00 4.105348e+00 -1.641045e+00 2.336010e+00
2.141600e+02 -1.337532e+00 -8.947546e-01 -1.774769e+00 6.183276e+00 -2.064927e+00 6.481592e+00 7.527789e-01 5.144103e+00 -4.668596e+00 4.127408e+00 -1.836254e+00 2.529835e+00
2.142400e+02 -1.380835e+00 -8.224727e-01 -2.174841e+00 6.185225e+00 -2.456301e+00 6.622058e+00 7.094342e-01 4.898383e+00 -4.867959e+00 4.151736e+00 -2.017180e+00 2.776419e+00
2.143200e+02 -1.448528e+00 -7.251555e-01 -2.515141e+00 6.083025e+00 -2.818727e+00 6.688689e+00 6.056209e-01 4.697596e+00 -4.965285e+00 4.179515e+00 -2.250643e+00 3.003040e+00
2.144000e+02 -1.542364e+00 -7.261855e-01 -2.809008e+00 5.912892e+00 -3.112304e+00 6.798833e+00 4.377463e-01 4.445181e+00 -4.965709e+00 4.271694e+00 -2.496411e+00 3.216082e+00
2.144800e+02 -1.632924e+00 -7.460470e-01 -2.969122e+00 5.675093e+00 -3.347903e+00 7.032919e+00 2.567283e-01 4.215170e+00 -4.900700e+00 4.634187e+00 -2.779589e+00 3.385861e+00
2.145600e+02 -1.699134e+00 -8.282282e-01 -3.088238e+00 5.424076e+00 -3.596929e+00 7.313978e+00 7.980043e-02 3.977467e+00 -4.736307e+00 5.088081e+00 -3.059304e+00 3.441817e+00
2.146400e+02 -1.706217e+00 -8.962307e-01 -3.186751e+00 5.256276e+00 -3.883733e+00 7.565519e+00 -1.352964e-01 3.537016e+00 -4.468820e+00 5.539637e+00 -3.322592e+00 3.527761e+00
2.147200e+02 -1.714091e+00 -9.872875e-01 -3.226804e+00 5.144910e+00 -4.120581e+00 7.803310e+00 -3.647428e-01 3.203878e+00 -4.228023e+00 6.008211e+00 -3.595877e+00 3.403309e+00
2.148000e+02 -1.664066e+00 -1.087521e+00 -3.226739e+00 5.130594e+00 -4.370093e+00 7.892015e+00 -5.963877e-01 2.829673e+00 -3.994718e+00 6.402716e+00 -3.797917e+00 3.251720e+00
2.148800e+02 -1.614199e+00 -1.129351e+00 -3.193393e+00 5.175698e+00 -4.608707e+00 7.853775e+00 -8.532801e-01 2.429463e+00 -3.811163e+00 6.725097e+00 -3.945943e+00 3.075543e+00
2.149600e+02 -1.615378e+00 -1.052185e+00 -3.118677e+00 5.304527e+00 -4.598291e+00 7.560717e+00 -1.117474e+00 2.237968e+00 -3.715257e+00 6.934680e+00 -4.077741e+00 2.899656e+00
2.150400e+02 -1.705457e+00 -1.084527e+00 -3.076499e+00 5.355397e+00 -4.099930e+00 7.249528e+00 -1.418687e+00 2.281957e+00 -3.676991e+00 7.016626e+00 -4.200485e+00 2.624178e+00
2.151200e+02 -1.780513e+00 -1.037772e+00 -3.054469e+00 5.452060e+00 -3.156914e+00 6.866240e+00 -1.627301e+00 2.416242e+00 -3.581720e+00 6.981228e+00 -4.258293e+00 2.409343e+00
2.152000e+02 -1.830623e+00 -8.371250e-01 -3.155128e+00 5.575852e+00 -2.136324e+00 6.624254e+00 -1.739769e+00 2.636152e+00 -3.423652e+00 6.728080e+00 -4.241497e+00 2.255791e+00
2.152800e+02 -1.869751e+00 -3.976577e-01 -3.390114e+00 6.061098e+00 -1.950226e+00 6.561165e+00 -1.553559e+00 2.691802e+00 -3.054652e+00 6.525106e+00 -4.109890e+00 2.156797e+00
2.153600e+02 -1.878273e+00 6.473778e-02 -3.700056e+00 6.503055e+00 -2.090254e+00 6.567763e+00 -1.161141e+00 2.708163e+00 -2.592653e+00 6.380857e+00 -3.939048e+00 2.184169e+00
2.154400e+02 -1.918863e+00 3.965693e-01 -3.942341e+00 6.648397e+00 -2.285119e+00 6.875224e+00 -8.031010e-01 2.929046e+00 -2.269304e+00 6.336461e+00 -3.883715e+00 2.237206e+00
2.155200e+02 -1.990955e+00 6.896728e-01 -4.089157e+00 6.579170e+00 -2.634085e+00 7.036430e+00 -4.206869e-01 3.183693e+00 -2.003612e+00 6.331193e+00 -3.881187e+00 2.287434e+00
2.156000e+02 -2.090424e+00 8.998922e-01 -4.150557e+00 6.414461e+00 -3.076472e+00 7.035199e+00 -5.244043e-02 3.607888e+00 -1.860792e+00 6.370331e+00 -3.923369e+00 2.344859e+00
2.156800e+02 -2.166669e+00 1.066756e+00 -4.138612e+00 6.302004e+00 -3.619735e+00 7.074853e+00 2.774397e-01 4.240799e+00 -1.785239e+00 6.501647e+00 -3.972221e+00 2.504804e+00
2.157600e+02 -2.223286e+00 1.277924e+00 -4.113464e+00 6.354331e+00 -4.180074e+00 7.100192e+00 5.675731e-01 4.796151e+00 -1.731584e+00 6.641588e+00 -3.993557e+00 2.720789e+00
2.158400e+02 -2.184598e+00 1.521155e+00 -4.041330e+00 6.439721e+00 -4.543459e+00 7.135425e+00 8.767832e-01 5.067012e+00 -1.722242e+00 6.873693e+00 -3.992315e+00 2.935368e+00
2.159200e+02 -2.121849e+00 1.702910e+00 -3.921469e+00 6.684444e+00 -4.612134e+00 7.086576e+00 1.196202e+00 5.109276e+00 -1.822211e+00 7.039931e+00 -4.010583e+00 3.176496e+00
2.160000e+02 -2.015419e+00 1.840301e+00 -3.784809e+00 6.903484e+00 -4.418378e+00 7.013099e+00 1.430467e+00 5.037528e+00 -1.992501e+00 7.133638e+00 -4.034206e+00 3.319917e+00
2.160800e+02 -1.900323e+00 1.923276e+00 -3.625129e+00 7.158133e+00 -4.028282e+00 6.898024e+00 1.572014e+00 4.949509e+00 -2.244245e+00 7.148054e+00 -4.068077e+00 3.371029e+00
2.161600e+02 -1.729055e+00 1.965976e+00 -3.462886e+00 7.336168e+00 -3.534652e+00 6.717782e+00 1.636418e+00 4.883231e+00 -2.540695e+00 7.099766e+00 -4.064210e+00 3.344951e+00
2.162400e+02 -1.520951e+00 2.028001e+00 -3.303781e+00 7.540181e+00 -2.987530e+00 6.409896e+00 1.635018e+00 4.812433e+00 -2.839001e+00 6.977645e+00 -4.025245e+00 3.380255e+00
2.163200e+02 -1.344744e+00 2.067502e+00 -3.136175e+00 7.826944e+00 -2.431813e+00 6.112879e+00 1.584158e+00 4.785869e+00 -3.127593e+00 6.871799e+00 -3.980639e+00 3.385793e+00
2.164000e+02 -1.165539e+00 2.065779e+00 -2.991506e+00 8.067545e+00 -1.970166e+00 5.849464e+00 1.516985e+00 4.734315e+00 -3.331428e+00 6.735348e+00 -3.886782e+00 3.376557e+00
2.164800e+02 -9.823377e-01 2.056933e+00 -2.815187e+00 8.195162e+00 -1.614910e+00 5.648738e+00 1.472855e+00 4.711925e+00 -3.450796e+00 6.676781e+00 -3.784851e+00 3.351327e+00
2.165600e+02 -8.173987e-01 2.011892e+00 -2.618120e+00 8.096802e+00 -1.413982e+00 5.560578e+00 1.444958e+00 4.746468e+00 -3.508369e+00 6.639958e+00 -3.699871e+00 3.302508e+00
2.166400e+02 -6.491552e-01 1.913768e+00 -2.401192e+00 7.790200e+00 -1.356615e+00 5.443242e+00 1.478606e+00 4.803599e+00 -3.478331e+00 6.704163e+00 -3.605254e+00 3.174895e+00
2.167200e+02 -5.302707e-01 1.812846e+00 -2.164532e+00 7.409661e+00 -1.407660e+00 5.318839e+00 1.478574e+00 4.959102e+00 -3.427502e+00 6.770633e+00 -3.545636e+00 3.039402e+00
2.168000e+02 -3.924979e-01 1.771519e+00 -1.919759e+00 6.959819e+00 -1.532953e+00 4.986296e+00 1.482500e+00 5.111423e+00 -3.296313e+00 6.850283e+00 -3.469470e+00 2.901810e+00
2.168800e+02 -2.891501e-01 1.759283e+00 -1.697981e+00 6.683834e+00 -1.636067e+00 4.545523e+00 1.479509e+00 5.293724e+00 -3.149585e+00 6.925329e+00 -3.408913e+00 2.786361e+00
2.169600e+02 -2.110523e-01 1.758129e+00 -1.487726e+00 6.522627e+00 -1.648710e+00 4.152033e+00 1.458302e+00 5.480225e+00 -3.015868e+00 7.028894e+00 -3.354206e+00 2.680517e+00
2.170400e+02 -1.546524e-01 1.813466e+00 -1.207875e+00 6.169584e+00 -1.587045e+00 3.889979e+00 1.418834e+00 5.618968e+00 -2.908875e+00 7.079671e+00 -3.307231e+00 2.603134e+00
2.171200e+02 -1.329271e-01 1.899253e+00 -8.080809e-01 5.549134e+00 -1.579845e+00 3.820476e+00 1.352320e+00 5.742706e+00 -2.869133e+00 7.125389e+00 -3.284417e+00 2.558534e+00
2.172000e+02 -1.892552e-01 2.003735e+00 -3.720604e-01 5.077587e+00 -1.730873e+00 3.788572e+00 1.283696e+00 5.844451e+00 -2.873074e+00 7.156380e+00 -3.296070e+00 2.579950e+00
2.172800e+02 -2.793019e-01 2.120868e+00 1.929774e-02 4.706721e+00 -1.990339e+00 3.690791e+00 1.228652e+00 5.853302e+00 -2.871634e+00 7.147702e+00 -3.297191e+00 2.628352e+00
2.173600e+02 -3.988813e-01 2.281406e+00 3.530035e-01 4.533062e+00 -2.175074e+00 3.492056e+00 1.202220e+00 5.824409e+00 -2.879235e+00 7.051135e+00 -3.300452e+00 2.745174e+00
2.174400e+02 -5.130636e-01 2.425310e+00 6.675072e-01 4.428206e+00 -2.196707e+00 3.300671e+00 1.220317e+00 5.828597e+00 -2.894597e+00 7.003718e+00 -3.302758e+00 2.827758e+00
2.175200e+02 -6.164581e-01 2.619331e+00 9.429477e-01 4.286967e+00 -2.170418e+00 3.147975e+00 1.278139e+00 5.808428e+00 -2.894737e+00 6.947288e+00 -3.281754e+00 2.915598e+00
2.176000e+02 -7.351219e-01 2.797222e+00 1.202041e+00 4.108686e+00 -2.134699e+00 3.084810e+00 1.330084e+00 5.801493e+00 -2.906261e+00 6.917041e+00 -3.265229e+00 2.985328e+00
2.176800e+02 -8.568272e-01 2.992330e+00 1.439138e+00 4.001403e+00 -2.102786e+00 3.010143e+00 1.387385e+00 5.801302e+00 -2.918646e+00 6.910708e+00 -3.253473e+00 3.060251e+00
2.177600e+02 -9.779551e-01 3.210078e+00 1.642666e+00 3.866187e+00 -2.089799e+00 2.944458e+00 1.434071e+00 5.778678e+00 -2.924910e+00 6.917741e+00 -3.240085e+00 3.104256e+00
2.178400e+02 -1.074813e+00 3.442771e+00 1.814366e+00 3.803890e+00 -2.084741e+00 2.790622e+00 1.505875e+00 5.741176e+00 -2.913085e+00 6.921680e+00 -3.214907e+00 3.163577e+00
2.179200e+02 -1.154925e+00 3.668197e+00 1.978197e+00 3.809303e+00 -2.074639e+00 2.610388e+00 1.575297e+00 5.710110e+00 -2.892577e+00 6.926433e+00 -3.186984e+00 3.234736e+00
2.180000e+02 -1.213237e+00 3.899209e+00 2.123856e+00 3.812968e+00 -2.070790e+00 2.421561e+00 1.639952e+00 5.664655e+00 -2.857443e+00 6.890999e+00 -3.145472e+00 3.301437e+00
2.180800e+02 -1.275994e+00 4.099951e+00 2.264485e+00 3.900117e+00 -2.048902e+00 2.227866e+00 1.701674e+00 5.614052e+00 -2.810076e+00 6.832685e+00 -3.101519e+00 3.362307e+00
2.181600e+02 -1.305253e+00 4.313516e+00 2.400116e+00 3.960628e+00 -2.008614e+00 1.932008e+00 1.783267e+00 5.527761e+00 -2.725443e+00 6.737651e+00 -3.027585e+00 3.452363e+00
2.182400e+02 -1.325553e+00 4.486087e+00 2.562215e+00 4.091210e+00 -1.902740e+00 1.664842e+00 1.854078e+00 5.493159e+00 -2.663709e+00 6.675239e+00 -2.963895e+00 3.544981e+00
2.183200e+02 -1.375915e+00 4.588480e+00 2.726844e+00 4.418930e+00 -1.742597e+00 1.472846e+00 1.898963e+00 5.492113e+00 -2.624846e+00 6.647164e+00 -2.937761e+00 3.659045e+00
2.184000e+02 -1.402994e+00 4.692682e+00 2.848543e+00 4.707329e+00 -1.565699e+00 1.246710e+00 1.950527e+00 5.472817e+00 -2.578256e+00 6.606376e+00 -2.899661e+00 3.723327e+00
2.184800e+02 -1.434472e+00 4.746108e+00 2.958301e+00 4.985062e+00 -1.351283e+00 1.079195e+00 1.972444e+00 5.483242e+00 -2.547998e+00 6.578504e+00 -2.873230e+00 3.776399e+00
2.185600e+02 -1.475075e+00 4.771947e+00 3.058120e+00 5.254017e+00 -1.121687e+00 9.638957e-01 1.968636e+00 5.485129e+00 -2.530348e+00 6.555145e+00 -2.869002e+00 3.814877e+00
2.186400e+02 -1.499734e+00 4.759355e+00 3.136003e+00 5.450368e+00 -8.921225e-01 9.161856e-01 1.939506e+00 5.503285e+00 -2.523680e+00 6.521406e+00 -2.867655e+00 3.843274e+00
2.187200e+02 -1.540223e+00 4.710032e+00 3.183977e+00 5.639870e+00 -6.882417e-01 8.971037e-01 1.893121e+00 5.521120e+00 -2.524293e+00 6.453909e+00 -2.875585e+00 3.856022e+00
2.188000e+02 -1.559479e+00 4.637898e+00 3.200735e+00 5.787931e+00 -5.197372e-01 8.875706e-01 1.844858e+00 5.525919e+00 -2.514169e+00 6.392815e+00 -2.873388e+00 3.861715e+00
2.188800e+02 -1.554988e+00 4.556022e+00 3.206867e+00 5.835927e+00 -3.796863e-01 9.446778e-01 1.783205e+00 5.551306e+00 -2.515631e+00 6.359762e+00 -2.867294e+00 3.851749e+00
2.189600e+02 -1.537072e+00 4.482006e+00 3.165904e+00 5.832556e+00 -2.915984e-01 1.024804e+00 1.708998e+00 5.556496e+00 -2.524207e+00 6.321427e+00 -2.852757e+00 3.797457e+00
2.190400e+02 -1.482036e+00 4.417268e+00 3.097831e+00 5.750416e+00 -2.519585e-01 1.125962e+00 1.626176e+00 5.553517e+00 -2.535635e+00 6.291258e+00 -2.822969e+00 3.729869e+00
2.191200e+02 -1.449011e+00 4.347214e+00 2.998949e+00 5.610489e+00 -2.505199e-01 1.244026e+00 1.532514e+00 5.568623e+00 -2.563131e+00 6.246142e+00 -2.809915e+00 3.664460e+00
2.192000e+02 -1.413958e+00 4.274497e+00 2.889257e+00 5.364138e+00 -2.946983e-01 1.378623e+00 1.432843e+00 5.569522e+00 -2.583526e+00 6.186077e+00 -2.795952e+00 3.601138e+00
2.192800e+02 -1.393634e+00 4.197815e+00 2.781605e+00 5.162344e+00 -3.646723e-01 1.500605e+00 1.332877e+00 5.554576e+00 -2.600978e+00 6.118659e+00 -2.786009e+00 3.547453e+00
2.193600e+02 -1.377385e+00 4.125571e+00 2.687106e+00 5.021086e+00 -4.548675e-01 1.575465e+00 1.244643e+00 5.515408e+00 -2.601632e+00 6.054114e+00 -2.768199e+00 3.520002e+00
2.194400e+02 -1.369101e+00 4.060603e+00 2.594027e+00 4.918103e+00 -5.561412e-01 1.620653e+00 1.165876e+00 5.466833e+00 -2.594773e+00 5.991478e+00 -2.743968e+00 3.505063e+00
2.195200e+02 -1.375093e+00 4.006481e+00 2.498787e+00 4.855821e+00 -6.569318e-01 1.670877e+00 1.091455e+00 5.423738e+00 -2.588795e+00 5.929807e+00 -2.730222e+00 3.497170e+00
2.196000e+02 -1.383114e+00 3.941952e+00 2.396245e+00 4.759327e+00 -7.575921e-01 1.747255e+00 1.025480e+00 5.384597e+00 -2.580618e+00 5.881274e+00 -2.718926e+00 3.500118e+00
2.196800e+02 -1.380368e+00 3.904851e+00 2.277499e+00 4.628174e+00 -8.642988e-01 1.793771e+00 9.776196e-01 5.327598e+00 -2.558414e+00 5.834872e+00 -2.698377e+00 3.494235e+00
2.197600e+02 -1.386390e+00 3.855073e+00 2.161988e+00 4.531489e+00 -9.629681e-01 1.855470e+00 9.369967e-01 5.278011e+00 -2.539833e+00 5.807684e+00 -2.686389e+00 3.497998e+00
2.198400e+02 -1.388191e+00 3.805441e+00 2.050660e+00 4.428070e+00 -1.058734e+00 1.894512e+00 9.118734e-01 5.247292e+00 -2.526572e+00 5.770462e+00 -2.673638e+00 3.487250e+00
2.199200e+02 -1.373953e+00 3.777041e+00 1.934674e+00 4.288331e+00 -1.165668e+00 1.922121e+00 8.868692e-01 5.178268e+00 -2.489900e+00 5.717437e+00 -2.654909e+00 3.504128e+00
2.200000e+02 -1.351836e+00 3.748004e+00 1.827603e+00 4.145485e+00 -1.262253e+00 1.926557e+00 8.726209e-01 5.117872e+00 -2.454822e+00 5.675171e+00 -2.630143e+00 3.518264e+00
2.200800e+02 -1.343120e+00 3.722899e+00 1.742251e+00 4.045857e+00 -1.348943e+00 1.927319e+00 8.640782e-01 5.055815e+00 -2.420093e+00 5.651424e+00 -2.611056e+00 3.528598e+00
2.201600e+02 -1.329666e+00 3.698307e+00 1.674932e+00 3.961473e+00 -1.427130e+00 1.911216e+00 8.672086e-01 5.000645e+00 -2.386007e+00 5.630416e+00 -2.589684e+00 3.540509e+00
2.202400e+02 -1.316473e+00 3.672197e+00 1.628340e+00 3.889907e+00 -1.489302e+00 1.880323e+00 8.799951e-01 4.961675e+00 -2.356006e+00 5.614084e+00 -2.569367e+00 3.552226e+00
2.203200e+02 -1.306254e+00 3.645279e+00 1.595903e+00 3.855699e+00 -1.538545e+00 1.848690e+00 8.935586e-01 4.923146e+00 -2.325819e+00 5.610259e+00 -2.551330e+00 3.563851e+00
2.204000e+02 -1.295663e+00 3.626985e+00 1.572403e+00 3.828254e+00 -1.582298e+00 1.807881e+00 9.079432e-01 4.871949e+00 -2.295476e+00 5.596594e+00 -2.530607e+00 3.573441e+00
2.204800e+02 -1.281593e+00 3.619581e+00 1.559512e+00 3.772295e+00 -1.615807e+00 1.746808e+00 9.297441e-01 4.812652e+00 -2.271178e+00 5.591344e+00 -2.504918e+00 3.569229e+00
2.205600e+02 -1.271225e+00 3.609375e+00 1.559752e+00 3.739728e+00 -1.629985e+00 1.686790e+00 9.550727e-01 4.758034e+00 -2.247062e+00 5.591764e+00 -2.485924e+00 3.572575e+00
2.206400e+02 -1.252624e+00 3.607592e+00 1.567884e+00 3.709826e+00 -1.632049e+00 1.605555e+00 9.856895e-01 4.703489e+00 -2.219164e+00 5.582708e+00 -2.459794e+00 3.576665e+00
2.207200e+02 -1.243725e+00 3.608985e+00 1.580631e+00 3.726262e+00 -1.618839e+00 1.501614e+00 1.020833e+00 4.649610e+00 -2.193703e+00 5.562718e+00 -2.436472e+00 3.582736e+00
2.208000e+02 -1.236174e+00 3.601062e+00 1.607348e+00 3.726749e+00 -1.585693e+00 1.426043e+00 1.055525e+00 4.612119e+00 -2.173397e+00 5.554073e+00 -2.416914e+00 3.572531e+00
2.208800e+02 -1.228793e+00 3.586959e+00 1.632968e+00 3.741995e+00 -1.537512e+00 1.369933e+00 1.091520e+00 4.583099e+00 -2.156861e+00 5.546433e+00 -2.399428e+00 3.559356e+00
2.209600e+02 -1.218551e+00 3.565608e+00 1.658339e+00 3.756368e+00 -1.476919e+00 1.336462e+00 1.125155e+00 4.564975e+00 -2.144319e+00 5.541120e+00 -2.383701e+00 3.559026e+00
2.210400e+02 -1.202872e+00 3.548518e+00 1.677667e+00 3.750993e+00 -1.407993e+00 1.305269e+00 1.158468e+00 4.561396e+00 -2.134198e+00 5.526771e+00 -2.366860e+00 3.549387e+00
2.211200e+02 -1.191379e+00 3.531673e+00 1.696056e+00 3.775340e+00 -1.330773e+00 1.273377e+00 1.186673e+00 4.553595e+00 -2.123188e+00 5.514172e+00 -2.351089e+00 3.540243e+00
2.212000e+02 -1.171623e+00 3.526140e+00 1.706512e+00 3.766929e+00 -1.250482e+00 1.227952e+00 1.211433e+00 4.567367e+00 -2.118447e+00 5.455816e+00 -2.329649e+00 3.536779e+00
2.212800e+02 -1.163207e+00 3.515853e+00 1.725558e+00 3.789335e+00 -1.163684e+00 1.187614e+00 1.227532e+00 4.563469e+00 -2.106993e+00 5.418627e+00 -2.311834e+00 3.531513e+00
2.213600e+02 -1.149722e+00 3.501677e+00 1.748616e+00 3.804065e+00 -1.079298e+00 1.163055e+00 1.238022e+00 4.553933e+00 -2.098664e+00 5.381730e+00 -2.291385e+00 3.520916e+00
2.214400e+02 -1.130823e+00 3.491964e+00 1.773873e+00 3.819257e+00 -9.982504e-01 1.140496e+00 1.242840e+00 4.539088e+00 -2.087659e+00 5.344043e+00 -2.267730e+00 3.510338e+00
2.215200e+02 -1.116208e+00 3.481045e+00 1.802003e+00 3.851236e+00 -9.207337e-01 1.128692e+00 1.238749e+00 4.535046e+00 -2.080808e+00 5.303212e+00 -2.246591e+00 3.500085e+00
2.216000e+02 -1.092617e+00 3.476328e+00 1.834694e+00 3.868680e+00 -8.548240e-01 1.117551e+00 1.232119e+00 4.526696e+00 -2.068659e+00 5.264135e+00 -2.220011e+00 3.489198e+00
2.216800e+02 -1.067187e+00 3.482514e+00 1.867553e+00 3.861600e+00 -8.034247e-01 1.099517e+00 1.222540e+00 4.511510e+00 -2.051788e+00 5.221487e+00 -2.187294e+00 3.466697e+00
2.217600e+02 -1.041754e+00 3.490254e+00 1.902661e+00 3.858727e+00 -7.609203e-01 1.079412e+00 1.209840e+00 4.495556e+00 -2.036337e+00 5.184970e+00 -2.154497e+00 3.429473e+00
2.218400e+02 -1.013181e+00 3.499913e+00 1.938045e+00 3.850220e+00 -7.293187e-01 1.061930e+00 1.191950e+00 4.482826e+00 -2.023574e+00 5.145058e+00 -2.123856e+00 3.409975e+00
2.219200e+02 -9.792337e-01 3.512857e+00 1.975486e+00 3.819915e+00 -7.074822e-01 1.031607e+00 1.175260e+00 4.478653e+00 -2.013248e+00 5.089858e+00 -2.091283e+00 3.390591e+00
2.220000e+02 -9.311414e-01 3.537143e+00 2.016449e+00 3.741846e+00 -6.968929e-01 9.861488e-01 1.158800e+00 4.467187e+00 -1.995462e+00 5.036841e+00 -2.047278e+00 3.367514e+00
2.220800e+02 -8.937120e-01 3.552312e+00 2.063803e+00 3.687182e+00 -6.874141e-01 9.543170e-01 1.133512e+00 4.458867e+00 -1.987380e+00 4.993662e+00 -2.012654e+00 3.353754e+00
2.221600e+02 -8.349288e-01 3.584729e+00 2.104096e+00 3.567160e+00 -6.962155e-01 9.195251e-01 1.106795e+00 4.427285e+00 -1.970077e+00 4.945096e+00 -1.967392e+00 3.334641e+00
2.222400e+02 -7.856601e-01 3.610678e+00 2.131928e+00 3.467996e+00 -7.098625e-01 8.917862e-01 1.072344e+00 4.396872e+00 -1.954919e+00 4.895678e+00 -1.922151e+00 3.316852e+00
2.223200e+02 -7.379073e-01 3.650067e+00 2.166923e+00 3.355241e+00 -7.300585e-01 8.368512e-01 1.047482e+00 4.359281e+00 -1.931396e+00 4.849144e+00 -1.874999e+00 3.303878e+00
2.224000e+02 -7.056887e-01 3.678684e+00 2.210773e+00 3.271089e+00 -7.463108e-01 8.031308e-01 1.018616e+00 4.341191e+00 -1.917189e+00 4.808264e+00 -1.840952e+00 3.297013e+00
2.224800e+02 -6.910037e-01 3.711856e+00 2.235396e+00 3.219044e+00 -7.792646e-01 7.694186e-01 9.818278e-01 4.302527e+00 -1.898302e+00 4.718777e+00 -1.818319e+00 3.316158e+00
2.225600e+02 -6.767171e-01 3.729500e+00 2.260716e+00 3.187779e+00 -8.051871e-01 7.351025e-01 9.551830e-01 4.266813e+00 -1.873786e+00 4.670336e+00 -1.798335e+00 3.319585e+00
2.226400e+02 -6.686990e-01 3.733447e+00 2.279464e+00 3.165703e+00 -8.261859e-01 7.301142e-01 9.268600e-01 4.251711e+00 -1.858336e+00 4.627943e+00 -1.786822e+00 3.317337e+00
2.227200e+02 -6.633743e-01 3.730248e+00 2.284719e+00 3.183435e+00 -8.503351e-01 7.398788e-01 8.945641e-01 4.222463e+00 -1.836814e+00 4.592111e+00 -1.778658e+00 3.314840e+00
2.228000e+02 -6.600779e-01 3.721747e+00 2.278132e+00 3.201175e+00 -8.739538e-01 7.467401e-01 8.701764e-01 4.189296e+00 -1.815224e+00 4.564829e+00 -1.770940e+00 3.308808e+00
2.228800e+02 -6.634183e-01 3.700736e+00 2.261808e+00 3.230880e+00 -8.924116e-01 7.711145e-01 8.451318e-01 4.162108e+00 -1.797257e+00 4.544814e+00 -1.768764e+00 3.300852e+00
2.229600e+02 -6.691151e-01 3.670102e+00 2.233008e+00 3.271604e+00 -9.071060e-01 8.025319e-01 8.246404e-01 4.135557e+00 -1.780667e+00 4.529952e+00 -1.767651e+00 3.292572e+00
2.230400e+02 -6.728426e-01 3.637351e+00 2.191919e+00 3.299732e+00 -9.206482e-01 8.285342e-01 8.117349e-01 4.106152e+00 -1.761147e+00 4.516384e+00 -1.762286e+00 3.280745e+00
2.231200e+02 -6.780682e-01 3.600111e+00 2.142005e+00 3.320410e+00 -9.292448e-01 8.569121e-01 8.025276e-01 4.077070e+00 -1.742683e+00 4.505286e+00 -1.755481e+00 3.268767e+00
2.232000e+02 -6.930414e-01 3.551723e+00 2.086546e+00 3.367741e+00 -9.301600e-01 9.027077e-01 7.929008e-01 4.056703e+00 -1.731842e+00 4.498547e+00 -1.754716e+00 3.255437e+00
2.232800e+02 -7.051564e-01 3.507054e+00 2.024506e+00 3.399482e+00 -9.303670e-01 9.468912e-01 7.880781e-01 4.034276e+00 -1.720350e+00 4.491354e+00 -1.752222e+00 3.240888e+00
2.233600e+02 -7.130879e-01 3.455919e+00 1.956591e+00 3.407831e+00 -9.244882e-01 9.838835e-01 7.863777e-01 4.032080e+00 -1.713146e+00 4.473370e+00 -1.745152e+00 3.217223e+00
2.234400e+02 -7.222331e-01 3.406628e+00 1.889276e+00 3.411240e+00 -9.123029e-01 1.022067e+00 7.845851e-01 4.024623e+00 -1.706300e+00 4.455075e+00 -1.739649e+00 3.195042e+00
2.235200e+02 -7.265052e-01 3.346965e+00 1.818075e+00 3.408655e+00 -8.982459e-01 1.042976e+00 7.873755e-01 3.996021e+00 -1.692876e+00 4.430229e+00 -1.725884e+00 3.164342e+00
2.236000e+02 -7.270248e-01 3.272097e+00 1.751686e+00 3.399109e+00 -8.766226e-01 1.057216e+00 7.942381e-01 3.956689e+00 -1.677879e+00 4.405987e+00 -1.706182e+00 3.118073e+00
2.236800e+02 -7.222519e-01 3.186125e+00 1.677438e+00 3.376855e+00 -8.563162e-01 1.058599e+00 8.013172e-01 3.907641e+00 -1.659803e+00 4.367326e+00 -1.677207e+00 3.066862e+00
2.237600e+02 -7.149909e-01 3.114357e+00 1.609334e+00 3.350602e+00 -8.278076e-01 1.056735e+00 8.081453e-01 3.890726e+00 -1.649549e+00 4.320380e+00 -1.651063e+00 3.013746e+00
2.238400e+02 -7.127942e-01 3.040715e+00 1.531976e+00 3.342840e+00 -8.041543e-01 1.064189e+00 8.102549e-01 3.868140e+00 -1.638349e+00 4.281103e+00 -1.624377e+00 2.968005e+00
2.239200e+02 -7.046591e-01 3.006826e+00 1.452864e+00 3.324783e+00 -7.886722e-01 1.076546e+00 8.086441e-01 3.851609e+00 -1.630057e+00 4.254749e+00 -1.597834e+00 2.935693e+00
2.240000e+02 -7.100331e-01 2.984800e+00 1.375683e+00 3.325332e+00 -7.766075e-01 1.102138e+00 8.013707e-01 3.843812e+00 -1.630485e+00 4.240298e+00 -1.580455e+00 2.918087e+00
2.240800e+02 -7.194631e-01 2.967394e+00 1.302679e+00 3.326589e+00 -7.697840e-01 1.133936e+00 7.910458e-01 3.837717e+00 -1.633879e+00 4.229110e+00 -1.567022e+00 2.906021e+00
2.241600e+02 -7.294958e-01 2.951844e+00 1.232695e+00 3.325807e+00 -7.674720e-01 1.162916e+00 7.798348e-01 3.829401e+00 -1.635845e+00 4.216328e+00 -1.554673e+00 2.895241e+00
2.242400e+02 -7.419118e-01 2.932911e+00 1.168344e+00 3.330199e+00 -7.662206e-01 1.193360e+00 7.667860e-01 3.821953e+00 -1.637908e+00 4.202229e+00 -1.546156e+00 2.883643e+00
2.243200e+02 -7.503649e-01 2.920060e+00 1.106137e+00 3.326048e+00 -7.709141e-01 1.207745e+00 7.578661e-01 3.807239e+00 -1.633359e+00 4.185002e+00 -1.534693e+00 2.872632e+00
2.244000e+02 -7.606640e-01 2.907355e+00 1.054138e+00 3.301930e+00 -7.780232e-01 1.217251e+00 7.487929e-01 3.792845e+00 -1.627088e+00 4.168571e+00 -1.525034e+00 2.863358e+00
2.244800e+02 -7.716313e-01 2.891262e+00 1.011278e+00 3.283950e+00 -7.847243e-01 1.235687e+00 7.367845e-01 3.782284e+00 -1.623412e+00 4.153862e+00 -1.520283e+00 2.852976e+00
2.245600e+02 -7.772126e-01 2.880679e+00 9.732006e-01 3.256614e+00 -7.967006e-01 1.245203e+00 7.276729e-01 3.767248e+00 -1.615577e+00 4.138004e+00 -1.512922e+00 2.841890e+00
2.246400e+02 -7.883668e-01 2.863626e+00 9.461796e-01 3.241902e+00 -8.070774e-01 1.264949e+00 7.157702e-01 3.758424e+00 -1.612307e+00 4.126191e+00 -1.512687e+00 2.830084e+00
2.247200e+02 -7.920068e-01 2.851391e+00 9.210783e-01 3.209193e+00 -8.240354e-01 1.277447e+00 7.087272e-01 3.744490e+00 -1.604615e+00 4.118404e+00 -1.508194e+00 2.813145e+00
2.248000e+02 -8.009112e-01 2.833406e+00 9.035705e-01 3.182186e+00 -8.375890e-01 1.288823e+00 7.031372e-01 3.733287e+00 -1.600275e+00 4.112333e+00 -1.508342e+00 2.795879e+00
2.248800e+02 -8.016242e-01 2.825627e+00 8.847303e-01 3.153276e+00 -8.595024e-01 1.275257e+00 7.064618e-01 3.711417e+00 -1.588033e+00 4.102655e+00 -1.499983e+00 2.780155e+00
2.249600e+02 -8.012509e-01 2.820745e+00 8.725893e-01 3.118097e+00 -8.816954e-01 1.264467e+00 7.083468e-01 3.692780e+00 -1.577557e+00 4.093871e+00 -1.491302e+00 2.766638e+00
2.250400e+02 -8.012113e-01 2.817332e+00 8.678387e-01 3.063757e+00 -9.000812e-01 1.244836e+00 7.108527e-01 3.690924e+00 -1.572039e+00 4.064658e+00 -1.484493e+00 2.756779e+00
2.251200e+02 -7.956729e-01 2.820358e+00 8.692578e-01 2.986300e+00 -9.141532e-01 1.217719e+00 7.159250e-01 3.691682e+00 -1.562331e+00 4.040806e+00 -1.473815e+00 2.743214e+00
2.252000e+02 -7.966084e-01 2.814487e+00 8.756694e-01 2.954237e+00 -9.222954e-01 1.210936e+00 7.170542e-01 3.690265e+00 -1.555661e+00 4.041231e+00 -1.467863e+00 2.725616e+00
2.252800e+02 -7.923388e-01 2.816249e+00 8.817130e-01 2.909403e+00 -9.342594e-01 1.195227e+00 7.228515e-01 3.680991e+00 -1.545569e+00 4.040136e+00 -1.458391e+00 2.709023e+00
2.253600e+02 -7.924838e-01 2.817529e+00 8.895113e-01 2.879619e+00 -9.415835e-01 1.177198e+00 7.298270e-01 3.672698e+00 -1.537471e+00 4.039711e+00 -1.452480e+00 2.694743e+00
2.254400e+02 -7.912813e-01 2.821864e+00 8.956240e-01 2.845834e+00 -9.476636e-01 1.161887e+00 7.363495e-01 3.665692e+00 -1.530501e+00 4.037202e+00 -1.446357e+00 2.680396e+00
2.255200e+02 -7.886318e-01 2.830535e+00 9.008790e-01 2.808136e+00 -9.523323e-01 1.146017e+00 7.435238e-01 3.658594e+00 -1.523527e+00 4.032432e+00 -1.439138e+00 2.666795e+00
2.256000e+02 -7.862942e-01 2.850426e+00 9.009204e-01 2.774382e+00 -9.601174e-01 1.113866e+00 7.478617e-01 3.644309e+00 -1.514439e+00 3.999578e+00 -1.429959e+00 2.667994e+00
2.256800e+02 -7.844761e-01 2.864411e+00 9.094309e-01 2.733631e+00 -9.580958e-01 1.088551e+00 7.542740e-01 3.645707e+00 -1.512762e+00 3.984070e+00 -1.424016e+00 2.661665e+00
2.257600e+02 -7.842186e-01 2.882662e+00 9.139368e-01 2.699966e+00 -9.551720e-01 1.062275e+00 7.573556e-01 3.652392e+00 -1.513474e+00 3.945630e+00 -1.420577e+00 2.662080e+00
2.258400e+02 -7.832979e-01 2.901821e+00 9.191709e-01 2.671948e+00 -9.491938e-01 1.037615e+00 7.597484e-01 3.653258e+00 -1.508036e+00 3.917395e+00 -1.416507e+00 2.659689e+00
2.259200e+02 -7.816813e-01 2.920312e+00 9.259700e-01 2.645904e+00 -9.375560e-01 1.013276e+00 7.627942e-01 3.657073e+00 -1.502571e+00 3.898092e+00 -1.413598e+00 2.654559e+00
2.260000e+02 -7.783167e-01 2.941970e+00 9.323038e-01 2.618042e+00 -9.245346e-01 9.872636e-01 7.657656e-01 3.653595e+00 -1.494542e+00 3.880353e+00 -1.408953e+00 2.650073e+00
2.260800e+02 -7.685197e-01 2.968275e+00 9.414985e-01 2.574688e+00 -9.087270e-01 9.516002e-01 7.743058e-01 3.644232e+00 -1.480585e+00 3.876822e+00 -1.398229e+00 2.643555e+00
2.261600e+02 -7.611841e-01 2.997039e+00 9.501428e-01 2.571648e+00 -8.917360e-01 9.108613e-01 7.819091e-01 3.634038e+00 -1.469044e+00 3.872897e+00 -1.389698e+00 2.641949e+00
2.262400e+02 -7.551387e-01 3.024657e+00 9.632962e-01 2.559490e+00 -8.723123e-01 8.793935e-01 7.887163e-01 3.625953e+00 -1.459225e+00 3.869139e+00 -1.383479e+00 2.640462e+00
2.263200e+02 -7.493095e-01 3.052034e+00 9.772010e-01 2.547402e+00 -8.511651e-01 8.519661e-01 7.956804e-01 3.618837e+00 -1.449866e+00 3.865803e+00 -1.377963e+00 2.638061e+00
2.264000e+02 -7.418771e-01 3.082671e+00 9.893310e-01 2.541767e+00 -8.290730e-01 8.122762e-01 8.057634e-01 3.609038e+00 -1.437957e+00 3.862767e+00 -1.370117e+00 2.636223e+00
2.264800e+02 -7.359620e-01 3.107096e+00 1.006066e+00 2.526353e+00 -7.964846e-01 7.779478e-01 8.146068e-01 3.630160e+00 -1.436153e+00 3.855297e+00 -1.366701e+00 2.629214e+00
2.265600e+02 -7.298552e-01 3.134413e+00 1.018173e+00 2.514035e+00 -7.672080e-01 7.513208e-01 8.186501e-01 3.637588e+00 -1.429641e+00 3.851400e+00 -1.362043e+00 2.622574e+00
2.266400e+02 -7.242005e-01 3.161943e+00 1.029462e+00 2.501077e+00 -7.376632e-01 7.276487e-01 8.227903e-01 3.640654e+00 -1.424908e+00 3.848507e+00 -1.357808e+00 2.615882e+00
2.267200e+02 -7.188881e-01 3.189779e+00 1.039550e+00 2.489098e+00 -7.083324e-01 7.064227e-01 8.266453e-01 3.641713e+00 -1.421173e+00 3.845503e+00 -1.353928e+00 2.608980e+00
2.268000e+02 -7.149323e-01 3.215824e+00 1.049449e+00 2.482607e+00 -6.776163e-01 6.890066e-01 8.295487e-01 3.652422e+00 -1.422978e+00 3.839927e+00 -1.352190e+00 2.599946e+00
2.268800e+02 -7.109544e-01 3.240610e+00 1.058631e+00 2.475445e+00 -6.474966e-01 6.790009e-01 8.308379e-01 3.663662e+00 -1.425482e+00 3.833276e+00 -1.351427e+00 2.589140e+00
2.269600e+02 -7.088887e-01 3.267113e+00 1.063541e+00 2.474648e+00 -6.207301e-01 6.690745e-01 8.296515e-01 3.671032e+00 -1.427572e+00 3.814747e+00 -1.352585e+00 2.583107e+00
2.270400e+02 -7.048276e-01 3.294203e+00 1.067074e+00 2.471322e+00 -5.962786e-01 6.589609e-01 8.279732e-01 3.675598e+00 -1.426602e+00 3.799999e+00 -1.351660e+00 2.574761e+00
2.271200e+02 -7.003674e-01 3.321887e+00 1.070390e+00 2.466418e+00 -5.746344e-01 6.496522e-01 8.244567e-01 3.678969e+00 -1.425378e+00 3.787963e+00 -1.350388e+00 2.566915e+00
2.272000e+02 -6.988512e-01 3.347026e+00 1.073376e+00 2.476134e+00 -5.563539e-01 6.508057e-01 8.167415e-01 3.684453e+00 -1.426887e+00 3.777876e+00 -1.352253e+00 2.559330e+00
2.272800e+02 -6.972905e-01 3.370756e+00 1.077785e+00 2.464702e+00 -5.414201e-01 6.539272e-01 8.072326e-01 3.689294e+00 -1.428270e+00 3.767647e+00 -1.354619e+00 2.551600e+00
2.273600e+02 -6.917236e-01 3.397109e+00 1.078787e+00 2.434726e+00 -5.316489e-01 6.580250e-01 7.962950e-01 3.691415e+00 -1.427706e+00 3.755884e+00 -1.354412e+00 2.544159e+00
2.274400e+02 -6.897520e-01 3.420252e+00 1.080522e+00 2.411328e+00 -5.226501e-01 6.647813e-01 7.845564e-01 3.694325e+00 -1.428322e+00 3.746020e+00 -1.357073e+00 2.538167e+00
2.275200e+02 -6.873524e-01 3.443464e+00 1.079869e+00 2.394817e+00 -5.188512e-01 6.700773e-01 7.735981e-01 3.694647e+00 -1.427480e+00 3.736297e+00 -1.359223e+00 2.533167e+00
2.276000e+02 -6.850470e-01 3.466612e+00 1.079092e+00 2.380660e+00 -5.190608e-01 6.740616e-01 7.633279e-01 3.693670e+00 -1.425615e+00 3.727471e+00 -1.361123e+00 2.529868e+00
2.276800e+02 -6.832934e-01 3.487697e+00 1.081420e+00 2.365728e+00 -5.218835e-01 6.813199e-01 7.524713e-01 3.694734e+00 -1.424816e+00 3.719927e+00 -1.364167e+00 2.527296e+00
2.277600e+02 -6.841241e-01 3.511365e+00 1.090611e+00 2.344345e+00 -5.251569e-01 7.104009e-01 7.380775e-01 3.706493e+00 -1.430186e+00 3.712903e+00 -1.373130e+00 2.523612e+00
2.278400e+02 -6.868454e-01 3.528441e+00 1.098447e+00 2.321948e+00 -5.338548e-01 7.456496e-01 7.215297e-01 3.713031e+00 -1.433389e+00 3.706506e+00 -1.381701e+00 2.519656e+00
2.279200e+02 -6.942750e-01 3.541262e+00 1.105003e+00 2.330616e+00 -5.452956e-01 7.778924e-01 7.062819e-01 3.717667e+00 -1.437373e+00 3.702133e+00 -1.392822e+00 2.517158e+00
2.280000e+02 -7.000232e-01 3.555502e+00 1.112186e+00 2.324172e+00 -5.628949e-01 8.051991e-01 6.922284e-01 3.717831e+00 -1.438789e+00 3.697127e+00 -1.401559e+00 2.516162e+00
2.280800e+02 -7.093718e-01 3.566039e+00 1.120325e+00 2.306017e+00 -5.819811e-01 8.443418e-01 6.769290e-01 3.719168e+00 -1.442285e+00 3.694269e+00 -1.413189e+00 2.516765e+00
2.281600e+02 -7.183730e-01 3.575575e+00 1.126640e+00 2.293584e+00 -6.030786e-01 8.807093e-01 6.623984e-01 3.723949e+00 -1.446841e+00 3.689497e+00 -1.424540e+00 2.517011e+00
2.282400e+02 -7.292479e-01 3.583074e+00 1.134022e+00 2.266024e+00 -6.245386e-01 9.151361e-01 6.478891e-01 3.725698e+00 -1.449564e+00 3.686800e+00 -1.436585e+00 2.519121e+00
2.283200e+02 -7.405380e-01 3.589574e+00 1.138843e+00 2.247713e+00 -6.470654e-01 9.491691e-01 6.346261e-01 3.725822e+00 -1.451977e+00 3.685251e+00 -1.448783e+00 2.522772e+00
2.284000e+02 -7.523445e-01 3.595313e+00 1.143204e+00 2.233694e+00 -6.697416e-01 9.818498e-01 6.227674e-01 3.724930e+00 -1.453908e+00 3.684731e+00 -1.461087e+00 2.528003e+00
2.284800e+02 -7.650124e-01 3.599747e+00 1.147899e+00 2.222890e+00 -6.915708e-01 1.016927e+00 6.106838e-01 3.724167e+00 -1.456242e+00 3.685361e+00 -1.474123e+00 2.534400e+00
2.285600e+02 -7.783349e-01 3.604900e+00 1.151862e+00 2.217175e+00 -7.141237e-01 1.050323e+00 5.998304e-01 3.718596e+00 -1.456930e+00 3.684963e+00 -1.486813e+00 2.543399e+00
2.286400e+02 -7.929307e-01 3.608635e+00 1.156737e+00 2.213273e+00 -7.343180e-01 1.086499e+00 5.899195e-01 3.715270e+00 -1.458597e+00 3.688789e+00 -1.500757e+00 2.553568e+00
2.287200e+02 -8.083155e-01 3.612538e+00 1.161013e+00 2.212746e+00 -7.522757e-01 1.119879e+00 5.826515e-01 3.711558e+00 -1.459617e+00 3.692796e+00 -1.514886e+00 2.565389e+00
2.288000e+02 -8.232661e-01 3.619666e+00 1.164743e+00 2.219414e+00 -7.685526e-01 1.139791e+00 5.815162e-01 3.704894e+00 -1.457302e+00 3.698867e+00 -1.527698e+00 2.579859e+00
2.288800e+02 -8.398845e-01 3.625125e+00 1.170165e+00 2.226293e+00 -7.808075e-01 1.164178e+00 5.827607e-01 3.702606e+00 -1.455783e+00 3.716756e+00 -1.540599e+00 2.586838e+00
2.289600e+02 -8.567878e-01 3.630615e+00 1.174887e+00 2.235577e+00 -7.905316e-01 1.189124e+00 5.856710e-01 3.701942e+00 -1.456226e+00 3.734108e+00 -1.553611e+00 2.598271e+00
2.290400e+02 -8.740502e-01 3.636961e+00 1.179057e+00 2.247035e+00 -7.993560e-01 1.215714e+00 5.898000e-01 3.699300e+00 -1.456815e+00 3.749685e+00 -1.567355e+00 2.612250e+00
2.291200e+02 -8.918021e-01 3.642798e+00 1.183900e+00 2.258696e+00 -8.054795e-01 1.245689e+00 5.943954e-01 3.700115e+00 -1.458902e+00 3.765545e+00 -1.582559e+00 2.626548e+00
2.292000e+02 -9.087078e-01 3.648977e+00 1.189220e+00 2.268758e+00 -8.096147e-01 1.274015e+00 6.006842e-01 3.700894e+00 -1.461023e+00 3.781615e+00 -1.597960e+00 2.640609e+00
2.292800e+02 -9.284247e-01 3.651797e+00 1.196033e+00 2.291232e+00 -8.107595e-01 1.307211e+00 6.062882e-01 3.705837e+00 -1.466502e+00 3.799220e+00 -1.616963e+00 2.653740e+00
2.293600e+02 -9.457031e-01 3.657337e+00 1.200539e+00 2.310056e+00 -8.136506e-01 1.337798e+00 6.131002e-01 3.709099e+00 -1.471330e+00 3.814617e+00 -1.634444e+00 2.662992e+00
2.294400e+02 -9.630558e-01 3.662789e+00 1.207042e+00 2.325419e+00 -8.168687e-01 1.371599e+00 6.187675e-01 3.707890e+00 -1.475728e+00 3.832106e+00 -1.652555e+00 2.673191e+00
2.295200e+02 -9.803843e-01 3.667584e+00 1.214533e+00 2.341998e+00 -8.203345e-01 1.405175e+00 6.257572e-01 3.707082e+00 -1.481836e+00 3.849264e+00 -1.671565e+00 2.682892e+00
2.296000e+02 -9.925140e-01 3.677844e+00 1.221139e+00 2.344415e+00 -8.250819e-01 1.419728e+00 6.387950e-01 3.704417e+00 -1.484510e+00 3.863455e+00 -1.686169e+00 2.693276e+00
2.296800e+02 -1.005799e+00 3.686296e+00 1.231046e+00 2.361116e+00 -8.285788e-01 1.438769e+00 6.494300e-01 3.708796e+00 -1.490575e+00 3.881099e+00 -1.703441e+00 2.703228e+00
2.297600e+02 -1.018030e+00 3.693461e+00 1.243571e+00 2.376580e+00 -8.320127e-01 1.459465e+00 6.590261e-01 3.716153e+00 -1.498365e+00 3.895990e+00 -1.721671e+00 2.710914e+00
2.298400e+02 -1.028441e+00 3.689500e+00 1.252826e+00 2.387657e+00 -8.377129e-01 1.478254e+00 6.680749e-01 3.723039e+00 -1.505870e+00 3.907744e+00 -1.737613e+00 2.715648e+00
2.299200e+02 -1.024037e+00 3.699006e+00 1.265723e+00 2.373295e+00 -8.456028e-01 1.485972e+00 6.793528e-01 3.727546e+00 -1.510259e+00 3.916923e+00 -1.749355e+00 2.737111e+00
2.300000e+02 -1.029066e+00 3.704336e+00 1.279600e+00 2.383442e+00 -8.509185e-01 1.503309e+00 6.860244e-01 3.739247e+00 -1.520520e+00 3.928627e+00 -1.767645e+00 2.750657e+00
2.300800e+02 -1.029318e+00 3.715572e+00 1.288604e+00 2.395698e+00 -8.619615e-01 1.506252e+00 6.968025e-01 3.744956e+00 -1.526093e+00 3.937971e+00 -1.782495e+00 2.762195e+00
2.301600e+02 -1.035282e+00 3.725324e+00 1.299881e+00 2.408646e+00 -8.729847e-01 1.515161e+00 7.025527e-01 3.755868e+00 -1.535517e+00 3.947447e+00 -1.801907e+00 2.765471e+00
2.302400e+02 -1.039100e+00 3.736708e+00 1.309230e+00 2.420028e+00 -8.863620e-01 1.523934e+00 7.079280e-01 3.767719e+00 -1.545016e+00 3.956709e+00 -1.820002e+00 2.770777e+00
2.303200e+02 -1.039601e+00 3.752600e+00 1.317534e+00 2.437453e+00 -9.014674e-01 1.513703e+00 7.162700e-01 3.777285e+00 -1.551458e+00 3.966069e+00 -1.835699e+00 2.780017e+00
2.304000e+02 -1.046521e+00 3.761636e+00 1.328290e+00 2.469571e+00 -9.129754e-01 1.522843e+00 7.200128e-01 3.798373e+00 -1.565404e+00 3.985103e+00 -1.859648e+00 2.784672e+00
2.304800e+02 -1.053606e+00 3.774859e+00 1.330882e+00 2.516233e+00 -9.289073e-01 1.524696e+00 7.255594e-01 3.815639e+00 -1.576354e+00 3.993859e+00 -1.883937e+00 2.793287e+00
2.305600e+02 -1.053008e+00 3.796792e+00 1.330817e+00 2.525726e+00 -9.466376e-01 1.512909e+00 7.337440e-01 3.827872e+00 -1.581313e+00 4.004519e+00 -1.902139e+00 2.802946e+00
2.306400e+02 -1.050231e+00 3.821330e+00 1.332090e+00 2.556001e+00 -9.611938e-01 1.495818e+00 7.477513e-01 3.824681e+00 -1.581302e+00 4.051622e+00 -1.918150e+00 2.807673e+00
2.307200e+02 -1.048084e+00 3.844976e+00 1.336770e+00 2.577896e+00 -9.717854e-01 1.489092e+00 7.633055e-01 3.839124e+00 -1.590515e+00 4.093330e+00 -1.936753e+00 2.810592e+00
2.308000e+02 -1.045278e+00 3.872616e+00 1.340417e+00 2.600940e+00 -9.826636e-01 1.482022e+00 7.793209e-01 3.859251e+00 -1.603080e+00 4.133149e+00 -1.957069e+00 2.816541e+00
2.308800e+02 -1.042648e+00 3.892326e+00 1.341157e+00 2.622475e+00 -9.932519e-01 1.474603e+00 7.950082e-01 3.882973e+00 -1.616027e+00 4.165983e+00 -1.973878e+00 2.820722e+00
2.309600e+02 -1.042449e+00 3.921981e+00 1.342716e+00 2.642485e+00 -1.002087e+00 1.468245e+00 8.093739e-01 3.908602e+00 -1.631427e+00 4.194296e+00 -1.992824e+00 2.826400e+00
2.310400e+02 -1.042038e+00 3.955984e+00 1.344467e+00 2.662878e+00 -1.009699e+00 1.462817e+00 8.221015e-01 3.935880e+00 -1.648973e+00 4.219928e+00 -2.013327e+00 2.833041e+00
2.311200e+02 -1.033439e+00 3.983041e+00 1.347413e+00 2.685096e+00 -1.016473e+00 1.459330e+00 8.338632e-01 3.959113e+00 -1.665551e+00 4.248039e+00 -2.031336e+00 2.858229e+00
2.312000e+02 -1.020112e+00 4.034101e+00 1.349426e+00 2.664440e+00 -1.027586e+00 1.436174e+00 8.504983e-01 3.976428e+00 -1.676407e+00 4.269145e+00 -2.043019e+00 2.878390e+00
2.312800e+02 -1.026094e+00 4.070803e+00 1.364314e+00 2.688899e+00 -1.025292e+00 1.439169e+00 8.578914e-01 4.012058e+00 -1.700125e+00 4.297939e+00 -2.073838e+00 2.898447e+00
2.313600e+02 -1.022847e+00 4.114093e+00 1.370022e+00 2.720776e+00 -1.028615e+00 1.440954e+00 8.668014e-01 4.038907e+00 -1.718963e+00 4.324474e+00 -2.102757e+00 2.915933e+00
2.314400e+02 -1.027994e+00 4.152447e+00 1.380052e+00 2.777158e+00 -1.028338e+00 1.449476e+00 8.734216e-01 4.071845e+00 -1.741542e+00 4.354401e+00 -2.139871e+00 2.934066e+00
2.315200e+02 -1.024128e+00 4.211122e+00 1.390976e+00 2.838601e+00 -1.031727e+00 1.461890e+00 8.790544e-01 4.089646e+00 -1.759192e+00 4.386389e+00 -2.179424e+00 2.971975e+00
2.316000e+02 -1.017320e+00 4.272154e+00 1.401402e+00 2.895641e+00 -1.033147e+00 1.468188e+00 8.870679e-01 4.113553e+00 -1.777624e+00 4.416727e+00 -2.217483e+00 3.011636e+00
2.316800e+02 -1.011034e+00 4.338927e+00 1.413849e+00 2.937025e+00 -1.034389e+00 1.469938e+00 8.950304e-01 4.139846e+00 -1.792057e+00 4.447468e+00 -2.253102e+00 3.048024e+00
2.317600e+02 -1.011579e+00 4.412711e+00 1.435392e+00 2.985274e+00 -1.029903e+00 1.480260e+00 9.001025e-01 4.174481e+00 -1.809831e+00 4.481536e+00 -2.295925e+00 3.081240e+00
2.318400e+02 -1.012221e+00 4.478137e+00 1.456013e+00 3.041158e+00 -1.023993e+00 1.493802e+00 9.063563e-01 4.212308e+00 -1.827150e+00 4.520258e+00 -2.339552e+00 3.120363e+00
2.319200e+02 -1.018389e+00 4.546323e+00 1.472097e+00 3.093870e+00 -1.018299e+00 1.507141e+00 9.125950e-01 4.249808e+00 -1.843891e+00 4.559802e+00 -2.382457e+00 3.150685e+00
2.320000e+02 -1.029217e+00 4.596140e+00 1.483111e+00 3.137890e+00 -1.012982e+00 1.529529e+00 9.152182e-01 4.288015e+00 -1.862478e+00 4.596620e+00 -2.417977e+00 3.175874e+00
2.320800e+02 -1.043462e+00 4.656920e+00 1.492803e+00 3.181944e+00 -1.007099e+00 1.545367e+00 9.193930e-01 4.323303e+00 -1.879986e+00 4.634491e+00 -2.454082e+00 3.201402e+00
2.321600e+02 -1.052782e+00 4.726362e+00 1.499873e+00 3.197723e+00 -1.005950e+00 1.546742e+00 9.232766e-01 4.349976e+00 -1.893475e+00 4.656210e+00 -2.485286e+00 3.231948e+00
2.322400e+02 -1.064448e+00 4.780615e+00 1.518851e+00 3.206860e+00 -9.930829e-01 1.576895e+00 9.274755e-01 4.387624e+00 -1.910399e+00 4.715216e+00 -2.520653e+00 3.245221e+00
2.323200e+02 -1.074627e+00 4.830586e+00 1.535804e+00 3.254471e+00 -9.816581e-01 1.612384e+00 9.327288e-01 4.428871e+00 -1.931551e+00 4.784191e+00 -2.555170e+00 3.251659e+00
2.324000e+02 -1.078210e+00 4.889862e+00 1.551179e+00 3.267770e+00 -9.831620e-01 1.649634e+00 9.382645e-01 4.435793e+00 -1.944840e+00 4.861830e+00 -2.581977e+00 3.263397e+00
2.324800e+02 -1.084175e+00 4.945490e+00 1.570489e+00 3.288183e+00 -9.845200e-01 1.681511e+00 9.454103e-01 4.460706e+00 -1.969782e+00 4.920300e+00 -2.614109e+00 3.290029e+00
2.325600e+02 -1.089327e+00 4.998343e+00 1.590807e+00 3.315300e+00 -9.868541e-01 1.710555e+00 9.574967e-01 4.494069e+00 -1.991821e+00 4.978393e+00 -2.644638e+00 3.318966e+00
2.326400e+02 -1.076113e+00 5.068946e+00 1.611866e+00 3.274316e+00 -1.004146e+00 1.723885e+00 9.776547e-01 4.500313e+00 -1.998498e+00 5.038506e+00 -2.657102e+00 3.356075e+00
2.327200e+02 -1.078762e+00 5.118440e+00 1.644269e+00 3.297887e+00 -1.014004e+00 1.751554e+00 9.915765e-01 4.535950e+00 -2.023807e+00 5.088849e+00 -2.676701e+00 3.395077e+00
2.328000e+02 -1.078194e+00 5.172731e+00 1.676517e+00 3.296515e+00 -1.029062e+00 1.764224e+00 1.010147e+00 4.568162e+00 -2.048229e+00 5.130127e+00 -2.695132e+00 3.427333e+00
2.328800e+02 -1.080794e+00 5.225660e+00 1.711002e+00 3.302221e+00 -1.043659e+00 1.767717e+00 1.030223e+00 4.603064e+00 -2.071414e+00 5.177978e+00 -2.716485e+00 3.452569e+00
2.329600e+02 -1.085753e+00 5.271220e+00 1.747663e+00 3.325817e+00 -1.054667e+00 1.770261e+00 1.049446e+00 4.642896e+00 -2.096559e+00 5.226716e+00 -2.743344e+00 3.469670e+00
2.330400e+02 -1.089178e+00 5.315632e+00 1.779103e+00 3.365605e+00 -1.068336e+00 1.769146e+00 1.067331e+00 4.671541e+00 -2.118223e+00 5.274979e+00 -2.770549e+00 3.481083e+00
2.331200e+02 -1.089325e+00 5.379304e+00 1.815857e+00 3.390798e+00 -1.082073e+00 1.755776e+00 1.084629e+00 4.702138e+00 -2.140942e+00 5.307808e+00 -2.800320e+00 3.493769e+00
2.332000e+02 -1.110664e+00 5.408794e+00 1.854310e+00 3.463334e+00 -1.085125e+00 1.759817e+00 1.097013e+00 4.746427e+00 -2.169309e+00 5.348340e+00 -2.842000e+00 3.501715e+00
2.332800e+02 -1.113266e+00 5.435942e+00 1.882438e+00 3.515081e+00 -1.089764e+00 1.752749e+00 1.115428e+00 4.786425e+00 -2.189204e+00 5.409612e+00 -2.870469e+00 3.491744e+00
2.333600e+02 -1.121978e+00 5.461647e+00 1.907662e+00 3.563400e+00 -1.093389e+00 1.745127e+00 1.126533e+00 4.826283e+00 -2.210901e+00 5.454171e+00 -2.897452e+00 3.489348e+00
2.334400e+02 -1.130870e+00 5.483682e+00 1.926729e+00 3.606069e+00 -1.095590e+00 1.736578e+00 1.134835e+00 4.858386e+00 -2.231202e+00 5.497272e+00 -2.921337e+00 3.487090e+00
2.335200e+02 -1.135526e+00 5.500979e+00 1.940437e+00 3.641046e+00 -1.093897e+00 1.727578e+00 1.144928e+00 4.885915e+00 -2.250422e+00 5.556860e+00 -2.938531e+00 3.477426e+00
2.336000e+02 -1.142502e+00 5.517648e+00 1.942436e+00 3.683907e+00 -1.094739e+00 1.721066e+00 1.149392e+00 4.905784e+00 -2.271072e+00 5.602920e+00 -2.953547e+00 3.475688e+00
2.336800e+02 -1.149209e+00 5.532749e+00 1.933026e+00 3.741956e+00 -1.100909e+00 1.729204e+00 1.148529e+00 4.919855e+00 -2.291618e+00 5.645658e+00 -2.966524e+00 3.477602e+00
2.337600e+02 -1.150436e+00 5.556523e+00 1.916351e+00 3.730257e+00 -1.116393e+00 1.719425e+00 1.151247e+00 4.930114e+00 -2.306666e+00 5.668921e+00 -2.969088e+00 3.466509e+00
2.338400e+02 -1.158699e+00 5.564753e+00 1.906781e+00 3.714230e+00 -1.121499e+00 1.723471e+00 1.152568e+00 4.961197e+00 -2.325540e+00 5.695396e+00 -2.976489e+00 3.460981e+00
2.339200e+02 -1.150190e+00 5.575304e+00 1.894000e+00 3.694753e+00 -1.131991e+00 1.718698e+00 1.163600e+00 4.978021e+00 -2.333237e+00 5.729650e+00 -2.973878e+00 3.467061e+00
2.340000e+02 -1.136196e+00 5.586226e+00 1.889835e+00 3.672350e+00 -1.142405e+00 1.702013e+00 1.178385e+00 4.997827e+00 -2.343193e+00 5.753102e+00 -2.964826e+00 3.469040e+00
2.340800e+02 -1.121178e+00 5.589972e+00 1.895567e+00 3.667747e+00 -1.149129e+00 1.684515e+00 1.193960e+00 5.017353e+00 -2.353422e+00 5.784672e+00 -2.956691e+00 3.466506e+00
2.341600e+02 -1.102757e+00 5.586605e+00 1.907281e+00 3.667196e+00 -1.158483e+00 1.666998e+00 1.204399e+00 5.035494e+00 -2.361452e+00 5.797103e+00 -2.947805e+00 3.461477e+00
2.342400e+02 -1.087880e+00 5.567654e+00 1.925694e+00 3.666386e+00 -1.166489e+00 1.670623e+00 1.210001e+00 5.057251e+00 -2.376808e+00 5.816140e+00 -2.944334e+00 3.451332e+00
2.343200e+02 -1.064903e+00 5.551598e+00 1.939560e+00 3.665460e+00 -1.177479e+00 1.656121e+00 1.217138e+00 5.072084e+00 -2.386662e+00 5.829390e+00 -2.934516e+00 3.437647e+00
2.344000e+02 -1.044857e+00 5.534618e+00 1.951765e+00 3.659376e+00 -1.188557e+00 1.637147e+00 1.220390e+00 5.085488e+00 -2.398344e+00 5.837180e+00 -2.924840e+00 3.427119e+00
2.344800e+02 -1.024076e+00 5.513674e+00 1.959143e+00 3.659196e+00 -1.199441e+00 1.624494e+00 1.224424e+00 5.075521e+00 -2.403551e+00 5.877138e+00 -2.911352e+00 3.410172e+00
2.345600e+02 -1.003434e+00 5.497762e+00 1.959576e+00 3.653488e+00 -1.211701e+00 1.606572e+00 1.230405e+00 5.061090e+00 -2.410186e+00 5.908550e+00 -2.894810e+00 3.400066e+00
2.346400e+02 -9.923601e-01 5.477350e+00 1.957252e+00 3.656646e+00 -1.218310e+00 1.588643e+00 1.237082e+00 5.063466e+00 -2.423444e+00 5.921419e+00 -2.884896e+00 3.397579e+00
2.347200e+02 -9.732321e-01 5.459736e+00 1.951313e+00 3.642216e+00 -1.221277e+00 1.564290e+00 1.248913e+00 5.070276e+00 -2.430275e+00 5.929792e+00 -2.869299e+00 3.392656e+00
2.348000e+02 -9.521989e-01 5.425017e+00 1.943197e+00 3.614582e+00 -1.218702e+00 1.532909e+00 1.264931e+00 5.076463e+00 -2.435493e+00 5.944158e+00 -2.845237e+00 3.380262e+00
2.348800e+02 -9.270928e-01 5.399966e+00 1.935546e+00 3.582324e+00 -1.212322e+00 1.501032e+00 1.278759e+00 5.073676e+00 -2.432535e+00 5.946674e+00 -2.821469e+00 3.375152e+00
2.349600e+02 -9.011173e-01 5.375716e+00 1.928417e+00 3.559432e+00 -1.200420e+00 1.472029e+00 1.287981e+00 5.072191e+00 -2.433405e+00 5.944153e+00 -2.800340e+00 3.371606e+00
2.350400e+02 -8.685553e-01 5.356425e+00 1.919854e+00 3.532212e+00 -1.188044e+00 1.437239e+00 1.296540e+00 5.067011e+00 -2.433016e+00 5.936338e+00 -2.776919e+00 3.369229e+00
2.351200e+02 -8.293557e-01 5.344120e+00 1.911868e+00 3.489414e+00 -1.175418e+00 1.396503e+00 1.304511e+00 5.058703e+00 -2.430759e+00 5.925009e+00 -2.750429e+00 3.367511e+00
2.352000e+02 -7.845756e-01 5.333148e+00 1.910631e+00 3.428023e+00 -1.159148e+00 1.368664e+00 1.306405e+00 5.054554e+00 -2.431641e+00 5.911725e+00 -2.724864e+00 3.364553e+00
2.352800e+02 -7.438571e-01 5.308965e+00 1.910805e+00 3.389585e+00 -1.140985e+00 1.346368e+00 1.306337e+00 5.050357e+00 -2.433751e+00 5.896622e+00 -2.701426e+00 3.358484e+00
2.353600e+02 -6.989034e-01 5.286480e+00 1.915355e+00 3.346575e+00 -1.122981e+00 1.322917e+00 1.305806e+00 5.044102e+00 -2.434333e+00 5.880365e+00 -2.679278e+00 3.353780e+00
2.354400e+02 -6.552096e-01 5.269327e+00 1.917688e+00 3.308205e+00 -1.107862e+00 1.288304e+00 1.305021e+00 5.030395e+00 -2.431224e+00 5.856959e+00 -2.656002e+00 3.344720e+00
2.355200e+02 -6.113926e-01 5.245485e+00 1.929783e+00 3.259638e+00 -1.086764e+00 1.271891e+00 1.300340e+00 5.024554e+00 -2.430883e+00 5.847529e+00 -2.636696e+00 3.333762e+00
2.356000e+02 -5.775369e-01 5.218821e+00 1.938487e+00 3.231457e+00 -1.070995e+00 1.263097e+00 1.290668e+00 5.016441e+00 -2.433304e+00 5.827869e+00 -2.620532e+00 3.309805e+00
2.356800e+02 -5.407400e-01 5.190090e+00 1.951864e+00 3.193747e+00 -1.058086e+00 1.254757e+00 1.279459e+00 5.006010e+00 -2.432579e+00 5.804420e+00 -2.603935e+00 3.293262e+00
2.357600e+02 -5.112240e-01 5.157852e+00 1.966268e+00 3.170071e+00 -1.047197e+00 1.257173e+00 1.262326e+00 4.996910e+00 -2.434814e+00 5.773293e+00 -2.592971e+00 3.282786e+00
2.358400e+02 -4.787023e-01 5.121115e+00 1.983182e+00 3.141481e+00 -1.039381e+00 1.259478e+00 1.246841e+00 4.985307e+00 -2.433820e+00 5.747932e+00 -2.580372e+00 3.279696e+00
2.359200e+02 -4.509482e-01 5.084702e+00 2.000731e+00 3.110322e+00 -1.033287e+00 1.273833e+00 1.227593e+00 4.976254e+00 -2.435150e+00 5.725261e+00 -2.576420e+00 3.274714e+00
2.360000e+02 -4.209076e-01 5.051986e+00 2.017733e+00 3.085976e+00 -1.025483e+00 1.286801e+00 1.210754e+00 4.982439e+00 -2.440176e+00 5.698057e+00 -2.574348e+00 3.269129e+00
2.360800e+02 -3.929830e-01 5.029053e+00 2.027051e+00 3.060807e+00 -1.028975e+00 1.298114e+00 1.190574e+00 4.961968e+00 -2.430626e+00 5.677102e+00 -2.566613e+00 3.269713e+00
2.361600e+02 -3.757284e-01 5.002975e+00 2.038365e+00 3.046208e+00 -1.029023e+00 1.314105e+00 1.169091e+00 4.960178e+00 -2.431733e+00 5.646694e+00 -2.564561e+00 3.271408e+00
2.362400e+02 -3.688371e-01 4.987108e+00 2.050653e+00 3.029743e+00 -1.032907e+00 1.363919e+00 1.137639e+00 4.952110e+00 -2.431739e+00 5.626039e+00 -2.573605e+00 3.276944e+00
2.363200e+02 -3.678242e-01 4.958126e+00 2.056300e+00 3.036135e+00 -1.041529e+00 1.434880e+00 1.107005e+00 4.934515e+00 -2.432485e+00 5.619312e+00 -2.585684e+00 3.279914e+00
2.364000e+02 -3.675162e-01 4.932876e+00 2.054654e+00 3.047676e+00 -1.059384e+00 1.488258e+00 1.083816e+00 4.909569e+00 -2.429407e+00 5.607973e+00 -2.591891e+00 3.283420e+00
2.364800e+02 -3.776383e-01 4.904125e+00 2.050972e+00 3.069602e+00 -1.080117e+00 1.544033e+00 1.059412e+00 4.888054e+00 -2.428048e+00 5.597078e+00 -2.600384e+00 3.289328e+00
2.365600e+02 -3.939954e-01 4.878643e+00 2.039045e+00 3.082950e+00 -1.109278e+00 1.593777e+00 1.037116e+00 4.861278e+00 -2.425759e+00 5.583278e+00 -2.606232e+00 3.277287e+00
2.366400e+02 -4.158437e-01 4.848246e+00 2.027198e+00 3.105806e+00 -1.138686e+00 1.637605e+00 1.019898e+00 4.835590e+00 -2.421236e+00 5.573146e+00 -2.611909e+00 3.271576e+00
2.367200e+02 -4.383841e-01 4.816790e+00 2.012246e+00 3.117899e+00 -1.172189e+00 1.684611e+00 1.006264e+00 4.810386e+00 -2.416468e+00 5.564370e+00 -2.615473e+00 3.268714e+00
2.368000e+02 -4.625622e-01 4.782498e+00 1.993755e+00 3.136610e+00 -1.209040e+00 1.718473e+00 9.941462e-01 4.782545e+00 -2.409743e+00 5.549680e+00 -2.616033e+00 3.269317e+00
2.368800e+02 -4.767278e-01 4.750032e+00 1.976245e+00 3.134702e+00 -1.244427e+00 1.738052e+00 9.893533e-01 4.752859e+00 -2.398416e+00 5.541752e+00 -2.611689e+00 3.280744e+00
2.369600e+02 -4.947625e-01 4.715398e+00 1.957503e+00 3.141225e+00 -1.275206e+00 1.758294e+00 9.862258e-01 4.727911e+00 -2.389604e+00 5.537274e+00 -2.608273e+00 3.294232e+00
2.370400e+02 -5.098158e-01 4.692269e+00 1.939788e+00 3.154253e+00 -1.302587e+00 1.772035e+00 9.890837e-01 4.704535e+00 -2.380665e+00 5.536834e+00 -2.607067e+00 3.311556e+00
2.371200e+02 -5.159900e-01 4.669879e+00 1.920527e+00 3.159080e+00 -1.329294e+00 1.773648e+00 9.962724e-01 4.679879e+00 -2.369320e+00 5.536518e+00 -2.599933e+00 3.329553e+00
2.372000e+02 -5.265239e-01 4.654227e+00 1.895399e+00 3.175597e+00 -1.356055e+00 1.770458e+00 9.996888e-01 4.651528e+00 -2.358878e+00 5.510965e+00 -2.592927e+00 3.353123e+00
2.372800e+02 -5.342590e-01 4.638687e+00 1.874116e+00 3.192178e+00 -1.376677e+00 1.750084e+00 1.010882e+00 4.621972e+00 -2.344472e+00 5.499222e+00 -2.580639e+00 3.364144e+00
2.373600e+02 -5.401887e-01 4.631708e+00 1.851129e+00 3.221386e+00 -1.392872e+00 1.706394e+00 1.025043e+00 4.590688e+00 -2.327114e+00 5.486255e+00 -2.563259e+00 3.363954e+00
2.374400e+02 -5.412064e-01 4.622934e+00 1.836559e+00 3.236060e+00 -1.401180e+00 1.670422e+00 1.039408e+00 4.565628e+00 -2.312515e+00 5.477496e+00 -2.546006e+00 3.369942e+00
2.375200e+02 -5.326014e-01 4.626067e+00 1.816810e+00 3.279549e+00 -1.404262e+00 1.599450e+00 1.062006e+00 4.533876e+00 -2.291314e+00 5.467744e+00 -2.521969e+00 3.376577e+00
2.376000e+02 -5.231568e-01 4.630423e+00 1.800608e+00 3.284534e+00 -1.402000e+00 1.527446e+00 1.082881e+00 4.502202e+00 -2.270134e+00 5.452287e+00 -2.493724e+00 3.374206e+00
2.376800e+02 -5.112840e-01 4.631227e+00 1.791225e+00 3.304809e+00 -1.385517e+00 1.474003e+00 1.101260e+00 4.480649e+00 -2.258285e+00 5.445931e+00 -2.473305e+00 3.376541e+00
2.377600e+02 -4.906092e-01 4.640557e+00 1.784569e+00 3.314777e+00 -1.365507e+00 1.422012e+00 1.121214e+00 4.458891e+00 -2.244507e+00 5.434589e+00 -2.450999e+00 3.378956e+00
2.378400e+02 -4.705731e-01 4.656116e+00 1.781366e+00 3.314016e+00 -1.340268e+00 1.372687e+00 1.141028e+00 4.438347e+00 -2.231450e+00 5.422761e+00 -2.429804e+00 3.371590e+00
2.379200e+02 -4.488452e-01 4.670638e+00 1.785546e+00 3.305363e+00 -1.304670e+00 1.328235e+00 1.159998e+00 4.437911e+00 -2.224751e+00 5.406906e+00 -2.413787e+00 3.361975e+00
2.380000e+02 -4.307689e-01 4.658090e+00 1.781890e+00 3.303733e+00 -1.268708e+00 1.288595e+00 1.174806e+00 4.429397e+00 -2.215423e+00 5.387890e+00 -2.394462e+00 3.340287e+00
2.380800e+02 -4.074135e-01 4.659324e+00 1.774002e+00 3.301164e+00 -1.231842e+00 1.233762e+00 1.189972e+00 4.413529e+00 -2.203048e+00 5.364500e+00 -2.374315e+00 3.312323e+00
2.381600e+02 -3.911600e-01 4.627435e+00 1.762638e+00 3.293213e+00 -1.194176e+00 1.189939e+00 1.198100e+00 4.396726e+00 -2.192703e+00 5.334839e+00 -2.348276e+00 3.274395e+00
2.382400e+02 -3.603336e-01 4.608199e+00 1.756171e+00 3.269462e+00 -1.152396e+00 1.146139e+00 1.206501e+00 4.381119e+00 -2.181126e+00 5.308103e+00 -2.326296e+00 3.255651e+00
2.383200e+02 -3.255891e-01 4.606122e+00 1.748850e+00 3.251808e+00 -1.106562e+00 1.070108e+00 1.217709e+00 4.383889e+00 -2.170853e+00 5.256846e+00 -2.305897e+00 3.245707e+00
2.384000e+02 -2.955220e-01 4.599326e+00 1.744147e+00 3.222837e+00 -1.061112e+00 1.011329e+00 1.221818e+00 4.375339e+00 -2.155972e+00 5.217792e+00 -2.283155e+00 3.221173e+00
2.384800e+02 -2.569266e-01 4.610118e+00 1.743811e+00 3.177829e+00 -1.016987e+00 9.522799e-01 1.224673e+00 4.360172e+00 -2.139821e+00 5.181844e+00 -2.258754e+00 3.196316e+00
2.385600e+02 -2.243621e-01 4.628257e+00 1.752123e+00 3.139134e+00 -9.740260e-01 8.997191e-01 1.222062e+00 4.342313e+00 -2.125547e+00 5.144673e+00 -2.235885e+00 3.170820e+00
2.386400e+02 -1.851322e-01 4.656732e+00 1.765146e+00 3.080674e+00 -9.334317e-01 8.440473e-01 1.217290e+00 4.332990e+00 -2.111584e+00 5.102375e+00 -2.208124e+00 3.141005e+00
2.387200e+02 -1.344861e-01 4.708356e+00 1.782376e+00 2.967431e+00 -9.071195e-01 7.666547e-01 1.213828e+00 4.300720e+00 -2.081781e+00 5.055991e+00 -2.163942e+00 3.114414e+00
2.388000e+02 -1.092723e-01 4.744348e+00 1.811934e+00 2.886180e+00 -8.800958e-01 7.038891e-01 1.195670e+00 4.274454e+00 -2.063285e+00 4.987590e+00 -2.131293e+00 3.088567e+00
2.388800e+02 -9.168633e-02 4.771716e+00 1.847601e+00 2.844982e+00 -8.528560e-01 6.691892e-01 1.170341e+00 4.256275e+00 -2.054096e+00 4.930583e+00 -2.110698e+00 3.071535e+00
2.389600e+02 -7.503508e-02 4.800455e+00 1.887726e+00 2.799597e+00 -8.339117e-01 6.324217e-01 1.149774e+00 4.232105e+00 -2.040476e+00 4.891881e+00 -2.086438e+00 3.051128e+00
2.390400e+02 -6.949115e-02 4.832118e+00 1.934316e+00 2.755095e+00 -8.191666e-01 6.057321e-01 1.128564e+00 4.208317e+00 -2.024831e+00 4.858638e+00 -2.064694e+00 3.035637e+00
2.391200e+02 -7.692433e-02 4.853984e+00 1.983632e+00 2.715386e+00 -8.067520e-01 5.904675e-01 1.105166e+00 4.186177e+00 -2.009446e+00 4.826924e+00 -2.044357e+00 3.018578e+00
2.392000e+02 -1.060286e-01 4.852764e+00 2.037935e+00 2.726205e+00 -7.908120e-01 5.952419e-01 1.079287e+00 4.182019e+00 -2.002430e+00 4.796517e+00 -2.035151e+00 3.001738e+00
2.392800e+02 -1.395576e-01 4.832176e+00 2.092667e+00 2.719751e+00 -7.780749e-01 6.240606e-01 1.055609e+00 4.182868e+00 -1.995449e+00 4.787975e+00 -2.025254e+00 2.976242e+00
2.393600e+02 -1.842100e-01 4.830908e+00 2.137539e+00 2.737863e+00 -7.709302e-01 6.540657e-01 1.027095e+00 4.178507e+00 -1.986122e+00 4.765080e+00 -2.023776e+00 2.968193e+00
2.394400e+02 -2.360073e-01 4.811233e+00 2.176404e+00 2.751468e+00 -7.665314e-01 6.942548e-01 9.992490e-01 4.174238e+00 -1.978369e+00 4.748063e+00 -2.026956e+00 2.959276e+00
2.395200e+02 -2.879490e-01 4.807897e+00 2.211326e+00 2.767437e+00 -7.543421e-01 7.344624e-01 9.749377e-01 4.197146e+00 -1.982246e+00 4.722939e+00 -2.044484e+00 2.958548e+00
2.396000e+02 -3.481419e-01 4.781782e+00 2.224556e+00 2.809706e+00 -7.487976e-01 7.766896e-01 9.476312e-01 4.203773e+00 -1.983072e+00 4.703764e+00 -2.058646e+00 2.954168e+00
2.396800e+02 -3.983688e-01 4.732387e+00 2.221231e+00 2.847374e+00 -7.457644e-01 8.190812e-01 9.188969e-01 4.205172e+00 -1.987097e+00 4.680937e+00 -2.069741e+00 2.947791e+00
2.397600e+02 -4.471351e-01 4.659614e+00 2.203450e+00 2.916860e+00 -7.432262e-01 8.761568e-01 8.847260e-01 4.198515e+00 -1.994025e+00 4.662632e+00 -2.084777e+00 2.942570e+00
2.398400e+02 -4.842358e-01 4.590478e+00 2.175229e+00 2.974681e+00 -7.456873e-01 9.274898e-01 8.548242e-01 4.184309e+00 -1.997626e+00 4.646437e+00 -2.097328e+00 2.941569e+00
2.399200e+02 -5.157333e-01 4.509123e+00 2.134484e+00 3.023265e+00 -7.519425e-01 9.843063e-01 8.248884e-01 4.170071e+00 -2.000378e+00 4.631763e+00 -2.107537e+00 2.941290e+00
2.400000e+02 -5.447259e-01 4.417517e+00 2.085674e+00 3.049085e+00 -7.580703e-01 1.067876e+00 7.931559e-01 4.169489e+00 -2.008999e+00 4.615644e+00 -2.120147e+00 2.937843e+00
2.400800e+02 -5.684173e-01 4.332744e+00 2.022555e+00 3.082828e+00 -7.703119e-01 1.130577e+00 7.684181e-01 4.153502e+00 -2.006820e+00 4.599560e+00 -2.125269e+00 2.931644e+00
