# Time C0_Drag C0_Lift
8.000000e-02 9.818871e-05 8.080628e-21
1.600000e-01 1.542143e-01 1.221071e-07
2.400000e-01 5.625665e-01 3.047813e-05
3.200000e-01 1.127062e+00 2.978815e-04
4.000000e-01 1.766400e+00 7.812781e-04
4.800000e-01 2.410031e+00 1.093311e-03
5.600000e-01 2.996762e+00 -2.897609e-03
6.400000e-01 3.472290e+00 3.253036e-04
7.200000e-01 3.789128e+00 -8.684566e-03
8.000000e-01 3.911143e+00 1.296745e-02
8.800000e-01 3.819624e+00 1.693316e-02
9.600000e-01 3.520175e+00 1.072211e-02
1.040000e+00 3.033721e+00 1.054877e-03
1.120000e+00 2.428728e+00 4.513384e-03
1.200000e+00 1.967272e+00 2.479972e-02
1.280000e+00 1.655609e+00 3.783514e-02
1.360000e+00 1.450878e+00 3.623612e-02
1.440000e+00 1.318538e+00 4.250054e-02
1.520000e+00 1.236747e+00 6.139924e-02
1.600000e+00 1.191330e+00 7.200660e-02
1.680000e+00 1.167449e+00 7.888082e-02
1.760000e+00 1.156953e+00 8.507182e-02
1.840000e+00 1.154913e+00 8.544139e-02
1.920000e+00 1.157734e+00 8.894186e-02
2.000000e+00 1.162117e+00 9.945708e-02
2.080000e+00 1.167102e+00 1.055422e-01
2.160000e+00 1.171044e+00 1.100598e-01
2.240000e+00 1.174801e+00 1.131614e-01
2.320000e+00 1.176519e+00 1.161293e-01
2.400000e+00 1.176112e+00 1.187674e-01
2.480000e+00 1.173764e+00 1.210178e-01
2.560000e+00 1.169834e+00 1.275190e-01
2.640000e+00 1.164690e+00 1.317978e-01
2.720000e+00 1.158463e+00 1.349201e-01
2.800000e+00 1.151409e+00 1.375353e-01
2.880000e+00 1.143772e+00 1.396313e-01
2.960000e+00 1.135777e+00 1.410678e-01
3.040000e+00 1.127684e+00 1.374886e-01
3.120000e+00 1.119599e+00 1.400150e-01
3.200000e+00 1.111047e+00 1.453049e-01
3.280000e+00 1.102592e+00 1.473040e-01
3.360000e+00 1.094545e+00 1.485720e-01
3.440000e+00 1.086921e+00 1.493123e-01
3.520000e+00 1.079714e+00 1.496044e-01
3.600000e+00 1.072903e+00 1.495004e-01
3.680000e+00 1.066465e+00 1.490307e-01
3.760000e+00 1.060377e+00 1.482263e-01
3.840000e+00 1.054610e+00 1.471157e-01
3.920000e+00 1.049137e+00 1.457232e-01
4.000000e+00 1.043932e+00 1.440762e-01
4.080000e+00 1.038971e+00 1.421999e-01
4.160000e+00 1.034225e+00 1.401247e-01
4.240000e+00 1.029677e+00 1.378727e-01
4.320000e+00 1.025304e+00 1.354750e-01
4.400000e+00 1.021092e+00 1.329580e-01
4.480000e+00 1.017023e+00 1.303488e-01
4.560000e+00 1.013087e+00 1.276803e-01
4.640000e+00 1.009273e+00 1.249837e-01
4.720000e+00 1.005572e+00 1.222894e-01
4.800000e+00 1.001977e+00 1.196292e-01
4.880000e+00 9.984812e-01 1.170348e-01
4.960000e+00 9.950797e-01 1.145364e-01
5.040000e+00 9.917702e-01 1.121679e-01
5.120000e+00 9.885479e-01 1.099604e-01
5.200000e+00 9.854109e-01 1.079450e-01
5.280000e+00 9.824377e-01 1.046110e-01
5.360000e+00 9.798336e-01 1.026269e-01
5.440000e+00 9.772051e-01 1.009372e-01
5.520000e+00 9.745652e-01 9.956456e-02
5.600000e+00 9.719291e-01 9.852869e-02
5.680000e+00 9.692099e-01 9.413007e-02
5.760000e+00 9.662021e-01 9.214260e-02
5.840000e+00 9.633407e-01 9.073283e-02
5.920000e+00 9.606180e-01 8.983241e-02
6.000000e+00 9.580171e-01 8.943025e-02
6.080000e+00 9.555203e-01 8.952527e-02
6.160000e+00 9.531111e-01 9.012606e-02
6.240000e+00 9.507773e-01 9.124377e-02
6.320000e+00 9.485083e-01 9.288868e-02
6.400000e+00 9.462963e-01 9.507014e-02
6.480000e+00 9.441340e-01 9.779780e-02
6.560000e+00 9.420145e-01 1.010779e-01
6.640000e+00 9.399342e-01 1.049120e-01
6.720000e+00 9.378883e-01 1.093086e-01
6.800000e+00 9.358729e-01 1.142621e-01
6.880000e+00 9.338845e-01 1.197717e-01
6.960000e+00 9.319220e-01 1.258283e-01
7.040000e+00 9.299824e-01 1.324236e-01
7.120000e+00 9.280638e-01 1.395451e-01
7.200000e+00 9.261643e-01 1.471781e-01
7.280000e+00 9.242821e-01 1.553037e-01
7.360000e+00 9.224165e-01 1.638995e-01
7.440000e+00 9.205665e-01 1.729415e-01
7.520000e+00 9.187321e-01 1.824009e-01
7.600000e+00 9.169104e-01 1.922477e-01
7.680000e+00 9.150569e-01 2.033334e-01
7.760000e+00 9.130510e-01 2.142934e-01
7.840000e+00 9.110812e-01 2.254746e-01
7.920000e+00 9.091706e-01 2.368810e-01
8.000000e+00 9.073175e-01 2.484801e-01
8.080000e+00 9.055166e-01 2.602288e-01
8.160000e+00 9.037595e-01 2.720749e-01
8.240000e+00 9.020417e-01 2.839723e-01
8.320000e+00 9.003595e-01 2.958634e-01
8.400000e+00 8.987118e-01 3.076933e-01
8.480000e+00 8.971213e-01 3.176994e-01
8.560000e+00 8.956159e-01 3.280648e-01
8.640000e+00 8.941350e-01 3.383029e-01
8.720000e+00 8.926751e-01 3.482641e-01
8.800000e+00 8.912406e-01 3.578540e-01
8.880000e+00 8.898369e-01 3.669946e-01
8.960000e+00 8.884689e-01 3.756135e-01
9.040000e+00 8.871398e-01 3.836466e-01
9.120000e+00 8.858513e-01 3.910321e-01
9.200000e+00 8.846068e-01 3.977044e-01
9.280000e+00 8.831180e-01 4.125064e-01
9.360000e+00 8.813089e-01 4.235398e-01
9.440000e+00 8.794953e-01 4.334844e-01
9.520000e+00 8.777052e-01 4.426142e-01
9.600000e+00 8.759419e-01 4.509283e-01
9.680000e+00 8.742167e-01 4.583963e-01
9.760000e+00 8.725510e-01 4.649770e-01
9.840000e+00 8.709685e-01 4.706269e-01
9.920000e+00 8.694903e-01 4.753014e-01
1.000000e+01 8.681321e-01 4.789545e-01
1.008000e+01 8.669530e-01 4.805187e-01
1.016000e+01 8.660789e-01 4.816878e-01
1.024000e+01 8.652596e-01 4.817065e-01
1.032000e+01 8.643661e-01 4.878068e-01
1.040000e+01 8.636126e-01 4.912830e-01
1.048000e+01 8.629179e-01 4.932617e-01
1.056000e+01 8.622346e-01 4.938603e-01
1.064000e+01 8.615430e-01 4.930903e-01
1.072000e+01 8.608430e-01 4.909751e-01
1.080000e+01 8.601413e-01 4.875475e-01
1.088000e+01 8.594471e-01 4.828358e-01
1.096000e+01 8.587708e-01 4.768677e-01
1.104000e+01 8.581217e-01 4.696690e-01
1.112000e+01 8.575072e-01 4.612598e-01
1.120000e+01 8.569340e-01 4.516631e-01
1.128000e+01 8.564070e-01 4.409009e-01
1.136000e+01 8.559299e-01 4.289988e-01
1.144000e+01 8.555051e-01 4.159850e-01
1.152000e+01 8.555025e-01 3.953154e-01
1.160000e+01 8.570965e-01 3.782909e-01
1.168000e+01 8.585280e-01 3.601897e-01
1.176000e+01 8.596919e-01 3.409370e-01
1.184000e+01 8.606005e-01 3.205956e-01
1.192000e+01 8.612981e-01 2.992674e-01
1.200000e+01 8.618404e-01 2.770641e-01
1.208000e+01 8.622780e-01 2.540948e-01
1.216000e+01 8.626525e-01 2.304705e-01
1.224000e+01 8.630017e-01 2.062967e-01
1.232000e+01 8.633537e-01 1.816832e-01
1.240000e+01 8.637307e-01 1.567381e-01
1.248000e+01 8.641554e-01 1.315752e-01
1.256000e+01 8.646420e-01 1.063119e-01
1.264000e+01 8.652038e-01 8.107024e-02
1.272000e+01 8.658530e-01 5.598058e-02
1.280000e+01 8.666029e-01 3.117068e-02
1.288000e+01 8.674608e-01 6.779504e-03
1.296000e+01 8.684370e-01 -1.706002e-02
1.304000e+01 8.693074e-01 -4.732272e-02
1.312000e+01 8.700938e-01 -7.900641e-02
1.320000e+01 8.711095e-01 -1.053087e-01
1.328000e+01 8.722710e-01 -1.326220e-01
1.336000e+01 8.736959e-01 -1.589576e-01
1.344000e+01 8.756590e-01 -1.938331e-01
1.352000e+01 8.782439e-01 -2.228353e-01
1.360000e+01 8.809267e-01 -2.504781e-01
1.368000e+01 8.838372e-01 -2.837392e-01
1.376000e+01 8.869063e-01 -3.130228e-01
1.384000e+01 8.900434e-01 -3.403692e-01
1.392000e+01 8.932734e-01 -3.657133e-01
1.400000e+01 8.966134e-01 -3.889600e-01
1.408000e+01 9.000622e-01 -4.100204e-01
1.416000e+01 9.036203e-01 -4.288048e-01
1.424000e+01 9.072793e-01 -4.452172e-01
1.432000e+01 9.110299e-01 -4.591545e-01
1.440000e+01 9.148646e-01 -4.705065e-01
1.448000e+01 9.187686e-01 -4.791678e-01
1.456000e+01 9.227294e-01 -4.850424e-01
1.464000e+01 9.267324e-01 -4.880395e-01
1.472000e+01 9.307603e-01 -4.880863e-01
1.480000e+01 9.347941e-01 -4.851175e-01
1.488000e+01 9.388148e-01 -4.790862e-01
1.496000e+01 9.428024e-01 -4.699621e-01
1.504000e+01 9.467339e-01 -4.577249e-01
1.512000e+01 9.505905e-01 -4.423823e-01
1.520000e+01 9.543504e-01 -4.239491e-01
1.528000e+01 9.579931e-01 -4.024588e-01
1.536000e+01 9.614966e-01 -3.779633e-01
1.544000e+01 9.648397e-01 -3.505334e-01
1.552000e+01 9.680074e-01 -3.202493e-01
1.560000e+01 9.709337e-01 -2.834191e-01
1.568000e+01 9.734268e-01 -2.441272e-01
1.576000e+01 9.755512e-01 -2.028873e-01
1.584000e+01 9.774867e-01 -1.593213e-01
1.592000e+01 9.792513e-01 -1.134813e-01
1.600000e+01 9.808388e-01 -6.550304e-02
1.608000e+01 9.822437e-01 -1.555121e-02
1.616000e+01 9.834672e-01 3.618182e-02
1.624000e+01 9.845252e-01 8.948979e-02
1.632000e+01 9.851213e-01 1.495301e-01
1.640000e+01 9.844426e-01 2.081778e-01
1.648000e+01 9.836672e-01 2.674046e-01
1.656000e+01 9.830940e-01 3.273002e-01
1.664000e+01 9.828370e-01 3.876433e-01
1.672000e+01 9.832965e-01 4.585602e-01
1.680000e+01 9.846427e-01 5.305158e-01
1.688000e+01 9.862402e-01 5.998760e-01
1.696000e+01 9.881499e-01 6.678543e-01
1.704000e+01 9.904911e-01 7.340696e-01
1.712000e+01 9.933480e-01 7.981004e-01
1.720000e+01 9.967942e-01 8.595295e-01
1.728000e+01 1.000893e+00 9.178977e-01
1.736000e+01 1.005729e+00 9.850412e-01
1.744000e+01 1.012338e+00 1.043150e+00
1.752000e+01 1.019352e+00 1.096952e+00
1.760000e+01 1.026694e+00 1.146277e+00
1.768000e+01 1.034359e+00 1.190638e+00
1.776000e+01 1.042393e+00 1.228484e+00
1.784000e+01 1.050862e+00 1.260664e+00
1.792000e+01 1.059676e+00 1.286555e+00
1.800000e+01 1.068734e+00 1.307756e+00
1.808000e+01 1.077878e+00 1.321176e+00
1.816000e+01 1.087210e+00 1.327441e+00
1.824000e+01 1.096627e+00 1.326422e+00
1.832000e+01 1.105969e+00 1.317206e+00
1.840000e+01 1.115031e+00 1.300838e+00
1.848000e+01 1.123782e+00 1.273710e+00
1.856000e+01 1.132004e+00 1.240092e+00
1.864000e+01 1.139817e+00 1.199338e+00
1.872000e+01 1.147206e+00 1.151569e+00
1.880000e+01 1.154146e+00 1.097048e+00
1.888000e+01 1.160628e+00 1.036122e+00
1.896000e+01 1.166662e+00 9.691705e-01
1.904000e+01 1.171894e+00 8.903325e-01
1.912000e+01 1.175625e+00 8.088540e-01
1.920000e+01 1.179095e+00 7.229729e-01
1.928000e+01 1.182645e+00 6.313142e-01
1.936000e+01 1.186571e+00 5.371484e-01
1.944000e+01 1.190547e+00 4.397276e-01
1.952000e+01 1.194579e+00 3.373388e-01
1.960000e+01 1.198604e+00 2.336730e-01
1.968000e+01 1.203298e+00 1.176507e-01
1.976000e+01 1.209462e+00 4.574645e-03
1.984000e+01 1.215710e+00 -1.072923e-01
1.992000e+01 1.222457e+00 -2.109273e-01
2.000000e+01 1.229494e+00 -3.209629e-01
2.008000e+01 1.238070e+00 -4.384888e-01
2.016000e+01 1.248383e+00 -5.364811e-01
2.024000e+01 1.259490e+00 -6.360970e-01
2.032000e+01 1.271774e+00 -7.305498e-01
2.040000e+01 1.284870e+00 -8.187040e-01
2.048000e+01 1.298419e+00 -8.996246e-01
2.056000e+01 1.312080e+00 -9.725312e-01
2.064000e+01 1.325523e+00 -1.036789e+00
2.072000e+01 1.338871e+00 -1.100631e+00
2.080000e+01 1.353092e+00 -1.149355e+00
2.088000e+01 1.365948e+00 -1.188323e+00
2.096000e+01 1.377117e+00 -1.217370e+00
2.104000e+01 1.386451e+00 -1.236332e+00
2.112000e+01 1.393906e+00 -1.245102e+00
2.120000e+01 1.399485e+00 -1.243073e+00
2.128000e+01 1.403244e+00 -1.231067e+00
2.136000e+01 1.405266e+00 -1.204200e+00
2.144000e+01 1.405350e+00 -1.170229e+00
2.152000e+01 1.403790e+00 -1.125850e+00
2.160000e+01 1.400970e+00 -1.072164e+00
2.168000e+01 1.396934e+00 -1.006007e+00
2.176000e+01 1.391737e+00 -9.327346e-01
2.184000e+01 1.385841e+00 -8.519710e-01
2.192000e+01 1.379464e+00 -7.585059e-01
2.200000e+01 1.372593e+00 -6.547731e-01
2.208000e+01 1.363840e+00 -5.485609e-01
2.216000e+01 1.354866e+00 -4.336596e-01
2.224000e+01 1.346787e+00 -3.173277e-01
2.232000e+01 1.338740e+00 -1.974242e-01
2.240000e+01 1.330902e+00 -7.462952e-02
2.248000e+01 1.323125e+00 5.679962e-02
2.256000e+01 1.314708e+00 1.865025e-01
2.264000e+01 1.307365e+00 3.061230e-01
2.272000e+01 1.301947e+00 4.332500e-01
2.280000e+01 1.297398e+00 5.597829e-01
2.288000e+01 1.293956e+00 6.860800e-01
2.296000e+01 1.292928e+00 8.092410e-01
2.304000e+01 1.292952e+00 9.255031e-01
2.312000e+01 1.293630e+00 1.036078e+00
2.320000e+01 1.296115e+00 1.138803e+00
2.328000e+01 1.300259e+00 1.233082e+00
2.336000e+01 1.305965e+00 1.322317e+00
2.344000e+01 1.313931e+00 1.399569e+00
2.352000e+01 1.322109e+00 1.466758e+00
2.360000e+01 1.329983e+00 1.523462e+00
2.368000e+01 1.337335e+00 1.571327e+00
2.376000e+01 1.344009e+00 1.606527e+00
2.384000e+01 1.349649e+00 1.629957e+00
2.392000e+01 1.354211e+00 1.641662e+00
2.400000e+01 1.357726e+00 1.641692e+00
2.408000e+01 1.360214e+00 1.631943e+00
2.416000e+01 1.361622e+00 1.605960e+00
2.424000e+01 1.361558e+00 1.580558e+00
2.432000e+01 1.360537e+00 1.536250e+00
2.440000e+01 1.359225e+00 1.482524e+00
2.448000e+01 1.356867e+00 1.416341e+00
2.456000e+01 1.354601e+00 1.343981e+00
2.464000e+01 1.351734e+00 1.263622e+00
2.472000e+01 1.348519e+00 1.175864e+00
2.480000e+01 1.345239e+00 1.081388e+00
2.488000e+01 1.341705e+00 9.739730e-01
2.496000e+01 1.337304e+00 8.638900e-01
2.504000e+01 1.333476e+00 7.493473e-01
2.512000e+01 1.330573e+00 6.306225e-01
2.520000e+01 1.328732e+00 5.036937e-01
2.528000e+01 1.327952e+00 3.824917e-01
2.536000e+01 1.327548e+00 2.482122e-01
2.544000e+01 1.327152e+00 1.205805e-01
2.552000e+01 1.328255e+00 -1.031003e-02
2.560000e+01 1.331988e+00 -1.475877e-01
2.568000e+01 1.339689e+00 -2.894914e-01
2.576000e+01 1.350325e+00 -4.207797e-01
2.584000e+01 1.362781e+00 -5.387829e-01
2.592000e+01 1.376448e+00 -6.546373e-01
2.600000e+01 1.391123e+00 -7.631620e-01
2.608000e+01 1.406281e+00 -8.652750e-01
2.616000e+01 1.421321e+00 -9.569813e-01
2.624000e+01 1.435957e+00 -1.038235e+00
2.632000e+01 1.449717e+00 -1.108605e+00
2.640000e+01 1.462621e+00 -1.176900e+00
2.648000e+01 1.475677e+00 -1.227005e+00
2.656000e+01 1.486563e+00 -1.266407e+00
2.664000e+01 1.494918e+00 -1.294463e+00
2.672000e+01 1.500709e+00 -1.311057e+00
2.680000e+01 1.503984e+00 -1.312960e+00
2.688000e+01 1.504741e+00 -1.303864e+00
2.696000e+01 1.503309e+00 -1.283253e+00
2.704000e+01 1.499942e+00 -1.251324e+00
2.712000e+01 1.494824e+00 -1.209448e+00
2.720000e+01 1.488096e+00 -1.156637e+00
2.728000e+01 1.480210e+00 -1.094010e+00
2.736000e+01 1.471286e+00 -1.019007e+00
2.744000e+01 1.461479e+00 -9.368653e-01
2.752000e+01 1.451267e+00 -8.471368e-01
2.760000e+01 1.440552e+00 -7.420478e-01
2.768000e+01 1.428891e+00 -6.239026e-01
2.776000e+01 1.416363e+00 -5.058507e-01
2.784000e+01 1.404018e+00 -3.793090e-01
2.792000e+01 1.392998e+00 -2.517284e-01
2.800000e+01 1.382435e+00 -1.208984e-01
2.808000e+01 1.372277e+00 7.660763e-03
2.816000e+01 1.362399e+00 1.411645e-01
2.824000e+01 1.353442e+00 2.773623e-01
2.832000e+01 1.345508e+00 4.062078e-01
2.840000e+01 1.338996e+00 5.448867e-01
2.848000e+01 1.334499e+00 6.772227e-01
2.856000e+01 1.332004e+00 8.088945e-01
2.864000e+01 1.330325e+00 9.322417e-01
2.872000e+01 1.330506e+00 1.042440e+00
2.880000e+01 1.332412e+00 1.147730e+00
2.888000e+01 1.336275e+00 1.243793e+00
2.896000e+01 1.341936e+00 1.338328e+00
2.904000e+01 1.350038e+00 1.416987e+00
2.912000e+01 1.357904e+00 1.484867e+00
2.920000e+01 1.365062e+00 1.541637e+00
2.928000e+01 1.371260e+00 1.586944e+00
2.936000e+01 1.376364e+00 1.620537e+00
2.944000e+01 1.380321e+00 1.642271e+00
2.952000e+01 1.383179e+00 1.653093e+00
2.960000e+01 1.385011e+00 1.651092e+00
2.968000e+01 1.385684e+00 1.634898e+00
2.976000e+01 1.385075e+00 1.607347e+00
2.984000e+01 1.383719e+00 1.568581e+00
2.992000e+01 1.381509e+00 1.528643e+00
3.000000e+01 1.378822e+00 1.469851e+00
3.008000e+01 1.375184e+00 1.399656e+00
3.016000e+01 1.371633e+00 1.323437e+00
3.024000e+01 1.367479e+00 1.239335e+00
3.032000e+01 1.362980e+00 1.147971e+00
3.040000e+01 1.358037e+00 1.043105e+00
3.048000e+01 1.352105e+00 9.351162e-01
3.056000e+01 1.346720e+00 8.222169e-01
3.064000e+01 1.342275e+00 7.046707e-01
3.072000e+01 1.338828e+00 5.807479e-01
3.080000e+01 1.336162e+00 4.579330e-01
3.088000e+01 1.335084e+00 3.419337e-01
3.096000e+01 1.335660e+00 2.009725e-01
3.104000e+01 1.335565e+00 7.084884e-02
3.112000e+01 1.336756e+00 -6.197077e-02
3.120000e+01 1.340210e+00 -2.005308e-01
3.128000e+01 1.348796e+00 -3.415787e-01
3.136000e+01 1.360235e+00 -4.636067e-01
3.144000e+01 1.373271e+00 -5.840179e-01
3.152000e+01 1.387642e+00 -6.976354e-01
3.160000e+01 1.402796e+00 -8.053965e-01
3.168000e+01 1.418106e+00 -9.030340e-01
3.176000e+01 1.433271e+00 -9.904210e-01
3.184000e+01 1.447797e+00 -1.067110e+00
3.192000e+01 1.461185e+00 -1.132669e+00
3.200000e+01 1.473475e+00 -1.195976e+00
3.208000e+01 1.485721e+00 -1.241127e+00
3.216000e+01 1.495649e+00 -1.275361e+00
3.224000e+01 1.502962e+00 -1.298158e+00
3.232000e+01 1.507643e+00 -1.306680e+00
3.240000e+01 1.509669e+00 -1.303944e+00
3.248000e+01 1.509331e+00 -1.289536e+00
3.256000e+01 1.506874e+00 -1.263611e+00
3.264000e+01 1.502494e+00 -1.227418e+00
3.272000e+01 1.496359e+00 -1.180021e+00
3.280000e+01 1.488885e+00 -1.122463e+00
3.288000e+01 1.480222e+00 -1.052320e+00
3.296000e+01 1.470537e+00 -9.745620e-01
3.304000e+01 1.460318e+00 -8.888213e-01
3.312000e+01 1.449650e+00 -7.936719e-01
3.320000e+01 1.438008e+00 -6.756830e-01
3.328000e+01 1.425306e+00 -5.599049e-01
3.336000e+01 1.412400e+00 -4.398268e-01
3.344000e+01 1.400011e+00 -3.111691e-01
3.352000e+01 1.389142e+00 -1.817663e-01
3.360000e+01 1.378603e+00 -5.429576e-02
3.368000e+01 1.368199e+00 7.857041e-02
3.376000e+01 1.358637e+00 2.124845e-01
3.384000e+01 1.350431e+00 3.488138e-01
3.392000e+01 1.343450e+00 4.771498e-01
3.400000e+01 1.337955e+00 6.141654e-01
3.408000e+01 1.334437e+00 7.471497e-01
3.416000e+01 1.332671e+00 8.742812e-01
3.424000e+01 1.331713e+00 9.882797e-01
3.432000e+01 1.332336e+00 1.097578e+00
3.440000e+01 1.335088e+00 1.197902e+00
3.448000e+01 1.339439e+00 1.288629e+00
3.456000e+01 1.345255e+00 1.377521e+00
3.464000e+01 1.353240e+00 1.450269e+00
3.472000e+01 1.360778e+00 1.512008e+00
3.480000e+01 1.367451e+00 1.562449e+00
3.488000e+01 1.373057e+00 1.601297e+00
3.496000e+01 1.377508e+00 1.628367e+00
3.504000e+01 1.380788e+00 1.643559e+00
3.512000e+01 1.382979e+00 1.647654e+00
3.520000e+01 1.384130e+00 1.640709e+00
3.528000e+01 1.384106e+00 1.617091e+00
3.536000e+01 1.383012e+00 1.583237e+00
3.544000e+01 1.380977e+00 1.548073e+00
3.552000e+01 1.378448e+00 1.494190e+00
3.560000e+01 1.374768e+00 1.432244e+00
3.568000e+01 1.370445e+00 1.357735e+00
3.576000e+01 1.366483e+00 1.277455e+00
3.584000e+01 1.362168e+00 1.189642e+00
3.592000e+01 1.357739e+00 1.094931e+00
3.600000e+01 1.353031e+00 9.870373e-01
3.608000e+01 1.347459e+00 8.763710e-01
3.616000e+01 1.342526e+00 7.611123e-01
3.624000e+01 1.338606e+00 6.415242e-01
3.632000e+01 1.335874e+00 5.135940e-01
3.640000e+01 1.334515e+00 4.025058e-01
3.648000e+01 1.334248e+00 2.715528e-01
3.656000e+01 1.333646e+00 1.382131e-01
3.664000e+01 1.333949e+00 5.013582e-03
3.672000e+01 1.337017e+00 -1.339428e-01
3.680000e+01 1.344262e+00 -2.773352e-01
3.688000e+01 1.354635e+00 -4.099491e-01
3.696000e+01 1.366989e+00 -5.289721e-01
3.704000e+01 1.380681e+00 -6.457956e-01
3.712000e+01 1.395432e+00 -7.575470e-01
3.720000e+01 1.410615e+00 -8.595778e-01
3.728000e+01 1.425945e+00 -9.516973e-01
3.736000e+01 1.440907e+00 -1.033370e+00
3.744000e+01 1.454977e+00 -1.104117e+00
3.752000e+01 1.468150e+00 -1.172745e+00
3.760000e+01 1.481431e+00 -1.223133e+00
3.768000e+01 1.492494e+00 -1.262751e+00
3.776000e+01 1.500974e+00 -1.290977e+00
3.784000e+01 1.506818e+00 -1.305355e+00
3.792000e+01 1.509996e+00 -1.308249e+00
3.800000e+01 1.510741e+00 -1.299351e+00
3.808000e+01 1.509271e+00 -1.278789e+00
3.816000e+01 1.505825e+00 -1.246837e+00
3.824000e+01 1.500587e+00 -1.204888e+00
3.832000e+01 1.493703e+00 -1.151965e+00
3.840000e+01 1.485625e+00 -1.089205e+00
3.848000e+01 1.476480e+00 -1.014045e+00
3.856000e+01 1.466422e+00 -9.317364e-01
3.864000e+01 1.455936e+00 -8.418416e-01
3.872000e+01 1.444931e+00 -7.365393e-01
3.880000e+01 1.432969e+00 -6.181766e-01
3.888000e+01 1.420128e+00 -4.999347e-01
3.896000e+01 1.407460e+00 -3.731768e-01
3.904000e+01 1.396118e+00 -2.453980e-01
3.912000e+01 1.385237e+00 -1.143739e-01
3.920000e+01 1.374769e+00 1.431661e-02
3.928000e+01 1.364601e+00 1.479571e-01
3.936000e+01 1.355375e+00 2.842425e-01
3.944000e+01 1.347206e+00 4.131597e-01
3.952000e+01 1.340479e+00 5.518193e-01
3.960000e+01 1.335788e+00 6.840469e-01
3.968000e+01 1.333119e+00 8.155532e-01
3.976000e+01 1.331286e+00 9.385929e-01
3.984000e+01 1.331307e+00 1.048398e+00
3.992000e+01 1.333042e+00 1.153184e+00
4.000000e+01 1.336718e+00 1.248658e+00
4.008000e+01 1.342183e+00 1.342554e+00
4.016000e+01 1.350073e+00 1.420496e+00
4.024000e+01 1.357708e+00 1.487603e+00
4.032000e+01 1.364616e+00 1.543552e+00
4.040000e+01 1.370551e+00 1.588002e+00
4.048000e+01 1.375384e+00 1.620711e+00
4.056000e+01 1.379068e+00 1.641544e+00
4.064000e+01 1.381659e+00 1.651449e+00
4.072000e+01 1.383233e+00 1.648533e+00
4.080000e+01 1.383663e+00 1.631415e+00
4.088000e+01 1.382828e+00 1.602968e+00
4.096000e+01 1.380864e+00 1.575501e+00
4.104000e+01 1.378173e+00 1.528553e+00
4.112000e+01 1.375203e+00 1.469559e+00
4.120000e+01 1.371079e+00 1.398936e+00
4.128000e+01 1.367182e+00 1.322387e+00
4.136000e+01 1.362854e+00 1.237997e+00
4.144000e+01 1.358349e+00 1.146372e+00
4.152000e+01 1.353538e+00 1.041249e+00
4.160000e+01 1.347827e+00 9.330046e-01
4.168000e+01 1.342711e+00 8.198340e-01
4.176000e+01 1.338554e+00 7.020006e-01
4.184000e+01 1.335401e+00 5.777969e-01
4.192000e+01 1.333195e+00 4.659608e-01
4.200000e+01 1.333032e+00 3.433051e-01
4.208000e+01 1.333757e+00 2.106694e-01
4.216000e+01 1.334228e+00 7.685178e-02
4.224000e+01 1.335427e+00 -5.669883e-02
4.232000e+01 1.338890e+00 -1.954344e-01
4.240000e+01 1.347542e+00 -3.364537e-01
4.248000e+01 1.359101e+00 -4.583425e-01
4.256000e+01 1.372285e+00 -5.785212e-01
4.264000e+01 1.386816e+00 -6.918598e-01
4.272000e+01 1.402122e+00 -7.992789e-01
4.280000e+01 1.417574e+00 -8.965774e-01
4.288000e+01 1.432861e+00 -9.836369e-01
4.296000e+01 1.447481e+00 -1.060014e+00
4.304000e+01 1.460936e+00 -1.125287e+00
4.312000e+01 1.473270e+00 -1.188310e+00
4.320000e+01 1.485540e+00 -1.233239e+00
4.328000e+01 1.495478e+00 -1.267281e+00
4.336000e+01 1.502793e+00 -1.289922e+00
4.344000e+01 1.507466e+00 -1.298305e+00
4.352000e+01 1.509477e+00 -1.295490e+00
4.360000e+01 1.509118e+00 -1.281063e+00
4.368000e+01 1.506632e+00 -1.255170e+00
4.376000e+01 1.502215e+00 -1.219068e+00
4.384000e+01 1.496036e+00 -1.171822e+00
4.392000e+01 1.488504e+00 -1.114465e+00
4.400000e+01 1.479769e+00 -1.044583e+00
4.408000e+01 1.469998e+00 -9.671351e-01
4.416000e+01 1.459673e+00 -8.817550e-01
4.424000e+01 1.448884e+00 -7.870369e-01
4.432000e+01 1.437109e+00 -6.694794e-01
4.440000e+01 1.424267e+00 -5.541927e-01
4.448000e+01 1.411202e+00 -4.346356e-01
4.456000e+01 1.398628e+00 -3.064986e-01
4.464000e+01 1.387563e+00 -1.776458e-01
4.472000e+01 1.376810e+00 -5.073797e-02
4.480000e+01 1.366172e+00 8.154402e-02
4.488000e+01 1.356361e+00 2.148720e-01
4.496000e+01 1.347893e+00 3.506014e-01
4.504000e+01 1.340643e+00 4.783861e-01
4.512000e+01 1.334868e+00 6.148655e-01
4.520000e+01 1.331061e+00 7.473584e-01
4.528000e+01 1.329006e+00 8.740909e-01
4.536000e+01 1.327978e+00 9.927740e-01
4.544000e+01 1.328697e+00 1.098028e+00
4.552000e+01 1.330929e+00 1.197950e+00
4.560000e+01 1.334875e+00 1.288325e+00
4.568000e+01 1.340364e+00 1.376946e+00
4.576000e+01 1.348080e+00 1.449467e+00
4.584000e+01 1.355390e+00 1.511022e+00
4.592000e+01 1.361872e+00 1.561335e+00
4.600000e+01 1.367316e+00 1.600102e+00
4.608000e+01 1.371631e+00 1.627131e+00
4.616000e+01 1.374800e+00 1.642330e+00
4.624000e+01 1.376902e+00 1.646497e+00
4.632000e+01 1.377984e+00 1.639675e+00
4.640000e+01 1.377909e+00 1.616235e+00
4.648000e+01 1.376382e+00 1.594670e+00
4.656000e+01 1.373981e+00 1.554824e+00
4.664000e+01 1.371129e+00 1.501014e+00
4.672000e+01 1.367190e+00 1.439651e+00
4.680000e+01 1.362723e+00 1.365778e+00
4.688000e+01 1.358759e+00 1.286140e+00
4.696000e+01 1.354584e+00 1.198951e+00
4.704000e+01 1.350407e+00 1.104831e+00
4.712000e+01 1.346023e+00 9.974767e-01
4.720000e+01 1.340802e+00 8.872728e-01
4.728000e+01 1.336217e+00 7.723991e-01
4.736000e+01 1.332619e+00 6.531220e-01
4.744000e+01 1.330180e+00 5.254876e-01
4.752000e+01 1.329069e+00 4.145536e-01
4.760000e+01 1.329030e+00 2.837056e-01
4.768000e+01 1.328840e+00 1.452990e-01
4.776000e+01 1.329731e+00 1.583539e-02
4.784000e+01 1.332742e+00 -1.230917e-01
4.792000e+01 1.339596e+00 -2.543286e-01
4.800000e+01 1.349430e+00 -3.930479e-01
4.808000e+01 1.361867e+00 -5.122293e-01
4.816000e+01 1.375699e+00 -6.293068e-01
4.824000e+01 1.390680e+00 -7.391090e-01
4.832000e+01 1.406246e+00 -8.424669e-01
4.840000e+01 1.421775e+00 -9.354837e-01
4.848000e+01 1.436932e+00 -1.018063e+00
4.856000e+01 1.451225e+00 -1.089800e+00
4.864000e+01 1.464651e+00 -1.159455e+00
4.872000e+01 1.478198e+00 -1.210949e+00
4.880000e+01 1.489541e+00 -1.251762e+00
4.888000e+01 1.498303e+00 -1.281262e+00
4.896000e+01 1.504426e+00 -1.297061e+00
4.904000e+01 1.507877e+00 -1.301409e+00
4.912000e+01 1.508876e+00 -1.294006e+00
4.920000e+01 1.507636e+00 -1.274974e+00
4.928000e+01 1.504389e+00 -1.244573e+00
4.936000e+01 1.499318e+00 -1.204144e+00
4.944000e+01 1.492569e+00 -1.152754e+00
4.952000e+01 1.484583e+00 -1.091504e+00
4.960000e+01 1.475489e+00 -1.017840e+00
4.968000e+01 1.465445e+00 -9.369737e-01
4.976000e+01 1.454935e+00 -8.484727e-01
4.984000e+01 1.443884e+00 -7.444877e-01
4.992000e+01 1.431875e+00 -6.273723e-01
5.000000e+01 1.418962e+00 -5.103245e-01
5.008000e+01 1.405939e+00 -3.889981e-01
5.016000e+01 1.393477e+00 -2.593116e-01
5.024000e+01 1.382618e+00 -1.291853e-01
5.032000e+01 1.372156e+00 -1.332171e-03
5.040000e+01 1.361908e+00 1.315848e-01
5.048000e+01 1.352498e+00 2.672769e-01
5.056000e+01 1.344052e+00 3.957958e-01
5.064000e+01 1.337058e+00 5.268707e-01
5.072000e+01 1.332314e+00 6.620000e-01
5.080000e+01 1.329126e+00 7.946513e-01
5.088000e+01 1.326734e+00 9.185389e-01
5.096000e+01 1.326210e+00 1.029248e+00
5.104000e+01 1.327452e+00 1.135039e+00
5.112000e+01 1.330715e+00 1.231629e+00
5.120000e+01 1.335378e+00 1.318406e+00
5.128000e+01 1.341274e+00 1.403187e+00
5.136000e+01 1.349139e+00 1.471709e+00
5.144000e+01 1.356403e+00 1.529134e+00
5.152000e+01 1.362692e+00 1.575218e+00
5.160000e+01 1.367850e+00 1.609716e+00
5.168000e+01 1.371825e+00 1.632474e+00
5.176000e+01 1.374684e+00 1.644515e+00
5.184000e+01 1.376510e+00 1.643783e+00
5.192000e+01 1.377172e+00 1.629010e+00
5.200000e+01 1.376564e+00 1.602918e+00
5.208000e+01 1.374809e+00 1.577770e+00
5.216000e+01 1.372261e+00 1.534404e+00
5.224000e+01 1.369291e+00 1.477109e+00
5.232000e+01 1.365448e+00 1.408867e+00
5.240000e+01 1.361793e+00 1.334657e+00
5.248000e+01 1.357651e+00 1.252555e+00
5.256000e+01 1.353271e+00 1.163155e+00
5.264000e+01 1.348530e+00 1.060227e+00
5.272000e+01 1.342836e+00 9.540952e-01
5.280000e+01 1.337677e+00 8.429627e-01
5.288000e+01 1.333410e+00 7.270841e-01
5.296000e+01 1.330079e+00 6.047959e-01
5.304000e+01 1.327848e+00 4.887247e-01
5.312000e+01 1.327774e+00 3.714429e-01
5.320000e+01 1.327870e+00 2.405060e-01
5.328000e+01 1.327675e+00 1.079605e-01
5.336000e+01 1.328418e+00 -2.416833e-02
5.344000e+01 1.331890e+00 -1.614817e-01
5.352000e+01 1.339491e+00 -3.029040e-01
5.360000e+01 1.350006e+00 -4.254196e-01
5.368000e+01 1.362248e+00 -5.465085e-01
5.376000e+01 1.375953e+00 -6.611008e-01
5.384000e+01 1.390627e+00 -7.679038e-01
5.392000e+01 1.405705e+00 -8.678178e-01
5.400000e+01 1.420578e+00 -9.572184e-01
5.408000e+01 1.434930e+00 -1.036073e+00
5.416000e+01 1.448290e+00 -1.104001e+00
5.424000e+01 1.460719e+00 -1.168772e+00
5.432000e+01 1.473263e+00 -1.217153e+00
5.440000e+01 1.483490e+00 -1.254307e+00
5.448000e+01 1.491180e+00 -1.280164e+00
5.456000e+01 1.496296e+00 -1.292120e+00
5.464000e+01 1.498812e+00 -1.292841e+00
5.472000e+01 1.498982e+00 -1.281967e+00
5.480000e+01 1.497030e+00 -1.259640e+00
5.488000e+01 1.493145e+00 -1.227114e+00
5.496000e+01 1.487490e+00 -1.183365e+00
5.504000e+01 1.480442e+00 -1.129405e+00
5.512000e+01 1.472157e+00 -1.062945e+00
5.520000e+01 1.462803e+00 -9.886903e-01
5.528000e+01 1.452854e+00 -9.063247e-01
5.536000e+01 1.442412e+00 -8.145038e-01
5.544000e+01 1.431389e+00 -7.073420e-01
5.552000e+01 1.420174e+00 -5.914882e-01
5.560000e+01 1.407413e+00 -4.738585e-01
5.568000e+01 1.394845e+00 -3.478462e-01
5.576000e+01 1.383658e+00 -2.209506e-01
5.584000e+01 1.372993e+00 -9.095766e-02
5.592000e+01 1.362785e+00 3.665882e-02
5.600000e+01 1.352909e+00 1.690522e-01
5.608000e+01 1.344003e+00 3.039594e-01
5.616000e+01 1.336179e+00 4.314046e-01
5.624000e+01 1.329801e+00 5.683130e-01
5.632000e+01 1.325462e+00 6.988032e-01
5.640000e+01 1.323117e+00 8.282864e-01
5.648000e+01 1.321576e+00 9.494489e-01
5.656000e+01 1.321853e+00 1.057478e+00
5.664000e+01 1.323798e+00 1.160558e+00
5.672000e+01 1.327635e+00 1.254442e+00
5.680000e+01 1.333203e+00 1.346828e+00
5.688000e+01 1.341153e+00 1.423416e+00
5.696000e+01 1.348836e+00 1.489291e+00
5.704000e+01 1.355794e+00 1.544137e+00
5.712000e+01 1.361788e+00 1.587623e+00
5.720000e+01 1.366697e+00 1.619509e+00
5.728000e+01 1.370476e+00 1.639666e+00
5.736000e+01 1.373179e+00 1.649014e+00
5.744000e+01 1.374840e+00 1.647134e+00
5.752000e+01 1.375304e+00 1.629001e+00
5.760000e+01 1.374667e+00 1.600418e+00
5.768000e+01 1.372899e+00 1.572934e+00
5.776000e+01 1.370392e+00 1.526163e+00
5.784000e+01 1.367591e+00 1.467459e+00
5.792000e+01 1.363628e+00 1.397232e+00
5.800000e+01 1.359883e+00 1.321178e+00
5.808000e+01 1.355692e+00 1.237364e+00
5.816000e+01 1.351309e+00 1.146381e+00
5.824000e+01 1.346604e+00 1.041989e+00
5.832000e+01 1.340988e+00 9.344949e-01
5.840000e+01 1.335944e+00 8.221034e-01
5.848000e+01 1.331835e+00 7.050659e-01
5.856000e+01 1.328705e+00 5.816541e-01
5.864000e+01 1.326331e+00 4.593888e-01
5.872000e+01 1.325512e+00 3.438281e-01
5.880000e+01 1.326326e+00 2.034103e-01
5.888000e+01 1.326464e+00 7.378213e-02
5.896000e+01 1.328298e+00 -6.603521e-02
5.904000e+01 1.333828e+00 -1.985475e-01
5.912000e+01 1.342342e+00 -3.392646e-01
5.920000e+01 1.353562e+00 -4.611085e-01
5.928000e+01 1.366374e+00 -5.813873e-01
5.936000e+01 1.380562e+00 -6.949093e-01
5.944000e+01 1.395584e+00 -8.026470e-01
5.952000e+01 1.410807e+00 -9.003421e-01
5.960000e+01 1.425926e+00 -9.878840e-01
5.968000e+01 1.440438e+00 -1.064837e+00
5.976000e+01 1.453841e+00 -1.130773e+00
5.984000e+01 1.466165e+00 -1.194526e+00
5.992000e+01 1.478454e+00 -1.240217e+00
6.000000e+01 1.488448e+00 -1.275118e+00
6.008000e+01 1.495843e+00 -1.298686e+00
6.016000e+01 1.500615e+00 -1.308117e+00
6.024000e+01 1.502744e+00 -1.306363e+00
6.032000e+01 1.502515e+00 -1.293014e+00
6.040000e+01 1.500164e+00 -1.268213e+00
6.048000e+01 1.495891e+00 -1.233153e+00
6.056000e+01 1.489860e+00 -1.186953e+00
6.064000e+01 1.482474e+00 -1.130611e+00
6.072000e+01 1.473886e+00 -1.061691e+00
6.080000e+01 1.464262e+00 -9.851483e-01
6.088000e+01 1.454088e+00 -9.006070e-01
6.096000e+01 1.443455e+00 -8.066707e-01
6.104000e+01 1.432256e+00 -6.974250e-01
6.112000e+01 1.420892e+00 -5.796721e-01
6.120000e+01 1.408025e+00 -4.602680e-01
6.128000e+01 1.395389e+00 -3.325988e-01
6.136000e+01 1.384182e+00 -2.041997e-01
6.144000e+01 1.373545e+00 -7.285317e-02
6.152000e+01 1.363414e+00 5.590620e-02
6.160000e+01 1.353672e+00 1.892735e-01
6.168000e+01 1.344940e+00 3.249927e-01
6.176000e+01 1.337322e+00 4.529362e-01
6.184000e+01 1.331153e+00 5.899424e-01
6.192000e+01 1.327031e+00 7.202389e-01
6.200000e+01 1.324867e+00 8.491965e-01
6.208000e+01 1.323452e+00 9.695532e-01
6.216000e+01 1.323794e+00 1.076528e+00
6.224000e+01 1.325725e+00 1.178350e+00
6.232000e+01 1.329455e+00 1.270780e+00
6.240000e+01 1.334812e+00 1.361590e+00
6.248000e+01 1.342460e+00 1.436450e+00
6.256000e+01 1.349755e+00 1.500485e+00
6.264000e+01 1.356257e+00 1.553389e+00
6.272000e+01 1.361745e+00 1.594847e+00
6.280000e+01 1.366118e+00 1.624650e+00
6.288000e+01 1.369351e+00 1.642656e+00
6.296000e+01 1.371516e+00 1.649738e+00
6.304000e+01 1.372662e+00 1.645676e+00
6.312000e+01 1.372651e+00 1.625172e+00
6.320000e+01 1.371180e+00 1.606345e+00
6.328000e+01 1.368842e+00 1.569145e+00
6.336000e+01 1.366065e+00 1.517957e+00
6.344000e+01 1.362220e+00 1.459065e+00
6.352000e+01 1.357836e+00 1.387460e+00
6.360000e+01 1.353937e+00 1.309914e+00
6.368000e+01 1.349810e+00 1.224670e+00
6.376000e+01 1.345666e+00 1.132340e+00
6.384000e+01 1.341310e+00 1.026664e+00
6.392000e+01 1.336108e+00 9.179672e-01
6.400000e+01 1.331506e+00 8.044559e-01
6.408000e+01 1.327846e+00 6.863898e-01
6.416000e+01 1.325162e+00 5.620824e-01
6.424000e+01 1.323398e+00 4.502714e-01
6.432000e+01 1.323392e+00 3.234465e-01
6.440000e+01 1.323508e+00 1.842483e-01
6.448000e+01 1.323913e+00 5.467446e-02
6.456000e+01 1.326199e+00 -8.481263e-02
6.464000e+01 1.332209e+00 -2.168219e-01
6.472000e+01 1.341142e+00 -3.567151e-01
6.480000e+01 1.352663e+00 -4.775073e-01
6.488000e+01 1.365624e+00 -5.965045e-01
6.496000e+01 1.379797e+00 -7.085584e-01
6.504000e+01 1.394639e+00 -8.145502e-01
6.512000e+01 1.409534e+00 -9.104144e-01
6.520000e+01 1.424169e+00 -9.959965e-01
6.528000e+01 1.438065e+00 -1.070928e+00
6.536000e+01 1.451223e+00 -1.144042e+00
6.544000e+01 1.464600e+00 -1.198952e+00
6.552000e+01 1.475851e+00 -1.243300e+00
6.560000e+01 1.484579e+00 -1.276405e+00
6.568000e+01 1.490736e+00 -1.298078e+00
6.576000e+01 1.494356e+00 -1.305387e+00
6.584000e+01 1.495438e+00 -1.301547e+00
6.592000e+01 1.494284e+00 -1.286083e+00
6.600000e+01 1.491137e+00 -1.259156e+00
6.608000e+01 1.486187e+00 -1.222087e+00
6.616000e+01 1.479590e+00 -1.173883e+00
6.624000e+01 1.471774e+00 -1.115600e+00
6.632000e+01 1.462884e+00 -1.044625e+00
6.640000e+01 1.453097e+00 -9.661840e-01
6.648000e+01 1.442892e+00 -8.798440e-01
6.656000e+01 1.432224e+00 -7.778739e-01
6.664000e+01 1.420656e+00 -6.624651e-01
6.672000e+01 1.408237e+00 -5.467741e-01
6.680000e+01 1.395780e+00 -4.265300e-01
6.688000e+01 1.383932e+00 -2.977328e-01
6.696000e+01 1.373686e+00 -1.681647e-01
6.704000e+01 1.364251e+00 -4.725597e-02
6.712000e+01 1.356007e+00 8.877909e-02
6.720000e+01 1.347320e+00 2.231295e-01
6.728000e+01 1.339767e+00 3.594799e-01
6.736000e+01 1.333429e+00 4.876340e-01
6.744000e+01 1.328635e+00 6.244058e-01
6.752000e+01 1.325831e+00 7.618942e-01
6.760000e+01 1.324620e+00 8.861808e-01
6.768000e+01 1.324393e+00 9.998361e-01
6.776000e+01 1.325943e+00 1.109071e+00
6.784000e+01 1.329665e+00 1.209506e+00
6.792000e+01 1.334957e+00 1.300490e+00
6.800000e+01 1.341625e+00 1.389634e+00
6.808000e+01 1.350377e+00 1.462797e+00
6.816000e+01 1.358621e+00 1.525026e+00
6.824000e+01 1.365946e+00 1.576036e+00
6.832000e+01 1.372150e+00 1.615537e+00
6.840000e+01 1.377143e+00 1.643339e+00
6.848000e+01 1.380912e+00 1.659344e+00
6.856000e+01 1.383529e+00 1.664243e+00
6.864000e+01 1.384984e+00 1.654532e+00
6.872000e+01 1.385064e+00 1.633313e+00
6.880000e+01 1.384239e+00 1.600735e+00
6.888000e+01 1.382706e+00 1.557165e+00
6.896000e+01 1.380197e+00 1.507509e+00
6.904000e+01 1.377128e+00 1.446831e+00
6.912000e+01 1.373312e+00 1.373093e+00
6.920000e+01 1.369665e+00 1.293552e+00
6.928000e+01 1.365452e+00 1.206443e+00
6.936000e+01 1.360923e+00 1.112391e+00
6.944000e+01 1.355967e+00 1.005176e+00
6.952000e+01 1.350065e+00 8.950984e-01
6.960000e+01 1.344738e+00 7.803270e-01
6.968000e+01 1.340400e+00 6.611440e-01
6.976000e+01 1.337122e+00 5.356807e-01
6.984000e+01 1.334727e+00 4.118001e-01
6.992000e+01 1.333464e+00 2.763286e-01
7.000000e+01 1.332317e+00 1.472787e-01
7.008000e+01 1.332776e+00 1.465393e-02
7.016000e+01 1.336011e+00 -1.248856e-01
7.024000e+01 1.342960e+00 -2.567977e-01
7.032000e+01 1.352801e+00 -3.962810e-01
7.040000e+01 1.365203e+00 -5.163877e-01
7.048000e+01 1.379002e+00 -6.344204e-01
7.056000e+01 1.393968e+00 -7.452125e-01
7.064000e+01 1.409540e+00 -8.497929e-01
7.072000e+01 1.425080e+00 -9.440024e-01
7.080000e+01 1.440275e+00 -1.027810e+00
7.088000e+01 1.454630e+00 -1.100824e+00
7.096000e+01 1.468146e+00 -1.171809e+00
7.104000e+01 1.481808e+00 -1.224477e+00
7.112000e+01 1.493296e+00 -1.266625e+00
7.120000e+01 1.502214e+00 -1.297516e+00
7.128000e+01 1.508501e+00 -1.314815e+00
7.136000e+01 1.512121e+00 -1.320686e+00
7.144000e+01 1.513287e+00 -1.314831e+00
7.152000e+01 1.512206e+00 -1.297360e+00
7.160000e+01 1.509100e+00 -1.268515e+00
7.168000e+01 1.504154e+00 -1.229504e+00
7.176000e+01 1.497516e+00 -1.179570e+00
7.184000e+01 1.489596e+00 -1.119725e+00
7.192000e+01 1.480520e+00 -1.047449e+00
7.200000e+01 1.470446e+00 -9.678685e-01
7.208000e+01 1.459847e+00 -8.805669e-01
7.216000e+01 1.448608e+00 -7.791996e-01
7.224000e+01 1.436251e+00 -6.619657e-01
7.232000e+01 1.423276e+00 -5.458028e-01
7.240000e+01 1.410086e+00 -4.253143e-01
7.248000e+01 1.397361e+00 -2.963632e-01
7.256000e+01 1.386126e+00 -1.669912e-01
7.264000e+01 1.375181e+00 -3.988518e-02
7.272000e+01 1.364345e+00 9.236613e-02
7.280000e+01 1.354338e+00 2.254140e-01
7.288000e+01 1.345673e+00 3.606458e-01
7.296000e+01 1.338218e+00 4.876915e-01
7.304000e+01 1.332204e+00 6.230553e-01
7.312000e+01 1.328032e+00 7.477981e-01
7.320000e+01 1.325526e+00 8.770618e-01
7.328000e+01 1.324231e+00 9.945879e-01
7.336000e+01 1.324612e+00 1.098479e+00
7.344000e+01 1.326446e+00 1.197024e+00
7.352000e+01 1.329954e+00 1.286035e+00
7.360000e+01 1.334988e+00 1.373361e+00
7.368000e+01 1.342234e+00 1.444701e+00
7.376000e+01 1.349076e+00 1.505222e+00
7.384000e+01 1.355102e+00 1.554671e+00
7.392000e+01 1.360119e+00 1.592792e+00
7.400000e+01 1.364045e+00 1.619361e+00
7.408000e+01 1.366926e+00 1.635551e+00
7.416000e+01 1.368836e+00 1.639049e+00
7.424000e+01 1.369660e+00 1.632309e+00
7.432000e+01 1.369387e+00 1.609317e+00
7.440000e+01 1.367724e+00 1.588445e+00
7.448000e+01 1.365243e+00 1.549541e+00
7.456000e+01 1.362364e+00 1.497101e+00
7.464000e+01 1.358652e+00 1.433507e+00
7.472000e+01 1.355074e+00 1.363830e+00
7.480000e+01 1.350929e+00 1.286124e+00
7.488000e+01 1.346471e+00 1.200959e+00
7.496000e+01 1.341980e+00 1.108990e+00
7.504000e+01 1.337273e+00 1.003991e+00
7.512000e+01 1.331725e+00 8.962054e-01
7.520000e+01 1.326775e+00 7.838027e-01
7.528000e+01 1.322771e+00 6.670280e-01
7.536000e+01 1.319763e+00 5.442437e-01
7.544000e+01 1.317716e+00 4.337824e-01
7.552000e+01 1.317452e+00 3.086073e-01
7.560000e+01 1.317362e+00 1.713443e-01
7.568000e+01 1.317631e+00 4.364958e-02
7.576000e+01 1.319809e+00 -9.380774e-02
7.584000e+01 1.325746e+00 -2.237782e-01
7.592000e+01 1.334591e+00 -3.616341e-01
7.600000e+01 1.346002e+00 -4.805135e-01
7.608000e+01 1.358833e+00 -5.976692e-01
7.616000e+01 1.372870e+00 -7.079745e-01
7.624000e+01 1.387581e+00 -8.122621e-01
7.632000e+01 1.402359e+00 -9.065793e-01
7.640000e+01 1.416895e+00 -9.908049e-01
7.648000e+01 1.430715e+00 -1.064520e+00
7.656000e+01 1.443376e+00 -1.126043e+00
7.664000e+01 1.454996e+00 -1.186476e+00
7.672000e+01 1.466490e+00 -1.229981e+00
7.680000e+01 1.475633e+00 -1.262300e+00
7.688000e+01 1.482257e+00 -1.283408e+00
7.696000e+01 1.486352e+00 -1.290372e+00
7.704000e+01 1.487901e+00 -1.286415e+00
7.712000e+01 1.487199e+00 -1.271088e+00
7.720000e+01 1.484486e+00 -1.244548e+00
7.728000e+01 1.479956e+00 -1.208177e+00
7.736000e+01 1.473761e+00 -1.160838e+00
7.744000e+01 1.466307e+00 -1.103619e+00
7.752000e+01 1.457728e+00 -1.034179e+00
7.760000e+01 1.448196e+00 -9.573277e-01
7.768000e+01 1.438163e+00 -8.727110e-01
7.776000e+01 1.427526e+00 -7.741823e-01
7.784000e+01 1.415794e+00 -6.598969e-01
7.792000e+01 1.403429e+00 -5.463722e-01
7.800000e+01 1.390903e+00 -4.283714e-01
7.808000e+01 1.378866e+00 -3.018202e-01
7.816000e+01 1.368314e+00 -1.745688e-01
7.824000e+01 1.358442e+00 -5.581605e-02
7.832000e+01 1.349614e+00 7.785829e-02
7.840000e+01 1.340233e+00 2.099197e-01
7.848000e+01 1.331875e+00 3.439580e-01
7.856000e+01 1.324629e+00 4.701048e-01
7.864000e+01 1.318820e+00 6.049589e-01
7.872000e+01 1.315043e+00 7.331328e-01
7.880000e+01 1.313183e+00 8.596655e-01
7.888000e+01 1.312030e+00 9.777690e-01
7.896000e+01 1.312584e+00 1.082649e+00
7.904000e+01 1.314667e+00 1.182442e+00
7.912000e+01 1.318487e+00 1.272981e+00
7.920000e+01 1.323876e+00 1.361994e+00
7.928000e+01 1.331518e+00 1.435238e+00
7.936000e+01 1.338805e+00 1.497792e+00
7.944000e+01 1.345314e+00 1.549369e+00
7.952000e+01 1.350834e+00 1.589660e+00
7.960000e+01 1.355265e+00 1.618463e+00
7.968000e+01 1.358638e+00 1.636938e+00
7.976000e+01 1.361000e+00 1.642684e+00
7.984000e+01 1.362234e+00 1.638120e+00
7.992000e+01 1.362330e+00 1.617338e+00
8.000000e+01 1.360991e+00 1.598403e+00
8.008000e+01 1.358790e+00 1.561316e+00
8.016000e+01 1.356153e+00 1.510469e+00
8.024000e+01 1.352447e+00 1.452038e+00
8.032000e+01 1.348197e+00 1.381070e+00
8.040000e+01 1.344421e+00 1.304313e+00
8.048000e+01 1.340404e+00 1.219955e+00
8.056000e+01 1.336356e+00 1.128601e+00
8.064000e+01 1.332085e+00 1.024004e+00
8.072000e+01 1.326965e+00 9.164198e-01
8.080000e+01 1.322434e+00 8.040462e-01
8.088000e+01 1.318839e+00 6.871253e-01
8.096000e+01 1.316221e+00 5.639284e-01
8.104000e+01 1.314353e+00 4.421336e-01
8.112000e+01 1.313793e+00 3.226288e-01
8.120000e+01 1.314264e+00 1.844159e-01
8.128000e+01 1.314972e+00 5.568446e-02
8.136000e+01 1.317539e+00 -8.311527e-02
8.144000e+01 1.323793e+00 -2.147560e-01
8.152000e+01 1.332988e+00 -3.544734e-01
8.160000e+01 1.344804e+00 -4.753100e-01
8.168000e+01 1.358104e+00 -5.946466e-01
8.176000e+01 1.372660e+00 -7.073077e-01
8.184000e+01 1.387936e+00 -8.142490e-01
8.192000e+01 1.403303e+00 -9.112801e-01
8.200000e+01 1.418459e+00 -9.982791e-01
8.208000e+01 1.432906e+00 -1.074790e+00
8.216000e+01 1.446622e+00 -1.149467e+00
8.224000e+01 1.460566e+00 -1.206027e+00
8.232000e+01 1.472390e+00 -1.252155e+00
8.240000e+01 1.481675e+00 -1.287087e+00
8.248000e+01 1.488360e+00 -1.310638e+00
8.256000e+01 1.492474e+00 -1.319933e+00
8.264000e+01 1.494008e+00 -1.317998e+00
8.272000e+01 1.493256e+00 -1.304402e+00
8.280000e+01 1.490449e+00 -1.279281e+00
8.288000e+01 1.485779e+00 -1.243812e+00
8.296000e+01 1.479406e+00 -1.197144e+00
8.304000e+01 1.471749e+00 -1.140273e+00
8.312000e+01 1.462961e+00 -1.070646e+00
8.320000e+01 1.453213e+00 -9.933839e-01
8.328000e+01 1.443002e+00 -9.080534e-01
8.336000e+01 1.432421e+00 -8.131946e-01
8.344000e+01 1.421334e+00 -7.030598e-01
8.352000e+01 1.410141e+00 -5.842632e-01
8.360000e+01 1.397567e+00 -4.637358e-01
8.368000e+01 1.385313e+00 -3.349404e-01
8.376000e+01 1.374568e+00 -2.053058e-01
8.384000e+01 1.364475e+00 -7.268839e-02
8.392000e+01 1.354971e+00 5.732682e-02
8.400000e+01 1.345939e+00 1.919933e-01
8.408000e+01 1.337960e+00 3.290477e-01
8.416000e+01 1.331116e+00 4.580981e-01
8.424000e+01 1.325746e+00 5.961928e-01
8.432000e+01 1.322539e+00 7.292489e-01
8.440000e+01 1.321523e+00 8.576169e-01
8.448000e+01 1.320532e+00 9.736168e-01
8.456000e+01 1.321183e+00 1.085037e+00
8.464000e+01 1.324053e+00 1.187689e+00
8.472000e+01 1.328597e+00 1.280985e+00
8.480000e+01 1.334646e+00 1.372583e+00
8.488000e+01 1.342887e+00 1.448334e+00
8.496000e+01 1.350702e+00 1.513292e+00
8.504000e+01 1.357663e+00 1.567167e+00
8.512000e+01 1.363553e+00 1.609648e+00
8.520000e+01 1.368270e+00 1.640521e+00
8.528000e+01 1.371792e+00 1.659662e+00
8.536000e+01 1.374185e+00 1.667832e+00
8.544000e+01 1.375445e+00 1.661405e+00
8.552000e+01 1.375357e+00 1.643418e+00
8.560000e+01 1.374369e+00 1.613984e+00
8.568000e+01 1.372271e+00 1.585529e+00
8.576000e+01 1.369454e+00 1.537678e+00
8.584000e+01 1.366361e+00 1.477805e+00
8.592000e+01 1.362111e+00 1.406488e+00
8.600000e+01 1.358109e+00 1.329424e+00
8.608000e+01 1.353698e+00 1.244654e+00
8.616000e+01 1.349138e+00 1.152756e+00
8.624000e+01 1.344305e+00 1.047532e+00
8.632000e+01 1.338615e+00 9.392105e-01
8.640000e+01 1.333531e+00 8.260157e-01
8.648000e+01 1.329410e+00 7.081943e-01
8.656000e+01 1.326291e+00 5.839505e-01
8.664000e+01 1.323955e+00 4.609503e-01
8.672000e+01 1.323035e+00 3.336768e-01
8.680000e+01 1.323317e+00 1.969343e-01
8.688000e+01 1.323754e+00 6.754358e-02
8.696000e+01 1.325945e+00 -7.262131e-02
8.704000e+01 1.331805e+00 -2.055492e-01
8.712000e+01 1.340614e+00 -3.465728e-01
8.720000e+01 1.352081e+00 -4.686598e-01
8.728000e+01 1.365090e+00 -5.891322e-01
8.736000e+01 1.379411e+00 -7.028090e-01
8.744000e+01 1.394492e+00 -8.107873e-01
8.752000e+01 1.409695e+00 -9.087152e-01
8.760000e+01 1.424720e+00 -9.965400e-01
8.768000e+01 1.439062e+00 -1.073835e+00
8.776000e+01 1.452241e+00 -1.140204e+00
8.784000e+01 1.464318e+00 -1.203224e+00
8.792000e+01 1.476385e+00 -1.250007e+00
8.800000e+01 1.486040e+00 -1.285600e+00
8.808000e+01 1.493105e+00 -1.309927e+00
8.816000e+01 1.497563e+00 -1.320185e+00
8.824000e+01 1.499404e+00 -1.319346e+00
8.832000e+01 1.498911e+00 -1.306975e+00
8.840000e+01 1.496326e+00 -1.283212e+00
8.848000e+01 1.491844e+00 -1.249140e+00
8.856000e+01 1.485635e+00 -1.204012e+00
8.864000e+01 1.478084e+00 -1.148756e+00
8.872000e+01 1.469346e+00 -1.080927e+00
8.880000e+01 1.459582e+00 -1.005467e+00
8.888000e+01 1.449279e+00 -9.219850e-01
8.896000e+01 1.438531e+00 -8.291352e-01
8.904000e+01 1.427254e+00 -7.207166e-01
8.912000e+01 1.415845e+00 -6.038876e-01
8.920000e+01 1.402928e+00 -4.853106e-01
8.928000e+01 1.390224e+00 -3.583397e-01
8.936000e+01 1.378923e+00 -2.305565e-01
8.944000e+01 1.368145e+00 -9.971976e-02
8.952000e+01 1.357838e+00 2.861713e-02
8.960000e+01 1.347881e+00 1.617486e-01
8.968000e+01 1.338881e+00 2.974018e-01
8.976000e+01 1.330930e+00 4.254418e-01
8.984000e+01 1.324366e+00 5.628775e-01
8.992000e+01 1.319786e+00 6.938066e-01
9.000000e+01 1.317136e+00 8.238493e-01
9.008000e+01 1.315224e+00 9.454519e-01
9.016000e+01 1.315057e+00 1.053836e+00
9.024000e+01 1.316504e+00 1.157311e+00
9.032000e+01 1.319809e+00 1.251608e+00
9.040000e+01 1.324817e+00 1.344470e+00
9.048000e+01 1.332186e+00 1.421619e+00
9.056000e+01 1.339271e+00 1.488149e+00
9.064000e+01 1.345619e+00 1.543749e+00
9.072000e+01 1.351004e+00 1.588090e+00
9.080000e+01 1.355316e+00 1.620933e+00
9.088000e+01 1.358525e+00 1.642131e+00
9.096000e+01 1.360700e+00 1.652653e+00
9.104000e+01 1.361886e+00 1.651918e+00
9.112000e+01 1.361935e+00 1.635050e+00
9.120000e+01 1.360538e+00 1.619718e+00
9.128000e+01 1.358153e+00 1.588673e+00
9.136000e+01 1.355112e+00 1.542885e+00
9.144000e+01 1.351907e+00 1.485905e+00
9.152000e+01 1.347711e+00 1.417349e+00
9.160000e+01 1.343915e+00 1.342978e+00
9.168000e+01 1.339841e+00 1.260839e+00
9.176000e+01 1.335707e+00 1.171522e+00
9.184000e+01 1.331732e+00 1.075676e+00
9.192000e+01 1.327663e+00 9.670743e-01
9.200000e+01 1.322843e+00 8.559577e-01
9.208000e+01 1.318673e+00 7.405297e-01
9.216000e+01 1.315387e+00 6.188368e-01
9.224000e+01 1.312803e+00 4.981060e-01
9.232000e+01 1.311695e+00 3.839794e-01
9.240000e+01 1.312134e+00 2.450525e-01
9.248000e+01 1.311795e+00 1.166057e-01
9.256000e+01 1.312873e+00 -1.417192e-02
9.264000e+01 1.316558e+00 -1.506369e-01
9.272000e+01 1.323817e+00 -2.792279e-01
9.280000e+01 1.333638e+00 -4.070366e-01
9.288000e+01 1.345635e+00 -5.276854e-01
9.296000e+01 1.359025e+00 -6.420017e-01
9.304000e+01 1.373319e+00 -7.488063e-01
9.312000e+01 1.387983e+00 -8.490402e-01
9.320000e+01 1.402424e+00 -9.390201e-01
9.328000e+01 1.416352e+00 -1.018714e+00
9.336000e+01 1.429328e+00 -1.087770e+00
9.344000e+01 1.441421e+00 -1.153821e+00
9.352000e+01 1.453682e+00 -1.203845e+00
9.360000e+01 1.463693e+00 -1.242951e+00
9.368000e+01 1.471241e+00 -1.271069e+00
9.376000e+01 1.476320e+00 -1.288120e+00
9.384000e+01 1.478985e+00 -1.290850e+00
9.392000e+01 1.479236e+00 -1.283003e+00
9.400000e+01 1.477401e+00 -1.264028e+00
9.408000e+01 1.473716e+00 -1.233875e+00
9.416000e+01 1.468368e+00 -1.194485e+00
9.424000e+01 1.461520e+00 -1.144304e+00
9.432000e+01 1.453464e+00 -1.081733e+00
9.440000e+01 1.444373e+00 -1.011266e+00
9.448000e+01 1.434704e+00 -9.325956e-01
9.456000e+01 1.424655e+00 -8.462418e-01
9.464000e+01 1.414267e+00 -7.417662e-01
9.472000e+01 1.403396e+00 -6.291586e-01
9.480000e+01 1.390947e+00 -5.146463e-01
9.488000e+01 1.378679e+00 -3.915533e-01
9.496000e+01 1.367753e+00 -2.673265e-01
9.504000e+01 1.357284e+00 -1.397413e-01
9.512000e+01 1.347212e+00 -1.418328e-02
9.520000e+01 1.337385e+00 1.164807e-01
9.528000e+01 1.328505e+00 2.479806e-01
9.536000e+01 1.321047e+00 3.816635e-01
9.544000e+01 1.314836e+00 5.071596e-01
9.552000e+01 1.310089e+00 6.408198e-01
9.560000e+01 1.307380e+00 7.721161e-01
9.568000e+01 1.306584e+00 8.943909e-01
9.576000e+01 1.306201e+00 1.010288e+00
9.584000e+01 1.307487e+00 1.112967e+00
9.592000e+01 1.310192e+00 1.210573e+00
9.600000e+01 1.314963e+00 1.307185e+00
9.608000e+01 1.322420e+00 1.388586e+00
9.616000e+01 1.329890e+00 1.459783e+00
9.624000e+01 1.336864e+00 1.520402e+00
9.632000e+01 1.343056e+00 1.570058e+00
9.640000e+01 1.348296e+00 1.608455e+00
9.648000e+01 1.352495e+00 1.635407e+00
9.656000e+01 1.355677e+00 1.651994e+00
9.664000e+01 1.357884e+00 1.655977e+00
9.672000e+01 1.358948e+00 1.646231e+00
9.680000e+01 1.358359e+00 1.637092e+00
9.688000e+01 1.356681e+00 1.612155e+00
9.696000e+01 1.354185e+00 1.573506e+00
9.704000e+01 1.351287e+00 1.521547e+00
9.712000e+01 1.347608e+00 1.458412e+00
9.720000e+01 1.344177e+00 1.389083e+00
9.728000e+01 1.340318e+00 1.311589e+00
9.736000e+01 1.336267e+00 1.226482e+00
9.744000e+01 1.332278e+00 1.134406e+00
9.752000e+01 1.328151e+00 1.029147e+00
9.760000e+01 1.323228e+00 9.208699e-01
9.768000e+01 1.318913e+00 8.077961e-01
9.776000e+01 1.315542e+00 6.901749e-01
9.784000e+01 1.313267e+00 5.639623e-01
9.792000e+01 1.312069e+00 4.431959e-01
9.800000e+01 1.311675e+00 3.164105e-01
9.808000e+01 1.312516e+00 1.802563e-01
9.816000e+01 1.313550e+00 5.156927e-02
9.824000e+01 1.316361e+00 -8.744702e-02
9.832000e+01 1.322839e+00 -2.193390e-01
9.840000e+01 1.331871e+00 -3.470862e-01
9.848000e+01 1.343317e+00 -4.736626e-01
9.856000e+01 1.356857e+00 -5.927400e-01
9.864000e+01 1.371667e+00 -7.050185e-01
9.872000e+01 1.387186e+00 -8.116538e-01
9.880000e+01 1.402771e+00 -9.083629e-01
9.888000e+01 1.418120e+00 -9.950754e-01
9.896000e+01 1.432730e+00 -1.071362e+00
9.904000e+01 1.446589e+00 -1.145883e+00
9.912000e+01 1.460654e+00 -1.202311e+00
9.920000e+01 1.472604e+00 -1.248532e+00
9.928000e+01 1.482016e+00 -1.283753e+00
9.936000e+01 1.488834e+00 -1.307787e+00
9.944000e+01 1.493091e+00 -1.317773e+00
9.952000e+01 1.494779e+00 -1.316744e+00
9.960000e+01 1.494182e+00 -1.304252e+00
9.968000e+01 1.491530e+00 -1.280431e+00
9.976000e+01 1.487006e+00 -1.246306e+00
9.984000e+01 1.480767e+00 -1.201218e+00
9.992000e+01 1.473202e+00 -1.146063e+00
1.000000e+02 1.464452e+00 -1.078315e+00
1.000800e+02 1.454679e+00 -1.003021e+00
1.001600e+02 1.444374e+00 -9.197497e-01
1.002400e+02 1.433629e+00 -8.271532e-01
1.003200e+02 1.422357e+00 -7.189220e-01
1.004000e+02 1.410961e+00 -6.023732e-01
1.004800e+02 1.398070e+00 -4.840824e-01
1.005600e+02 1.385401e+00 -3.573997e-01
1.006400e+02 1.374136e+00 -2.299135e-01
1.007200e+02 1.363396e+00 -9.937800e-02
1.008000e+02 1.353132e+00 2.863735e-02
1.008800e+02 1.343222e+00 1.614550e-01
1.009600e+02 1.334262e+00 2.968334e-01
1.010400e+02 1.326338e+00 4.245918e-01
1.011200e+02 1.319786e+00 5.618223e-01
1.012000e+02 1.315202e+00 6.925824e-01
1.012800e+02 1.312542e+00 8.226108e-01
1.013600e+02 1.310605e+00 9.442477e-01
1.014400e+02 1.310410e+00 1.052731e+00
1.015200e+02 1.311834e+00 1.156403e+00
1.016000e+02 1.315130e+00 1.251000e+00
1.016800e+02 1.320141e+00 1.344241e+00
1.017600e+02 1.327526e+00 1.421893e+00
1.018400e+02 1.334651e+00 1.489025e+00
1.019200e+02 1.341059e+00 1.545346e+00
1.020000e+02 1.346523e+00 1.590497e+00
1.020800e+02 1.350930e+00 1.624243e+00
1.021600e+02 1.354247e+00 1.646437e+00
1.022400e+02 1.356545e+00 1.658089e+00
1.023200e+02 1.357860e+00 1.658495e+00
1.024000e+02 1.358042e+00 1.642947e+00
1.024800e+02 1.356773e+00 1.628972e+00
1.025600e+02 1.354508e+00 1.599350e+00
1.026400e+02 1.351580e+00 1.554964e+00
1.027200e+02 1.348482e+00 1.499512e+00
1.028000e+02 1.344386e+00 1.432471e+00
1.028800e+02 1.340663e+00 1.359678e+00
1.029600e+02 1.336627e+00 1.279031e+00
1.030400e+02 1.332504e+00 1.191117e+00
1.031200e+02 1.328519e+00 1.096581e+00
1.032000e+02 1.324432e+00 9.892061e-01
1.032800e+02 1.319587e+00 8.791682e-01
1.033600e+02 1.315379e+00 7.646811e-01
1.034400e+02 1.312042e+00 6.437636e-01
1.035200e+02 1.309616e+00 5.177923e-01
1.036000e+02 1.308684e+00 3.969565e-01
1.036800e+02 1.308202e+00 2.628285e-01
1.037600e+02 1.307770e+00 1.353732e-01
1.038400e+02 1.308845e+00 4.553404e-03
1.039200e+02 1.312544e+00 -1.324602e-01
1.040000e+02 1.319805e+00 -2.619353e-01
1.040800e+02 1.329763e+00 -3.988053e-01
1.041600e+02 1.342063e+00 -5.163309e-01
1.042400e+02 1.355538e+00 -6.318847e-01
1.043200e+02 1.369970e+00 -7.403586e-01
1.044000e+02 1.384842e+00 -8.426760e-01
1.044800e+02 1.399547e+00 -9.349357e-01
1.045600e+02 1.413792e+00 -1.017075e+00
1.046400e+02 1.427131e+00 -1.088710e+00
1.047200e+02 1.439619e+00 -1.157267e+00
1.048000e+02 1.452298e+00 -1.209930e+00
1.048800e+02 1.462717e+00 -1.251685e+00
1.049600e+02 1.470654e+00 -1.282436e+00
1.050400e+02 1.476092e+00 -1.302057e+00
1.051200e+02 1.479085e+00 -1.307422e+00
1.052000e+02 1.479633e+00 -1.302028e+00
1.052800e+02 1.478051e+00 -1.285360e+00
1.053600e+02 1.474581e+00 -1.257571e+00
1.054400e+02 1.469412e+00 -1.219957e+00
1.055200e+02 1.462683e+00 -1.171526e+00
1.056000e+02 1.454810e+00 -1.113321e+00
1.056800e+02 1.445918e+00 -1.042871e+00
1.057600e+02 1.436172e+00 -9.651718e-01
1.058400e+02 1.426032e+00 -8.798028e-01
1.059200e+02 1.415432e+00 -7.790686e-01
1.060000e+02 1.403971e+00 -6.651177e-01
1.060800e+02 1.391669e+00 -5.510257e-01
1.061600e+02 1.379300e+00 -4.324974e-01
1.062400e+02 1.367490e+00 -3.054722e-01
1.063200e+02 1.357237e+00 -1.777693e-01
1.064000e+02 1.347720e+00 -5.864100e-02
1.064800e+02 1.339314e+00 7.543730e-02
1.065600e+02 1.330392e+00 2.079174e-01
1.066400e+02 1.322508e+00 3.424351e-01
1.067200e+02 1.315724e+00 4.689293e-01
1.068000e+02 1.310358e+00 6.041459e-01
1.068800e+02 1.307091e+00 7.345137e-01
1.069600e+02 1.305948e+00 8.600822e-01
1.070400e+02 1.304975e+00 9.787202e-01
1.071200e+02 1.305713e+00 1.084142e+00
1.072000e+02 1.307979e+00 1.184643e+00
1.072800e+02 1.311969e+00 1.276034e+00
1.073600e+02 1.317487e+00 1.365983e+00
1.074400e+02 1.325223e+00 1.440346e+00
1.075200e+02 1.332579e+00 1.504154e+00
1.076000e+02 1.339136e+00 1.557119e+00
1.076800e+02 1.344684e+00 1.598923e+00
1.077600e+02 1.349127e+00 1.629356e+00
1.078400e+02 1.352499e+00 1.649573e+00
1.079200e+02 1.354847e+00 1.657144e+00
1.080000e+02 1.356059e+00 1.654374e+00
1.080800e+02 1.355732e+00 1.647351e+00
1.081600e+02 1.354069e+00 1.625629e+00
1.082400e+02 1.351542e+00 1.590199e+00
1.083200e+02 1.348687e+00 1.542933e+00
1.084000e+02 1.345008e+00 1.486040e+00
1.084800e+02 1.340620e+00 1.417004e+00
1.085600e+02 1.336802e+00 1.342162e+00
1.086400e+02 1.332833e+00 1.259567e+00
1.087200e+02 1.328894e+00 1.169818e+00
1.088000e+02 1.325165e+00 1.073543e+00
1.088800e+02 1.321373e+00 9.644963e-01
1.089600e+02 1.316856e+00 8.528333e-01
1.090400e+02 1.313011e+00 7.367826e-01
1.091200e+02 1.310082e+00 6.142730e-01
1.092000e+02 1.307887e+00 4.928969e-01
1.092800e+02 1.307058e+00 3.670004e-01
1.093600e+02 1.307410e+00 2.314495e-01
1.094400e+02 1.307868e+00 1.029176e-01
1.095200e+02 1.310043e+00 -3.669709e-02
1.096000e+02 1.315820e+00 -1.695472e-01
1.096800e+02 1.324135e+00 -2.987453e-01
1.097600e+02 1.334904e+00 -4.273325e-01
1.098400e+02 1.347850e+00 -5.488247e-01
1.099200e+02 1.362188e+00 -6.639074e-01
1.100000e+02 1.377425e+00 -7.714547e-01
1.100800e+02 1.392997e+00 -8.725204e-01
1.101600e+02 1.408276e+00 -9.632985e-01
1.102400e+02 1.422954e+00 -1.043766e+00
1.103200e+02 1.436578e+00 -1.113600e+00
1.104000e+02 1.449199e+00 -1.180153e+00
1.104800e+02 1.461883e+00 -1.230772e+00
1.105600e+02 1.472202e+00 -1.270409e+00
1.106400e+02 1.479954e+00 -1.298981e+00
1.107200e+02 1.485112e+00 -1.313920e+00
1.108000e+02 1.487658e+00 -1.317755e+00
1.108800e+02 1.487840e+00 -1.310136e+00
1.109600e+02 1.485881e+00 -1.291125e+00
1.110400e+02 1.482017e+00 -1.260996e+00
1.111200e+02 1.476435e+00 -1.220929e+00
1.112000e+02 1.469282e+00 -1.170179e+00
1.112800e+02 1.460992e+00 -1.109757e+00
1.113600e+02 1.451686e+00 -1.036968e+00
1.114400e+02 1.441527e+00 -9.571593e-01
1.115200e+02 1.430990e+00 -8.698121e-01
1.116000e+02 1.419999e+00 -7.669917e-01
1.116800e+02 1.408157e+00 -6.511696e-01
1.117600e+02 1.395506e+00 -5.353608e-01
1.118400e+02 1.382805e+00 -4.152581e-01
1.119200e+02 1.370692e+00 -2.867282e-01
1.120000e+02 1.360183e+00 -1.576880e-01
1.120800e+02 1.350459e+00 -3.745880e-02
1.121600e+02 1.341904e+00 9.761137e-02
1.122400e+02 1.332896e+00 2.308844e-01
1.123200e+02 1.324979e+00 3.659938e-01
1.124000e+02 1.318117e+00 5.003198e-01
1.124800e+02 1.312393e+00 6.325456e-01
1.125600e+02 1.309061e+00 7.583412e-01
1.126400e+02 1.307662e+00 8.857555e-01
1.127200e+02 1.306915e+00 1.003379e+00
1.128000e+02 1.307845e+00 1.107561e+00
1.128800e+02 1.310204e+00 1.206618e+00
1.129600e+02 1.314187e+00 1.296432e+00
1.130400e+02 1.319601e+00 1.384671e+00
1.131200e+02 1.327147e+00 1.457231e+00
1.132000e+02 1.334238e+00 1.519133e+00
1.132800e+02 1.340478e+00 1.570127e+00
1.133600e+02 1.345674e+00 1.609937e+00
1.134400e+02 1.349749e+00 1.638343e+00
1.135200e+02 1.352751e+00 1.656474e+00
1.136000e+02 1.354745e+00 1.662002e+00
1.136800e+02 1.355578e+00 1.653725e+00
1.137600e+02 1.354762e+00 1.646111e+00
1.138400e+02 1.352867e+00 1.622724e+00
1.139200e+02 1.350170e+00 1.585583e+00
1.140000e+02 1.347105e+00 1.535197e+00
1.140800e+02 1.343099e+00 1.477400e+00
1.141600e+02 1.338674e+00 1.407031e+00
1.142400e+02 1.334872e+00 1.330933e+00
1.143200e+02 1.330938e+00 1.247212e+00
1.144000e+02 1.327042e+00 1.156493e+00
1.144800e+02 1.323357e+00 1.059352e+00
1.145600e+02 1.319602e+00 9.495902e-01
1.146400e+02 1.315120e+00 8.373290e-01
1.147200e+02 1.311311e+00 7.208213e-01
1.148000e+02 1.308419e+00 5.980238e-01
1.148800e+02 1.306276e+00 4.764955e-01
1.149600e+02 1.305511e+00 3.505870e-01
1.150400e+02 1.305929e+00 2.152329e-01
1.151200e+02 1.306465e+00 8.705243e-02
1.152000e+02 1.308705e+00 -5.185760e-02
1.152800e+02 1.314547e+00 -1.838470e-01
1.153600e+02 1.322882e+00 -3.119875e-01
1.154400e+02 1.333601e+00 -4.393183e-01
1.155200e+02 1.346409e+00 -5.594060e-01
1.156000e+02 1.360525e+00 -6.729853e-01
1.156800e+02 1.375451e+00 -7.789225e-01
1.157600e+02 1.390630e+00 -8.782410e-01
1.158400e+02 1.405446e+00 -9.672310e-01
1.159200e+02 1.419600e+00 -1.045931e+00
1.160000e+02 1.432686e+00 -1.112406e+00
1.160800e+02 1.444805e+00 -1.178090e+00
1.161600e+02 1.456825e+00 -1.227105e+00
1.162400e+02 1.466506e+00 -1.265150e+00
1.163200e+02 1.473666e+00 -1.292157e+00
1.164000e+02 1.478292e+00 -1.305480e+00
1.164800e+02 1.480365e+00 -1.307852e+00
1.165600e+02 1.480146e+00 -1.298818e+00
1.166400e+02 1.477862e+00 -1.278542e+00
1.167200e+02 1.473705e+00 -1.248027e+00
1.168000e+02 1.467844e+00 -1.206536e+00
1.168800e+02 1.460633e+00 -1.154932e+00
1.169600e+02 1.452228e+00 -1.090845e+00
1.170400e+02 1.442797e+00 -1.018996e+00
1.171200e+02 1.432817e+00 -9.390712e-01
1.172000e+02 1.422482e+00 -8.515216e-01
1.172800e+02 1.411833e+00 -7.457124e-01
1.173600e+02 1.400745e+00 -6.320458e-01
1.174400e+02 1.388105e+00 -5.165403e-01
1.175200e+02 1.375662e+00 -3.924878e-01
1.176000e+02 1.364577e+00 -2.674154e-01
1.176800e+02 1.353951e+00 -1.390678e-01
1.177600e+02 1.344113e+00 -1.951381e-02
1.178400e+02 1.335484e+00 1.146934e-01
1.179200e+02 1.326461e+00 2.469849e-01
1.180000e+02 1.318569e+00 3.809606e-01
1.180800e+02 1.311756e+00 5.139153e-01
1.181600e+02 1.306096e+00 6.447543e-01
1.182400e+02 1.302804e+00 7.689226e-01
1.183200e+02 1.301415e+00 8.947231e-01
1.184000e+02 1.300643e+00 1.010732e+00
1.184800e+02 1.301496e+00 1.113377e+00
1.185600e+02 1.303725e+00 1.210908e+00
1.186400e+02 1.307992e+00 1.307454e+00
1.187200e+02 1.314920e+00 1.388819e+00
1.188000e+02 1.321842e+00 1.459997e+00
1.188800e+02 1.328255e+00 1.520678e+00
1.189600e+02 1.333879e+00 1.570475e+00
1.190400e+02 1.338551e+00 1.609070e+00
1.191200e+02 1.342197e+00 1.636283e+00
1.192000e+02 1.344853e+00 1.653240e+00
1.192800e+02 1.346571e+00 1.657654e+00
1.193600e+02 1.346853e+00 1.663675e+00
1.194400e+02 1.345793e+00 1.648969e+00
1.195200e+02 1.343452e+00 1.624153e+00
1.196000e+02 1.340350e+00 1.586358e+00
1.196800e+02 1.336998e+00 1.535518e+00
1.197600e+02 1.333065e+00 1.473492e+00
1.198400e+02 1.329576e+00 1.405305e+00
1.199200e+02 1.325823e+00 1.328939e+00
1.200000e+02 1.321995e+00 1.244915e+00
1.200800e+02 1.318302e+00 1.153876e+00
1.201600e+02 1.314897e+00 1.056411e+00
1.202400e+02 1.311486e+00 9.462764e-01
1.203200e+02 1.307396e+00 8.336623e-01
1.204000e+02 1.304025e+00 7.167696e-01
1.204800e+02 1.301606e+00 5.935753e-01
1.205600e+02 1.299955e+00 4.718209e-01
1.206400e+02 1.299696e+00 3.455937e-01
1.207200e+02 1.300659e+00 2.098220e-01
1.208000e+02 1.301766e+00 8.133981e-02
1.208800e+02 1.304599e+00 -5.767812e-02
1.209600e+02 1.311040e+00 -1.898991e-01
1.210400e+02 1.320002e+00 -3.182742e-01
1.211200e+02 1.331370e+00 -4.457294e-01
1.212000e+02 1.344844e+00 -5.659718e-01
1.212800e+02 1.359609e+00 -6.797339e-01
1.213600e+02 1.375166e+00 -7.858511e-01
1.214400e+02 1.390941e+00 -8.853917e-01
1.215200e+02 1.406314e+00 -9.746375e-01
1.216000e+02 1.420965e+00 -1.053594e+00
1.216800e+02 1.434915e+00 -1.130911e+00
1.217600e+02 1.449119e+00 -1.190245e+00
1.218400e+02 1.461257e+00 -1.239540e+00
1.219200e+02 1.470886e+00 -1.277963e+00
1.220000e+02 1.477938e+00 -1.305317e+00
1.220800e+02 1.482435e+00 -1.318884e+00
1.221600e+02 1.484374e+00 -1.321441e+00
1.222400e+02 1.484012e+00 -1.312497e+00
1.223200e+02 1.481573e+00 -1.292231e+00
1.224000e+02 1.477290e+00 -1.260812e+00
1.224800e+02 1.471343e+00 -1.219515e+00
1.225600e+02 1.463867e+00 -1.167564e+00
1.226400e+02 1.455195e+00 -1.102874e+00
1.227200e+02 1.445505e+00 -1.030421e+00
1.228000e+02 1.435291e+00 -9.497852e-01
1.228800e+02 1.424758e+00 -8.614405e-01
1.229600e+02 1.413944e+00 -7.545124e-01
1.230400e+02 1.403107e+00 -6.472808e-01
1.231200e+02 1.391639e+00 -5.275632e-01
1.232000e+02 1.379185e+00 -4.019058e-01
1.232800e+02 1.367904e+00 -2.755204e-01
1.233600e+02 1.357111e+00 -1.458583e-01
1.234400e+02 1.347213e+00 -2.507131e-02
1.235200e+02 1.338681e+00 1.106140e-01
1.236000e+02 1.329788e+00 2.466307e-01
1.236800e+02 1.321669e+00 3.750905e-01
1.237600e+02 1.314930e+00 5.138134e-01
1.238400e+02 1.310204e+00 6.465627e-01
1.239200e+02 1.307730e+00 7.755227e-01
1.240000e+02 1.306720e+00 9.020163e-01
1.240800e+02 1.306766e+00 1.014410e+00
1.241600e+02 1.308432e+00 1.122337e+00
1.242400e+02 1.312114e+00 1.221577e+00
1.243200e+02 1.317692e+00 1.319669e+00
1.244000e+02 1.325803e+00 1.402562e+00
1.244800e+02 1.333800e+00 1.475245e+00
1.245600e+02 1.341180e+00 1.537351e+00
1.246400e+02 1.347674e+00 1.588471e+00
1.247200e+02 1.353123e+00 1.628337e+00
1.248000e+02 1.357451e+00 1.656775e+00
1.248800e+02 1.360697e+00 1.674826e+00
1.249600e+02 1.362911e+00 1.680268e+00
1.250400e+02 1.363939e+00 1.671700e+00
1.251200e+02 1.363679e+00 1.652013e+00
1.252000e+02 1.362187e+00 1.633135e+00
1.252800e+02 1.359871e+00 1.595933e+00
1.253600e+02 1.357183e+00 1.546156e+00
1.254400e+02 1.353551e+00 1.486969e+00
1.255200e+02 1.349079e+00 1.415689e+00
1.256000e+02 1.345044e+00 1.338749e+00
1.256800e+02 1.340746e+00 1.254234e+00
1.257600e+02 1.336404e+00 1.162690e+00
1.258400e+02 1.332238e+00 1.064775e+00
1.259200e+02 1.328003e+00 9.543019e-01
1.260000e+02 1.323064e+00 8.413600e-01
1.260800e+02 1.318814e+00 7.241775e-01
1.261600e+02 1.315495e+00 6.006541e-01
1.262400e+02 1.312945e+00 4.783164e-01
1.263200e+02 1.311806e+00 3.517194e-01
1.264000e+02 1.311863e+00 2.156496e-01
1.264800e+02 1.312056e+00 8.683279e-02
1.265600e+02 1.313965e+00 -5.294438e-02
1.266400e+02 1.319485e+00 -1.855291e-01
1.267200e+02 1.327892e+00 -3.263066e-01
1.268000e+02 1.338884e+00 -4.484335e-01
1.268800e+02 1.351370e+00 -5.690771e-01
1.269600e+02 1.365126e+00 -6.831152e-01
1.270400e+02 1.379661e+00 -7.893460e-01
1.271200e+02 1.394410e+00 -8.889283e-01
1.272000e+02 1.408754e+00 -9.780560e-01
1.272800e+02 1.422405e+00 -1.056809e+00
1.273600e+02 1.434970e+00 -1.123160e+00
1.274400e+02 1.446568e+00 -1.188763e+00
1.275200e+02 1.458069e+00 -1.237608e+00
1.276000e+02 1.467254e+00 -1.275541e+00
1.276800e+02 1.473940e+00 -1.302376e+00
1.277600e+02 1.478123e+00 -1.315448e+00
1.278400e+02 1.479791e+00 -1.317553e+00
1.279200e+02 1.479217e+00 -1.308277e+00
1.280000e+02 1.476628e+00 -1.287731e+00
1.280800e+02 1.472252e+00 -1.255909e+00
1.281600e+02 1.466279e+00 -1.214821e+00
1.282400e+02 1.458887e+00 -1.163045e+00
1.283200e+02 1.450358e+00 -1.098860e+00
1.284000e+02 1.440854e+00 -1.026946e+00
1.284800e+02 1.430844e+00 -9.469661e-01
1.285600e+02 1.420510e+00 -8.594344e-01
1.286400e+02 1.409739e+00 -7.567470e-01
1.287200e+02 1.398129e+00 -6.412032e-01
1.288000e+02 1.385725e+00 -5.258398e-01
1.288800e+02 1.373510e+00 -4.019909e-01
1.289600e+02 1.362601e+00 -2.771732e-01
1.290400e+02 1.352090e+00 -1.491166e-01
1.291200e+02 1.342299e+00 -2.984170e-02
1.292000e+02 1.333650e+00 1.040293e-01
1.292800e+02 1.324545e+00 2.359803e-01
1.293600e+02 1.316507e+00 3.695856e-01
1.294400e+02 1.309484e+00 5.021599e-01
1.295200e+02 1.303547e+00 6.326589e-01
1.296000e+02 1.299909e+00 7.564703e-01
1.296800e+02 1.298139e+00 8.820060e-01
1.297600e+02 1.296933e+00 9.977800e-01
1.298400e+02 1.297315e+00 1.100452e+00
1.299200e+02 1.299039e+00 1.197924e+00
1.300000e+02 1.302336e+00 1.286298e+00
1.300800e+02 1.307027e+00 1.373191e+00
1.301600e+02 1.313846e+00 1.444515e+00
1.302400e+02 1.320221e+00 1.505299e+00
1.303200e+02 1.325767e+00 1.555274e+00
1.304000e+02 1.330307e+00 1.594168e+00
1.304800e+02 1.333780e+00 1.621796e+00
1.305600e+02 1.336238e+00 1.639250e+00
1.306400e+02 1.337754e+00 1.644241e+00
1.307200e+02 1.337835e+00 1.650854e+00
1.308000e+02 1.336581e+00 1.636869e+00
1.308800e+02 1.334080e+00 1.612796e+00
1.309600e+02 1.330847e+00 1.575815e+00
1.310400e+02 1.327401e+00 1.525917e+00
1.311200e+02 1.323404e+00 1.464859e+00
1.312000e+02 1.319893e+00 1.397633e+00
1.312800e+02 1.316156e+00 1.322265e+00
1.313600e+02 1.312382e+00 1.239266e+00
1.314400e+02 1.308771e+00 1.149263e+00
1.315200e+02 1.305476e+00 1.052862e+00
1.316000e+02 1.302202e+00 9.438006e-01
1.316800e+02 1.298269e+00 8.322625e-01
1.317600e+02 1.295074e+00 7.164557e-01
1.318400e+02 1.292961e+00 5.921989e-01
1.319200e+02 1.292319e+00 4.783063e-01
1.320000e+02 1.293310e+00 3.615209e-01
1.320800e+02 1.294495e+00 2.224000e-01
1.321600e+02 1.295157e+00 9.391882e-02
1.322400e+02 1.297607e+00 -4.466845e-02
1.323200e+02 1.303782e+00 -1.765622e-01
1.324000e+02 1.312612e+00 -3.047919e-01
1.324800e+02 1.323589e+00 -4.203896e-01
1.325600e+02 1.336553e+00 -5.465472e-01
1.326400e+02 1.351555e+00 -6.607036e-01
1.327200e+02 1.367462e+00 -7.674836e-01
1.328000e+02 1.383683e+00 -8.680013e-01
1.328800e+02 1.399576e+00 -9.584878e-01
1.329600e+02 1.414815e+00 -1.038889e+00
1.330400e+02 1.428936e+00 -1.108806e+00
1.331200e+02 1.441981e+00 -1.175562e+00
1.332000e+02 1.455003e+00 -1.226476e+00
1.332800e+02 1.465599e+00 -1.266541e+00
1.333600e+02 1.473569e+00 -1.295591e+00
1.334400e+02 1.478885e+00 -1.311007e+00
1.335200e+02 1.481534e+00 -1.315410e+00
1.336000e+02 1.481760e+00 -1.308366e+00
1.336800e+02 1.479791e+00 -1.289961e+00
1.337600e+02 1.475873e+00 -1.260415e+00
1.338400e+02 1.470193e+00 -1.220844e+00
1.339200e+02 1.462898e+00 -1.170552e+00
1.340000e+02 1.454449e+00 -1.110424e+00
1.340800e+02 1.444985e+00 -1.037775e+00
1.341600e+02 1.434688e+00 -9.582833e-01
1.342400e+02 1.424044e+00 -8.709869e-01
1.343200e+02 1.412981e+00 -7.679779e-01
1.344000e+02 1.401484e+00 -6.595093e-01
1.344800e+02 1.390110e+00 -5.403754e-01
1.345600e+02 1.377761e+00 -4.151566e-01
1.346400e+02 1.366541e+00 -2.890248e-01
1.347200e+02 1.355776e+00 -1.594285e-01
1.348000e+02 1.345758e+00 -2.705703e-02
1.348800e+02 1.336502e+00 1.024723e-01
1.349600e+02 1.327804e+00 2.387221e-01
1.350400e+02 1.319820e+00 3.676805e-01
1.351200e+02 1.313179e+00 5.074030e-01
1.352000e+02 1.308517e+00 6.413049e-01
1.352800e+02 1.306208e+00 7.782405e-01
1.353600e+02 1.305400e+00 9.024600e-01
1.354400e+02 1.305459e+00 1.016149e+00
1.355200e+02 1.307177e+00 1.125711e+00
1.356000e+02 1.310970e+00 1.226732e+00
1.356800e+02 1.316693e+00 1.326708e+00
1.357600e+02 1.324975e+00 1.411552e+00
1.358400e+02 1.333158e+00 1.486212e+00
1.359200e+02 1.340729e+00 1.550295e+00
1.360000e+02 1.347406e+00 1.603408e+00
1.360800e+02 1.353016e+00 1.645241e+00
1.361600e+02 1.357478e+00 1.675597e+00
1.362400e+02 1.360771e+00 1.694366e+00
1.363200e+02 1.362965e+00 1.702224e+00
1.364000e+02 1.364040e+00 1.695445e+00
1.364800e+02 1.363786e+00 1.677287e+00
1.365600e+02 1.362239e+00 1.659698e+00
1.366400e+02 1.359693e+00 1.626220e+00
1.367200e+02 1.356348e+00 1.575254e+00
1.368000e+02 1.352739e+00 1.516350e+00
1.368800e+02 1.348322e+00 1.445134e+00
1.369600e+02 1.344329e+00 1.368006e+00
1.370400e+02 1.340082e+00 1.283094e+00
1.371200e+02 1.335811e+00 1.191026e+00
1.372000e+02 1.331746e+00 1.092474e+00
1.372800e+02 1.327662e+00 9.812697e-01
1.373600e+02 1.322917e+00 8.675139e-01
1.374400e+02 1.318889e+00 7.494496e-01
1.375200e+02 1.315810e+00 6.249003e-01
1.376000e+02 1.313495e+00 5.015709e-01
1.376800e+02 1.312586e+00 3.738420e-01
1.377600e+02 1.312877e+00 2.364547e-01
1.378400e+02 1.313292e+00 1.062845e-01
1.379200e+02 1.315425e+00 -3.504928e-02
1.380000e+02 1.321153e+00 -1.693028e-01
1.380800e+02 1.329402e+00 -2.996816e-01
1.381600e+02 1.340071e+00 -4.293191e-01
1.382400e+02 1.352856e+00 -5.515662e-01
1.383200e+02 1.366951e+00 -6.672172e-01
1.384000e+02 1.381843e+00 -7.751429e-01
1.384800e+02 1.396948e+00 -8.766004e-01
1.385600e+02 1.411630e+00 -9.676167e-01
1.386400e+02 1.425599e+00 -1.048257e+00
1.387200e+02 1.438423e+00 -1.118206e+00
1.388000e+02 1.450185e+00 -1.184721e+00
1.388800e+02 1.461982e+00 -1.235361e+00
1.389600e+02 1.471403e+00 -1.275022e+00
1.390400e+02 1.478271e+00 -1.303619e+00
1.391200e+02 1.482588e+00 -1.318508e+00
1.392000e+02 1.484344e+00 -1.322383e+00
1.392800e+02 1.483811e+00 -1.314835e+00
1.393600e+02 1.481223e+00 -1.295960e+00
1.394400e+02 1.476821e+00 -1.266004e+00
1.395200e+02 1.470795e+00 -1.226155e+00
1.396000e+02 1.463298e+00 -1.175732e+00
1.396800e+02 1.454745e+00 -1.115711e+00
1.397600e+02 1.445250e+00 -1.043517e+00
1.398400e+02 1.434971e+00 -9.643651e-01
1.399200e+02 1.424362e+00 -8.777692e-01
1.400000e+02 1.413348e+00 -7.758707e-01
1.400800e+02 1.401542e+00 -6.610393e-01
1.401600e+02 1.388943e+00 -5.463358e-01
1.402400e+02 1.376271e+00 -4.274005e-01
1.403200e+02 1.364159e+00 -3.000816e-01
1.404000e+02 1.353603e+00 -1.723274e-01
1.404800e+02 1.343759e+00 -5.332066e-02
1.405600e+02 1.334993e+00 8.041656e-02
1.406400e+02 1.325687e+00 2.124062e-01
1.407200e+02 1.317370e+00 3.462432e-01
1.408000e+02 1.310090e+00 4.718683e-01
1.408800e+02 1.304123e+00 6.059193e-01
1.409600e+02 1.299990e+00 7.360807e-01
1.410400e+02 1.297470e+00 8.608028e-01
1.411200e+02 1.295828e+00 9.778532e-01
1.412000e+02 1.295803e+00 1.081856e+00
1.412800e+02 1.297200e+00 1.181038e+00
1.413600e+02 1.300260e+00 1.271197e+00
1.414400e+02 1.304823e+00 1.360088e+00
1.415200e+02 1.311599e+00 1.433528e+00
1.416000e+02 1.318004e+00 1.496586e+00
1.416800e+02 1.323635e+00 1.548973e+00
1.417600e+02 1.328301e+00 1.590386e+00
1.418400e+02 1.331924e+00 1.620602e+00
1.419200e+02 1.334557e+00 1.640876e+00
1.420000e+02 1.336260e+00 1.648651e+00
1.420800e+02 1.336527e+00 1.657927e+00
1.421600e+02 1.335464e+00 1.646899e+00
1.422400e+02 1.333141e+00 1.625685e+00
1.423200e+02 1.330066e+00 1.591459e+00
1.424000e+02 1.326768e+00 1.544404e+00
1.424800e+02 1.322924e+00 1.486001e+00
1.425600e+02 1.319511e+00 1.421286e+00
1.426400e+02 1.315812e+00 1.348248e+00
1.427200e+02 1.312017e+00 1.267405e+00
1.428000e+02 1.308336e+00 1.179364e+00
1.428800e+02 1.304930e+00 1.084730e+00
1.429600e+02 1.301511e+00 9.772586e-01
1.430400e+02 1.297394e+00 8.670864e-01
1.431200e+02 1.293956e+00 7.524364e-01
1.432000e+02 1.291425e+00 6.313076e-01
1.432800e+02 1.289826e+00 5.053693e-01
1.433600e+02 1.289880e+00 3.953605e-01
1.434400e+02 1.290913e+00 2.566078e-01
1.435200e+02 1.291221e+00 1.281861e-01
1.436000e+02 1.293264e+00 -6.991315e-03
1.436800e+02 1.299125e+00 -1.410305e-01
1.437600e+02 1.307096e+00 -2.706606e-01
1.438400e+02 1.317202e+00 -3.957533e-01
1.439200e+02 1.329401e+00 -5.189977e-01
1.440000e+02 1.343389e+00 -6.344623e-01
1.440800e+02 1.358344e+00 -7.428491e-01
1.441600e+02 1.373765e+00 -8.431143e-01
1.442400e+02 1.389082e+00 -9.361903e-01
1.443200e+02 1.403701e+00 -1.018774e+00
1.444000e+02 1.417359e+00 -1.089272e+00
1.444800e+02 1.430159e+00 -1.159096e+00
1.445600e+02 1.442929e+00 -1.212407e+00
1.446400e+02 1.453396e+00 -1.254870e+00
1.447200e+02 1.461347e+00 -1.286394e+00
1.448000e+02 1.466746e+00 -1.304602e+00
1.448800e+02 1.469574e+00 -1.311719e+00
1.449600e+02 1.470055e+00 -1.307400e+00
1.450400e+02 1.468398e+00 -1.291715e+00
1.451200e+02 1.464839e+00 -1.264861e+00
1.452000e+02 1.459564e+00 -1.227989e+00
1.452800e+02 1.452717e+00 -1.180318e+00
1.453600e+02 1.444738e+00 -1.122816e+00
1.454400e+02 1.435759e+00 -1.052805e+00
1.455200e+02 1.425943e+00 -9.755420e-01
1.456000e+02 1.415776e+00 -8.905216e-01
1.456800e+02 1.405201e+00 -7.898690e-01
1.457600e+02 1.394193e+00 -6.835856e-01
1.458400e+02 1.383274e+00 -5.665829e-01
1.459200e+02 1.371089e+00 -4.477576e-01
1.460000e+02 1.359240e+00 -3.208260e-01
1.460800e+02 1.348905e+00 -1.932965e-01
1.461600e+02 1.339202e+00 -6.301240e-02
1.462400e+02 1.330067e+00 6.452656e-02
1.463200e+02 1.321354e+00 1.966041e-01
1.464000e+02 1.313628e+00 3.310547e-01
1.464800e+02 1.306948e+00 4.575781e-01
1.465600e+02 1.301631e+00 5.932175e-01
1.466400e+02 1.298353e+00 7.241056e-01
1.467200e+02 1.297169e+00 8.507071e-01
1.468000e+02 1.296133e+00 9.705531e-01
1.468800e+02 1.296814e+00 1.077367e+00
1.469600e+02 1.299051e+00 1.179558e+00
1.470400e+02 1.303516e+00 1.281075e+00
1.471200e+02 1.310808e+00 1.367764e+00
1.472000e+02 1.318249e+00 1.444617e+00
1.472800e+02 1.325301e+00 1.511220e+00
1.473600e+02 1.331642e+00 1.567142e+00
1.474400e+02 1.337081e+00 1.612046e+00
1.475200e+02 1.341505e+00 1.645690e+00
1.476000e+02 1.344874e+00 1.667936e+00
1.476800e+02 1.347239e+00 1.679616e+00
1.477600e+02 1.348623e+00 1.680258e+00
1.478400e+02 1.348483e+00 1.676764e+00
1.479200e+02 1.347006e+00 1.658491e+00
1.480000e+02 1.344512e+00 1.629144e+00
1.480800e+02 1.341276e+00 1.583283e+00
1.481600e+02 1.337898e+00 1.529549e+00
1.482400e+02 1.333825e+00 1.463457e+00
1.483200e+02 1.330262e+00 1.391355e+00
1.484000e+02 1.326494e+00 1.311300e+00
1.484800e+02 1.322710e+00 1.223855e+00
1.485600e+02 1.319105e+00 1.129644e+00
1.486400e+02 1.315825e+00 1.029286e+00
1.487200e+02 1.312568e+00 9.165388e-01
1.488000e+02 1.308679e+00 8.015385e-01
1.488800e+02 1.305546e+00 6.825317e-01
1.489600e+02 1.303509e+00 5.551659e-01
1.490400e+02 1.302617e+00 4.335098e-01
1.491200e+02 1.302202e+00 2.983065e-01
1.492000e+02 1.301876e+00 1.696365e-01
1.492800e+02 1.303128e+00 3.729021e-02
1.493600e+02 1.307061e+00 -1.016262e-01
1.494400e+02 1.314570e+00 -2.333186e-01
1.495200e+02 1.324487e+00 -3.606081e-01
1.496000e+02 1.336622e+00 -4.864054e-01
1.496800e+02 1.350639e+00 -6.045741e-01
1.497600e+02 1.365701e+00 -7.158674e-01
1.498400e+02 1.381300e+00 -8.192178e-01
1.499200e+02 1.396862e+00 -9.157777e-01
1.500000e+02 1.411772e+00 -1.001887e+00
1.500800e+02 1.425750e+00 -1.077594e+00
1.501600e+02 1.438887e+00 -1.150010e+00
1.502400e+02 1.452222e+00 -1.206843e+00
1.503200e+02 1.463275e+00 -1.252944e+00
1.504000e+02 1.471812e+00 -1.288185e+00
1.504800e+02 1.477810e+00 -1.312406e+00
1.505600e+02 1.481315e+00 -1.322659e+00
1.506400e+02 1.482328e+00 -1.322135e+00
1.507200e+02 1.481141e+00 -1.310300e+00
1.508000e+02 1.477988e+00 -1.287315e+00
1.508800e+02 1.473056e+00 -1.254079e+00
1.509600e+02 1.466500e+00 -1.210092e+00
1.510400e+02 1.458694e+00 -1.156145e+00
1.511200e+02 1.449772e+00 -1.089727e+00
1.512000e+02 1.439899e+00 -1.015838e+00
1.512800e+02 1.429552e+00 -9.340535e-01
1.513600e+02 1.418822e+00 -8.430718e-01
1.514400e+02 1.407627e+00 -7.363442e-01
1.515200e+02 1.396372e+00 -6.214485e-01
1.516000e+02 1.383649e+00 -5.047765e-01
1.516800e+02 1.371149e+00 -3.796673e-01
1.517600e+02 1.360031e+00 -2.537260e-01
1.518400e+02 1.349387e+00 -1.246847e-01
1.519200e+02 1.339170e+00 1.923821e-03
1.520000e+02 1.329244e+00 1.334529e-01
1.520800e+02 1.320177e+00 2.676843e-01
1.521600e+02 1.312040e+00 3.944932e-01
1.522400e+02 1.305168e+00 5.311077e-01
1.523200e+02 1.300148e+00 6.615465e-01
1.524000e+02 1.297334e+00 7.849560e-01
1.524800e+02 1.296248e+00 9.097509e-01
1.525600e+02 1.295407e+00 1.019495e+00
1.526400e+02 1.295887e+00 1.124454e+00
1.527200e+02 1.298240e+00 1.220684e+00
1.528000e+02 1.302437e+00 1.315888e+00
1.528800e+02 1.309171e+00 1.395899e+00
1.529600e+02 1.315835e+00 1.465813e+00
1.530400e+02 1.321957e+00 1.525297e+00
1.531200e+02 1.327286e+00 1.573969e+00
1.532000e+02 1.331685e+00 1.611604e+00
1.532800e+02 1.335097e+00 1.637983e+00
1.533600e+02 1.337575e+00 1.654270e+00
1.534400e+02 1.339179e+00 1.658184e+00
1.535200e+02 1.339356e+00 1.660210e+00
1.536000e+02 1.338116e+00 1.646801e+00
1.536800e+02 1.335886e+00 1.622258e+00
1.537600e+02 1.332900e+00 1.582936e+00
1.538400e+02 1.329668e+00 1.533320e+00
1.539200e+02 1.326038e+00 1.472076e+00
1.540000e+02 1.322857e+00 1.404743e+00
1.540800e+02 1.319391e+00 1.329212e+00
1.541600e+02 1.315815e+00 1.246226e+00
1.542400e+02 1.312322e+00 1.156311e+00
1.543200e+02 1.309064e+00 1.060142e+00
1.544000e+02 1.305735e+00 9.514693e-01
1.544800e+02 1.301662e+00 8.403810e-01
1.545600e+02 1.298213e+00 7.251439e-01
1.546400e+02 1.295619e+00 6.037340e-01
1.547200e+02 1.293704e+00 4.835823e-01
1.548000e+02 1.293073e+00 3.591103e-01
1.548800e+02 1.293541e+00 2.252308e-01
1.549600e+02 1.294030e+00 9.840148e-02
1.550400e+02 1.296121e+00 -3.908291e-02
1.551200e+02 1.301706e+00 -1.698084e-01
1.552000e+02 1.309673e+00 -2.969175e-01
1.552800e+02 1.319930e+00 -4.234521e-01
1.553600e+02 1.332200e+00 -5.429801e-01
1.554400e+02 1.345731e+00 -6.562601e-01
1.555200e+02 1.360051e+00 -7.621466e-01
1.556000e+02 1.374684e+00 -8.596661e-01
1.556800e+02 1.389126e+00 -9.480599e-01
1.557600e+02 1.402896e+00 -1.026733e+00
1.558400e+02 1.415557e+00 -1.095233e+00
1.559200e+02 1.427176e+00 -1.162252e+00
1.560000e+02 1.438807e+00 -1.212747e+00
1.560800e+02 1.448220e+00 -1.252431e+00
1.561600e+02 1.455224e+00 -1.281242e+00
1.562400e+02 1.459821e+00 -1.299085e+00
1.563200e+02 1.462074e+00 -1.302689e+00
1.564000e+02 1.461976e+00 -1.295814e+00
1.564800e+02 1.459861e+00 -1.277905e+00
1.565600e+02 1.455963e+00 -1.248868e+00
1.566400e+02 1.450461e+00 -1.210614e+00
1.567200e+02 1.443531e+00 -1.161700e+00
1.568000e+02 1.435450e+00 -1.100425e+00
1.568800e+02 1.426390e+00 -1.031357e+00
1.569600e+02 1.416802e+00 -9.541577e-01
1.570400e+02 1.406886e+00 -8.693439e-01
1.571200e+02 1.396681e+00 -7.663934e-01
1.572000e+02 1.386453e+00 -6.630034e-01
1.572800e+02 1.375553e+00 -5.471544e-01
1.573600e+02 1.363603e+00 -4.253457e-01
1.574400e+02 1.352726e+00 -3.027543e-01
1.575200e+02 1.342227e+00 -1.767973e-01
1.576000e+02 1.332468e+00 -5.936712e-02
1.576800e+02 1.323899e+00 7.294805e-02
1.577600e+02 1.314893e+00 2.037237e-01
1.578400e+02 1.306970e+00 3.366043e-01
1.579200e+02 1.300162e+00 4.616117e-01
1.580000e+02 1.294766e+00 5.954291e-01
1.580800e+02 1.291441e+00 7.246061e-01
1.581600e+02 1.290211e+00 8.493119e-01
1.582400e+02 1.289130e+00 9.674261e-01
1.583200e+02 1.289731e+00 1.072668e+00
1.584000e+02 1.291855e+00 1.173350e+00
1.584800e+02 1.295709e+00 1.265310e+00
1.585600e+02 1.301096e+00 1.356141e+00
1.586400e+02 1.308717e+00 1.431797e+00
1.587200e+02 1.315998e+00 1.497256e+00
1.588000e+02 1.322515e+00 1.552191e+00
1.588800e+02 1.328062e+00 1.596266e+00
1.589600e+02 1.332532e+00 1.629201e+00
1.590400e+02 1.335961e+00 1.652196e+00
1.591200e+02 1.338387e+00 1.662693e+00
1.592000e+02 1.339685e+00 1.662891e+00
1.592800e+02 1.339454e+00 1.659007e+00
1.593600e+02 1.337896e+00 1.640411e+00
1.594400e+02 1.335477e+00 1.608113e+00
1.595200e+02 1.332732e+00 1.563962e+00
1.596000e+02 1.329180e+00 1.510158e+00
1.596800e+02 1.324942e+00 1.444060e+00
1.597600e+02 1.321272e+00 1.371964e+00
1.598400e+02 1.317468e+00 1.291983e+00
1.599200e+02 1.313720e+00 1.204638e+00
1.600000e+02 1.310214e+00 1.110575e+00
1.600800e+02 1.307094e+00 1.010374e+00
1.601600e+02 1.304053e+00 8.977738e-01
1.602400e+02 1.300438e+00 7.829423e-01
1.603200e+02 1.297650e+00 6.640983e-01
1.604000e+02 1.296016e+00 5.370765e-01
1.604800e+02 1.295561e+00 4.156595e-01
1.605600e+02 1.295667e+00 2.806394e-01
1.606400e+02 1.295932e+00 1.521987e-01
1.607200e+02 1.297858e+00 2.007140e-02
1.608000e+02 1.302533e+00 -1.183408e-01
1.608800e+02 1.310830e+00 -2.497345e-01
1.609600e+02 1.321610e+00 -3.767911e-01
1.610400e+02 1.334677e+00 -5.022834e-01
1.611200e+02 1.349693e+00 -6.203286e-01
1.612000e+02 1.365787e+00 -7.316736e-01
1.612800e+02 1.382373e+00 -8.374779e-01
1.613600e+02 1.398788e+00 -9.334346e-01
1.614400e+02 1.414728e+00 -1.019458e+00
1.615200e+02 1.429709e+00 -1.095124e+00
1.616000e+02 1.443715e+00 -1.168974e+00
1.616800e+02 1.457754e+00 -1.224794e+00
1.617600e+02 1.469556e+00 -1.270552e+00
1.618400e+02 1.478727e+00 -1.305380e+00
1.619200e+02 1.485214e+00 -1.327073e+00
1.620000e+02 1.488997e+00 -1.337545e+00
1.620800e+02 1.490276e+00 -1.336471e+00
1.621600e+02 1.489259e+00 -1.323927e+00
1.622400e+02 1.486170e+00 -1.300079e+00
1.623200e+02 1.481227e+00 -1.266339e+00
1.624000e+02 1.474590e+00 -1.220911e+00
1.624800e+02 1.466573e+00 -1.165682e+00
1.625600e+02 1.457388e+00 -1.097672e+00
1.626400e+02 1.447210e+00 -1.022213e+00
1.627200e+02 1.436558e+00 -9.388016e-01
1.628000e+02 1.425529e+00 -8.460240e-01
1.628800e+02 1.414042e+00 -7.372470e-01
1.629600e+02 1.402501e+00 -6.202982e-01
1.630400e+02 1.389554e+00 -5.014698e-01
1.631200e+02 1.376900e+00 -3.741764e-01
1.632000e+02 1.365709e+00 -2.459526e-01
1.632800e+02 1.355096e+00 -1.145790e-01
1.633600e+02 1.345415e+00 7.640190e-03
1.634400e+02 1.337118e+00 1.444796e-01
1.635200e+02 1.328484e+00 2.814687e-01
1.636000e+02 1.320635e+00 4.104196e-01
1.636800e+02 1.314136e+00 5.491786e-01
1.637600e+02 1.309633e+00 6.815520e-01
1.638400e+02 1.307110e+00 8.136032e-01
1.639200e+02 1.305337e+00 9.374144e-01
1.640000e+02 1.305394e+00 1.048188e+00
1.640800e+02 1.307160e+00 1.154281e+00
1.641600e+02 1.310880e+00 1.251585e+00
1.642400e+02 1.316355e+00 1.347657e+00
1.643200e+02 1.324215e+00 1.428411e+00
1.644000e+02 1.331822e+00 1.498851e+00
1.644800e+02 1.338701e+00 1.558632e+00
1.645600e+02 1.344613e+00 1.607404e+00
1.646400e+02 1.349430e+00 1.644898e+00
1.647200e+02 1.353111e+00 1.670946e+00
1.648000e+02 1.355719e+00 1.686560e+00
1.648800e+02 1.357326e+00 1.689638e+00
1.649600e+02 1.357799e+00 1.678654e+00
1.650400e+02 1.356637e+00 1.668576e+00
1.651200e+02 1.354430e+00 1.642835e+00
1.652000e+02 1.351440e+00 1.603392e+00
1.652800e+02 1.348102e+00 1.550609e+00
1.653600e+02 1.343845e+00 1.490625e+00
1.654400e+02 1.339203e+00 1.418171e+00
1.655200e+02 1.335236e+00 1.340127e+00
1.656000e+02 1.331182e+00 1.254585e+00
1.656800e+02 1.327202e+00 1.162118e+00
1.657600e+02 1.323469e+00 1.063342e+00
1.658400e+02 1.319704e+00 9.520544e-01
1.659200e+02 1.315254e+00 8.383227e-01
1.660000e+02 1.311505e+00 7.203973e-01
1.660800e+02 1.308696e+00 5.961921e-01
1.661600e+02 1.306670e+00 4.733887e-01
1.662400e+02 1.306058e+00 3.463134e-01
1.663200e+02 1.306666e+00 2.098187e-01
1.664000e+02 1.307426e+00 8.077101e-02
1.664800e+02 1.309898e+00 -5.893113e-02
1.665600e+02 1.315970e+00 -1.914682e-01
1.666400e+02 1.324513e+00 -3.199585e-01
1.667200e+02 1.335394e+00 -4.474834e-01
1.668000e+02 1.348285e+00 -5.675879e-01
1.668800e+02 1.362376e+00 -6.810373e-01
1.669600e+02 1.377157e+00 -7.867318e-01
1.670400e+02 1.392054e+00 -8.858240e-01
1.671200e+02 1.406444e+00 -9.745476e-01
1.672000e+02 1.420040e+00 -1.052954e+00
1.672800e+02 1.432466e+00 -1.119042e+00
1.673600e+02 1.443851e+00 -1.184420e+00
1.674400e+02 1.455076e+00 -1.233178e+00
1.675200e+02 1.463936e+00 -1.270996e+00
1.676000e+02 1.470275e+00 -1.297818e+00
1.676800e+02 1.474099e+00 -1.310876e+00
1.677600e+02 1.475399e+00 -1.313072e+00
1.678400e+02 1.474461e+00 -1.303952e+00
1.679200e+02 1.471517e+00 -1.283610e+00
1.680000e+02 1.466768e+00 -1.253077e+00
1.680800e+02 1.460393e+00 -1.211624e+00
1.681600e+02 1.452740e+00 -1.160101e+00
1.682400e+02 1.443967e+00 -1.096150e+00
1.683200e+02 1.434249e+00 -1.024502e+00
1.684000e+02 1.424053e+00 -9.447743e-01
1.684800e+02 1.413576e+00 -8.574727e-01
1.685600e+02 1.402849e+00 -7.519375e-01
1.686400e+02 1.391760e+00 -6.385459e-01
1.687200e+02 1.379182e+00 -5.232851e-01
1.688000e+02 1.366850e+00 -3.994582e-01
1.688800e+02 1.355916e+00 -2.745559e-01
1.689600e+02 1.345480e+00 -1.463139e-01
1.690400e+02 1.335855e+00 -2.678220e-02
1.691200e+02 1.327461e+00 1.075000e-01
1.692000e+02 1.318681e+00 2.399802e-01
1.692800e+02 1.311024e+00 3.742516e-01
1.693600e+02 1.304416e+00 5.075145e-01
1.694400e+02 1.298920e+00 6.388017e-01
1.695200e+02 1.295740e+00 7.633749e-01
1.696000e+02 1.294409e+00 8.897403e-01
1.696800e+02 1.293649e+00 1.006385e+00
1.697600e+02 1.294463e+00 1.109690e+00
1.698400e+02 1.296608e+00 1.207949e+00
1.699200e+02 1.300744e+00 1.305241e+00
1.700000e+02 1.307501e+00 1.387373e+00
1.700800e+02 1.314225e+00 1.459371e+00
1.701600e+02 1.320418e+00 1.520865e+00
1.702400e+02 1.325800e+00 1.571460e+00
1.703200e+02 1.330222e+00 1.610865e+00
1.704000e+02 1.333614e+00 1.638881e+00
1.704800e+02 1.336018e+00 1.656592e+00
1.705600e+02 1.337109e+00 1.673242e+00
1.706400e+02 1.336912e+00 1.675419e+00
1.707200e+02 1.335364e+00 1.661113e+00
1.708000e+02 1.332576e+00 1.637090e+00
1.708800e+02 1.329137e+00 1.600099e+00
1.709600e+02 1.325601e+00 1.550006e+00
1.710400e+02 1.321652e+00 1.488649e+00
1.711200e+02 1.318304e+00 1.421004e+00
1.712000e+02 1.314816e+00 1.345068e+00
1.712800e+02 1.311338e+00 1.261371e+00
1.713600e+02 1.308047e+00 1.170531e+00
1.714400e+02 1.305078e+00 1.073186e+00
1.715200e+02 1.302133e+00 9.630761e-01
1.716000e+02 1.298529e+00 8.504167e-01
1.716800e+02 1.295658e+00 7.334594e-01
1.717600e+02 1.293855e+00 6.080064e-01
1.718400e+02 1.293326e+00 4.818667e-01
1.719200e+02 1.293800e+00 3.593448e-01
1.720000e+02 1.294898e+00 2.234493e-01
1.720800e+02 1.296194e+00 9.473558e-02
1.721600e+02 1.299285e+00 -4.482612e-02
1.722400e+02 1.306014e+00 -1.779946e-01
1.723200e+02 1.315336e+00 -3.076286e-01
1.724000e+02 1.326856e+00 -4.327053e-01
1.724800e+02 1.340427e+00 -5.556243e-01
1.725600e+02 1.355707e+00 -6.705682e-01
1.726400e+02 1.371823e+00 -7.781428e-01
1.727200e+02 1.388190e+00 -8.794250e-01
1.728000e+02 1.404166e+00 -9.704847e-01
1.728800e+02 1.419439e+00 -1.051312e+00
1.729600e+02 1.434003e+00 -1.130519e+00
1.730400e+02 1.448812e+00 -1.191625e+00
1.731200e+02 1.461534e+00 -1.242830e+00
1.732000e+02 1.471698e+00 -1.283161e+00
1.732800e+02 1.479231e+00 -1.312431e+00
1.733600e+02 1.484153e+00 -1.328015e+00
1.734400e+02 1.486460e+00 -1.332475e+00
1.735200e+02 1.486402e+00 -1.325415e+00
1.736000e+02 1.484200e+00 -1.306920e+00
1.736800e+02 1.480088e+00 -1.277205e+00
1.737600e+02 1.474250e+00 -1.237316e+00
1.738400e+02 1.466828e+00 -1.186730e+00
1.739200e+02 1.458288e+00 -1.126406e+00
1.740000e+02 1.448749e+00 -1.053379e+00
1.740800e+02 1.438377e+00 -9.733431e-01
1.741600e+02 1.427681e+00 -8.856791e-01
1.742400e+02 1.416589e+00 -7.821345e-01
1.743200e+02 1.405076e+00 -6.732014e-01
1.744000e+02 1.393692e+00 -5.536117e-01
1.744800e+02 1.381094e+00 -4.322381e-01
1.745600e+02 1.368900e+00 -3.026721e-01
1.746400e+02 1.358324e+00 -1.727629e-01
1.747200e+02 1.348491e+00 -4.004265e-02
1.748000e+02 1.339357e+00 8.979703e-02
1.748800e+02 1.330805e+00 2.241803e-01
1.749600e+02 1.323376e+00 3.608809e-01
1.750400e+02 1.317024e+00 4.969818e-01
1.751200e+02 1.311829e+00 6.311729e-01
1.752000e+02 1.309170e+00 7.655040e-01
1.752800e+02 1.308498e+00 8.914616e-01
1.753600e+02 1.308091e+00 1.005870e+00
1.754400e+02 1.309257e+00 1.116077e+00
1.755200e+02 1.312530e+00 1.217745e+00
1.756000e+02 1.317807e+00 1.318418e+00
1.756800e+02 1.325719e+00 1.403990e+00
1.757600e+02 1.333593e+00 1.479432e+00
1.758400e+02 1.340904e+00 1.544343e+00
1.759200e+02 1.347359e+00 1.598312e+00
1.760000e+02 1.352780e+00 1.641007e+00
1.760800e+02 1.357076e+00 1.672206e+00
1.761600e+02 1.360231e+00 1.691786e+00
1.762400e+02 1.362312e+00 1.700477e+00
1.763200e+02 1.363304e+00 1.694505e+00
1.764000e+02 1.362996e+00 1.677200e+00
1.764800e+02 1.361414e+00 1.660524e+00
1.765600e+02 1.358847e+00 1.628065e+00
1.766400e+02 1.355535e+00 1.582088e+00
1.767200e+02 1.351873e+00 1.522452e+00
1.768000e+02 1.347490e+00 1.452147e+00
1.768800e+02 1.343515e+00 1.376038e+00
1.769600e+02 1.339277e+00 1.292102e+00
1.770400e+02 1.335012e+00 1.200909e+00
1.771200e+02 1.330952e+00 1.103113e+00
1.772000e+02 1.326876e+00 9.925464e-01
1.772800e+02 1.322141e+00 8.793118e-01
1.773600e+02 1.318120e+00 7.616632e-01
1.774400e+02 1.315045e+00 6.374542e-01
1.775200e+02 1.312727e+00 5.143402e-01
1.776000e+02 1.311800e+00 3.867435e-01
1.776800e+02 1.312057e+00 2.494026e-01
1.777600e+02 1.312415e+00 1.191756e-01
1.778400e+02 1.314644e+00 -2.579724e-02
1.779200e+02 1.320727e+00 -1.577984e-01
1.780000e+02 1.328703e+00 -2.886715e-01
1.780800e+02 1.339188e+00 -4.188769e-01
1.781600e+02 1.351861e+00 -5.417957e-01
1.782400e+02 1.365912e+00 -6.582345e-01
1.783200e+02 1.380814e+00 -7.670421e-01
1.784000e+02 1.395984e+00 -8.694838e-01
1.784800e+02 1.410775e+00 -9.615484e-01
1.785600e+02 1.424896e+00 -1.043294e+00
1.786400e+02 1.437904e+00 -1.114402e+00
1.787200e+02 1.449872e+00 -1.182081e+00
1.788000e+02 1.461890e+00 -1.233927e+00
1.788800e+02 1.471530e+00 -1.274817e+00
1.789600e+02 1.478606e+00 -1.304655e+00
1.790400e+02 1.483111e+00 -1.320864e+00
1.791200e+02 1.485036e+00 -1.326005e+00
1.792000e+02 1.484640e+00 -1.319684e+00
1.792800e+02 1.482156e+00 -1.301985e+00
1.793600e+02 1.477823e+00 -1.273130e+00
1.794400e+02 1.471832e+00 -1.234269e+00
1.795200e+02 1.464341e+00 -1.184735e+00
1.796000e+02 1.455767e+00 -1.125484e+00
1.796800e+02 1.446234e+00 -1.053908e+00
1.797600e+02 1.435906e+00 -9.752298e-01
1.798400e+02 1.425251e+00 -8.889646e-01
1.799200e+02 1.414137e+00 -7.887118e-01
1.800000e+02 1.402469e+00 -6.804302e-01
1.800800e+02 1.391212e+00 -5.625570e-01
1.801600e+02 1.378656e+00 -4.429656e-01
1.802400e+02 1.366427e+00 -3.152744e-01
1.803200e+02 1.355717e+00 -1.870661e-01
1.804000e+02 1.345759e+00 -6.753957e-02
1.804800e+02 1.336963e+00 6.694433e-02
1.805600e+02 1.327686e+00 1.998297e-01
1.806400e+02 1.319465e+00 3.347460e-01
1.807200e+02 1.312344e+00 4.615247e-01
1.808000e+02 1.306609e+00 5.969736e-01
1.808800e+02 1.302849e+00 7.257031e-01
1.809600e+02 1.300935e+00 8.529249e-01
1.810400e+02 1.299631e+00 9.717825e-01
1.811200e+02 1.299967e+00 1.077398e+00
1.812000e+02 1.301784e+00 1.178185e+00
1.812800e+02 1.305305e+00 1.269921e+00
1.813600e+02 1.310349e+00 1.360315e+00
1.814400e+02 1.317608e+00 1.435229e+00
1.815200e+02 1.324489e+00 1.499715e+00
1.816000e+02 1.330573e+00 1.553471e+00
1.816800e+02 1.335662e+00 1.596186e+00
1.817600e+02 1.339665e+00 1.627629e+00
1.818400e+02 1.342630e+00 1.649040e+00
1.819200e+02 1.344617e+00 1.657853e+00
1.820000e+02 1.345510e+00 1.656366e+00
1.820800e+02 1.344908e+00 1.650721e+00
1.821600e+02 1.343018e+00 1.630447e+00
1.822400e+02 1.340312e+00 1.596519e+00
1.823200e+02 1.337330e+00 1.550883e+00
1.824000e+02 1.333582e+00 1.495639e+00
1.824800e+02 1.329169e+00 1.428229e+00
1.825600e+02 1.325359e+00 1.354980e+00
1.826400e+02 1.321429e+00 1.273968e+00
1.827200e+02 1.317555e+00 1.185760e+00
1.828000e+02 1.313917e+00 1.090971e+00
1.828800e+02 1.310243e+00 9.833779e-01
1.829600e+02 1.305861e+00 8.731042e-01
1.830400e+02 1.302144e+00 7.583701e-01
1.831200e+02 1.299331e+00 6.371506e-01
1.832000e+02 1.297446e+00 5.110508e-01
1.832800e+02 1.297065e+00 3.900497e-01
1.833600e+02 1.297196e+00 2.556149e-01
1.834400e+02 1.297421e+00 1.279511e-01
1.835200e+02 1.299631e+00 -1.061465e-02
1.836000e+02 1.305936e+00 -1.421793e-01
1.836800e+02 1.313709e+00 -2.720269e-01
1.837600e+02 1.324097e+00 -4.092961e-01
1.838400e+02 1.336879e+00 -5.271560e-01
1.839200e+02 1.350911e+00 -6.430802e-01
1.840000e+02 1.365958e+00 -7.519647e-01
1.840800e+02 1.381479e+00 -8.548377e-01
1.841600e+02 1.396836e+00 -9.477181e-01
1.842400e+02 1.411729e+00 -1.030571e+00
1.843200e+02 1.425684e+00 -1.103009e+00
1.844000e+02 1.438743e+00 -1.172246e+00
1.844800e+02 1.451948e+00 -1.225782e+00
1.845600e+02 1.462847e+00 -1.268499e+00
1.846400e+02 1.471216e+00 -1.300285e+00
1.847200e+02 1.477012e+00 -1.318793e+00
1.848000e+02 1.480218e+00 -1.326191e+00
1.848800e+02 1.481048e+00 -1.322146e+00
1.849600e+02 1.479708e+00 -1.306732e+00
1.850400e+02 1.476424e+00 -1.280155e+00
1.851200e+02 1.471376e+00 -1.243482e+00
1.852000e+02 1.464715e+00 -1.196065e+00
1.852800e+02 1.456852e+00 -1.138816e+00
1.853600e+02 1.447917e+00 -1.069073e+00
1.854400e+02 1.438071e+00 -9.920826e-01
1.855200e+02 1.427798e+00 -9.073452e-01
1.856000e+02 1.416987e+00 -8.083777e-01
1.856800e+02 1.405549e+00 -7.011841e-01
1.857600e+02 1.394459e+00 -5.842633e-01
1.858400e+02 1.382014e+00 -4.654308e-01
1.859200e+02 1.369837e+00 -3.383145e-01
1.860000e+02 1.359110e+00 -2.104775e-01
1.860800e+02 1.348952e+00 -7.972989e-02
1.861600e+02 1.339323e+00 4.837078e-02
1.862400e+02 1.330093e+00 1.811693e-01
1.863200e+02 1.321831e+00 3.164511e-01
1.864000e+02 1.314608e+00 4.439031e-01
1.864800e+02 1.308737e+00 5.805797e-01
1.865600e+02 1.304808e+00 7.107179e-01
1.866400e+02 1.302740e+00 8.398829e-01
1.867200e+02 1.301303e+00 9.607633e-01
1.868000e+02 1.301550e+00 1.068488e+00
1.868800e+02 1.303339e+00 1.171495e+00
1.869600e+02 1.306900e+00 1.265529e+00
1.870400e+02 1.312047e+00 1.358248e+00
1.871200e+02 1.319461e+00 1.435526e+00
1.872000e+02 1.326536e+00 1.502401e+00
1.872800e+02 1.332834e+00 1.558532e+00
1.873600e+02 1.338146e+00 1.603609e+00
1.874400e+02 1.342367e+00 1.637386e+00
1.875200e+02 1.345476e+00 1.659691e+00
1.876000e+02 1.347552e+00 1.671448e+00
1.876800e+02 1.348636e+00 1.672080e+00
1.877600e+02 1.348193e+00 1.668516e+00
1.878400e+02 1.346419e+00 1.650130e+00
1.879200e+02 1.343649e+00 1.620632e+00
1.880000e+02 1.340256e+00 1.576862e+00
1.880800e+02 1.336804e+00 1.522060e+00
1.881600e+02 1.332505e+00 1.455590e+00
1.882400e+02 1.328747e+00 1.383206e+00
1.883200e+02 1.324838e+00 1.302898e+00
1.884000e+02 1.320967e+00 1.215207e+00
1.884800e+02 1.317320e+00 1.120754e+00
1.885600e+02 1.313645e+00 1.013342e+00
1.886400e+02 1.309265e+00 9.030966e-01
1.887200e+02 1.305547e+00 7.882735e-01
1.888000e+02 1.302818e+00 6.691491e-01
1.888800e+02 1.301207e+00 5.417601e-01
1.889600e+02 1.300706e+00 4.201576e-01
1.890400e+02 1.300640e+00 2.850599e-01
1.891200e+02 1.300624e+00 1.566304e-01
1.892000e+02 1.302152e+00 2.459543e-02
1.892800e+02 1.306336e+00 -1.137606e-01
1.893600e+02 1.314076e+00 -2.448739e-01
1.894400e+02 1.324196e+00 -3.715199e-01
1.895200e+02 1.336493e+00 -4.965953e-01
1.896000e+02 1.350633e+00 -6.140320e-01
1.896800e+02 1.365777e+00 -7.245633e-01
1.897600e+02 1.381420e+00 -8.270846e-01
1.898400e+02 1.396996e+00 -9.226518e-01
1.899200e+02 1.411901e+00 -1.007757e+00
1.900000e+02 1.425846e+00 -1.082420e+00
1.900800e+02 1.438912e+00 -1.153843e+00
1.901600e+02 1.452145e+00 -1.209564e+00
1.902400e+02 1.463078e+00 -1.254479e+00
1.903200e+02 1.471479e+00 -1.288463e+00
1.904000e+02 1.477326e+00 -1.311378e+00
1.904800e+02 1.480672e+00 -1.320179e+00
1.905600e+02 1.481516e+00 -1.318171e+00
1.906400e+02 1.480162e+00 -1.304848e+00
1.907200e+02 1.476848e+00 -1.280317e+00
1.908000e+02 1.471762e+00 -1.245611e+00
1.908800e+02 1.465062e+00 -1.200078e+00
1.909600e+02 1.457143e+00 -1.144618e+00
1.910400e+02 1.448146e+00 -1.076591e+00
1.911200e+02 1.438237e+00 -1.001155e+00
1.912000e+02 1.427904e+00 -9.178362e-01
1.912800e+02 1.417235e+00 -8.252533e-01
1.913600e+02 1.406109e+00 -7.172424e-01
1.914400e+02 1.394934e+00 -6.008822e-01
1.915200e+02 1.382382e+00 -4.827944e-01
1.916000e+02 1.370131e+00 -3.563958e-01
1.916800e+02 1.359352e+00 -2.291597e-01
1.917600e+02 1.349164e+00 -9.887524e-02
1.918400e+02 1.339519e+00 2.891354e-02
1.919200e+02 1.330286e+00 1.615651e-01
1.920000e+02 1.322036e+00 2.969170e-01
1.920800e+02 1.314828e+00 4.245733e-01
1.921600e+02 1.309002e+00 5.618510e-01
1.922400e+02 1.305142e+00 6.928042e-01
1.923200e+02 1.303194e+00 8.229197e-01
1.924000e+02 1.301930e+00 9.449922e-01
1.924800e+02 1.302420e+00 1.053982e+00
1.925600e+02 1.304537e+00 1.158472e+00
1.926400e+02 1.308511e+00 1.254116e+00
1.927200e+02 1.314161e+00 1.348491e+00
1.928000e+02 1.322143e+00 1.427581e+00
1.928800e+02 1.329842e+00 1.496293e+00
1.929600e+02 1.336808e+00 1.554385e+00
1.930400e+02 1.342810e+00 1.601411e+00
1.931200e+02 1.347730e+00 1.637193e+00
1.932000e+02 1.351529e+00 1.661540e+00
1.932800e+02 1.354271e+00 1.675407e+00
1.933600e+02 1.356025e+00 1.676785e+00
1.934400e+02 1.356662e+00 1.664270e+00
1.935200e+02 1.355667e+00 1.652619e+00
1.936000e+02 1.353638e+00 1.625322e+00
1.936800e+02 1.350838e+00 1.584469e+00
1.937600e+02 1.347678e+00 1.530270e+00
1.938400e+02 1.343788e+00 1.465156e+00
1.939200e+02 1.340202e+00 1.394057e+00
1.940000e+02 1.336240e+00 1.314958e+00
1.940800e+02 1.332136e+00 1.228416e+00
1.941600e+02 1.328129e+00 1.135056e+00
1.942400e+02 1.324405e+00 1.035526e+00
1.943200e+02 1.320673e+00 9.236044e-01
1.944000e+02 1.316278e+00 8.094156e-01
1.944800e+02 1.312608e+00 6.911590e-01
1.945600e+02 1.310019e+00 5.644313e-01
1.946400e+02 1.308559e+00 4.433674e-01
1.947200e+02 1.307757e+00 3.131188e-01
1.948000e+02 1.307591e+00 1.833194e-01
1.948800e+02 1.308057e+00 5.113413e-02
1.949600e+02 1.310998e+00 -8.775050e-02
1.950400e+02 1.317480e+00 -2.193235e-01
1.951200e+02 1.326748e+00 -3.586667e-01
1.952000e+02 1.338475e+00 -4.790635e-01
1.952800e+02 1.351529e+00 -5.977495e-01
1.953600e+02 1.365684e+00 -7.096453e-01
1.954400e+02 1.380450e+00 -8.135649e-01
1.955200e+02 1.395264e+00 -9.106068e-01
1.956000e+02 1.409520e+00 -9.971601e-01
1.956800e+02 1.422936e+00 -1.073261e+00
1.957600e+02 1.435601e+00 -1.146110e+00
1.958400e+02 1.448544e+00 -1.203235e+00
1.959200e+02 1.459275e+00 -1.249543e+00
1.960000e+02 1.467548e+00 -1.284890e+00
1.960800e+02 1.473332e+00 -1.309139e+00
1.961600e+02 1.476673e+00 -1.319397e+00
1.962400e+02 1.477568e+00 -1.318776e+00
1.963200e+02 1.476308e+00 -1.306823e+00
1.964000e+02 1.473121e+00 -1.283656e+00
1.964800e+02 1.468190e+00 -1.250383e+00
1.965600e+02 1.461678e+00 -1.206224e+00
1.966400e+02 1.453954e+00 -1.152087e+00
1.967200e+02 1.445160e+00 -1.085531e+00
1.968000e+02 1.435464e+00 -1.011438e+00
1.968800e+02 1.425336e+00 -9.293927e-01
1.969600e+02 1.414864e+00 -8.380150e-01
1.970400e+02 1.403938e+00 -7.312919e-01
1.971200e+02 1.392962e+00 -6.160909e-01
1.972000e+02 1.380582e+00 -4.990871e-01
1.972800e+02 1.368474e+00 -3.737012e-01
1.973600e+02 1.357794e+00 -2.474240e-01
1.974400e+02 1.347654e+00 -1.180161e-01
1.975200e+02 1.337987e+00 9.050164e-03
1.976000e+02 1.328649e+00 1.410400e-01
1.976800e+02 1.320216e+00 2.757291e-01
1.977600e+02 1.312751e+00 4.029911e-01
1.978400e+02 1.306597e+00 5.400048e-01
1.979200e+02 1.302332e+00 6.708442e-01
1.980000e+02 1.299928e+00 8.011008e-01
1.980800e+02 1.298175e+00 9.234295e-01
1.981600e+02 1.298140e+00 1.032947e+00
1.982400e+02 1.299715e+00 1.138042e+00
1.983200e+02 1.303150e+00 1.234381e+00
1.984000e+02 1.308295e+00 1.329602e+00
1.984800e+02 1.315813e+00 1.409528e+00
1.985600e+02 1.323089e+00 1.479219e+00
1.986400e+02 1.329666e+00 1.538288e+00
1.987200e+02 1.335313e+00 1.586355e+00
1.988000e+02 1.339913e+00 1.623168e+00
1.988800e+02 1.343422e+00 1.648515e+00
1.989600e+02 1.345911e+00 1.663411e+00
1.990400e+02 1.347445e+00 1.665764e+00
1.991200e+02 1.347497e+00 1.665997e+00
1.992000e+02 1.346072e+00 1.650584e+00
1.992800e+02 1.343622e+00 1.623894e+00
1.993600e+02 1.340459e+00 1.584125e+00
1.994400e+02 1.337056e+00 1.531191e+00
1.995200e+02 1.333066e+00 1.467259e+00
1.996000e+02 1.329549e+00 1.397266e+00
1.996800e+02 1.325806e+00 1.319232e+00
1.997600e+02 1.322030e+00 1.233662e+00
1.998400e+02 1.318423e+00 1.141145e+00
1.999200e+02 1.315143e+00 1.042335e+00
2.000000e+02 1.311888e+00 9.309143e-01
2.000800e+02 1.307990e+00 8.170716e-01
2.001600e+02 1.304851e+00 6.990685e-01
2.002400e+02 1.302810e+00 5.726026e-01
2.003200e+02 1.301884e+00 4.515832e-01
2.004000e+02 1.301671e+00 3.211382e-01
2.004800e+02 1.302351e+00 1.857793e-01
2.005600e+02 1.303896e+00 5.690319e-02
2.006400e+02 1.307343e+00 -8.237054e-02
2.007200e+02 1.314455e+00 -2.147649e-01
2.008000e+02 1.324125e+00 -3.430986e-01
2.008800e+02 1.336191e+00 -4.702126e-01
2.009600e+02 1.350334e+00 -5.899540e-01
2.010400e+02 1.365708e+00 -7.030346e-01
2.011200e+02 1.381797e+00 -8.083197e-01
2.012000e+02 1.398007e+00 -9.069244e-01
2.012800e+02 1.413706e+00 -9.951163e-01
2.013600e+02 1.428578e+00 -1.072928e+00
2.014400e+02 1.442640e+00 -1.149025e+00
2.015200e+02 1.456864e+00 -1.207045e+00
2.016000e+02 1.468951e+00 -1.255027e+00
2.016800e+02 1.478465e+00 -1.292076e+00
2.017600e+02 1.485357e+00 -1.318042e+00
2.018400e+02 1.489655e+00 -1.330056e+00
2.019200e+02 1.491353e+00 -1.331075e+00
2.020000e+02 1.490729e+00 -1.320635e+00
2.020800e+02 1.488013e+00 -1.298840e+00
2.021600e+02 1.483446e+00 -1.265935e+00
2.022400e+02 1.477207e+00 -1.223047e+00
2.023200e+02 1.469440e+00 -1.169607e+00
2.024000e+02 1.460605e+00 -1.106567e+00
2.024800e+02 1.450821e+00 -1.031066e+00
2.025600e+02 1.440239e+00 -9.487476e-01
2.026400e+02 1.429361e+00 -8.589937e-01
2.027200e+02 1.418078e+00 -7.536654e-01
2.028000e+02 1.405983e+00 -6.355960e-01
2.028800e+02 1.393166e+00 -5.176163e-01
2.029600e+02 1.380622e+00 -3.911297e-01
2.030400e+02 1.369478e+00 -2.636155e-01
2.031200e+02 1.358847e+00 -1.327773e-01
2.032000e+02 1.349080e+00 -1.098156e-02
2.032800e+02 1.340634e+00 1.255842e-01
2.033600e+02 1.331791e+00 2.624383e-01
2.034400e+02 1.323690e+00 3.913512e-01
2.035200e+02 1.316916e+00 5.303654e-01
2.036000e+02 1.312117e+00 6.631749e-01
2.036800e+02 1.309515e+00 7.919768e-01
2.037600e+02 1.308324e+00 9.181355e-01
2.038400e+02 1.308135e+00 1.029973e+00
2.039200e+02 1.309498e+00 1.137180e+00
2.040000e+02 1.312822e+00 1.235547e+00
2.040800e+02 1.317987e+00 1.332705e+00
2.041600e+02 1.325641e+00 1.414548e+00
2.042400e+02 1.333134e+00 1.486089e+00
2.043200e+02 1.339979e+00 1.546976e+00
2.044000e+02 1.345918e+00 1.596838e+00
2.044800e+02 1.350803e+00 1.635395e+00
2.045600e+02 1.354576e+00 1.662467e+00
2.046400e+02 1.357288e+00 1.679105e+00
2.047200e+02 1.359000e+00 1.683125e+00
2.048000e+02 1.359569e+00 1.673106e+00
2.048800e+02 1.358496e+00 1.663864e+00
2.049600e+02 1.356361e+00 1.638865e+00
2.050400e+02 1.353432e+00 1.600086e+00
2.051200e+02 1.350142e+00 1.547927e+00
2.052000e+02 1.345919e+00 1.488443e+00
2.052800e+02 1.341297e+00 1.416413e+00
2.053600e+02 1.337333e+00 1.338698e+00
2.054400e+02 1.333269e+00 1.253413e+00
2.055200e+02 1.329275e+00 1.161144e+00
2.056000e+02 1.325519e+00 1.062517e+00
2.056800e+02 1.321721e+00 9.513190e-01
2.057600e+02 1.317227e+00 8.376640e-01
2.058400e+02 1.313423e+00 7.197923e-01
2.059200e+02 1.310552e+00 5.956329e-01
2.060000e+02 1.308448e+00 4.728496e-01
2.060800e+02 1.307742e+00 3.457741e-01
2.061600e+02 1.308242e+00 2.092870e-01
2.062400e+02 1.308880e+00 8.020856e-02
2.063200e+02 1.311228e+00 -5.952521e-02
2.064000e+02 1.317176e+00 -1.920940e-01
2.064800e+02 1.325606e+00 -3.206131e-01
2.065600e+02 1.336389e+00 -4.481572e-01
2.066400e+02 1.349207e+00 -5.682621e-01
2.067200e+02 1.363258e+00 -6.816974e-01
2.068000e+02 1.378035e+00 -7.873574e-01
2.068800e+02 1.392969e+00 -8.863699e-01
2.069600e+02 1.407438e+00 -9.749969e-01
2.070400e+02 1.421152e+00 -1.053280e+00
2.071200e+02 1.433724e+00 -1.119246e+00
2.072000e+02 1.445278e+00 -1.184449e+00
2.072800e+02 1.456695e+00 -1.232965e+00
2.073600e+02 1.465766e+00 -1.270482e+00
2.074400e+02 1.472327e+00 -1.296926e+00
2.075200e+02 1.476387e+00 -1.309563e+00
2.076000e+02 1.477933e+00 -1.311267e+00
2.076800e+02 1.477250e+00 -1.301616e+00
2.077600e+02 1.474563e+00 -1.280730e+00
2.078400e+02 1.470069e+00 -1.249677e+00
2.079200e+02 1.463938e+00 -1.207729e+00
2.080000e+02 1.456519e+00 -1.155751e+00
2.080800e+02 1.447962e+00 -1.091382e+00
2.081600e+02 1.438435e+00 -1.019378e+00
2.082400e+02 1.428405e+00 -9.393379e-01
2.083200e+02 1.418062e+00 -8.517670e-01
2.084000e+02 1.407436e+00 -7.460057e-01
2.084800e+02 1.396407e+00 -6.324633e-01
2.085600e+02 1.383847e+00 -5.171178e-01
2.086400e+02 1.371488e+00 -3.932801e-01
2.087200e+02 1.360487e+00 -2.684625e-01
2.088000e+02 1.349933e+00 -1.404269e-01
2.088800e+02 1.339763e+00 -1.460886e-02
2.089600e+02 1.329824e+00 1.162535e-01
2.090400e+02 1.320784e+00 2.478073e-01
2.091200e+02 1.313101e+00 3.814402e-01
2.092000e+02 1.306483e+00 5.140274e-01
2.092800e+02 1.300933e+00 6.444876e-01
2.093600e+02 1.297645e+00 7.682364e-01
2.094400e+02 1.296159e+00 8.935226e-01
2.095200e+02 1.295191e+00 1.009016e+00
2.096000e+02 1.295762e+00 1.111154e+00
2.096800e+02 1.297639e+00 1.208126e+00
2.097600e+02 1.301518e+00 1.304140e+00
2.098400e+02 1.308045e+00 1.384988e+00
2.099200e+02 1.314574e+00 1.455719e+00
2.100000e+02 1.320613e+00 1.516060e+00
2.100800e+02 1.325888e+00 1.565605e+00
2.101600e+02 1.330246e+00 1.604110e+00
2.102400e+02 1.333619e+00 1.631385e+00
2.103200e+02 1.336043e+00 1.648497e+00
2.104000e+02 1.337192e+00 1.664699e+00
2.104800e+02 1.337077e+00 1.666502e+00
2.105600e+02 1.335635e+00 1.651939e+00
2.106400e+02 1.332975e+00 1.627719e+00
2.107200e+02 1.329676e+00 1.590636e+00
2.108000e+02 1.326287e+00 1.540543e+00
2.108800e+02 1.322484e+00 1.479308e+00
2.109600e+02 1.319270e+00 1.411873e+00
2.110400e+02 1.315889e+00 1.336205e+00
2.111200e+02 1.312487e+00 1.252863e+00
2.112000e+02 1.309231e+00 1.162441e+00
2.112800e+02 1.306250e+00 1.065548e+00
2.113600e+02 1.303241e+00 9.559374e-01
2.114400e+02 1.299525e+00 8.438018e-01
2.115200e+02 1.296490e+00 7.273843e-01
2.116000e+02 1.294480e+00 6.024955e-01
2.116800e+02 1.293715e+00 4.769643e-01
2.117600e+02 1.293900e+00 3.549693e-01
2.118400e+02 1.294654e+00 2.197815e-01
2.119200e+02 1.295561e+00 9.174653e-02
2.120000e+02 1.298200e+00 -4.706774e-02
2.120800e+02 1.304433e+00 -1.792847e-01
2.121600e+02 1.313177e+00 -3.078170e-01
2.122400e+02 1.324321e+00 -4.355810e-01
2.123200e+02 1.337576e+00 -5.562776e-01
2.124000e+02 1.352135e+00 -6.706565e-01
2.124800e+02 1.367506e+00 -7.775490e-01
2.125600e+02 1.383130e+00 -8.780032e-01
2.126400e+02 1.398389e+00 -9.682534e-01
2.127200e+02 1.412979e+00 -1.048311e+00
2.128000e+02 1.426916e+00 -1.126796e+00
2.128800e+02 1.441151e+00 -1.187325e+00
2.129600e+02 1.453360e+00 -1.237905e+00
2.130400e+02 1.463085e+00 -1.277591e+00
2.131200e+02 1.470258e+00 -1.306382e+00
2.132000e+02 1.474891e+00 -1.321503e+00
2.132800e+02 1.476980e+00 -1.325522e+00
2.133600e+02 1.476777e+00 -1.318064e+00
2.134400e+02 1.474496e+00 -1.299216e+00
2.135200e+02 1.470373e+00 -1.269212e+00
2.136000e+02 1.464587e+00 -1.229220e+00
2.136800e+02 1.457272e+00 -1.178519e+00
2.137600e+02 1.448886e+00 -1.118105e+00
2.138400e+02 1.439556e+00 -1.045178e+00
2.139200e+02 1.429433e+00 -9.652223e-01
2.140000e+02 1.419017e+00 -8.776814e-01
2.140800e+02 1.408216e+00 -7.745415e-01
2.141600e+02 1.396991e+00 -6.660092e-01
2.142400e+02 1.385903e+00 -5.468581e-01
2.143200e+02 1.373844e+00 -4.217140e-01
2.144000e+02 1.362903e+00 -2.957254e-01
2.144800e+02 1.352397e+00 -1.663549e-01
2.145600e+02 1.342711e+00 -4.578729e-02
2.146400e+02 1.334328e+00 8.976525e-02
2.147200e+02 1.325601e+00 2.236346e-01
2.148000e+02 1.318052e+00 3.595482e-01
2.148800e+02 1.311614e+00 4.948221e-01
2.149600e+02 1.306365e+00 6.281665e-01
2.150400e+02 1.303646e+00 7.615717e-01
2.151200e+02 1.302902e+00 8.866745e-01
2.152000e+02 1.302409e+00 1.000368e+00
2.152800e+02 1.303464e+00 1.109818e+00
2.153600e+02 1.306582e+00 1.210737e+00
2.154400e+02 1.311665e+00 1.310651e+00
2.155200e+02 1.319359e+00 1.395458e+00
2.156000e+02 1.327015e+00 1.470128e+00
2.156800e+02 1.334120e+00 1.534276e+00
2.157600e+02 1.340389e+00 1.587507e+00
2.158400e+02 1.345653e+00 1.629516e+00
2.159200e+02 1.349822e+00 1.660097e+00
2.160000e+02 1.352882e+00 1.679144e+00
2.160800e+02 1.354898e+00 1.687366e+00
2.161600e+02 1.355856e+00 1.681134e+00
2.162400e+02 1.355145e+00 1.675421e+00
2.163200e+02 1.353318e+00 1.653858e+00
2.164000e+02 1.350512e+00 1.621107e+00
2.164800e+02 1.346976e+00 1.571701e+00
2.165600e+02 1.343297e+00 1.514529e+00
2.166400e+02 1.338950e+00 1.445161e+00
2.167200e+02 1.335164e+00 1.369946e+00
2.168000e+02 1.331225e+00 1.286950e+00
2.168800e+02 1.327315e+00 1.196746e+00
2.169600e+02 1.323622e+00 1.099959e+00
2.170400e+02 1.319891e+00 9.904084e-01
2.171200e+02 1.315458e+00 8.781665e-01
2.172000e+02 1.311692e+00 7.614880e-01
2.172800e+02 1.308823e+00 6.382417e-01
2.173600e+02 1.306661e+00 5.160779e-01
2.174400e+02 1.305840e+00 3.893540e-01
2.175200e+02 1.306172e+00 2.528552e-01
2.176000e+02 1.306571e+00 1.233483e-01
2.176800e+02 1.308815e+00 -2.097614e-02
2.177600e+02 1.314877e+00 -1.524754e-01
2.178400e+02 1.322815e+00 -2.830181e-01
2.179200e+02 1.333262e+00 -4.130238e-01
2.180000e+02 1.345912e+00 -5.359097e-01
2.180800e+02 1.359964e+00 -6.524806e-01
2.181600e+02 1.374902e+00 -7.615686e-01
2.182400e+02 1.390158e+00 -8.644333e-01
2.183200e+02 1.405085e+00 -9.570337e-01
2.184000e+02 1.419397e+00 -1.039414e+00
2.184800e+02 1.432651e+00 -1.111225e+00
2.185600e+02 1.444914e+00 -1.179634e+00
2.186400e+02 1.457265e+00 -1.232257e+00
2.187200e+02 1.467274e+00 -1.273945e+00
2.188000e+02 1.474748e+00 -1.304583e+00
2.188800e+02 1.479678e+00 -1.321676e+00
2.189600e+02 1.482054e+00 -1.327644e+00
2.190400e+02 1.482125e+00 -1.322124e+00
2.191200e+02 1.480111e+00 -1.305281e+00
2.192000e+02 1.476248e+00 -1.277229e+00
2.192800e+02 1.470720e+00 -1.239132e+00
2.193600e+02 1.463681e+00 -1.190398e+00
2.194400e+02 1.455529e+00 -1.131989e+00
2.195200e+02 1.446385e+00 -1.061252e+00
2.196000e+02 1.436403e+00 -9.834670e-01
2.196800e+02 1.426046e+00 -8.981122e-01
2.197600e+02 1.415182e+00 -7.988128e-01
2.198400e+02 1.403725e+00 -6.913731e-01
2.199200e+02 1.392631e+00 -5.744659e-01
2.200000e+02 1.380168e+00 -4.558101e-01
2.200800e+02 1.367950e+00 -3.290059e-01
2.201600e+02 1.357161e+00 -2.017000e-01
2.202400e+02 1.347018e+00 -8.301325e-02
2.203200e+02 1.337924e+00 5.060235e-02
2.204000e+02 1.328248e+00 1.826836e-01
2.204800e+02 1.319517e+00 3.168507e-01
2.205600e+02 1.311784e+00 4.430852e-01
2.206400e+02 1.305346e+00 5.781877e-01
2.207200e+02 1.300786e+00 7.066560e-01
2.208000e+02 1.298024e+00 8.339894e-01
2.208800e+02 1.295863e+00 9.528755e-01
2.209600e+02 1.295311e+00 1.058618e+00
2.210400e+02 1.296246e+00 1.159501e+00
2.211200e+02 1.298936e+00 1.251418e+00
2.212000e+02 1.303241e+00 1.342154e+00
2.212800e+02 1.309852e+00 1.417459e+00
2.213600e+02 1.316172e+00 1.482597e+00
2.214400e+02 1.321774e+00 1.537185e+00
2.215200e+02 1.326453e+00 1.580868e+00
2.216000e+02 1.330118e+00 1.613377e+00
2.216800e+02 1.332821e+00 1.636037e+00
2.217600e+02 1.334616e+00 1.646159e+00
2.218400e+02 1.334987e+00 1.657623e+00
2.219200e+02 1.334045e+00 1.648994e+00
2.220000e+02 1.331857e+00 1.630050e+00
2.220800e+02 1.328920e+00 1.598002e+00
2.221600e+02 1.325844e+00 1.554522e+00
2.222400e+02 1.322174e+00 1.501387e+00
2.223200e+02 1.317997e+00 1.436079e+00
2.224000e+02 1.314539e+00 1.364922e+00
2.224800e+02 1.311028e+00 1.285980e+00
2.225600e+02 1.307587e+00 1.199766e+00
2.226400e+02 1.304355e+00 1.106910e+00
2.227200e+02 1.301042e+00 1.001216e+00
2.228000e+02 1.296956e+00 8.927615e-01
2.228800e+02 1.293462e+00 7.797700e-01
2.229600e+02 1.290892e+00 6.625539e-01
2.230400e+02 1.289372e+00 5.372690e-01
2.231200e+02 1.289050e+00 4.285173e-01
2.232000e+02 1.289863e+00 3.032467e-01
2.232800e+02 1.290824e+00 1.660346e-01
2.233600e+02 1.292521e+00 3.107921e-02
2.234400e+02 1.297467e+00 -1.002283e-01
2.235200e+02 1.303950e+00 -2.298689e-01
2.236000e+02 1.312739e+00 -3.553130e-01
2.236800e+02 1.323787e+00 -4.794231e-01
2.237600e+02 1.336796e+00 -5.960253e-01
2.238400e+02 1.350957e+00 -7.058658e-01
2.239200e+02 1.365774e+00 -8.078799e-01
2.240000e+02 1.380733e+00 -9.012811e-01
2.240800e+02 1.395277e+00 -9.868688e-01
2.241600e+02 1.408884e+00 -1.060155e+00
2.242400e+02 1.421802e+00 -1.132816e+00
2.243200e+02 1.434852e+00 -1.189103e+00
2.244000e+02 1.445732e+00 -1.234690e+00
2.244800e+02 1.454198e+00 -1.269483e+00
2.245600e+02 1.460208e+00 -1.293337e+00
2.246400e+02 1.463798e+00 -1.303364e+00
2.247200e+02 1.464954e+00 -1.302655e+00
2.248000e+02 1.463960e+00 -1.290738e+00
2.248800e+02 1.461040e+00 -1.267728e+00
2.249600e+02 1.456373e+00 -1.234748e+00
2.250400e+02 1.450103e+00 -1.190946e+00
2.251200e+02 1.442625e+00 -1.137261e+00
2.252000e+02 1.434073e+00 -1.071178e+00
2.252800e+02 1.424614e+00 -9.976509e-01
2.253600e+02 1.414720e+00 -9.162390e-01
2.254400e+02 1.404483e+00 -8.255554e-01
2.255200e+02 1.393772e+00 -7.196518e-01
2.256000e+02 1.382995e+00 -6.052599e-01
2.256800e+02 1.370838e+00 -4.890699e-01
2.257600e+02 1.358963e+00 -3.645303e-01
2.258400e+02 1.348526e+00 -2.390297e-01
2.259200e+02 1.338646e+00 -1.103510e-01
2.260000e+02 1.329265e+00 1.604825e-02
2.260800e+02 1.320233e+00 1.474376e-01
2.261600e+02 1.312116e+00 2.816514e-01
2.262400e+02 1.304967e+00 4.084806e-01
2.263200e+02 1.299146e+00 5.451986e-01
2.264000e+02 1.295224e+00 6.758122e-01
2.264800e+02 1.293174e+00 8.058992e-01
2.265600e+02 1.291772e+00 9.281950e-01
2.266400e+02 1.292118e+00 1.037776e+00
2.267200e+02 1.294104e+00 1.143058e+00
2.268000e+02 1.297967e+00 1.239747e+00
2.268800e+02 1.303537e+00 1.335386e+00
2.269600e+02 1.311483e+00 1.415940e+00
2.270400e+02 1.319206e+00 1.486371e+00
2.271200e+02 1.326253e+00 1.546328e+00
2.272000e+02 1.332390e+00 1.595444e+00
2.272800e+02 1.337485e+00 1.633435e+00
2.273600e+02 1.341488e+00 1.660118e+00
2.274400e+02 1.344451e+00 1.676464e+00
2.275200e+02 1.346431e+00 1.680405e+00
2.276000e+02 1.346899e+00 1.682298e+00
2.276800e+02 1.345867e+00 1.668639e+00
2.277600e+02 1.343759e+00 1.643737e+00
2.278400e+02 1.340880e+00 1.605693e+00
2.279200e+02 1.337719e+00 1.554402e+00
2.280000e+02 1.333950e+00 1.492009e+00
2.280800e+02 1.330588e+00 1.423485e+00
2.281600e+02 1.326931e+00 1.346788e+00
2.282400e+02 1.323178e+00 1.262450e+00
2.283200e+02 1.319540e+00 1.171090e+00
2.284000e+02 1.316176e+00 1.073327e+00
2.284800e+02 1.312799e+00 9.629584e-01
2.285600e+02 1.308741e+00 8.500574e-01
2.286400e+02 1.305372e+00 7.328793e-01
2.287200e+02 1.302920e+00 6.092741e-01
2.288000e+02 1.301199e+00 4.870638e-01
2.288800e+02 1.300845e+00 3.603903e-01
2.289600e+02 1.301686e+00 2.241081e-01
2.290400e+02 1.302646e+00 9.506015e-02
2.291200e+02 1.305309e+00 -4.484811e-02
2.292000e+02 1.311539e+00 -1.778669e-01
2.292800e+02 1.320275e+00 -3.070614e-01
2.293600e+02 1.331414e+00 -4.354834e-01
2.294400e+02 1.344657e+00 -5.566513e-01
2.295200e+02 1.359195e+00 -6.713676e-01
2.296000e+02 1.374520e+00 -7.784991e-01
2.296800e+02 1.390060e+00 -8.792884e-01
2.297600e+02 1.405184e+00 -9.697983e-01
2.298400e+02 1.419605e+00 -1.050080e+00
2.299200e+02 1.433354e+00 -1.128814e+00
2.300000e+02 1.447395e+00 -1.189439e+00
2.300800e+02 1.459429e+00 -1.240236e+00
2.301600e+02 1.468995e+00 -1.280257e+00
2.302400e+02 1.476031e+00 -1.309301e+00
2.303200e+02 1.480566e+00 -1.324750e+00
2.304000e+02 1.482597e+00 -1.329222e+00
2.304800e+02 1.482373e+00 -1.322318e+00
2.305600e+02 1.480109e+00 -1.304128e+00
2.306400e+02 1.476029e+00 -1.274893e+00
2.307200e+02 1.470303e+00 -1.235697e+00
2.308000e+02 1.463076e+00 -1.185977e+00
2.308800e+02 1.454754e+00 -1.126660e+00
2.309600e+02 1.445447e+00 -1.055061e+00
2.310400e+02 1.435310e+00 -9.765077e-01
2.311200e+02 1.424807e+00 -8.904686e-01
2.312000e+02 1.413796e+00 -7.904834e-01
2.312800e+02 1.402190e+00 -6.824681e-01
2.313600e+02 1.390963e+00 -5.650501e-01
2.314400e+02 1.378389e+00 -4.459470e-01
2.315200e+02 1.366087e+00 -3.187402e-01
2.316000e+02 1.355249e+00 -1.910621e-01
2.316800e+02 1.345105e+00 -7.205012e-02
2.317600e+02 1.336063e+00 6.184945e-02
2.318400e+02 1.326496e+00 1.941876e-01
2.319200e+02 1.317931e+00 3.285992e-01
2.320000e+02 1.310413e+00 4.549755e-01
2.320800e+02 1.304233e+00 5.901200e-01
2.321600e+02 1.299973e+00 7.186085e-01
2.322400e+02 1.297532e+00 8.459350e-01
2.323200e+02 1.295681e+00 9.648562e-01
2.324000e+02 1.295441e+00 1.070634e+00
2.324800e+02 1.296668e+00 1.171637e+00
2.325600e+02 1.299615e+00 1.263662e+00
2.326400e+02 1.304116e+00 1.354441e+00
2.327200e+02 1.310864e+00 1.429811e+00
2.328000e+02 1.317267e+00 1.494834e+00
2.328800e+02 1.322905e+00 1.549209e+00
2.329600e+02 1.327579e+00 1.592618e+00
2.330400e+02 1.331203e+00 1.624820e+00
2.331200e+02 1.333824e+00 1.647097e+00
2.332000e+02 1.335505e+00 1.656804e+00
2.332800e+02 1.335734e+00 1.667821e+00
2.333600e+02 1.334633e+00 1.658611e+00
2.334400e+02 1.332262e+00 1.639096e+00
2.335200e+02 1.329131e+00 1.606432e+00
2.336000e+02 1.325849e+00 1.562228e+00
2.336800e+02 1.321968e+00 1.508368e+00
2.337600e+02 1.317588e+00 1.442304e+00
2.338400e+02 1.313947e+00 1.370339e+00
2.339200e+02 1.310283e+00 1.290532e+00
2.340000e+02 1.306732e+00 1.203414e+00
2.340800e+02 1.303437e+00 1.109561e+00
2.341600e+02 1.300121e+00 1.002716e+00
2.342400e+02 1.296103e+00 8.929570e-01
2.343200e+02 1.292754e+00 7.784887e-01
2.344000e+02 1.290309e+00 6.573101e-01
2.344800e+02 1.288783e+00 5.310549e-01
2.345600e+02 1.288882e+00 4.207172e-01
2.346400e+02 1.289937e+00 2.813917e-01
2.347200e+02 1.290416e+00 1.471308e-01
2.348000e+02 1.292775e+00 1.511908e-02
2.348800e+02 1.298276e+00 -1.196850e-01
2.349600e+02 1.305941e+00 -2.501853e-01
2.350400e+02 1.315790e+00 -3.763131e-01
2.351200e+02 1.327770e+00 -5.006496e-01
2.352000e+02 1.341605e+00 -6.174602e-01
2.352800e+02 1.356452e+00 -7.273006e-01
2.353600e+02 1.371811e+00 -8.291450e-01
2.354400e+02 1.387111e+00 -9.239369e-01
2.355200e+02 1.401757e+00 -1.008301e+00
2.356000e+02 1.415451e+00 -1.082233e+00
2.356800e+02 1.428270e+00 -1.153072e+00
2.357600e+02 1.441249e+00 -1.208189e+00
2.358400e+02 1.451936e+00 -1.252483e+00
2.359200e+02 1.460118e+00 -1.286075e+00
2.360000e+02 1.465755e+00 -1.308575e+00
2.360800e+02 1.468907e+00 -1.316989e+00
2.361600e+02 1.469576e+00 -1.314630e+00
2.362400e+02 1.468069e+00 -1.300982e+00
2.363200e+02 1.464633e+00 -1.276163e+00
2.364000e+02 1.459457e+00 -1.241231e+00
2.364800e+02 1.452692e+00 -1.195458e+00
2.365600e+02 1.444763e+00 -1.139763e+00
2.366400e+02 1.435812e+00 -1.071478e+00
2.367200e+02 1.426006e+00 -9.958055e-01
2.368000e+02 1.415837e+00 -9.122490e-01
2.368800e+02 1.405395e+00 -8.193449e-01
2.369600e+02 1.394521e+00 -7.112315e-01
2.370400e+02 1.383630e+00 -5.946513e-01
2.371200e+02 1.371447e+00 -4.763383e-01
2.372000e+02 1.359622e+00 -3.497890e-01
2.372800e+02 1.349320e+00 -2.223808e-01
2.373600e+02 1.339663e+00 -9.193846e-02
2.374400e+02 1.330593e+00 3.600826e-02
2.375200e+02 1.321972e+00 1.688277e-01
2.376000e+02 1.314346e+00 3.043673e-01
2.376800e+02 1.307762e+00 4.322246e-01
2.377600e+02 1.302562e+00 5.697343e-01
2.378400e+02 1.299408e+00 7.026435e-01
2.379200e+02 1.298372e+00 8.316452e-01
2.380000e+02 1.297516e+00 9.539928e-01
2.380800e+02 1.298430e+00 1.063301e+00
2.381600e+02 1.300966e+00 1.168091e+00
2.382400e+02 1.305791e+00 1.272173e+00
2.383200e+02 1.313495e+00 1.361437e+00
2.384000e+02 1.321390e+00 1.440861e+00
2.384800e+02 1.328922e+00 1.510035e+00
2.385600e+02 1.335758e+00 1.568516e+00
2.386400e+02 1.341690e+00 1.615965e+00
2.387200e+02 1.346589e+00 1.652134e+00
2.388000e+02 1.350406e+00 1.676874e+00
2.388800e+02 1.353179e+00 1.691047e+00
2.389600e+02 1.354965e+00 1.692800e+00
2.390400e+02 1.355630e+00 1.680573e+00
2.391200e+02 1.354655e+00 1.669241e+00
2.392000e+02 1.352635e+00 1.642259e+00
2.392800e+02 1.349829e+00 1.601659e+00
2.393600e+02 1.346651e+00 1.547552e+00
2.394400e+02 1.342740e+00 1.482511e+00
2.395200e+02 1.339134e+00 1.411439e+00
2.396000e+02 1.335163e+00 1.332316e+00
2.396800e+02 1.331067e+00 1.245683e+00
2.397600e+02 1.327093e+00 1.152188e+00
2.398400e+02 1.323423e+00 1.052456e+00
2.399200e+02 1.319779e+00 9.402845e-01
2.400000e+02 1.315506e+00 8.257442e-01
2.400800e+02 1.311970e+00 7.070816e-01
